H: 630514 1472.2605632531236 1499.8023041668916 1432.9099684660362 1458.6341968157644 1528.547043387154 1511.409962394909 1485.529656597722 1481.0192846070993 1468.4726174977748 1513.7562651880903 1481.5996168353001 1508.1502030797217 1540.1173017621716 1469.233303058035 1470.9634513863596 1510.8988064513242 1500.3680429175986 1495.3885217781258 1423.9237309021426 1517.9130732919798 
S: 630514 1472.2605632531236 1499.8023041668916 1432.9099684660362 1458.6341968157644 1528.547043387154 1511.409962394909 1485.529656597722 1481.0192846070993 1468.4726174977748 1513.7562651880903 1481.5996168353001 1508.1502030797217 1540.1173017621716 1469.233303058035 1470.9634513863596 1510.8988064513242 1500.3680429175986 1495.3885217781258 1423.9237309021426 1517.9130732919798 
H: 630514 490.75352108437403 499.9341013889643 477.6366561553457 486.21139893858776 509.51568112905164 503.803320798303 495.176552199241 493.6730948690333 489.49087249925844 504.5854217293638 493.8665389451003 502.7167343599072 513.3724339207239 489.74443435267835 490.32115046211936 503.6329354837739 500.1226809725333 498.46284059270886 474.6412436340474 505.9710244306599 
S: 630514 490.75352108437403 499.9341013889643 477.6366561553457 486.21139893858776 509.51568112905164 503.803320798303 495.176552199241 493.6730948690333 489.49087249925844 504.5854217293638 493.8665389451003 502.7167343599072 513.3724339207239 489.74443435267835 490.32115046211936 503.6329354837739 500.1226809725333 498.46284059270886 474.6412436340474 505.9710244306599 
H: 637806 1469.9657102117508 1458.7720224651334 1534.617384243357 1454.1262554616792 1525.2719003916288 1456.1222742126492 1506.8483316321176 1491.7747410972988 1495.7328786141595 1447.1110717958093 1467.7515513783403 1490.7942592113184 1484.8990167019515 1477.3879821215908 1487.7401598216127 1459.2528163556826 1500.167354815373 1477.323392997774 1427.8139032785518 1460.933881793495 
S: 637806 1469.9657102117508 1458.7720224651334 1534.617384243357 1454.1262554616792 1525.2719003916288 1456.1222742126492 1506.8483316321176 1491.7747410972988 1495.7328786141595 1447.1110717958093 1467.7515513783403 1490.7942592113184 1484.8990167019515 1477.3879821215908 1487.7401598216127 1459.2528163556826 1500.167354815373 1477.323392997774 1427.8139032785518 1460.933881793495 
H: 637806 489.98857007058416 486.2573408217109 511.53912808111926 484.7087518205594 508.4239667972098 485.37409140421624 502.28277721070634 497.25824703243296 498.57762620471993 482.3703572652702 489.2505171261131 496.93141973710635 494.96633890065107 492.4626607071975 495.913386607204 486.41760545189453 500.0557849384581 492.4411309992577 475.9379677595172 486.9779605978318 
S: 637806 489.98857007058416 486.2573408217109 511.53912808111926 484.7087518205594 508.4239667972098 485.37409140421624 502.28277721070634 497.25824703243296 498.57762620471993 482.3703572652702 489.2505171261131 496.93141973710635 494.96633890065107 492.4626607071975 495.913386607204 486.41760545189453 500.0557849384581 492.4411309992577 475.9379677595172 486.9779605978318 
H: 687031 1523.3775206767443 1487.42147459756 1460.3207206791437 1433.441285069029 1497.7296663276911 1499.6150853469044 1439.9513021059938 1460.1755832841673 1467.3760356734942 1439.2323987209638 1499.1644835930244 1475.904359881964 1435.6558931818065 1495.9655607350458 1494.2397818312388 1447.3265317624305 1509.1139338851856 1495.894951524934 1460.9971336429633 1493.9577071416118 
S: 687031 1523.3775206767443 1487.42147459756 1460.3207206791437 1433.441285069029 1497.7296663276911 1499.6150853469044 1439.9513021059938 1460.1755832841673 1467.3760356734942 1439.2323987209638 1499.1644835930244 1475.904359881964 1435.6558931818065 1495.9655607350458 1494.2397818312388 1447.3265317624305 1509.1139338851856 1495.894951524934 1460.9971336429633 1493.9577071416118 
H: 687031 507.79250689224807 495.80715819918663 486.77357355971424 477.8137616896761 499.24322210923015 499.8716951156344 479.9837673686646 486.72519442805634 489.1253452244983 479.7441329069883 499.7214945310089 491.9681199606547 478.5519643939356 498.6551869116821 498.07992727708046 482.4421772541433 503.0379779617285 498.6316505083115 486.9990445476543 497.9859023805374 
S: 687031 507.79250689224807 495.80715819918663 486.77357355971424 477.8137616896761 499.24322210923015 499.8716951156344 479.9837673686646 486.72519442805634 489.1253452244983 479.7441329069883 499.7214945310089 491.9681199606547 478.5519643939356 498.6551869116821 498.07992727708046 482.4421772541433 503.0379779617285 498.6316505083115 486.9990445476543 497.9859023805374 
H: 429357 1437.3491324363806 1487.278676774415 1461.9718612052063 1525.6011739882147 1481.763783952595 1411.1258008136288 1513.4170972810382 1464.0434588685155 1514.4029573982932 1488.2710357838544 1505.2003508816128 1537.611429350356 1504.6269848366899 1476.522014559651 1533.5666778294294 1535.571437831554 1426.9905406565795 1489.6211682165049 1493.3921779364202 1518.4131698570434 
S: 429357 1437.3491324363806 1487.278676774415 1461.9718612052063 1525.6011739882147 1481.763783952595 1411.1258008136288 1513.4170972810382 1464.0434588685155 1514.4029573982932 1488.2710357838544 1505.2003508816128 1537.611429350356 1504.6269848366899 1476.522014559651 1533.5666778294294 1535.571437831554 1426.9905406565795 1489.6211682165049 1493.3921779364202 1518.4131698570434 
H: 429357 479.1163774787934 495.7595589248054 487.32395373506887 508.53372466273765 493.92126131753224 470.3752669378766 504.472365760346 488.0144862895053 504.8009857994317 496.09034526128494 501.7334502938713 512.5371431167855 501.5423282788966 492.17400485321696 511.1888926098099 511.85714594385144 475.663513552193 496.54038940550186 497.7973926454734 506.1377232856815 
S: 429357 479.1163774787934 495.7595589248054 487.32395373506887 508.53372466273765 493.92126131753224 470.3752669378766 504.472365760346 488.0144862895053 504.8009857994317 496.09034526128494 501.7334502938713 512.5371431167855 501.5423282788966 492.17400485321696 511.1888926098099 511.85714594385144 475.663513552193 496.54038940550186 497.7973926454734 506.1377232856815 
H: 379179 1501.0073591938915 1527.016707258007 1444.1221849322221 1498.8855016907128 1541.7982041075043 1474.398278688512 1516.9862962772197 1509.428670217905 1435.99869496365 1467.3314611763326 1497.033135748719 1519.7673804154444 1467.8635836422443 1523.9483064741203 1490.21679392751 1459.7885256232503 1522.715414963048 1466.3891734833976 1463.0641391952868 1483.6301413679887 
S: 379179 1501.0073591938915 1527.016707258007 1444.1221849322221 1498.8855016907128 1541.7982041075043 1474.398278688512 1516.9862962772197 1509.428670217905 1435.99869496365 1467.3314611763326 1497.033135748719 1519.7673804154444 1467.8635836422443 1523.9483064741203 1490.21679392751 1459.7885256232503 1522.715414963048 1466.3891734833976 1463.0641391952868 1483.6301413679887 
H: 379179 500.3357863979636 509.0055690860028 481.3740616440746 499.62850056357115 513.9327347025013 491.4660928961702 505.66209875907373 503.14289007263494 478.66623165454956 489.1104870587774 499.0110452495736 506.5891268051485 489.2878612140812 507.9827688247067 496.73893130916997 486.59617520775026 507.5718049876832 488.7963911611321 487.68804639842887 494.54338045599627 
S: 379179 500.3357863979636 509.0055690860028 481.3740616440746 499.62850056357115 513.9327347025013 491.4660928961702 505.66209875907373 503.14289007263494 478.66623165454956 489.1104870587774 499.0110452495736 506.5891268051485 489.2878612140812 507.9827688247067 496.73893130916997 486.59617520775026 507.5718049876832 488.7963911611321 487.68804639842887 494.54338045599627 
H: 47992 1537.926298055196 1521.9629936270787 1441.152209513602 1501.902431492582 1487.319984987104 1445.5030837944264 1489.3270035294179 1435.0616777131472 1488.8582633733843 1482.9549162035858 1495.6744478874764 1521.1661712249813 1431.2467408805899 1530.5056810924561 1478.6974660294595 1493.9993849970203 1501.3843861445773 1475.30686654921 1519.6832728091879 1456.9626775347917 
S: 47992 1537.926298055196 1521.9629936270787 1441.152209513602 1501.902431492582 1487.319984987104 1445.5030837944264 1489.3270035294179 1435.0616777131472 1488.8582633733843 1482.9549162035858 1495.6744478874764 1521.1661712249813 1431.2467408805899 1530.5056810924561 1478.6974660294595 1493.9993849970203 1501.3843861445773 1475.30686654921 1519.6832728091879 1456.9626775347917 
H: 47992 512.6420993517319 507.3209978756927 480.38406983786734 500.6341438308609 495.7733283290344 481.83436126480905 496.44233450980647 478.353892571049 496.28608779112847 494.31830540119506 498.55814929582596 507.05539040832724 477.08224696019664 510.1685603641519 492.89915534315344 497.9997949990075 500.4614620481927 491.76895551640337 506.56109093639645 485.65422584493075 
S: 47992 512.6420993517319 507.3209978756927 480.38406983786734 500.6341438308609 495.7733283290344 481.83436126480905 496.44233450980647 478.353892571049 496.28608779112847 494.31830540119506 498.55814929582596 507.05539040832724 477.08224696019664 510.1685603641519 492.89915534315344 497.9997949990075 500.4614620481927 491.76895551640337 506.56109093639645 485.65422584493075 
H: 587916 1492.3197725459363 1500.7406736751348 1499.5814851897037 1508.568712558749 1514.089260370035 1498.2778890039976 1504.9802894939403 1457.9110259566198 1512.8240685251383 1525.651432749333 1447.634618226255 1515.6989973433863 1516.793879060161 1494.0944952715845 1483.1445020222543 1504.15876318304 1503.953606525404 1473.7964782678353 1491.1758665814527 1498.659410277956 
S: 587916 1492.3197725459363 1500.7406736751348 1499.5814851897037 1508.568712558749 1514.089260370035 1498.2778890039976 1504.9802894939403 1457.9110259566198 1512.8240685251383 1525.651432749333 1447.634618226255 1515.6989973433863 1516.793879060161 1494.0944952715845 1483.1445020222543 1504.15876318304 1503.953606525404 1473.7964782678353 1491.1758665814527 1498.659410277956 
H: 587916 497.43992418197894 500.2468912250453 499.8604950632347 502.85623751958275 504.69642012334526 499.42596300133215 501.6600964979802 485.97034198553985 504.2746895083794 508.5504775831115 482.54487274208543 505.2329991144625 505.5979596867204 498.03149842386165 494.38150067408446 501.3862543943468 501.31786884180167 491.26549275594493 497.0586221938181 499.55313675931836 
S: 587916 497.43992418197894 500.2468912250453 499.8604950632347 502.85623751958275 504.69642012334526 499.42596300133215 501.6600964979802 485.97034198553985 504.2746895083794 508.5504775831115 482.54487274208543 505.2329991144625 505.5979596867204 498.03149842386165 494.38150067408446 501.3862543943468 501.31786884180167 491.26549275594493 497.0586221938181 499.55313675931836 
H: 153892 1491.4083554574622 1471.4559894418612 1468.9009651923511 1514.882801062633 1465.7387746593581 1428.8351369778177 1476.552871764954 1480.9344765619292 1483.7739388346436 1520.9654337912038 1470.957602801933 1423.1050546968902 1490.2354268652218 1514.9539781140313 1445.0435025883348 1459.1710689057147 1498.1305686415699 1467.637240906608 1468.9615198880297 1524.70269687923 
S: 153892 1491.4083554574622 1471.4559894418612 1468.9009651923511 1514.882801062633 1465.7387746593581 1428.8351369778177 1476.552871764954 1480.9344765619292 1483.7739388346436 1520.9654337912038 1470.957602801933 1423.1050546968902 1490.2354268652218 1514.9539781140313 1445.0435025883348 1459.1710689057147 1498.1305686415699 1467.637240906608 1468.9615198880297 1524.70269687923 
H: 153892 497.13611848582093 490.48532981395374 489.63365506411736 504.96093368754504 488.5795915531193 476.27837899260646 492.1842905883174 493.64482552064356 494.5913129448815 506.98847793040204 490.3192009339775 474.36835156563023 496.74514228840695 504.9846593713436 481.68116752944474 486.3903563019049 499.37685621385697 489.21241363553594 489.6538399626766 508.23423229307735 
S: 153892 497.13611848582093 490.48532981395374 489.63365506411736 504.96093368754504 488.5795915531193 476.27837899260646 492.1842905883174 493.64482552064356 494.5913129448815 506.98847793040204 490.3192009339775 474.36835156563023 496.74514228840695 504.9846593713436 481.68116752944474 486.3903563019049 499.37685621385697 489.21241363553594 489.6538399626766 508.23423229307735 
H: 94779 1501.9798731661476 1495.999340461438 1487.16033205818 1519.4535563779982 1498.6716740353143 1476.7580680778692 1497.6815284969603 1446.1472474669017 1456.0054543328756 1503.4902873198903 1498.3807278961187 1548.0211649162056 1436.4115368550254 1473.936572767812 1478.4515458212213 1505.6124564609322 1496.0453973602334 1478.2658673530066 1480.0626702616976 1447.9314980415231 
S: 94779 1501.9798731661476 1495.999340461438 1487.16033205818 1519.4535563779982 1498.6716740353143 1476.7580680778692 1497.6815284969603 1446.1472474669017 1456.0054543328756 1503.4902873198903 1498.3807278961187 1548.0211649162056 1436.4115368550254 1473.936572767812 1478.4515458212213 1505.6124564609322 1496.0453973602334 1478.2658673530066 1480.0626702616976 1447.9314980415231 
H: 94779 500.6599577220495 498.66644682047956 495.720110686061 506.48451879266565 499.5572246784383 492.2526893592897 499.227176165654 482.04908248896766 485.33515144429225 501.1634291066301 499.4602426320396 516.007054972069 478.8038456183414 491.3121909226037 492.81718194040724 502.2701874886876 498.68179912007804 492.7552891176682 493.354223420566 482.6438326805081 
S: 94779 500.6599577220495 498.66644682047956 495.720110686061 506.48451879266565 499.5572246784383 492.2526893592897 499.227176165654 482.04908248896766 485.33515144429225 501.1634291066301 499.4602426320396 516.007054972069 478.8038456183414 491.3121909226037 492.81718194040724 502.2701874886876 498.68179912007804 492.7552891176682 493.354223420566 482.6438326805081 
H: 882068 1515.6042686594012 1515.5233753540444 1519.9981994941004 1490.6366053798154 1470.3747630678215 1507.3303063324993 1516.1385427395135 1497.2037929613352 1439.2419826106059 1470.6097208169174 1499.4677938481764 1509.4949429277353 1481.3294480467298 1587.3613165534707 1452.8994536386824 1466.2856301601369 1466.0998828010067 1490.2767890143896 1531.6199673625595 1531.2540321860968 
S: 882068 1515.6042686594012 1515.5233753540444 1519.9981994941004 1490.6366053798154 1470.3747630678215 1507.3303063324993 1516.1385427395135 1497.2037929613352 1439.2419826106059 1470.6097208169174 1499.4677938481764 1509.4949429277353 1481.3294480467298 1587.3613165534707 1452.8994536386824 1466.2856301601369 1466.0998828010067 1490.2767890143896 1531.6199673625595 1531.2540321860968 
H: 882068 505.2014228864672 505.17445845134847 506.6660664980336 496.87886845993825 490.1249210226073 502.44343544416677 505.37951424650487 499.06793098711177 479.74732753686885 490.20324027230566 499.82259794939256 503.1649809759123 493.776482682244 529.1204388511568 484.29981787956115 488.76187672004517 488.6999609336692 496.75892967146353 510.53998912085314 510.41801072869947 
S: 882068 505.2014228864672 505.17445845134847 506.6660664980336 496.87886845993825 490.1249210226073 502.44343544416677 505.37951424650487 499.06793098711177 479.74732753686885 490.20324027230566 499.82259794939256 503.1649809759123 493.776482682244 529.1204388511568 484.29981787956115 488.76187672004517 488.6999609336692 496.75892967146353 510.53998912085314 510.41801072869947 
H: 897034 1508.218918942749 1486.5821621708644 1492.1594530889095 1504.3401199352954 1456.4098068427 1483.9927759060222 1516.3330649297784 1471.6844990564377 1464.2841102065768 1536.0611734016748 1540.2522991204228 1521.1028662314432 1494.5985663161653 1455.2834935405795 1537.5047886573993 1485.4980280533553 1495.3375640830307 1534.0439775471402 1453.243892633175 1489.5047974486192 
S: 897034 1508.218918942749 1486.5821621708644 1492.1594530889095 1504.3401199352954 1456.4098068427 1483.9927759060222 1516.3330649297784 1471.6844990564377 1464.2841102065768 1536.0611734016748 1540.2522991204228 1521.1028662314432 1494.5985663161653 1455.2834935405795 1537.5047886573993 1485.4980280533553 1495.3375640830307 1534.0439775471402 1453.243892633175 1489.5047974486192 
H: 897034 502.7396396475828 495.5273873902881 497.3864843629701 501.4467066450982 485.4699356142333 494.66425863534107 505.44435497659276 490.5614996854793 488.09470340219207 512.0203911338916 513.4174330401414 507.034288743814 498.1995221053882 485.0944978468597 512.5015962191331 495.166009351118 498.4458546943433 511.3479925157133 484.4146308777249 496.5015991495398 
S: 897034 502.7396396475828 495.5273873902881 497.3864843629701 501.4467066450982 485.4699356142333 494.66425863534107 505.44435497659276 490.5614996854793 488.09470340219207 512.0203911338916 513.4174330401414 507.034288743814 498.1995221053882 485.0944978468597 512.5015962191331 495.166009351118 498.4458546943433 511.3479925157133 484.4146308777249 496.5015991495398 
H: 951386 1497.153667059794 1517.907489167529 1479.4460071402373 1469.1713531390437 1521.7759664677005 1513.6743338160813 1466.9826210545568 1467.3378087574272 1547.4900674029889 1529.8809977337223 1533.997178803597 1507.0962412786835 1473.6874271045624 1541.3465581392152 1434.553763026549 1498.8706647896656 1490.7254639371788 1465.156866751945 1467.5496614027886 1503.933670819006 
S: 951386 1497.153667059794 1517.907489167529 1479.4460071402373 1469.1713531390437 1521.7759664677005 1513.6743338160813 1466.9826210545568 1467.3378087574272 1547.4900674029889 1529.8809977337223 1533.997178803597 1507.0962412786835 1473.6874271045624 1541.3465581392152 1434.553763026549 1498.8706647896656 1490.7254639371788 1465.156866751945 1467.5496614027886 1503.933670819006 
H: 951386 499.05122235326513 505.96916305584324 493.1486690467458 489.7237843796814 507.2586554892338 504.55811127202736 488.9942070181862 489.11260291914266 515.8300224676628 509.96033257790737 511.3323929345325 502.3654137595612 491.2291423681875 513.7821860464053 478.18458767551607 499.6235549298887 496.90848797905954 488.385622250648 489.18322046759636 501.31122360633555 
S: 951386 499.05122235326513 505.96916305584324 493.1486690467458 489.7237843796814 507.2586554892338 504.55811127202736 488.9942070181862 489.11260291914266 515.8300224676628 509.96033257790737 511.3323929345325 502.3654137595612 491.2291423681875 513.7821860464053 478.18458767551607 499.6235549298887 496.90848797905954 488.385622250648 489.18322046759636 501.31122360633555 
H: 80647 1515.5387359911672 1539.276395025332 1488.9186052582597 1456.536611922762 1470.4351129486547 1413.5393760030456 1483.2900233398896 1452.5013729854838 1420.0319745746071 1512.687554495994 1517.3071111870297 1450.5172314333604 1518.849828908855 1466.326925303665 1530.5358795276302 1485.234652259421 1506.5368610656378 1428.5921578633888 1471.3961087611144 1513.1444444924568 
S: 80647 1515.5387359911672 1539.276395025332 1488.9186052582597 1456.536611922762 1470.4351129486547 1413.5393760030456 1483.2900233398896 1452.5013729854838 1420.0319745746071 1512.687554495994 1517.3071111870297 1450.5172314333604 1518.849828908855 1466.326925303665 1530.5358795276302 1485.234652259421 1506.5368610656378 1428.5921578633888 1471.3961087611144 1513.1444444924568 
H: 80647 505.17957866372296 513.0921316751106 496.30620175275385 485.5122039742545 490.14503764955157 471.1797920010149 494.4300077799638 484.1671243284949 473.34399152486884 504.2291848319982 505.7690370623434 483.50574381112096 506.28327630295144 488.77564176788866 510.17862650921 495.0782174198072 502.17895368854573 476.1973859544634 490.4653695870382 504.38148149748565 
S: 80647 505.17957866372296 513.0921316751106 496.30620175275385 485.5122039742545 490.14503764955157 471.1797920010149 494.4300077799638 484.1671243284949 473.34399152486884 504.2291848319982 505.7690370623434 483.50574381112096 506.28327630295144 488.77564176788866 510.17862650921 495.0782174198072 502.17895368854573 476.1973859544634 490.4653695870382 504.38148149748565 
H: 600349 1415.8614990844212 1459.9588397497153 1511.7481489557804 1464.467949458891 1465.9471117491485 1489.5487640182412 1493.2555671655894 1505.6401190631245 1521.9590995179542 1479.2053854728235 1485.6169688537245 1431.3693113274612 1466.8242188964607 1517.6149624328236 1557.506783251059 1512.9673932517853 1473.6671998232164 1539.938145083933 1475.038539517656 1540.0922115161131 
S: 600349 1415.8614990844212 1459.9588397497153 1511.7481489557804 1464.467949458891 1465.9471117491485 1489.5487640182412 1493.2555671655894 1505.6401190631245 1521.9590995179542 1479.2053854728235 1485.6169688537245 1431.3693113274612 1466.8242188964607 1517.6149624328236 1557.506783251059 1512.9673932517853 1473.6671998232164 1539.938145083933 1475.038539517656 1540.0922115161131 
H: 600349 471.9538330281408 486.6529465832387 503.9160496519269 488.1559831529639 488.64903724971646 496.5162546727469 497.751855721863 501.8800396877081 507.3196998393178 493.06846182427523 495.2056562845752 477.1231037758206 488.94140629882 505.8716541442746 519.1689277503534 504.3224644172625 491.22239994107224 513.3127150279781 491.67951317255205 513.3640705053707 
S: 600349 471.9538330281408 486.6529465832387 503.9160496519269 488.1559831529639 488.64903724971646 496.5162546727469 497.751855721863 501.8800396877081 507.3196998393178 493.06846182427523 495.2056562845752 477.1231037758206 488.94140629882 505.8716541442746 519.1689277503534 504.3224644172625 491.22239994107224 513.3127150279781 491.67951317255205 513.3640705053707 
H: 155149 1527.297053050111 1428.810337773201 1447.4758895710831 1495.0261669646081 1571.0519809123891 1520.7932303704097 1480.3806663019766 1518.4166868008551 1484.4230930200963 1532.8569681022216 1523.0550757559583 1466.3442920213497 1542.2360746795573 1517.6855060075436 1514.4029650230773 1455.4362477460231 1420.897607652921 1507.0501099554726 1481.8633531981125 1512.5420874514589 
S: 155149 1527.297053050111 1428.810337773201 1447.4758895710831 1495.0261669646081 1571.0519809123891 1520.7932303704097 1480.3806663019766 1518.4166868008551 1484.4230930200963 1532.8569681022216 1523.0550757559583 1466.3442920213497 1542.2360746795573 1517.6855060075436 1514.4029650230773 1455.4362477460231 1420.897607652921 1507.0501099554726 1481.8633531981125 1512.5420874514589 
H: 155149 509.0990176833702 476.2701125910672 482.49196319036093 498.3420556548694 523.6839936374635 506.93107679013633 493.46022210065905 506.13889560028554 494.8076976733657 510.95232270074075 507.68502525198556 488.78143067378323 514.0786915598525 505.89516866918103 504.8009883410256 485.1454159153405 473.63253588430706 502.35003665182455 493.9544510660374 504.18069581715287 
S: 155149 509.0990176833702 476.2701125910672 482.49196319036093 498.3420556548694 523.6839936374635 506.93107679013633 493.46022210065905 506.13889560028554 494.8076976733657 510.95232270074075 507.68502525198556 488.78143067378323 514.0786915598525 505.89516866918103 504.8009883410256 485.1454159153405 473.63253588430706 502.35003665182455 493.9544510660374 504.18069581715287 
H: 980420 1478.1989901998916 1445.2250572440755 1493.4351932030868 1482.6124079946833 1490.6749899749968 1462.1671655066887 1507.112485245147 1510.7361902314494 1497.4310993958406 1414.238774201504 1507.7402375497286 1502.3808919884889 1428.0494447875806 1424.0090734990256 1525.8544066412128 1511.859554300115 1474.2216509900757 1512.843231675111 1470.7942914599037 1469.7972434283708 
S: 980420 1478.1989901998916 1445.2250572440755 1493.4351932030868 1482.6124079946833 1490.6749899749968 1462.1671655066887 1507.112485245147 1510.7361902314494 1497.4310993958406 1414.238774201504 1507.7402375497286 1502.3808919884889 1428.0494447875806 1424.0090734990256 1525.8544066412128 1511.859554300115 1474.2216509900757 1512.843231675111 1470.7942914599037 1469.7972434283708 
H: 980420 492.7329967332975 481.74168574802513 497.81173106769523 494.20413599822814 496.8916633249995 487.38905516889594 502.37082841504866 503.5787300771495 499.143699798614 471.412924733835 502.58007918324296 500.79363066282974 476.01648159586074 474.66969116634226 508.6181355470707 503.95318476670457 491.4072169966921 504.281077225037 490.2647638199679 489.93241447612417 
S: 980420 492.7329967332975 481.74168574802513 497.81173106769523 494.20413599822814 496.8916633249995 487.38905516889594 502.37082841504866 503.5787300771495 499.143699798614 471.412924733835 502.58007918324296 500.79363066282974 476.01648159586074 474.66969116634226 508.6181355470707 503.95318476670457 491.4072169966921 504.281077225037 490.2647638199679 489.93241447612417 
H: 782271 1564.0782510700212 1439.7714209256246 1459.862385778709 1488.123306221057 1467.2408554894835 1477.410956595279 1494.71291917666 1510.8798911155775 1507.0025307239518 1446.3596193042313 1487.026075176637 1462.588968594963 1456.502954833641 1488.3146985823457 1460.288443811091 1454.596770281612 1436.329936581406 1535.9666625284124 1494.3397425049022 1457.8942412699132 
S: 782271 1564.0782510700212 1439.7714209256246 1459.862385778709 1488.123306221057 1467.2408554894835 1477.410956595279 1494.71291917666 1510.8798911155775 1507.0025307239518 1446.3596193042313 1487.026075176637 1462.588968594963 1456.502954833641 1488.3146985823457 1460.288443811091 1454.596770281612 1436.329936581406 1535.9666625284124 1494.3397425049022 1457.8942412699132 
H: 782271 521.3594170233404 479.92380697520844 486.6207952595699 496.041102073686 489.080285163161 492.4703188650927 498.23763972555304 503.6266303718589 502.3341769079841 482.11987310141046 495.6753583922124 487.5296561983209 485.50098494454704 496.1048995274487 486.7628146036969 484.8655900938712 478.77664552713503 511.98888750947043 498.1132475016339 485.9647470899714 
S: 782271 521.3594170233404 479.92380697520844 486.6207952595699 496.041102073686 489.080285163161 492.4703188650927 498.23763972555304 503.6266303718589 502.3341769079841 482.11987310141046 495.6753583922124 487.5296561983209 485.50098494454704 496.1048995274487 486.7628146036969 484.8655900938712 478.77664552713503 511.98888750947043 498.1132475016339 485.9647470899714 
H: 748019 1496.074482870253 1490.320855570776 1475.1207701407457 1464.8708561912824 1498.135423166713 1495.8560431792962 1437.9596943863407 1448.1022273219762 1549.9953760507376 1499.495924348713 1501.0453327524508 1528.1798872026188 1501.3925213153493 1443.194840147291 1467.0814324716243 1465.0642945452073 1503.016305820959 1421.291129658197 1462.0684306008995 1499.1086682011749 
S: 748019 1496.074482870253 1490.320855570776 1475.1207701407457 1464.8708561912824 1498.135423166713 1495.8560431792962 1437.9596943863407 1448.1022273219762 1549.9953760507376 1499.495924348713 1501.0453327524508 1528.1798872026188 1501.3925213153493 1443.194840147291 1467.0814324716243 1465.0642945452073 1503.016305820959 1421.291129658197 1462.0684306008995 1499.1086682011749 
H: 748019 498.69149429008485 496.7736185235922 491.70692338024867 488.2902853970944 499.37847438890486 498.6186810597657 479.3198981287803 482.70074244065864 516.6651253502462 499.83197478290464 500.34844425081656 509.3932957342064 500.4641737717833 481.0649467157637 489.0271441572078 488.35476484840257 501.0054352736527 473.7637098860657 487.35614353363354 499.702889400392 
S: 748019 498.69149429008485 496.7736185235922 491.70692338024867 488.2902853970944 499.37847438890486 498.6186810597657 479.3198981287803 482.70074244065864 516.6651253502462 499.83197478290464 500.34844425081656 509.3932957342064 500.4641737717833 481.0649467157637 489.0271441572078 488.35476484840257 501.0054352736527 473.7637098860657 487.35614353363354 499.702889400392 
H: 580136 1485.6988240639548 1476.94718573989 1432.7441823655247 1478.9115875336706 1490.77016347227 1552.7999746804092 1468.894687360188 1502.2783785212378 1509.7809466091692 1471.7961511900178 1502.7425874450196 1485.0859945944624 1461.1250934211018 1490.8685839646287 1435.5756489984835 1455.755381672699 1439.9176825619247 1445.0122438143612 1480.705030752595 1484.053261109785 
S: 580136 1485.6988240639548 1476.94718573989 1432.7441823655247 1478.9115875336706 1490.77016347227 1552.7999746804092 1468.894687360188 1502.2783785212378 1509.7809466091692 1471.7961511900178 1502.7425874450196 1485.0859945944624 1461.1250934211018 1490.8685839646287 1435.5756489984835 1455.755381672699 1439.9176825619247 1445.0122438143612 1480.705030752595 1484.053261109785 
H: 580136 495.2329413546525 492.315728579964 477.5813941218417 492.97052917789074 496.9233878240901 517.5999915601369 489.6315624533966 500.75945950708 503.26031553638995 490.5987170633396 500.9141958150066 495.0286648648207 487.04169780703415 496.9561946548765 478.5252163328281 485.2517938909 479.972560853975 481.6707479381207 493.56834358419786 494.6844203699282 
S: 580136 495.2329413546525 492.315728579964 477.5813941218417 492.97052917789074 496.9233878240901 517.5999915601369 489.6315624533966 500.75945950708 503.26031553638995 490.5987170633396 500.9141958150066 495.0286648648207 487.04169780703415 496.9561946548765 478.5252163328281 485.2517938909 479.972560853975 481.6707479381207 493.56834358419786 494.6844203699282 
H: 79997 1526.34973576962 1483.6166169044598 1480.8608739616986 1511.925489592258 1549.3920671420315 1486.977817557577 1512.873550871076 1515.8313484590267 1476.281815653378 1430.213369682432 1532.6924049893375 1517.0717603674975 1510.9233569768398 1473.3778461729944 1559.90789581024 1545.1134548972734 1499.9218386424259 1503.2410278425425 1470.3138311086516 1458.640127918287 
S: 79997 1526.34973576962 1483.6166169044598 1480.8608739616986 1511.925489592258 1549.3920671420315 1486.977817557577 1512.873550871076 1515.8313484590267 1476.281815653378 1430.213369682432 1532.6924049893375 1517.0717603674975 1510.9233569768405 1473.3778461729944 1559.90789581024 1545.1134548972734 1499.9218386424259 1503.2410278425425 1470.3138311086516 1458.640127918287 
H: 79997 508.7832452565399 494.5388723014867 493.6202913205665 503.9751631974196 516.4640223806771 495.6592725191922 504.2911836236924 505.2771161530092 492.0939385511262 476.73778989414416 510.8974683297792 505.6905867891661 503.64111899228016 491.12594872433107 519.9692986034134 515.0378182990909 499.9739462141423 501.08034261418123 490.1046103695503 486.21337597276226 
S: 79997 508.7832452565399 494.5388723014867 493.6202913205665 503.9751631974196 516.4640223806771 495.6592725191922 504.2911836236924 505.2771161530092 492.0939385511262 476.73778989414416 510.8974683297792 505.6905867891661 503.64111899228016 491.12594872433107 519.9692986034134 515.0378182990909 499.9739462141423 501.08034261418123 490.1046103695503 486.21337597276226 
H: 749938 1515.557845038861 1508.8578683813005 1463.5755343296673 1463.8403557863933 1491.652823260802 1487.6418733621092 1463.3688409473612 1485.7526719183297 1507.470881648352 1439.3824907821104 1469.7660348358227 1526.5224437326262 1472.3670293739433 1495.227040598646 1480.9381454272748 1538.3965857648332 1493.9272886062815 1495.7919891463282 1478.6543794152549 1464.8122714852911 
S: 749938 1515.557845038861 1508.8578683813005 1463.5755343296673 1463.8403557863933 1491.652823260802 1487.6418733621092 1463.3688409473612 1485.7526719183297 1507.470881648352 1439.3824907821104 1469.7660348358227 1526.5224437326262 1472.3670293739433 1495.227040598646 1480.9381454272748 1538.3965857648332 1493.9272886062815 1495.7919891463282 1478.6543794152549 1464.8122714852911 
H: 749938 505.18594834628664 502.9526227937669 487.85851144322254 487.946785262131 497.2176077536007 495.88062445403654 487.7896136491205 495.25089063944347 502.490293882784 479.79416359403655 489.9220116119411 508.8408145775422 490.7890097913145 498.4090135328822 493.6460484757584 512.9446983294476 497.97576286876034 498.5973297154425 492.8847931384182 488.2707571617636 
S: 749938 505.18594834628664 502.9526227937669 487.85851144322254 487.946785262131 497.2176077536007 495.88062445403654 487.7896136491205 495.25089063944347 502.490293882784 479.79416359403655 489.9220116119411 508.8408145775422 490.7890097913145 498.4090135328822 493.6460484757584 512.9446983294476 497.97576286876034 498.5973297154425 492.8847931384182 488.2707571617636 
H: 495238 1465.603075931758 1505.162039258694 1502.2651302272602 1511.9525178154347 1509.140973332664 1486.3401910979603 1524.318208310262 1457.2691309770787 1477.9418695658505 1491.7630361034203 1501.6739605337957 1517.096013139094 1493.1442488191344 1447.0196419792712 1489.8821759879972 1511.1331648907612 1455.2896895109177 1559.5592729046866 1508.6099622775037 1512.8715834481056 
S: 495238 1465.603075931758 1505.162039258694 1502.2651302272602 1511.9525178154347 1509.140973332664 1486.3401910979603 1524.318208310262 1457.2691309770787 1477.9418695658505 1491.7630361034203 1501.6739605337957 1517.096013139094 1493.1442488191344 1447.0196419792712 1489.8821759879972 1511.1331648907612 1455.2896895109177 1559.5592729046866 1508.6099622775037 1512.8715834481056 
H: 495238 488.53435864391963 501.7206797528983 500.7550434090868 503.9841726051454 503.046991110888 495.44673036598675 508.1060694367541 485.7563769923601 492.6472898552835 497.25434536780676 500.5579868445987 505.69867104636495 497.7147496063783 482.3398806597567 496.62739199599883 503.7110549635871 485.096563170306 519.8530909682295 502.86998742583467 504.29052781603525 
S: 495238 488.53435864391963 501.7206797528983 500.7550434090868 503.9841726051454 503.046991110888 495.44673036598675 508.1060694367541 485.7563769923601 492.6472898552835 497.25434536780676 500.5579868445987 505.69867104636495 497.7147496063783 482.3398806597567 496.62739199599883 503.7110549635871 485.096563170306 519.8530909682295 502.86998742583467 504.29052781603525 
H: 424551 1482.0384251578746 1490.7736083935536 1461.9710447695238 1527.6737850245154 1453.6723869493649 1443.3357731642634 1526.0071766839237 1460.9059181940802 1500.8642164625342 1547.535425092547 1497.1803080634195 1528.5097876432096 1462.9624259934183 1528.248262846322 1485.846582177474 1451.5104020961453 1495.8621836254576 1479.0170039169627 1484.9676649969854 1491.5981385002099 
S: 424551 1482.0384251578746 1490.7736083935536 1461.9710447695238 1527.6737850245154 1453.6723869493649 1443.3357731642634 1526.0071766839237 1460.9059181940802 1500.8642164625342 1547.535425092547 1497.1803080634195 1528.5097876432096 1462.9624259934183 1528.248262846322 1485.846582177474 1451.5104020961453 1495.8621836254576 1479.0170039169627 1484.9676649969854 1491.5981385002099 
H: 424551 494.0128083859583 496.92453613118414 487.32368158984093 509.2245950081723 484.55746231645526 481.11192438808774 508.6690588946416 486.96863939802677 500.2880721541785 515.8451416975158 499.06010268780676 509.5032625477365 487.6541419978056 509.41608761544074 495.8041277269851 483.8368006987153 498.6207278751531 493.0056679723204 494.98922166566166 497.19937950007017 
S: 424551 494.0128083859583 496.92453613118414 487.32368158984093 509.2245950081723 484.55746231645526 481.11192438808774 508.6690588946416 486.96863939802677 500.2880721541785 515.8451416975158 499.06010268780676 509.5032625477365 487.6541419978056 509.41608761544074 495.8041277269851 483.8368006987153 498.6207278751531 493.0056679723204 494.98922166566166 497.19937950007017 
H: 459941 1502.7377408930577 1432.9084157362424 1468.5547562663248 1482.1020682465116 1471.96354595435 1459.6214992587034 1477.1424064720215 1506.3521750416826 1477.516639097097 1520.3411687020764 1464.0968534014266 1481.2397525682027 1432.4118370635097 1450.1614298930638 1536.9950044509935 1523.159247245093 1501.9540630123424 1525.0738091708583 1459.9083914261096 1501.4013065051636 
S: 459941 1502.7377408930577 1432.9084157362424 1468.5547562663248 1482.1020682465116 1471.96354595435 1459.6214992587034 1477.1424064720215 1506.3521750416826 1477.516639097097 1520.3411687020764 1464.0968534014266 1481.2397525682027 1432.4118370635097 1450.1614298930638 1536.9950044509935 1523.159247245093 1501.9540630123424 1525.0738091708583 1459.9083914261096 1501.4013065051636 
H: 459941 500.91258029768596 477.63613857874776 489.5182520887754 494.03402274883734 490.6545153181173 486.5404997529011 492.3808021573404 502.11739168056096 492.5055463656996 506.78038956735935 488.0322844671426 493.7465841894008 477.47061235450275 483.38714329768857 512.3316681503314 507.7197490816978 500.65135433744746 508.3579363902857 486.6361304753702 500.4671021683877 
S: 459941 500.91258029768596 477.63613857874776 489.5182520887754 494.03402274883734 490.6545153181173 486.5404997529011 492.3808021573404 502.11739168056096 492.5055463656996 506.78038956735935 488.0322844671426 493.7465841894008 477.47061235450275 483.38714329768857 512.3316681503314 507.7197490816978 500.65135433744746 508.3579363902857 486.6361304753702 500.4671021683877 
H: 794373 1480.1438265733234 1467.8682132647336 1491.1441842386419 1464.0373974702518 1514.5707499968078 1480.3362297261242 1443.3626902747524 1417.6012584288246 1510.3915260375486 1501.984015875361 1473.6399320944447 1513.5421801462019 1504.0108439971502 1460.7109122760337 1516.4920272134916 1461.1439856079703 1460.7086559100949 1533.392343006997 1468.7995475634511 1470.6787059238013 
S: 794373 1480.1438265733234 1467.8682132647336 1491.1441842386419 1464.0373974702518 1514.5707499968078 1480.3362297261242 1443.3626902747524 1417.6012584288246 1510.3915260375486 1501.984015875361 1473.6399320944447 1513.5421801462019 1504.0108439971502 1460.7109122760337 1516.4920272134916 1461.1439856079703 1460.7086559100949 1533.392343006997 1468.7995475634511 1470.6787059238013 
H: 794373 493.38127552444143 490.91420264567694 497.0480614128809 488.01246582341764 504.8569166656032 493.4454099087082 481.1208967582504 472.5337528096084 503.46384201251624 500.6613386251203 491.21331069814863 504.5140600487344 501.3369479990497 486.90363742534447 505.4973424044974 487.04799520265675 486.9028853033648 511.13078100233207 489.59984918781703 490.2262353079341 
S: 794373 493.38127552444143 490.91420264567694 497.0480614128809 488.01246582341764 504.8569166656032 493.4454099087082 481.1208967582504 472.5337528096084 503.46384201251624 500.6613386251203 491.21331069814863 504.5140600487344 501.3369479990497 486.90363742534447 505.4973424044974 487.04799520265675 486.9028853033648 511.13078100233207 489.59984918781703 490.2262353079341 
H: 292161 1484.1378601638673 1472.9359454898763 1524.905661897231 1426.8119812223963 1465.5582380682629 1483.3968280896308 1472.9928848691227 1497.7506427962628 1514.0792052443135 1507.1529279183146 1520.5808417976236 1526.2939701161495 1432.5468147751226 1508.1713111767683 1446.520088470597 1486.3388915419275 1493.4023493343727 1481.6305012531404 1479.2650900441506 1414.6015959586343 
S: 292161 1484.1378601638673 1472.9359454898763 1524.905661897231 1426.8119812223963 1465.5582380682629 1483.3968280896308 1472.9928848691227 1497.7506427962628 1514.0792052443135 1507.1529279183146 1520.5808417976236 1526.2939701161495 1432.5468147751226 1508.1713111767683 1446.520088470597 1486.3388915419275 1493.4023493343727 1481.6305012531404 1479.2650900441506 1414.6015959586343 
H: 292161 494.712620054623 490.97864849662636 508.30188729907707 475.60399374079907 488.51941268942056 494.4656093632107 490.9976282897074 499.2502142654207 504.6930684147711 502.3843093061047 506.86028059920847 508.7646567053824 477.5156049250408 502.7237703922568 482.1733628235327 495.4462971806429 497.8007831114577 494.27648044577893 493.0883633480507 471.5338653195448 
S: 292161 494.712620054623 490.97864849662636 508.30188729907707 475.60399374079907 488.51941268942056 494.4656093632107 490.9976282897074 499.2502142654207 504.6930684147711 502.3843093061047 506.86028059920847 508.7646567053824 477.5156049250408 502.7237703922568 482.1733628235327 495.4462971806429 497.8007831114577 494.27648044577893 493.0883633480507 471.5338653195448 
H: 774157 1496.2850737494368 1496.2485471061261 1443.8920495182124 1495.2444593072496 1517.5598654777307 1516.9903085922524 1493.6545670135145 1465.602862349061 1526.2192655963006 1475.875133169891 1471.0334363668771 1433.1077108852348 1471.8790494672305 1495.0922354540346 1465.865979313131 1493.8118164173172 1516.491400305699 1457.1729246578302 1493.7360430702859 1470.0575195916213 
S: 774157 1496.2850737494368 1496.2485471061261 1443.8920495182124 1495.2444593072496 1517.5598654777307 1516.9903085922524 1493.6545670135145 1465.602862349061 1526.2192655963006 1475.875133169891 1471.0334363668771 1433.1077108852348 1471.8790494672305 1495.0922354540346 1465.865979313131 1493.8118164173172 1516.491400305699 1457.1729246578302 1493.7360430702859 1470.0575195916213 
H: 774157 498.7616912498121 498.749515702042 481.29734983940426 498.41481976908375 505.85328849257684 505.66343619741764 497.8848556711718 488.5342874496873 508.7397551987668 491.95837772329645 490.34447878895884 477.70257029507866 490.6263498224104 498.3640784846784 488.6219931043772 497.937272139106 505.4971334352329 485.7243082192769 497.9120143567619 490.01917319720786 
S: 774157 498.7616912498121 498.749515702042 481.29734983940426 498.41481976908375 505.85328849257684 505.66343619741764 497.8848556711718 488.5342874496873 508.7397551987668 491.95837772329645 490.34447878895884 477.70257029507866 490.6263498224104 498.3640784846784 488.6219931043772 497.937272139106 505.4971334352329 485.7243082192769 497.9120143567619 490.01917319720786 
H: 19975 1489.5054955523187 1559.9431975682692 1497.5155204055857 1487.7468326219905 1443.1452670649637 1499.39151238825 1513.769970465649 1495.0127474786773 1416.073723418988 1512.1168196895994 1495.4232853166075 1442.919947022629 1499.869049121655 1460.7936897959778 1501.362016233798 1501.8468594166593 1578.540012048467 1456.7688037453281 1502.601240809845 1474.9540825256604 
S: 19975 1489.5054955523187 1559.9431975682692 1497.5155204055857 1487.7468326219905 1443.1452670649637 1499.39151238825 1513.769970465649 1495.0127474786773 1416.073723418988 1512.1168196895994 1495.4232853166075 1442.919947022629 1499.869049121655 1460.7936897959778 1501.362016233798 1501.8468594166593 1578.540012048467 1456.7688037453281 1502.601240809845 1474.9540825256604 
H: 19975 496.5018318507734 519.9810658560891 499.17184013519557 495.9156108739974 481.0484223549885 499.79717079608315 504.5899901552166 498.3375824928921 472.0245744729961 504.0389398965336 498.47442843886887 480.97331567420997 499.9563497072181 486.93122993199273 500.45400541126554 500.61561980555325 526.1800040161555 485.58960124844276 500.8670802699482 491.6513608418874 
S: 19975 496.5018318507734 519.9810658560891 499.17184013519557 495.9156108739974 481.0484223549885 499.79717079608315 504.5899901552166 498.3375824928921 472.0245744729961 504.0389398965336 498.47442843886887 480.97331567420997 499.9563497072181 486.93122993199273 500.45400541126554 500.61561980555325 526.1800040161555 485.58960124844276 500.8670802699482 491.6513608418874 
H: 456642 1545.7189366811162 1517.9768033909434 1543.4277997218724 1539.098093081406 1508.480536889131 1498.9141682070656 1485.4929002443732 1541.0510436616512 1469.466842502282 1539.353790499731 1479.697317659439 1495.4475025295517 1524.118040182582 1490.2351061302902 1488.3977861447315 1508.345160131972 1488.425784856949 1536.5191770337838 1451.337824406979 1472.6479872850484 
S: 456642 1545.7189366811162 1517.9768033909434 1543.4277997218724 1539.098093081406 1508.480536889131 1498.9141682070656 1485.4929002443732 1541.0510436616512 1469.466842502282 1539.353790499731 1479.697317659439 1495.4475025295517 1524.118040182582 1490.2351061302902 1488.3977861447315 1508.345160131972 1488.425784856949 1536.5191770337838 1451.337824406979 1472.6479872850484 
H: 456642 515.2396455603723 505.99226779698125 514.4759332406238 513.032697693802 502.8268456297104 499.6380560690221 495.16430008145784 513.6836812205507 489.82228083409393 513.1179301665766 493.2324392198124 498.4825008431837 508.03934672752735 496.7450353767635 496.1325953815774 502.78172004399084 496.1419282856493 512.1730590112616 483.77927480232654 490.88266242834914 
S: 456642 515.2396455603723 505.99226779698125 514.4759332406238 513.032697693802 502.8268456297104 499.6380560690221 495.16430008145784 513.6836812205507 489.82228083409393 513.1179301665766 493.2324392198124 498.4825008431837 508.03934672752735 496.7450353767635 496.1325953815774 502.78172004399084 496.1419282856493 512.1730590112616 483.77927480232654 490.88266242834914 
H: 431664 1510.0379997324956 1475.1496921050275 1475.9610201704834 1484.3168128043485 1508.5214875016177 1467.2541500655173 1506.3078951533787 1453.8555876480057 1492.2647818263952 1478.1939815004769 1513.8659832006324 1470.1160196353615 1525.71387396456 1497.5611338902913 1522.2805454537229 1546.3703293746248 1496.9105539956456 1465.7704154945384 1497.275326110538 1482.0287891601258 
S: 431664 1510.0379997324956 1475.1496921050275 1475.9610201704834 1484.3168128043485 1508.5214875016177 1467.2541500655173 1506.3078951533787 1453.8555876480057 1492.2647818263952 1478.1939815004769 1513.8659832006324 1470.1160196353615 1525.71387396456 1497.5611338902913 1522.2805454537229 1546.3703293746248 1496.9105539956456 1465.7704154945384 1497.275326110538 1482.0287891601258 
H: 431664 503.345999910832 491.71656403500924 491.9870067234946 494.77227093478297 502.84049583387275 489.08471668850603 502.1026317177936 484.61852921600155 497.4215939421316 492.73132716682545 504.6219944002105 490.03867321178706 508.5712913215201 499.18704463009726 507.42684848457463 515.4567764582083 498.9701846652151 488.5901384981796 499.0917753701791 494.0095963867091 
S: 431664 503.345999910832 491.71656403500924 491.9870067234946 494.77227093478297 502.84049583387275 489.08471668850603 502.1026317177936 484.61852921600155 497.4215939421316 492.73132716682545 504.6219944002105 490.03867321178706 508.5712913215201 499.18704463009726 507.42684848457463 515.4567764582083 498.9701846652151 488.5901384981796 499.0917753701791 494.0095963867091 
H: 155353 1476.461131183427 1518.2465768415675 1446.2321547565584 1487.879297339469 1508.8078458809787 1493.5652184547596 1445.0683813275516 1487.4418465966803 1533.2670995122485 1445.0466515325093 1512.2432378992974 1545.5959879780548 1534.9592671985615 1494.0601372207675 1489.874748591762 1526.4116856880817 1502.5049239403982 1448.0393204283869 1497.5795289317905 1502.0942054886539 
S: 155353 1476.461131183427 1518.2465768415675 1446.2321547565584 1487.879297339469 1508.8078458809787 1493.5652184547596 1445.0683813275516 1487.4418465966803 1533.2670995122485 1445.0466515325093 1512.2432378992974 1545.5959879780548 1534.9592671985615 1494.0601372207675 1489.874748591762 1526.4116856880817 1502.5049239403982 1448.0393204283869 1497.5795289317905 1502.0942054886539 
H: 155353 492.15371039447524 506.0821922805228 482.077384918853 495.95976577982304 502.93594862699274 497.8550728182533 481.68946044251777 495.8139488655598 511.0890331707498 481.6822171775032 504.08107929976586 515.1986626593515 511.6530890661871 498.02004574025653 496.62491619725404 508.8038952293605 500.8349746467992 482.67977347612896 499.19317631059687 500.698068496218 
S: 155353 492.15371039447524 506.0821922805228 482.077384918853 495.95976577982304 502.93594862699274 497.8550728182533 481.68946044251777 495.8139488655598 511.0890331707498 481.6822171775032 504.08107929976586 515.1986626593515 511.6530890661871 498.02004574025653 496.62491619725404 508.8038952293605 500.8349746467992 482.67977347612896 499.19317631059687 500.698068496218 
H: 254702 1514.3757047378444 1485.012482768963 1512.2237266747898 1466.81354841221 1456.8728553348908 1480.316316448351 1509.176633289134 1494.7430505484629 1466.0974799602777 1546.4283910037016 1462.0324124371343 1447.3409304283539 1485.7520198857956 1455.7942329897496 1522.9808855361762 1488.8438913543578 1452.9192579027638 1549.6068885106752 1531.7077461692338 1462.2370429110172 
S: 254702 1514.3757047378444 1485.012482768963 1512.2237266747898 1466.81354841221 1456.8728553348908 1480.316316448351 1509.176633289134 1494.7430505484629 1466.0974799602777 1546.4283910037016 1462.0324124371343 1447.3409304283539 1485.7520198857956 1455.7942329897496 1522.9808855361762 1488.8438913543578 1452.9192579027638 1549.6068885106752 1531.7077461692338 1462.2370429110172 
H: 254702 504.7919015792817 495.00416092298786 504.0745755582631 488.93784947073675 485.6242851116303 493.4387721494505 503.05887776304496 498.2476835161543 488.69915998676 515.4761303345674 487.34413747904443 482.4469768094517 495.2506732952645 485.26474432991637 507.66029517872613 496.28129711811937 484.3064193009214 516.5356295035588 510.5692487230781 487.4123476370059 
S: 254702 504.7919015792817 495.00416092298786 504.0745755582631 488.93784947073675 485.6242851116303 493.4387721494505 503.05887776304496 498.2476835161543 488.69915998676 515.4761303345674 487.34413747904443 482.4469768094517 495.2506732952645 485.26474432991637 507.66029517872613 496.28129711811937 484.3064193009214 516.5356295035588 510.5692487230781 487.4123476370059 
H: 375300 1530.7220233762587 1550.804742962487 1433.9810011875725 1464.0510766048524 1513.113463696244 1524.882968162528 1501.807204551125 1476.0388233583842 1491.237782045289 1486.9784954163854 1494.2939744106147 1473.6211513810542 1497.1107489550357 1479.771475188385 1503.7647178424486 1473.197777895497 1499.5909496331374 1510.7222379154555 1474.120853934289 1480.5950310268454 
S: 375300 1530.7220233762587 1550.804742962487 1433.9810011875725 1464.0510766048524 1513.113463696244 1524.882968162528 1501.807204551125 1476.0388233583842 1491.237782045289 1486.9784954163854 1494.2939744106147 1473.6211513810542 1497.1107489550357 1479.771475188385 1503.7647178424486 1473.197777895497 1499.5909496331374 1510.7222379154555 1474.120853934289 1480.5950310268454 
H: 375300 510.24067445875306 516.9349143208291 477.9936670625247 488.0170255349514 504.3711545654149 508.2943227208427 500.6024015170414 492.01294111946186 497.0792606817633 495.6594984721286 498.0979914702048 491.20705046035175 499.03691631834505 493.257158396128 501.25490594748294 491.0659259651656 499.8636498777129 503.57407930515166 491.3736179780965 493.53167700894886 
S: 375300 510.24067445875306 516.9349143208291 477.9936670625247 488.0170255349514 504.3711545654149 508.2943227208427 500.6024015170414 492.01294111946186 497.0792606817633 495.6594984721286 498.0979914702048 491.20705046035175 499.03691631834505 493.257158396128 501.25490594748294 491.0659259651656 499.8636498777129 503.57407930515166 491.3736179780965 493.53167700894886 
H: 373509 1423.86008893839 1435.5953028625468 1496.5745763320099 1510.3014639902003 1484.5208999270928 1469.6375188104305 1487.865225202082 1489.736175135211 1536.3427699730642 1501.4640325917383 1531.5503076725995 1468.118947792386 1468.7358651401562 1470.7985210669551 1489.2896514737622 1450.8695682062807 1503.0757195170324 1555.8873726951288 1490.3100436716088 1482.758469705913 
S: 373509 1423.86008893839 1435.5953028625468 1496.5745763320099 1510.3014639902003 1484.5208999270928 1469.6375188104305 1487.865225202082 1489.736175135211 1536.3427699730642 1501.4640325917383 1531.5503076725995 1468.118947792386 1468.7358651401562 1470.7985210669551 1489.2896514737622 1450.8695682062807 1503.0757195170324 1555.8873726951288 1490.3100436716088 1482.758469705913 
H: 373509 474.6200296461298 478.531767620849 498.8581921106696 503.43382133006696 494.84029997569843 489.8791729368103 495.95507506736067 496.57872504507054 512.1142566576877 500.4880108639128 510.51676922419955 489.37298259746177 489.57862171338536 490.26617368898485 496.42988382458776 483.62318940209383 501.0252398390111 518.6291242317092 496.770014557203 494.2528232353049 
S: 373509 474.6200296461298 478.531767620849 498.8581921106696 503.43382133006696 494.84029997569843 489.8791729368103 495.95507506736067 496.57872504507054 512.1142566576877 500.4880108639128 510.51676922419955 489.37298259746177 489.57862171338536 490.26617368898485 496.42988382458776 483.62318940209383 501.0252398390111 518.6291242317092 496.770014557203 494.2528232353049 
H: 76054 1518.4923341260123 1473.217344273244 1448.700923739171 1503.8947754714036 1505.799330360786 1451.3543602119028 1507.4088176901544 1506.1578023840846 1553.0500920870625 1468.553580880728 1518.5778215566465 1486.1361114757592 1463.3940171363292 1507.6677298504192 1502.524593687474 1470.5668780479323 1428.5109371054814 1537.6867553283403 1468.311909599752 1497.8422769444742 
S: 76054 1518.4923341260123 1473.217344273244 1448.700923739171 1503.8947754714036 1505.799330360786 1451.3543602119028 1507.4088176901544 1506.1578023840846 1553.0500920870625 1468.553580880728 1518.5778215566465 1486.1361114757592 1463.3940171363292 1507.6677298504192 1502.524593687474 1470.5668780479323 1428.5109371054814 1537.6867553283403 1468.311909599752 1497.8422769444742 
H: 76054 506.16411137533805 491.0724480910818 482.9003079130577 501.298258490468 501.93311012026186 483.78478673730103 502.46960589671835 502.0526007946949 517.6833640290207 489.51786029357635 506.1926071855494 495.37870382525364 487.7980057121099 502.5559099501389 500.84153122915774 490.1889593493106 476.1703123684939 512.5622517761135 489.43730319991687 499.2807589814913 
S: 76054 506.16411137533805 491.0724480910818 482.9003079130577 501.298258490468 501.93311012026186 483.78478673730103 502.46960589671835 502.0526007946949 517.6833640290207 489.51786029357635 506.1926071855494 495.37870382525364 487.7980057121099 502.5559099501389 500.84153122915774 490.1889593493106 476.1703123684939 512.5622517761135 489.43730319991687 499.2807589814913 
H: 468375 1437.1681439250003 1498.696199912748 1547.8971628883721 1521.6056137368641 1459.6055982310659 1541.5989779114884 1471.5571389223562 1472.559182813847 1557.7520654861983 1506.034572104765 1487.1815559992042 1501.615643940025 1464.3781300626804 1537.037737443586 1532.8103093633251 1452.589538891225 1505.003377962508 1519.860596201295 1497.5257127544671 1444.3165489678875 
S: 468375 1437.1681439250003 1498.696199912748 1547.8971628883721 1521.6056137368641 1459.6055982310659 1541.5989779114884 1471.5571389223562 1472.559182813847 1557.7520654861983 1506.034572104765 1487.1815559992042 1501.615643940025 1464.3781300626804 1537.037737443586 1532.810309363325 1452.589538891225 1505.003377962508 1519.860596201295 1497.5257127544671 1444.3165489678875 
H: 468375 479.4494303993081 499.56539997091573 515.9657209627907 507.2018712456212 486.5351994103556 513.8663259704965 490.519046307452 490.8530609379493 519.250688495399 502.0115240349223 495.7271853330686 500.53854798000833 488.1260433542268 512.3459124811956 510.9367697877745 484.19651296374116 501.66779265416943 506.6201987337652 499.17523758482247 481.43884965596294 
S: 468375 479.4494303993081 499.56539997091573 515.9657209627907 507.2018712456212 486.5351994103556 513.8663259704965 490.519046307452 490.8530609379493 519.250688495399 502.0115240349223 495.7271853330686 500.53854798000833 488.1260433542268 512.3459124811956 510.9367697877745 484.19651296374116 501.66779265416943 506.6201987337652 499.17523758482247 481.43884965596294 
H: 128222 1509.3214159992228 1494.9996559851998 1541.09830683987 1441.5676492059397 1492.5039391967864 1510.3316258076488 1440.741381931583 1505.8918047854547 1523.4469923235395 1506.1492752930399 1524.896551869587 1468.457642179637 1452.6203742339437 1454.5206844204063 1462.5820366641697 1505.7919147696837 1487.516092848845 1476.158042888833 1482.6684567552109 1485.0504410231954 
S: 128222 1509.3214159992228 1494.9996559851998 1541.09830683987 1441.5676492059397 1492.5039391967864 1510.3316258076488 1440.741381931583 1505.8918047854547 1523.4469923235395 1506.1492752930399 1524.896551869587 1468.457642179637 1452.6203742339437 1454.5206844204063 1462.5820366641697 1505.7919147696837 1487.516092848845 1476.158042888833 1482.6684567552109 1485.0504410231954 
H: 128222 503.10713866640765 498.3332186617334 513.6994356132902 480.5225497353135 497.5013130655957 503.4438752692161 480.2471273105277 501.96393492848546 507.81566410784677 502.04975843101295 508.2988506231959 489.4858807265454 484.2067914113144 484.8402281401361 487.5273455547233 501.9306382565616 495.8386976162822 492.0526809629445 494.22281891840345 495.0168136743984 
S: 128222 503.10713866640765 498.3332186617334 513.6994356132902 480.5225497353135 497.5013130655957 503.4438752692161 480.2471273105277 501.96393492848546 507.81566410784677 502.04975843101295 508.2988506231959 489.4858807265454 484.2067914113144 484.8402281401361 487.5273455547233 501.9306382565616 495.8386976162822 492.0526809629445 494.22281891840345 495.0168136743984 
H: 136015 1495.5468738332231 1505.204936338789 1505.4899429125712 1482.6176447119208 1490.489081557728 1467.106510829112 1532.9693343660733 1471.878154889141 1537.3389409075319 1472.184914005941 1484.7724794654225 1483.850375088044 1496.4396117157223 1470.9463408150132 1475.6263785567 1491.2684588682948 1488.8302910375728 1504.1591316165325 1513.4201496554242 1426.2899242305446 
S: 136015 1495.5468738332231 1505.204936338789 1505.4899429125712 1482.6176447119208 1490.489081557728 1467.106510829112 1532.9693343660733 1471.878154889141 1537.3389409075319 1472.184914005941 1484.7724794654225 1483.850375088044 1496.4396117157223 1470.9463408150132 1475.6263785567 1491.2684588682948 1488.8302910375728 1504.1591316165325 1513.4201496554242 1426.2899242305446 
H: 136015 498.51562461107403 501.7349787795964 501.8299809708575 494.2058815706402 496.8296938525755 489.0355036097038 510.9897781220245 490.6260516297132 512.4463136358445 490.72830466864684 494.92415982180785 494.61679169601507 498.8132039052405 490.3154469383381 491.87545951890024 497.08948628943176 496.27676367919105 501.3863772055111 504.4733832184748 475.4299747435147 
S: 136015 498.51562461107403 501.7349787795964 501.8299809708575 494.2058815706402 496.8296938525755 489.0355036097038 510.9897781220245 490.6260516297132 512.4463136358445 490.72830466864684 494.92415982180785 494.61679169601507 498.8132039052405 490.3154469383381 491.87545951890024 497.08948628943176 496.27676367919105 501.3863772055111 504.4733832184748 475.4299747435147 
H: 353114 1470.031774461991 1494.8605463407757 1486.4236797168685 1442.3040863101428 1467.0049122911757 1488.3535849755062 1500.2587630376274 1490.1509508757017 1501.9302161272033 1487.6523100119236 1452.606468598144 1496.1178919815334 1536.1331941341448 1447.3309740774896 1480.1367561923525 1484.7388123612432 1498.2273515925756 1487.1536819014377 1505.4988513930264 1459.7425067113822 
S: 353114 1470.031774461991 1494.8605463407757 1486.4236797168685 1442.3040863101428 1467.0049122911757 1488.3535849755062 1500.2587630376274 1490.1509508757017 1501.9302161272033 1487.6523100119236 1452.606468598144 1496.1178919815334 1536.1331941341448 1447.3309740774896 1480.1367561923525 1484.7388123612432 1498.2273515925756 1487.1536819014377 1505.4988513930264 1459.7425067113822 
H: 353114 490.01059148733026 498.2868487802586 495.47455990562275 480.76802877004707 489.0016374303926 496.11786165850265 500.08625434587594 496.7169836252344 500.64340537573503 495.884103337308 484.20215619938205 498.70596399384385 512.0443980447152 482.44365802583013 493.37891873078394 494.9129374537484 499.4091171975255 495.71789396714547 501.83295046434233 486.58083557046103 
S: 353114 490.01059148733026 498.2868487802586 495.47455990562275 480.76802877004707 489.0016374303926 496.11786165850265 500.08625434587594 496.7169836252344 500.64340537573503 495.884103337308 484.20215619938205 498.70596399384385 512.0443980447152 482.44365802583013 493.37891873078394 494.9129374537484 499.4091171975255 495.71789396714547 501.83295046434233 486.58083557046103 
H: 929460 1525.6022831070168 1472.1846383061113 1477.6263171499093 1443.3423362546648 1502.3801346514554 1463.9922210760358 1477.9348797571063 1469.0353152609064 1461.9510958366477 1479.249917632108 1442.79595574319 1458.3034781150106 1502.7777365726022 1456.9938020458703 1479.5577951855857 1522.1241111768347 1492.8166626483571 1443.4667260367046 1477.6029953368934 1513.9082184156819 
S: 929460 1525.6022831070168 1472.1846383061113 1477.6263171499093 1443.3423362546648 1502.3801346514554 1463.9922210760358 1477.9348797571063 1469.0353152609064 1461.9510958366477 1479.249917632108 1442.79595574319 1458.3034781150106 1502.7777365726022 1456.9938020458703 1479.5577951855857 1522.1241111768347 1492.8166626483571 1443.4667260367046 1477.6029953368934 1513.9082184156819 
H: 929460 508.5340943690052 490.7282127687037 492.5421057166373 481.11411208488875 500.79337821715166 487.99740702534524 492.6449599190357 489.6784384203019 487.31703194554905 493.0833058773698 480.9319852477304 486.1011593716704 500.92591219086734 485.66460068195624 493.1859317285291 507.3747037256113 497.60555421611934 481.1555753455682 492.53433177896426 504.6360728052277 
S: 929460 508.5340943690052 490.7282127687037 492.5421057166373 481.11411208488875 500.79337821715166 487.99740702534524 492.6449599190357 489.6784384203019 487.31703194554905 493.0833058773698 480.9319852477304 486.1011593716704 500.92591219086734 485.66460068195624 493.1859317285291 507.3747037256113 497.60555421611934 481.1555753455682 492.53433177896426 504.6360728052277 
H: 586249 1479.823264775584 1502.9532169766621 1512.0530495859402 1513.77535182624 1467.103960179194 1537.8129809464922 1455.5054096873343 1545.6201516751605 1528.9250943022446 1448.176778293094 1498.1574442826911 1497.398403159512 1487.815674204463 1500.3816444958507 1486.9769413554595 1466.2624512210893 1467.4604350715067 1474.587290879552 1448.781078028787 1502.0321739910135 
S: 586249 1479.823264775584 1502.9532169766621 1512.0530495859402 1513.77535182624 1467.103960179194 1537.8129809464922 1455.5054096873343 1545.6201516751605 1528.9250943022446 1448.176778293094 1498.1574442826911 1497.398403159512 1487.815674204463 1500.3816444958507 1486.9769413554595 1466.2624512210893 1467.4604350715067 1474.587290879552 1448.781078028787 1502.0321739910135 
H: 586249 493.2744215918612 500.9844056588871 504.01768319531357 504.59178394208016 489.0346533930644 512.6043269821644 485.16846989577834 515.2067172250535 509.6416981007481 482.72559276436516 499.385814760897 499.13280105317085 495.93855806815435 500.1272148319504 495.65898045182 488.7541504070298 489.1534783571689 491.52909695985085 482.92702600959535 500.67739133033825 
S: 586249 493.2744215918612 500.9844056588871 504.01768319531357 504.59178394208016 489.0346533930644 512.6043269821644 485.16846989577834 515.2067172250535 509.6416981007481 482.72559276436516 499.385814760897 499.13280105317085 495.93855806815435 500.1272148319504 495.65898045182 488.7541504070298 489.1534783571689 491.52909695985085 482.92702600959535 500.67739133033825 
H: 8597 1506.1913745323939 1523.6689145063408 1458.9806297172865 1514.8481614097375 1496.7619699313589 1450.2846496998268 1437.9631615107087 1475.9107097728884 1544.9206307744041 1490.1772022993825 1508.1521390127104 1458.7961129451153 1486.5497538852253 1462.3883024457382 1443.0262033519782 1519.586008340598 1494.176202043051 1474.9677291635805 1476.0226078405701 1419.7534119984755 
S: 8597 1506.1913745323939 1523.6689145063408 1458.9806297172865 1514.8481614097375 1496.7619699313589 1450.2846496998268 1437.9631615107087 1475.9107097728884 1544.9206307744041 1490.1772022993825 1508.1521390127104 1458.7961129451153 1486.5497538852253 1462.3883024457382 1443.0262033519782 1519.586008340598 1494.176202043051 1474.9677291635805 1476.0226078405701 1419.7534119984755 
H: 8597 502.0637915107983 507.8896381687798 486.32687657242906 504.9493871365794 498.9206566437859 483.42821656660936 479.32105383690305 491.97023659096305 514.9735435914681 496.72573409979475 502.7173796709038 486.26537098170485 495.51658462840845 487.4627674819132 481.0087344506592 506.5286694468661 498.05873401435014 491.65590972119384 492.0075359468565 473.2511373328252 
S: 8597 502.0637915107983 507.8896381687798 486.32687657242906 504.9493871365794 498.9206566437859 483.42821656660936 479.32105383690305 491.97023659096305 514.9735435914681 496.72573409979475 502.7173796709038 486.26537098170485 495.51658462840845 487.4627674819132 481.0087344506592 506.5286694468661 498.05873401435014 491.65590972119384 492.0075359468565 473.2511373328252 
H: 817849 1511.859811316801 1469.0123402541303 1477.144053577859 1518.0344149286711 1466.7578976744057 1496.3948611131746 1451.422245701678 1473.8949160644963 1459.359252198761 1492.0884073971056 1500.479694775484 1481.9574363234997 1482.4560210732127 1518.7454907381943 1480.3764749527527 1493.5913863313117 1486.3371462186801 1538.8193643607221 1472.302623022128 1474.8147363296416 
S: 817849 1511.859811316801 1469.0123402541303 1477.144053577859 1518.0344149286711 1466.7578976744057 1496.3948611131746 1451.422245701678 1473.8949160644963 1459.359252198761 1492.0884073971056 1500.479694775484 1481.9574363234997 1482.4560210732127 1518.7454907381943 1480.3764749527527 1493.5913863313117 1486.3371462186801 1538.8193643607221 1472.302623022128 1474.8147363296416 
H: 817849 503.95327043893343 489.67078008471054 492.38135119261955 506.0114716428906 488.9192992248019 498.79828703772534 483.8074152338924 491.2983053548323 486.4530840662539 497.3628024657022 500.1598982584952 493.985812107833 494.1520070244045 506.24849691273135 493.45882498425124 497.8637954437709 495.4457154062267 512.9397881202408 490.7675410073763 491.60491210988056 
S: 817849 503.95327043893343 489.67078008471054 492.38135119261955 506.0114716428906 488.9192992248019 498.79828703772534 483.8074152338924 491.2983053548323 486.4530840662539 497.3628024657022 500.1598982584952 493.985812107833 494.1520070244045 506.24849691273135 493.45882498425124 497.8637954437709 495.4457154062267 512.9397881202408 490.7675410073763 491.60491210988056 
H: 19866 1460.986140505467 1444.8080141343416 1503.0943755388412 1568.6086617071503 1516.834145336822 1478.731987792093 1440.7952906262642 1470.3950283277725 1489.0037345183555 1460.5905717558278 1477.848421804064 1447.683049092716 1450.7843471810475 1530.38832310644 1470.4353595563566 1484.282095197272 1487.939975175548 1444.6213280162235 1488.117929077036 1501.4215145039852 
S: 19866 1460.986140505467 1444.8080141343416 1503.0943755388412 1568.6086617071503 1516.834145336822 1478.731987792093 1440.7952906262642 1470.3950283277725 1489.0037345183555 1460.5905717558278 1477.848421804064 1447.683049092716 1450.7843471810475 1530.38832310644 1470.4353595563566 1484.282095197272 1487.939975175548 1444.6213280162235 1488.117929077036 1501.4215145039852 
H: 19866 486.9953801684895 481.6026713781141 501.0314585129472 522.8695539023834 505.6113817789408 492.91066259736397 480.2650968754216 490.13167610925774 496.3345781727855 486.86352391860936 492.61614060135463 482.56101636423875 483.5947823936821 510.1294410354801 490.1451198521193 494.76069839909076 495.9799917251828 481.5404426720744 496.03930969234597 500.47383816799487 
S: 19866 486.9953801684895 481.6026713781141 501.0314585129472 522.8695539023834 505.6113817789408 492.91066259736397 480.2650968754216 490.13167610925774 496.3345781727855 486.86352391860936 492.61614060135463 482.56101636423875 483.5947823936821 510.1294410354801 490.1451198521193 494.76069839909076 495.9799917251828 481.5404426720744 496.03930969234597 500.47383816799487 
H: 670816 1489.1853905066148 1503.94323501222 1476.5319189770091 1486.1369065068293 1468.6721125530055 1484.4827477942056 1460.5457847571274 1517.3823023650598 1505.7934423251745 1505.0185236562518 1462.9296045736728 1423.5819960688434 1490.5260176389293 1492.0272804465765 1493.874320879221 1506.7522203111798 1476.42407121953 1509.2109302731567 1522.6389007796442 1455.411355884565 
S: 670816 1489.1853905066148 1503.94323501222 1476.5319189770091 1486.1369065068293 1468.6721125530055 1484.4827477942056 1460.5457847571274 1517.3823023650598 1505.7934423251745 1505.0185236562518 1462.9296045736728 1423.5819960688434 1490.5260176389293 1492.0272804465765 1493.874320879221 1506.7522203111798 1476.42407121953 1509.2109302731567 1522.6389007796442 1455.411355884565 
H: 670816 496.395130168872 501.3144116707405 492.17730632566986 495.3789688356102 489.5573708510022 494.8275825980686 486.8485949190428 505.794100788353 501.93114744172453 501.6728412187506 487.6432015245577 474.5273320229474 496.8420058796427 497.3424268155254 497.95810695974046 502.2507401037268 492.14135707317666 503.07031009105225 507.5463002598814 485.13711862818815 
S: 670816 496.395130168872 501.3144116707405 492.17730632566986 495.3789688356102 489.5573708510022 494.8275825980686 486.8485949190428 505.794100788353 501.93114744172453 501.6728412187506 487.6432015245577 474.5273320229474 496.8420058796427 497.3424268155254 497.95810695974046 502.2507401037268 492.14135707317666 503.07031009105225 507.5463002598814 485.13711862818815 
H: 768930 1455.3213387728038 1476.555953117441 1552.1964518190161 1452.3740341983416 1526.437773471222 1494.5022289483968 1494.1043967848645 1472.9700240034633 1487.7688071673992 1512.915364951578 1579.9133888809342 1431.1450477657158 1490.1615969287318 1499.0807436435982 1505.426580342227 1515.6505604325182 1503.1937801678891 1478.0357111997937 1514.799149166762 1486.3142796213328 
S: 768930 1455.3213387728038 1476.555953117441 1552.1964518190161 1452.3740341983416 1526.437773471222 1494.5022289483968 1494.1043967848645 1472.9700240034633 1487.7688071673992 1512.915364951578 1579.9133888809342 1431.1450477657158 1490.1615969287318 1499.0807436435982 1505.426580342227 1515.6505604325182 1503.1937801678891 1478.0357111997937 1514.799149166762 1486.3142796213328 
H: 768930 485.1071129242676 492.1853177058141 517.3988172730054 484.12467806611403 508.8125911570741 498.1674096494662 498.034798928288 490.9900080011548 495.92293572246643 504.30512165052625 526.6377962936449 477.0483492552387 496.72053230957727 499.6935812145324 501.8088601140754 505.21685347750577 501.06459338929625 492.6785703999313 504.93304972225394 495.4380932071113 
S: 768930 485.1071129242676 492.1853177058141 517.3988172730054 484.12467806611403 508.8125911570741 498.1674096494662 498.034798928288 490.9900080011548 495.92293572246643 504.30512165052625 526.6377962936449 477.0483492552387 496.72053230957727 499.6935812145324 501.8088601140754 505.21685347750577 501.06459338929625 492.6785703999313 504.93304972225394 495.4380932071113 
H: 641705 1512.4384676616712 1474.2508940979305 1431.1605245188005 1523.4434193627274 1499.807330715102 1471.0842744673769 1435.2924126115695 1501.1695222086096 1468.3031358581072 1501.3592096172242 1490.676865928514 1496.5461269453308 1491.3413097100897 1501.602827190719 1511.2641725052306 1494.7517590504447 1452.5792718320427 1496.5651122679635 1464.3521274982202 1482.0574698685818 
S: 641705 1512.4384676616712 1474.2508940979305 1431.1605245188005 1523.4434193627274 1499.807330715102 1471.0842744673769 1435.2924126115695 1501.1695222086096 1468.3031358581072 1501.3592096172242 1490.676865928514 1496.5461269453308 1491.3413097100897 1501.602827190719 1511.2641725052306 1494.7517590504447 1452.5792718320427 1496.5651122679635 1464.3521274982202 1482.0574698685818 
H: 641705 504.14615588722415 491.41696469931 477.053508172934 507.8144731209093 499.9357769050345 490.3614248224587 478.4308042038567 500.38984073620304 489.4343786193685 500.45306987240843 496.8922886428378 498.84870898177735 497.1137699033632 500.53427573023976 503.7547241684098 498.2505863501484 484.19309061068105 498.855037422654 488.1173758327402 494.01915662286103 
S: 641705 504.14615588722415 491.41696469931 477.053508172934 507.8144731209093 499.9357769050345 490.3614248224587 478.4308042038567 500.38984073620304 489.4343786193685 500.45306987240843 496.8922886428378 498.84870898177735 497.1137699033632 500.53427573023976 503.7547241684098 498.2505863501484 484.19309061068105 498.855037422654 488.1173758327402 494.01915662286103 
H: 479051 1503.0991250488075 1489.5258550912577 1507.316201584592 1477.9370157116302 1456.4820224755256 1464.4321189368425 1521.4318901403908 1450.3580119768144 1468.4050595613537 1478.3373634556258 1506.043738911293 1486.0278142059276 1428.5156577772116 1508.7056803428761 1532.4285219447122 1465.261468768718 1472.0961194154133 1484.145092671313 1475.8968073110204 1531.0374848549732 
S: 479051 1503.0991250488075 1489.5258550912577 1507.316201584592 1477.9370157116302 1456.4820224755256 1464.4321189368425 1521.4318901403908 1450.3580119768144 1468.4050595613537 1478.3373634556258 1506.043738911293 1486.0278142059276 1428.5156577772116 1508.7056803428761 1532.4285219447122 1465.261468768718 1472.0961194154133 1484.145092671313 1475.8968073110204 1531.0374848549732 
H: 479051 501.0330416829363 496.5086183637526 502.43873386153047 492.6456719038765 485.4940074918416 488.14403964561455 507.14396338013097 483.45267065893825 489.4683531871177 492.77912115187536 502.014579637098 495.3426047353093 476.17188592573694 502.90189344762535 510.809507314904 488.42048958957315 490.6987064718044 494.71503089043745 491.96560243700685 510.34582828499066 
S: 479051 501.0330416829363 496.5086183637526 502.43873386153047 492.6456719038765 485.4940074918416 488.14403964561455 507.14396338013097 483.45267065893825 489.4683531871177 492.77912115187536 502.014579637098 495.3426047353093 476.17188592573694 502.90189344762535 510.809507314904 488.42048958957315 490.6987064718044 494.71503089043745 491.96560243700685 510.34582828499066 
H: 990224 1496.5034342002277 1488.6623534834898 1437.9413794815982 1472.3592263432863 1498.957901412698 1475.9257244903104 1471.8268687651887 1462.7754322976916 1469.4337009787814 1519.890564991153 1440.1678941287873 1445.412039781321 1475.9242539338004 1466.6468772791652 1444.4933036567961 1474.1849082130116 1461.3197646825915 1505.12435816084 1447.5642458845034 1459.8446019008004 
S: 990224 1496.5034342002277 1488.6623534834898 1437.9413794815982 1472.3592263432863 1498.957901412698 1475.9257244903104 1471.8268687651887 1462.7754322976916 1469.4337009787814 1519.890564991153 1440.1678941287873 1445.412039781321 1475.9242539338004 1466.6468772791652 1444.4933036567961 1474.1849082130116 1461.3197646825915 1505.12435816084 1447.5642458845034 1459.8446019008004 
H: 990224 498.83447806674263 496.2207844944968 479.31379316053267 490.78640878109564 499.6526338042325 491.97524149677054 490.60895625506294 487.59181076589687 489.81123365959365 506.63018833038467 480.0559647095959 481.8040132604402 491.9747513112669 488.8822924263887 481.497767885599 491.39496940433696 487.1065882275306 501.7081193869467 482.5214152948346 486.6148673002663 
S: 990224 498.83447806674263 496.2207844944968 479.31379316053267 490.78640878109564 499.6526338042325 491.97524149677054 490.60895625506294 487.59181076589687 489.81123365959365 506.63018833038467 480.0559647095959 481.8040132604402 491.9747513112669 488.8822924263887 481.497767885599 491.39496940433696 487.1065882275306 501.7081193869467 482.5214152948346 486.6148673002663 
H: 426229 1535.3105048755772 1455.106499930853 1498.5831228099958 1517.903848850179 1542.7406128969867 1493.6307084656034 1446.8945188928856 1460.3879690753547 1468.2365294791782 1510.9119327586686 1443.7247593017353 1460.1992688868704 1521.353463670502 1537.939877588412 1462.9610608129665 1453.2644220816567 1513.3972020373112 1486.0123314549521 1485.535702681471 1500.2130785597967 
S: 426229 1535.3105048755772 1455.106499930853 1498.5831228099958 1517.903848850179 1542.7406128969867 1493.6307084656034 1446.8945188928856 1460.3879690753547 1468.2365294791782 1510.9119327586686 1443.7247593017353 1460.1992688868704 1521.3534636705017 1537.939877588412 1462.9610608129665 1453.2644220816567 1513.3972020373112 1486.0123314549521 1485.535702681471 1500.2130785597967 
H: 426229 511.77016829185897 485.0354999769507 499.5277076033321 505.96794961672646 514.2468709656623 497.87690282186804 482.2981729642951 486.7959896917848 489.4121764930592 503.6373109195565 481.24158643391166 486.73308962895675 507.1178212235012 512.6466258628046 487.6536869376555 484.4214740272189 504.4657340124369 495.33744381831684 495.17856756049025 500.07102618659906 
S: 426229 511.77016829185897 485.0354999769507 499.5277076033321 505.96794961672646 514.2468709656623 497.87690282186804 482.2981729642951 486.7959896917848 489.4121764930592 503.6373109195565 481.24158643391166 486.73308962895675 507.1178212235012 512.6466258628046 487.6536869376555 484.4214740272189 504.4657340124369 495.33744381831684 495.17856756049025 500.07102618659906 
H: 838075 3042.4303535641575 2970.6302290532676 3015.133251435522 3009.8808581748985 2982.3358008874147 2942.7227427088997 3002.7703586403472 3028.292981789082 2936.745230053629 2982.0309250901023 3015.7333690996293 3068.5408241774626 3056.325309575843 3016.8717245846 2975.2679167410656 2976.307947313737 2964.148312553544 3081.6956397925933 2996.4751914497274 3073.3604065840605 
S: 838075 3042.4303535641575 2970.6302290532676 3015.133251435522 3009.8808581748985 2982.3358008874147 2942.7227427088997 3002.7703586403472 3028.292981789082 2936.745230053629 2982.0309250901023 3015.7333690996293 3068.5408241774626 3056.325309575843 3016.8717245846 2975.2679167410656 2976.307947313737 2964.148312553544 3081.6956397925933 2996.4751914497274 3073.3604065840605 
H: 838075 1014.1434511880535 990.2100763510898 1005.0444171451738 1003.2936193916338 994.111933629139 980.9075809029677 1000.9234528801162 1009.4309939296932 978.9150766845441 994.0103083633682 1005.2444563665433 1022.8469413924877 1018.7751031919481 1005.6239081948657 991.7559722470213 992.1026491045789 988.0494375178487 1027.2318799308648 998.8250638165767 1024.4534688613544 
S: 838075 1014.1434511880535 990.2100763510898 1005.0444171451738 1003.2936193916338 994.111933629139 980.9075809029677 1000.9234528801162 1009.4309939296932 978.9150766845441 994.0103083633682 1005.2444563665433 1022.8469413924877 1018.7751031919481 1005.6239081948657 991.7559722470213 992.1026491045789 988.0494375178487 1027.2318799308648 998.8250638165767 1024.4534688613544 
H: 725067 3002.976741054647 3028.7538551548005 2940.848427448914 2977.386830699138 3031.8065205425123 2987.5667200528815 2940.2388712880725 2998.851994021388 2998.846954262085 3018.046159063018 2940.3902219786887 3010.869698703603 2988.5284810288804 3012.4214746874813 3003.8432338898697 2967.941191950318 3029.1551862886363 3053.7942129309663 3018.3232011700284 3036.1219007569116 
S: 725067 3002.976741054647 3028.7538551548005 2940.848427448914 2977.386830699138 3031.8065205425123 2987.5667200528815 2940.2388712880725 2998.851994021388 2998.846954262085 3018.046159063018 2940.3902219786887 3010.869698703603 2988.5284810288804 3012.4214746874813 3003.8432338898697 2967.941191950318 3029.1551862886363 3053.7942129309663 3018.3232011700284 3036.1219007569116 
H: 725067 1000.9922470182146 1009.5846183849334 980.2828091496377 992.462276899713 1010.6021735141715 995.8555733509615 980.0796237626903 999.6173313404627 999.6156514206953 1006.015386354339 980.1300739928942 1003.6232329012018 996.1761603429604 1004.1404915624934 1001.2810779632891 989.3137306501047 1009.718395429547 1017.9314043103224 1006.1077337233435 1012.0406335856379 
S: 725067 1000.9922470182146 1009.5846183849334 980.2828091496377 992.462276899713 1010.6021735141715 995.8555733509615 980.0796237626903 999.6173313404627 999.6156514206953 1006.015386354339 980.1300739928942 1003.6232329012018 996.1761603429604 1004.1404915624934 1001.2810779632891 989.3137306501047 1009.718395429547 1017.9314043103224 1006.1077337233435 1012.0406335856379 
H: 473344 3000.138790536016 2982.602162327178 3002.463597140739 3109.9315552221287 2995.793450802846 2981.625950917294 2966.840253458227 2917.74327196832 3085.2717193547605 2988.558713075377 3029.271149254087 3055.835889365609 2998.208490298387 3006.947777260183 3008.404537278023 2973.0920438435 3089.602229857513 2973.2992876925837 2969.1096875077237 2971.5564190383034 
S: 473344 3000.138790536016 2982.602162327178 3002.463597140739 3109.9315552221287 2995.793450802846 2981.625950917294 2966.840253458227 2917.74327196832 3085.2717193547605 2988.558713075377 3029.271149254087 3055.835889365609 2998.208490298387 3006.947777260183 3008.404537278023 2973.0920438435 3089.602229857513 2973.2992876925837 2969.1096875077237 2971.5564190383034 
H: 473344 1000.0462635120051 994.2007207757274 1000.8211990469133 1036.6438517407091 998.5978169342822 993.875316972434 988.9467511527434 972.581090656107 1028.423906451588 996.1862376917904 1009.7570497513601 1018.61196312187 999.4028300994626 1002.3159257533949 1002.8015124260081 991.030681281167 1029.8674099525053 991.0997625641958 989.7032291692416 990.5188063460995 
S: 473344 1000.0462635120051 994.2007207757274 1000.8211990469133 1036.6438517407091 998.5978169342822 993.875316972434 988.9467511527434 972.581090656107 1028.423906451588 996.1862376917904 1009.7570497513601 1018.61196312187 999.4028300994626 1002.3159257533949 1002.8015124260081 991.030681281167 1029.8674099525053 991.0997625641958 989.7032291692416 990.5188063460995 
H: 398444 3018.2390175028486 2905.6631132956045 2954.9075302795377 2926.9582593663226 2943.9520519125404 2980.904622771936 2991.672207568891 2947.2396702691312 3057.53626655936 3052.182998410859 2929.691579914413 2987.712174199919 2930.353039114284 2976.438390821849 2927.8651484080797 2992.286419195194 3013.8165623551454 2968.9123037413156 2914.0713819944654 3022.5974241813947 
S: 398444 3018.239017502848 2905.6631132956045 2954.9075302795377 2926.9582593663226 2943.9520519125404 2980.904622771936 2991.672207568891 2947.2396702691312 3057.53626655936 3052.182998410859 2929.691579914413 2987.712174199919 2930.353039114284 2976.438390821849 2927.8651484080797 2992.286419195194 3013.8165623551454 2968.9123037413156 2914.0713819944654 3022.5974241813947 
H: 398444 1006.0796725009495 968.554371098535 984.9691767598464 975.6527531221071 981.3173506375144 993.6348742573126 997.224069189632 982.4132234230419 1019.1787555197865 1017.3943328036204 976.563859971471 995.9040580666399 976.7843463714289 992.146130273949 975.9550494693607 997.4288063983981 1004.6055207850492 989.637434580439 971.357127331488 1007.5324747271327 
S: 398444 1006.0796725009495 968.554371098535 984.9691767598464 975.6527531221071 981.3173506375144 993.6348742573126 997.224069189632 982.4132234230419 1019.1787555197865 1017.3943328036204 976.563859971471 995.9040580666399 976.7843463714289 992.146130273949 975.9550494693607 997.4288063983981 1004.6055207850492 989.637434580439 971.357127331488 1007.5324747271327 
H: 991123 2991.9906453496847 2986.5811187896575 2992.2877625469187 2898.149392820158 2980.753509632153 2984.6297641638666 2972.4338135179555 2936.309066799931 3058.88563595228 3061.517792340478 2994.4098326205753 2991.062928805865 2985.71046760866 2987.24236410446 2896.0160626991897 2974.7695535615344 2909.808166496627 3015.231575260537 3046.9048099705583 3048.3070828977566 
S: 991123 2991.9906453496847 2986.5811187896575 2992.2877625469187 2898.149392820158 2980.753509632153 2984.6297641638666 2972.4338135179555 2936.309066799931 3058.88563595228 3061.517792340478 2994.4098326205753 2991.062928805865 2985.71046760866 2987.24236410446 2896.0160626991897 2974.7695535615344 2909.808166496627 3015.231575260537 3046.9048099705583 3048.307082897756 
H: 991123 997.3302151165634 995.5270395965541 997.4292541823074 966.0497976067184 993.5845032107183 994.8765880546217 990.811271172652 978.769688933309 1019.6285453174276 1020.5059307801595 998.1366108735241 997.0209762686212 995.2368225362188 995.7474547014876 965.3386875663977 991.5898511871791 969.9360554988759 1005.0771917535128 1015.634936656853 1016.10236096592 
S: 991123 997.3302151165634 995.5270395965541 997.4292541823074 966.0497976067184 993.5845032107183 994.8765880546217 990.811271172652 978.769688933309 1019.6285453174276 1020.5059307801595 998.1366108735241 997.0209762686212 995.2368225362188 995.7474547014876 965.3386875663977 991.5898511871791 969.9360554988759 1005.0771917535128 1015.634936656853 1016.10236096592 
H: 599213 2966.4332642684203 2999.226042750061 2978.167155143724 2953.2400377264767 3003.6664381054525 2996.1315951960437 2899.6366872596127 2932.822177930348 2960.0770481193827 2969.455550976719 2968.97130407551 2962.7337253142864 3065.3818323718524 3012.759999568686 2997.66970200813 2981.190495531431 3085.509983496452 3057.1908454707955 3006.8041881176387 3018.7769555656496 
S: 599213 2966.4332642684203 2999.226042750061 2978.167155143724 2953.2400377264767 3003.6664381054525 2996.1315951960437 2899.6366872596127 2932.822177930348 2960.0770481193827 2969.455550976719 2968.97130407551 2962.7337253142864 3065.3818323718524 3012.759999568686 2997.66970200813 2981.190495531431 3085.509983496452 3057.1908454707955 3006.8041881176387 3018.7769555656496 
H: 599213 988.8110880894739 999.742014250021 992.7223850479102 984.4133459088268 1001.2221460351509 998.7105317320152 966.5455624198717 977.6073926434484 986.6923493731289 989.8185169922399 989.6571013585032 987.5779084380976 1021.7939441239512 1004.2533331895631 999.22323400271 993.7301651771451 1028.5033278321516 1019.0636151569327 1002.2680627058792 1006.2589851885505 
S: 599213 988.8110880894739 999.742014250021 992.7223850479102 984.4133459088268 1001.2221460351509 998.7105317320152 966.5455624198717 977.6073926434484 986.6923493731289 989.8185169922399 989.6571013585032 987.5779084380976 1021.7939441239512 1004.2533331895631 999.22323400271 993.7301651771451 1028.5033278321516 1019.0636151569327 1002.2680627058792 1006.2589851885505 
H: 730698 2930.6278412420047 2992.637892813976 2978.0630876378627 2916.84186360784 2978.362197499045 3026.9974799065753 2919.2243703129593 2936.4995384568188 3032.3439367564797 3040.1364679071057 3019.1335400026605 3023.9582606547665 2965.7422902971057 3073.8312098295846 3030.619098414467 2970.3144825021664 2980.9508725968144 3026.9023012900684 3042.2014599814293 3008.038911636703 
S: 730698 2930.6278412420047 2992.637892813976 2978.0630876378627 2916.84186360784 2978.362197499045 3026.9974799065753 2919.2243703129593 2936.4995384568188 3032.3439367564797 3040.1364679071057 3019.1335400026605 3023.958260654768 2965.7422902971057 3073.8312098295846 3030.619098414467 2970.3144825021664 2980.9508725968144 3026.9023012900684 3042.2014599814293 3008.0389116367037 
H: 730698 976.8759470806676 997.5459642713262 992.6876958792868 972.2806212026152 992.7873991663485 1008.9991599688569 973.0747901043198 978.8331794856056 1010.7813122521608 1013.3788226357019 1006.3778466675535 1007.9860868849223 988.5807634323684 1024.610403276528 1010.2063661381566 990.1048275007232 993.6502908656047 1008.9674337633558 1014.0671533271427 1002.6796372122354 
S: 730698 976.8759470806676 997.5459642713262 992.6876958792868 972.2806212026152 992.7873991663485 1008.9991599688569 973.0747901043198 978.8331794856056 1010.7813122521608 1013.3788226357019 1006.3778466675535 1007.9860868849223 988.5807634323684 1024.610403276528 1010.2063661381566 990.1048275007232 993.6502908656047 1008.9674337633558 1014.0671533271427 1002.6796372122354 
H: 21368 3002.657701613174 2989.3723959897816 3032.394294239128 2991.34289318759 2913.019753473121 2988.660408510507 2981.8332160599007 2954.6063826145582 3038.5991242893188 2953.805551958399 3108.602719446465 2907.069246453236 2934.3566828087414 2998.332126168162 2902.4445856981038 2998.34801563909 2976.1437384957862 2989.929415484385 3067.9549191890396 3032.8619587230355 
S: 21368 3002.657701613174 2989.3723959897816 3032.394294239128 2991.34289318759 2913.019753473121 2988.660408510507 2981.8332160599007 2954.6063826145582 3038.5991242893188 2953.805551958399 3108.602719446465 2907.069246453236 2934.3566828087414 2998.332126168162 2902.4445856981038 2998.34801563909 2976.1437384957862 2989.929415484385 3067.9549191890396 3032.8619587230355 
H: 21368 1000.8859005377254 996.4574653299268 1010.79809807971 997.114297729198 971.0065844910409 996.2201361701674 993.9444053532993 984.8687942048523 1012.8663747631088 984.6018506527995 1036.200906482156 969.0230821510784 978.1188942695794 999.4440420560551 967.4815285660353 999.4493385463625 992.0479128319291 996.6431384947958 1022.6516397296799 1010.9539862410124 
S: 21368 1000.8859005377254 996.4574653299268 1010.79809807971 997.114297729198 971.0065844910409 996.2201361701674 993.9444053532993 984.8687942048523 1012.8663747631088 984.6018506527995 1036.200906482156 969.0230821510784 978.1188942695794 999.4440420560551 967.4815285660353 999.4493385463625 992.0479128319291 996.6431384947958 1022.6516397296799 1010.9539862410124 
H: 729891 2973.9648731088473 2958.6072135003933 2896.39336719764 3003.6511757766557 3038.0096869709096 3008.669036538465 2998.6503431434026 3042.6731862572415 2960.1964765931966 3031.2059285747455 3015.0958538962723 2948.7802678418957 2957.7954303134734 2960.638568292548 2986.1256068586104 3018.5333825793277 3023.696511795845 3036.0880558367467 2868.6308729823604 3053.5264877296254 
S: 729891 2973.9648731088473 2958.6072135003933 2896.39336719764 3003.6511757766557 3038.0096869709096 3008.669036538465 2998.6503431434026 3042.6731862572415 2960.1964765931966 3031.2059285747455 3015.0958538962723 2948.7802678418957 2957.7954303134734 2960.638568292548 2986.1256068586104 3018.5333825793277 3023.696511795845 3036.0880558367467 2868.6308729823604 3053.5264877296254 
H: 729891 991.3216243696144 986.2024045001322 965.4644557325475 1001.2170585922185 1012.6698956569696 1002.8896788461535 999.5501143811348 1014.2243954190817 986.7321588643994 1010.4019761915815 1005.0319512987561 982.9267559472977 985.9318101044895 986.8795227641817 995.3752022862037 1006.1777941931109 1007.8988372652815 1012.029351945582 956.210290994121 1017.842162576542 
S: 729891 991.3216243696144 986.2024045001322 965.4644557325475 1001.2170585922185 1012.6698956569696 1002.8896788461535 999.5501143811348 1014.2243954190817 986.7321588643994 1010.4019761915815 1005.0319512987561 982.9267559472977 985.9318101044895 986.8795227641817 995.3752022862037 1006.1777941931109 1007.8988372652815 1012.029351945582 956.210290994121 1017.842162576542 
H: 248229 2938.320704007235 3005.1549510133473 2923.6034945929623 2889.885474003341 2973.720901631035 2997.93783576115 2980.505015436694 2997.2400399898393 3074.4235763692313 2982.790168737113 2983.4798574825845 3054.381400783008 3021.2094747313477 3001.3544146587265 2955.2230082188134 2946.5368497312174 2980.9750840335087 2956.052332954428 2954.324370455122 2966.859057138339 
S: 248229 2938.320704007235 3005.1549510133473 2923.6034945929623 2889.885474003341 2973.720901631035 2997.93783576115 2980.505015436694 2997.2400399898393 3074.4235763692313 2982.790168737113 2983.4798574825845 3054.381400783008 3021.2094747313477 3001.3544146587265 2955.2230082188134 2946.5368497312174 2980.9750840335087 2956.052332954428 2954.324370455122 2966.859057138339 
H: 248229 979.4402346690802 1001.71831700445 974.5344981976557 963.2951580011134 991.240300543679 999.3126119203832 993.5016718122312 999.0800133299455 1024.8078587897426 994.2633895790387 994.4932858275263 1018.1271335943347 1007.0698249104495 1000.4514715529106 985.0743360729382 982.1789499104061 993.6583613445047 985.3507776514762 984.774790151707 988.9530190461146 
S: 248229 979.4402346690802 1001.71831700445 974.5344981976557 963.2951580011134 991.240300543679 999.3126119203832 993.5016718122312 999.0800133299455 1024.8078587897426 994.2633895790387 994.4932858275263 1018.1271335943347 1007.0698249104495 1000.4514715529106 985.0743360729382 982.1789499104061 993.6583613445047 985.3507776514762 984.774790151707 988.9530190461146 
H: 445761 3004.682422193489 2941.8943921486866 3052.357451982488 3005.5424587190787 2921.6968911385766 3064.0634108536688 2996.357570072846 2990.0434210416356 2934.8591664218757 2974.563433534027 2973.98400999901 2991.5996784714703 3030.27485543065 2961.684458593993 2966.2376617625355 3002.507672194308 2893.3710488401794 2934.311838676355 3041.1698112288286 3023.75476325066 
S: 445761 3004.682422193489 2941.8943921486866 3052.357451982488 3005.5424587190787 2921.6968911385766 3064.0634108536688 2996.357570072846 2990.0434210416356 2934.8591664218757 2974.563433534027 2973.98400999901 2991.5996784714703 3030.27485543065 2961.684458593993 2966.2376617625355 3002.507672194308 2893.3710488401794 2934.311838676355 3041.1698112288286 3023.75476325066 
H: 445761 1001.5608073978286 980.631464049562 1017.4524839941618 1001.8474862396923 973.8989637128591 1021.3544702845566 998.7858566909497 996.6811403472127 978.2863888072919 991.5211445113436 991.328003333004 997.1998928238236 1010.091618476883 987.2281528646649 988.7458872541775 1000.8358907314356 964.4570162800597 978.1039462254528 1013.7232704096095 1007.9182544168857 
S: 445761 1001.5608073978286 980.631464049562 1017.4524839941618 1001.8474862396923 973.8989637128591 1021.3544702845566 998.7858566909497 996.6811403472127 978.2863888072919 991.5211445113436 991.328003333004 997.1998928238236 1010.091618476883 987.2281528646649 988.7458872541775 1000.8358907314356 964.4570162800597 978.1039462254528 1013.7232704096095 1007.9182544168857 
H: 43483 2995.709592234371 2917.8310352595236 2999.6945469387824 3013.9825015582255 2991.9498681993023 2973.5615616692785 2939.2020888158027 2981.3170240018962 3045.863035581355 3059.1479951578676 2962.0492179005755 2974.87078407769 3039.1853921037336 2980.6166019090133 3002.1283395294154 3010.5055989487746 2961.1123426318286 3030.9107933582354 2965.7185353181662 3030.036770989128 
S: 43483 2995.709592234371 2917.8310352595236 2999.6945469387824 3013.9825015582255 2991.9498681993023 2973.5615616692785 2939.2020888158027 2981.3170240018962 3045.863035581355 3059.1479951578676 2962.0492179005755 2974.87078407769 3039.1853921037336 2980.6166019090133 3002.1283395294154 3010.5055989487746 2961.1123426318286 3030.9107933582354 2965.7185353181662 3030.036770989128 
H: 43483 998.5698640781237 972.6103450865082 999.8981823129294 1004.6608338527423 997.3166227331006 991.1871872230929 979.734029605268 993.7723413339658 1015.287678527119 1019.7159983859564 987.3497393001924 991.6235946925636 1013.0617973679123 993.5388673030046 1000.7094465098054 1003.501866316258 987.0374475439429 1010.3035977860778 988.5728451060556 1010.0122569963764 
S: 43483 998.5698640781237 972.6103450865082 999.8981823129294 1004.6608338527423 997.3166227331006 991.1871872230929 979.734029605268 993.7723413339658 1015.287678527119 1019.7159983859564 987.3497393001924 991.6235946925636 1013.0617973679123 993.5388673030046 1000.7094465098054 1003.501866316258 987.0374475439429 1010.3035977860778 988.5728451060556 1010.0122569963764 
H: 34456 2959.9834259117224 3025.3607156236017 3028.959044642885 3020.0031092676854 2993.9810887495005 2957.405575844131 2997.0316799939715 2946.9180512043126 2937.706233974488 2962.156247379822 2996.3799760210186 2954.2666810026944 3070.7789364961404 2980.454435269497 3079.293351133225 2992.7452588231554 3003.6531932306434 2967.1303059500815 3006.9606453446845 2964.9718171238 
S: 34456 2959.9834259117224 3025.3607156236017 3028.959044642885 3020.0031092676854 2993.9810887495005 2957.405575844131 2997.0316799939715 2946.9180512043126 2937.706233974488 2962.156247379822 2996.3799760210186 2954.2666810026944 3070.7789364961404 2980.454435269497 3079.293351133225 2992.7452588231554 3003.6531932306434 2967.1303059500815 3006.9606453446845 2964.9718171238 
H: 34456 986.6611419705736 1008.4535718745333 1009.6530148809635 1006.6677030892284 997.9936962498322 985.8018586147095 999.0105599979906 982.3060170681033 979.2354113248298 987.3854157932727 998.7933253403397 984.7555603342319 1023.592978832046 993.4848117564976 1026.4311170444068 997.5817529410514 1001.2177310768815 989.043435316693 1002.3202151148937 988.3239390412681 
S: 34456 986.6611419705736 1008.4535718745333 1009.6530148809635 1006.6677030892284 997.9936962498322 985.8018586147095 999.0105599979906 982.3060170681033 979.2354113248298 987.3854157932727 998.7933253403397 984.7555603342319 1023.592978832046 993.4848117564976 1026.4311170444068 997.5817529410514 1001.2177310768815 989.043435316693 1002.3202151148937 988.3239390412681 
H: 434405 2929.880820772971 2983.9876959653952 2910.4787395686453 2969.467322566891 2982.1675580545234 3014.006417481043 3060.493170782763 2938.3349489609436 2985.4355891821965 2967.4949253524323 3060.964926506233 3021.342648216248 2920.0092400468347 2980.599486356869 3003.625946663814 2974.989175960118 2917.987607476153 3053.6204154846423 3004.9263534324755 3001.0756920635095 
S: 434405 2929.880820772971 2983.9876959653952 2910.4787395686453 2969.467322566891 2982.1675580545234 3014.006417481043 3060.493170782763 2938.3349489609436 2985.4355891821965 2967.4949253524323 3060.964926506233 3021.342648216248 2920.0092400468347 2980.599486356869 3003.625946663814 2974.989175960118 2917.987607476153 3053.6204154846423 3004.9263534324755 3001.0756920635095 
H: 434405 976.6269402576556 994.6625653217986 970.1595798562163 989.822440855631 994.0558526848423 1004.6688058270153 1020.164390260921 979.4449829869825 995.1451963940657 989.1649751174762 1020.3216421687456 1007.1142160720824 973.3364133489464 993.5331621189571 1001.2086488879374 991.6630586533724 972.6625358253849 1017.8734718282138 1001.6421178108257 1000.3585640211685 
S: 434405 976.6269402576556 994.6625653217986 970.1595798562163 989.822440855631 994.0558526848423 1004.6688058270153 1020.164390260921 979.4449829869825 995.1451963940657 989.1649751174762 1020.3216421687456 1007.1142160720824 973.3364133489464 993.5331621189571 1001.2086488879374 991.6630586533724 972.6625358253849 1017.8734718282138 1001.6421178108257 1000.3585640211685 
H: 509441 2929.650211147897 2940.722645961509 3046.285594136069 2992.073601319067 2937.6588759056544 2948.129988603298 2972.073820997107 2999.5775764406767 3032.5056480708704 2993.5622265867282 2954.7375297380654 3041.4312209963946 2986.081861147991 3002.8419191964654 3047.6021247682716 2882.0688423169727 3017.8149350047443 2967.4240407276156 3051.050202386767 3000.558132412245 
S: 509441 2929.650211147897 2940.722645961509 3046.285594136069 2992.073601319067 2937.6588759056544 2948.129988603298 2972.073820997107 2999.5775764406767 3032.5056480708704 2993.5622265867282 2954.7375297380654 3041.4312209963946 2986.081861147991 3002.8419191964654 3047.6021247682716 2882.0688423169727 3017.8149350047443 2967.4240407276156 3051.050202386767 3000.558132412245 
H: 509441 976.5500703826334 980.2408819871702 1015.4285313786905 997.3578671063566 979.219625301884 982.7099962010982 990.6912736657016 999.8591921468928 1010.8352160236246 997.8540755289093 984.9125099126892 1013.810406998799 995.3606203826639 1000.9473063988213 1015.8673749227595 960.689614105656 1005.9383116682488 989.1413469092033 1017.0167341289234 1000.1860441374141 
S: 509441 976.5500703826334 980.2408819871702 1015.4285313786905 997.3578671063566 979.219625301884 982.7099962010982 990.6912736657016 999.8591921468928 1010.8352160236246 997.8540755289093 984.9125099126892 1013.810406998799 995.3606203826639 1000.9473063988213 1015.8673749227595 960.689614105656 1005.9383116682488 989.1413469092033 1017.0167341289234 1000.1860441374141 
H: 827079 3016.6748064386584 3016.0038257224833 3002.559661330814 2930.0984259423744 3134.4821894984925 2987.9058085157917 3074.99237087399 2971.0723809818537 2970.7572831389834 2972.323275713568 2962.5326153805786 2973.503736522336 2999.6774675059633 3065.9471753374514 3040.775960804936 3041.281255783399 2949.1805734762333 3001.719878969549 2986.8056866092406 2948.9405609702703 
S: 827079 3016.6748064386584 3016.0038257224833 3002.559661330814 2930.0984259423744 3134.4821894984925 2987.9058085157917 3074.99237087399 2971.0723809818537 2970.7572831389834 2972.323275713568 2962.5326153805786 2973.503736522336 2999.6774675059633 3065.9471753374514 3040.775960804936 3041.281255783399 2949.1805734762333 3001.719878969549 2986.8056866092406 2948.9405609702703 
H: 827079 1005.5582688128859 1005.3346085741623 1000.8532204436053 976.6994753141253 1044.827396499499 995.9686028385987 1024.997456957997 990.3574603272851 990.2524277129957 990.9637134334416 987.5108717935263 991.167912174112 999.8924891686544 1021.9823917791498 1013.5919869349798 1013.7604185944675 983.0601911587446 1000.5732929898508 995.6018955364136 982.9801869900895 
S: 827079 1005.5582688128859 1005.3346085741623 1000.8532204436053 976.6994753141253 1044.827396499499 995.9686028385987 1024.997456957997 990.3574603272851 990.2524277129957 990.9637134334416 987.5108717935263 991.167912174112 999.8924891686544 1021.9823917791498 1013.5919869349798 1013.7604185944675 983.0601911587446 1000.5732929898508 995.6018955364136 982.9801869900895 
H: 869126 3027.4488339938493 3032.000237700156 3047.4311098943713 3000.054038105736 2990.0263839073336 2994.032286076273 2959.908817958658 2987.772530964513 2880.0821120370915 3014.965757975107 2924.8003216912834 2937.998706186339 3012.1562098843533 2990.7087996171176 3047.5589105321164 2967.770606018428 2958.9562739987477 3009.22247002513 2983.64560814339 2985.4864897661014 
S: 869126 3027.4488339938493 3032.000237700156 3047.4311098943713 3000.054038105736 2990.0263839073336 2994.032286076273 2959.908817958658 2987.772530964513 2880.0821120370915 3014.965757975107 2924.8003216912834 2937.998706186339 3012.1562098843533 2990.7087996171176 3047.5589105321164 2967.770606018428 2958.9562739987477 3009.22247002513 2983.64560814339 2985.4864897661014 
H: 869126 1009.1496113312824 1010.6667459000544 1015.8103699647907 1000.0180127019132 996.6754613024466 998.0107620254242 986.6362726528859 995.9241769881726 960.0273706790302 1004.9885859917023 975.4646126770962 979.3329020621145 1004.0520699614511 996.9029332057065 1015.8529701773722 989.2568686728087 986.3187579995821 1003.0741566750443 994.5485360477961 995.1621632553662 
S: 869126 1009.1496113312824 1010.6667459000544 1015.8103699647907 1000.0180127019132 996.6754613024466 998.0107620254242 986.6362726528859 995.9241769881726 960.0273706790302 1004.9885859917023 975.4646126770962 979.3329020621145 1004.0520699614511 996.9029332057065 1015.8529701773722 989.2568686728087 986.3187579995821 1003.0741566750443 994.5485360477961 995.1621632553662 
H: 825964 3003.797830807386 2972.6646160503815 3031.165979481618 3031.477041597027 2942.7780279049034 2987.315142896496 2949.886041142407 2999.3444564766614 2950.5631696552878 3002.212559624538 3023.524744918341 2981.0167893296593 3005.2605793149496 2946.9229838064866 3006.7333772971924 3062.1939014884533 2997.4051057022443 2974.8658231147883 3000.762351324546 2965.0097224275146 
S: 825964 3003.797830807386 2972.6646160503815 3031.165979481618 3031.477041597027 2942.7780279049034 2987.315142896496 2949.886041142407 2999.3444564766614 2950.5631696552878 3002.212559624538 3023.524744918341 2981.0167893296593 3005.2605793149496 2946.9229838064866 3006.7333772971924 3062.1939014884533 2997.4051057022443 2974.8658231147883 3000.762351324546 2965.0097224275146 
H: 825964 1001.2659436024612 990.8882053501271 1010.3886598272056 1010.4923471990095 980.9260093016344 995.771714298832 983.2953470474704 999.7814854922202 983.5210565517614 1000.7375198748454 1007.8415816394482 993.6722631098864 1001.7535264383177 982.3076612688287 1002.2444590990648 1020.731300496152 999.1350352340816 991.6219410382629 1000.2541171081831 988.3365741425044 
S: 825964 1001.2659436024612 990.8882053501271 1010.3886598272056 1010.4923471990095 980.9260093016344 995.771714298832 983.2953470474704 999.7814854922202 983.5210565517614 1000.7375198748454 1007.8415816394482 993.6722631098864 1001.7535264383177 982.3076612688287 1002.2444590990648 1020.731300496152 999.1350352340816 991.6219410382629 1000.2541171081831 988.3365741425044 
H: 70665 2959.9469310424533 3010.849290523477 2991.8282202180458 2997.3973337075977 2958.530228639531 3062.79076979151 2899.5450299460867 3016.2925274339927 2933.6454078461247 2952.8383153132577 3039.0347839338046 2977.5325507239295 2992.3545053179787 2947.388842768367 3049.780968099293 3071.634253579704 2994.406747613113 3004.158832224505 3057.5304619147355 2951.3868148398415 
S: 70665 2959.9469310424533 3010.849290523477 2991.8282202180458 2997.3973337075977 2958.530228639531 3062.79076979151 2899.5450299460867 3016.2925274339927 2933.6454078461247 2952.8383153132577 3039.0347839338046 2977.5325507239295 2992.3545053179787 2947.388842768367 3049.780968099293 3071.634253579704 2994.406747613113 3004.158832224505 3057.5304619147355 2951.3868148398415 
H: 70665 986.6489770141516 1003.6164301744924 997.2760734060159 999.132444569199 986.1767428798443 1021.0168425715722 966.5150099820299 1005.4308424779974 977.8818026153754 984.2794384377527 1013.0115946446011 992.5108502413108 997.4515017726604 982.4629475894566 1016.5936560330991 1023.8780845265694 998.1355825377052 1001.3862774081689 1019.1768206382441 983.7956049466142 
S: 70665 986.6489770141516 1003.6164301744924 997.2760734060159 999.132444569199 986.1767428798443 1021.0168425715722 966.5150099820299 1005.4308424779974 977.8818026153754 984.2794384377527 1013.0115946446011 992.5108502413108 997.4515017726604 982.4629475894566 1016.5936560330991 1023.8780845265694 998.1355825377052 1001.3862774081689 1019.1768206382441 983.7956049466142 
H: 543135 3019.205679126935 3000.515693107482 3043.145544864077 2999.777950215766 2941.8947330096757 2998.812318103601 2958.135409173426 3009.935418301634 2989.580528679961 3056.291348661129 3004.780947135282 2958.096297801437 2957.7015595995804 2891.3184928548717 3029.977143493936 3022.762995112834 2943.093261142151 2950.386320003588 3038.898112976924 3005.435156285467 
S: 543135 3019.205679126935 3000.515693107482 3043.145544864077 2999.777950215766 2941.8947330096757 2998.812318103601 2958.135409173426 3009.935418301634 2989.580528679961 3056.291348661129 3004.780947135282 2958.096297801437 2957.7015595995804 2891.3184928548717 3029.977143493936 3022.762995112834 2943.093261142151 2950.386320003588 3038.898112976924 3005.435156285467 
H: 543135 1006.4018930423114 1000.1718977024942 1014.3818482880272 999.9259834052542 980.631577669892 999.6041060345337 986.0451363911413 1003.3118061005468 996.5268428933209 1018.763782887043 1001.5936490450937 986.0320992671464 985.9005198665278 963.7728309516249 1009.9923811646447 1007.5876650376123 981.0310870473849 983.4621066678623 1012.966037658975 1001.8117187618203 
S: 543135 1006.4018930423114 1000.1718977024942 1014.3818482880272 999.9259834052542 980.631577669892 999.6041060345337 986.0451363911413 1003.3118061005468 996.5268428933209 1018.763782887043 1001.5936490450937 986.0320992671464 985.9005198665278 963.7728309516249 1009.9923811646447 1007.5876650376123 981.0310870473849 983.4621066678623 1012.966037658975 1001.8117187618203 
H: 62678 3050.4816045948487 2994.639325359957 3029.0900065145984 3021.929097660483 2984.6515383595365 2986.570923113594 3066.527974074878 2960.4989098987216 2879.50266466564 2970.6104052512646 3020.4660099137755 3003.590579337795 2962.8954241816114 2978.870722165315 2970.910530934198 2990.0582598903397 3000.092099346941 3028.6781992162755 2934.7014710307017 2901.081388490443 
S: 62678 3050.4816045948487 2994.639325359957 3029.0900065145984 3021.929097660483 2984.651538359537 2986.570923113594 3066.527974074878 2960.4989098987216 2879.50266466564 2970.6104052512646 3020.4660099137755 3003.590579337795 2962.8954241816114 2978.8707221653153 2970.910530934198 2990.0582598903397 3000.092099346941 3028.6781992162755 2934.7014710307017 2901.081388490443 
H: 62678 1016.8272015316164 998.2131084533198 1009.696668838199 1007.3096992201631 994.8838461198444 995.5236410378649 1022.1759913582923 986.8329699662394 959.8342215552119 990.2034684170882 1006.8220033045924 1001.1968597792658 987.6318080605387 992.9569073884392 990.3035103113992 996.686086630112 1000.0306997823129 1009.5593997387587 978.2338236769008 967.027129496815 
S: 62678 1016.8272015316164 998.2131084533198 1009.696668838199 1007.3096992201631 994.8838461198444 995.5236410378649 1022.1759913582923 986.8329699662394 959.8342215552119 990.2034684170882 1006.8220033045924 1001.1968597792658 987.6318080605387 992.9569073884392 990.3035103113992 996.686086630112 1000.0306997823129 1009.5593997387587 978.2338236769008 967.027129496815 
H: 27131 2998.6322475352704 2981.566608024999 2948.3283639952692 2975.945355371331 2943.443783318239 2983.3495603308347 3012.4738121525397 2980.7333539165256 2962.144860457687 2940.3642416067673 2977.7537675636963 2962.170527837068 3006.3763376754296 3006.2752859315456 2993.8980150248617 2996.0355038339217 2942.112416637697 3028.869567064849 2947.3152312085604 2937.681694401627 
S: 27131 2998.6322475352704 2981.566608024999 2948.3283639952692 2975.945355371331 2943.443783318239 2983.3495603308347 3012.4738121525397 2980.7333539165256 2962.144860457687 2940.3642416067673 2977.7537675636963 2962.170527837068 3006.3763376754296 3006.2752859315456 2993.8980150248617 2996.0355038339217 2942.112416637697 3028.869567064849 2947.3152312085604 2937.681694401627 
H: 27131 999.544082511757 993.8555360083335 982.7761213317572 991.9817851237775 981.1479277727469 994.4498534436121 1004.1579373841805 993.5777846388422 987.3816201525636 980.1214138689235 992.5845891878978 987.3901759456894 1002.1254458918086 1002.0917619771832 997.9660050082866 998.6785012779732 980.7041388792321 1009.6231890216164 982.4384104028543 979.2272314672091 
S: 27131 999.544082511757 993.8555360083335 982.7761213317572 991.9817851237775 981.1479277727469 994.4498534436121 1004.1579373841805 993.5777846388422 987.3816201525636 980.1214138689235 992.5845891878978 987.3901759456894 1002.1254458918086 1002.0917619771832 997.9660050082866 998.6785012779732 980.7041388792321 1009.6231890216164 982.4384104028543 979.2272314672091 
H: 172291 3004.6323400045803 2991.241680384912 3000.9065317857057 2940.1144680356547 2966.9596567053477 2964.406629580091 3056.7939620091797 3088.1002068073135 3000.06006317733 3091.1704215860054 3065.0802649777456 2987.7664064479713 3015.8262641837227 3001.0197524107025 3011.0065018656046 3012.167031527224 2949.3567142126685 3004.603771704953 2945.519544862398 2889.8795500244073 
S: 172291 3004.6323400045803 2991.241680384912 3000.9065317857057 2940.1144680356547 2966.9596567053477 2964.406629580091 3056.7939620091797 3088.1002068073135 3000.06006317733 3091.1704215860054 3065.0802649777456 2987.7664064479713 3015.8262641837227 3001.0197524107025 3011.0065018656046 3012.167031527224 2949.3567142126685 3004.603771704953 2945.519544862398 2889.8795500244073 
H: 172291 1001.5441133348606 997.0805601283041 1000.3021772619022 980.0381560118857 988.9865522351165 988.1355431933631 1018.9313206697278 1029.3667356024375 1000.0200210591098 1030.3901405286676 1021.6934216592475 995.9221354826576 1005.2754213945758 1000.3399174702333 1003.6688339552005 1004.0556771757421 983.1189047375561 1001.5345905683192 981.8398482874682 963.2931833414698 
S: 172291 1001.5441133348606 997.0805601283041 1000.3021772619022 980.0381560118857 988.9865522351165 988.1355431933631 1018.9313206697278 1029.3667356024375 1000.0200210591098 1030.3901405286676 1021.6934216592475 995.9221354826576 1005.2754213945758 1000.3399174702333 1003.6688339552005 1004.0556771757421 983.1189047375561 1001.5345905683192 981.8398482874682 963.2931833414698 
H: 554244 2958.0158794667004 2988.41070186649 3023.9870696125968 2957.3976657585335 3000.5499584971803 3042.0352703963754 3011.3903201162375 2939.4069764963792 3039.984668360925 2989.961833159166 2926.9933788262974 2951.192796621433 3002.2023573804945 2934.4927009871876 3042.3379279719647 2984.335506341544 3011.4509590527587 2962.3726599575016 3030.240570823568 2898.6944873019484 
S: 554244 2958.0158794667004 2988.41070186649 3023.9870696125968 2957.3976657585335 3000.5499584971803 3042.0352703963754 3011.3903201162375 2939.4069764963792 3039.984668360925 2989.961833159166 2926.9933788262974 2951.192796621433 3002.2023573804945 2934.4927009871876 3042.3379279719647 2984.335506341544 3011.4509590527587 2962.372659957502 3030.240570823568 2898.6944873019484 
H: 554244 986.0052931555659 996.1369006221644 1007.9956898708638 985.7992219195108 1000.1833194990611 1014.0117567987913 1003.7967733720793 979.8023254987935 1013.3282227869751 996.6539443863885 975.664459608764 983.7309322071442 1000.7341191268305 978.1642336623963 1014.1126426573202 994.7785021138491 1003.8169863509189 987.4575533191686 1010.0801902745243 966.2314957673153 
S: 554244 986.0052931555659 996.1369006221644 1007.9956898708638 985.7992219195108 1000.1833194990611 1014.0117567987913 1003.7967733720793 979.8023254987935 1013.3282227869751 996.6539443863885 975.664459608764 983.7309322071442 1000.7341191268305 978.1642336623963 1014.1126426573202 994.7785021138491 1003.8169863509189 987.4575533191686 1010.0801902745243 966.2314957673153 
H: 340423 2931.333101897461 2944.8341797301573 2965.108723935917 2955.6881078488113 3026.7129485814266 2952.899634001502 2988.4458575472604 3007.1106027866463 2944.1247969367773 2961.8041194266484 2930.061760845816 2958.7224435013777 2986.98586286242 2969.180354709325 3081.251907792664 3008.400368802751 2986.5928675530827 2999.827950982034 2975.44425741368 3021.4017281017027 
S: 340423 2931.333101897461 2944.8341797301573 2965.108723935917 2955.6881078488113 3026.7129485814266 2952.899634001502 2988.4458575472604 3007.1106027866463 2944.1247969367773 2961.8041194266484 2930.061760845816 2958.7224435013777 2986.98586286242 2969.180354709325 3081.251907792664 3008.400368802751 2986.5928675530827 2999.827950982034 2975.44425741368 3021.4017281017027 
H: 340423 977.1110339658205 981.6113932433864 988.3695746453059 985.2293692829386 1008.904316193809 984.2998780005029 996.1486191824204 1002.3702009288824 981.3749323122606 987.2680398088847 976.6872536152732 986.2408145004596 995.7198618258185 989.7267849031085 1027.0839692642212 1002.8001229342499 995.5309558510259 999.9426503273456 991.814752471226 1007.1339093672336 
S: 340423 977.1110339658205 981.6113932433864 988.3695746453059 985.2293692829386 1008.904316193809 984.2998780005029 996.1486191824204 1002.3702009288824 981.3749323122606 987.2680398088847 976.6872536152732 986.2408145004596 995.7198618258185 989.7267849031085 1027.0839692642212 1002.8001229342499 995.5309558510259 999.9426503273456 991.814752471226 1007.1339093672336 
H: 407815 3095.9256563342014 2912.768029147153 2963.2099057724236 2978.491936934572 2939.2083976986546 3003.3626692575253 2933.919132840133 2982.784425066033 2889.4476843966127 3063.2883569145874 3002.696050123388 3088.5088390649416 2965.3611677317244 2909.5264664825113 3005.925079043707 2959.4912191200037 3046.3460377937045 2971.110716810287 2984.6888523055627 2968.407176752877 
S: 407815 3095.9256563342014 2912.768029147153 2963.2099057724236 2978.491936934572 2939.2083976986546 3003.3626692575253 2933.919132840133 2982.784425066033 2889.4476843966127 3063.2883569145874 3002.696050123388 3088.5088390649416 2965.3611677317244 2909.5264664825113 3005.925079043707 2959.4912191200037 3046.3460377937045 2971.110716810287 2984.6888523055627 2968.407176752877 
H: 407815 1031.975218778068 970.9226763823842 987.7366352574751 992.8306456448576 979.7361325662193 1001.1208897525084 977.9730442800452 994.26147502201 963.1492281322038 1021.0961189715282 1000.8986833744623 1029.5029463549818 988.4537225772407 969.8421554941683 1001.9750263479034 986.497073040001 1015.4486792645693 990.3702389367614 994.8962841018533 989.4690589176245 
S: 407815 1031.975218778068 970.9226763823842 987.7366352574751 992.8306456448576 979.7361325662193 1001.1208897525084 977.9730442800452 994.26147502201 963.1492281322038 1021.0961189715282 1000.8986833744623 1029.5029463549818 988.4537225772407 969.8421554941683 1001.9750263479034 986.497073040001 1015.4486792645693 990.3702389367614 994.8962841018533 989.4690589176245 
H: 804086 2981.8910640205268 3026.7856563947716 3021.7441183385245 3014.8116049836767 2988.0292451896507 2936.8146808158203 3072.287193815511 3009.394315609644 2975.2064575067598 2962.2479409547427 2989.7616718557642 2972.811186470218 2975.921653933251 3083.912534016568 3003.2360763454817 3013.472275790399 2940.2051551486716 3053.1892837077694 2960.5027072792614 2988.1545196120837 
S: 804086 2981.8910640205268 3026.7856563947716 3021.7441183385245 3014.8116049836767 2988.0292451896507 2936.8146808158203 3072.287193815511 3009.394315609644 2975.2064575067598 2962.2479409547427 2989.7616718557642 2972.811186470218 2975.921653933251 3083.912534016568 3003.2360763454817 3013.472275790399 2940.2051551486716 3053.1892837077694 2960.5027072792614 2988.1545196120837 
H: 804086 993.9636880068427 1008.9285521315907 1007.2480394461749 1004.9372016612269 996.0097483965508 978.9382269386077 1024.0957312718367 1003.1314385365504 991.7354858355883 987.4159803182467 996.5872239519226 990.9370621567394 991.9738846444163 1027.9708446721882 1001.0786921151617 1004.4907585968012 980.068385049558 1017.7297612359237 986.8342357597537 996.0515065373612 
S: 804086 993.9636880068427 1008.9285521315907 1007.2480394461749 1004.9372016612269 996.0097483965508 978.9382269386077 1024.0957312718367 1003.1314385365504 991.7354858355883 987.4159803182467 996.5872239519226 990.9370621567394 991.9738846444163 1027.9708446721882 1001.0786921151617 1004.4907585968012 980.068385049558 1017.7297612359237 986.8342357597537 996.0515065373612 
H: 644594 3036.7402120355164 2951.263741253725 2932.587963560301 2973.0937812751804 3091.0282451795683 2956.279028431911 2963.580402905703 3026.628197770418 3033.642880607489 3028.6399349493868 2972.045034160338 3045.6374825752655 2967.3755685078268 2894.3492999680575 2994.284272763164 2926.774460612622 2972.0167247313734 3008.725430229745 3025.039682958134 3057.1149944384892 
S: 644594 3036.7402120355164 2951.263741253725 2932.587963560301 2973.0937812751804 3091.0282451795683 2956.279028431911 2963.580402905703 3026.628197770418 3033.642880607489 3028.6399349493868 2972.045034160338 3045.6374825752655 2967.3755685078268 2894.3492999680575 2994.284272763164 2926.774460612622 2972.0167247313734 3008.725430229745 3025.039682958134 3057.1149944384892 
H: 644594 1012.2467373451713 983.7545804179097 977.5293211867679 991.0312604250602 1030.3427483931903 985.4263428106365 987.8601343019017 1008.9190363289835 1011.2142935358291 1009.5466449831281 990.6816780534465 1015.212494191755 989.1251895026091 964.7830999893533 998.0947575877229 975.5914868708749 990.6722415771239 1002.9084767432475 1008.346560986044 1019.0383314794962 
S: 644594 1012.2467373451713 983.7545804179097 977.5293211867679 991.0312604250602 1030.3427483931903 985.4263428106365 987.8601343019017 1008.9190363289835 1011.2142935358291 1009.5466449831281 990.6816780534465 1015.212494191755 989.1251895026091 964.7830999893533 998.0947575877229 975.5914868708749 990.6722415771239 1002.9084767432475 1008.346560986044 1019.0383314794962 
H: 445696 3067.89091569807 2990.1201290294894 2991.534950046948 2999.1098096328647 2979.548651561237 3120.756435165994 2969.4897833887294 2993.649539665905 2905.075910186434 2913.6734675735015 3066.432002655719 3047.3682962968646 2989.232587546702 3018.297371841822 2967.4802096646754 2977.557598782583 2942.5524409628347 2970.695550096121 2990.237710222764 2945.3053622184066 
S: 445696 3067.89091569807 2990.1201290294894 2991.5349500469474 2999.1098096328647 2979.548651561237 3120.756435165994 2969.4897833887294 2993.649539665905 2905.075910186434 2913.6734675735015 3066.432002655719 3047.3682962968646 2989.232587546702 3018.297371841822 2967.4802096646754 2977.557598782583 2942.5524409628347 2970.695550096121 2990.237710222764 2945.3053622184066 
H: 445696 1022.6303052326903 996.706709676497 997.1783166823167 999.7032698776222 993.1828838537452 1040.2521450553313 989.8299277962434 997.8831798886348 968.3586367288101 971.2244891911678 1022.1440008852394 1015.7894320989543 996.4108625155671 1006.0991239472744 989.1600698882248 992.5191995941935 980.8508136542781 990.2318500320405 996.7459034075881 981.7684540728026 
S: 445696 1022.6303052326903 996.706709676497 997.1783166823167 999.7032698776222 993.1828838537452 1040.2521450553313 989.8299277962434 997.8831798886348 968.3586367288101 971.2244891911678 1022.1440008852394 1015.7894320989543 996.4108625155671 1006.0991239472744 989.1600698882248 992.5191995941935 980.8508136542781 990.2318500320405 996.7459034075881 981.7684540728026 
H: 140582 2973.7569483458215 2899.023790120368 3009.055178580467 2981.5059461687915 2970.86482530323 2968.400056681759 3006.4037340407363 2917.7223639640292 3013.000622265119 2957.317133029073 3024.072446353342 2927.351424154754 2987.7121903977677 3047.105219205836 3023.280641515648 2988.9131396165194 3013.502626054998 2942.832262567678 3015.113514856953 2918.2912579819485 
S: 140582 2973.7569483458215 2899.023790120368 3009.055178580467 2981.5059461687915 2970.86482530323 2968.400056681759 3006.4037340407363 2917.7223639640292 3013.000622265119 2957.317133029073 3024.072446353342 2927.351424154754 2987.7121903977677 3047.105219205836 3023.280641515648 2988.9131396165194 3013.502626054998 2942.832262567678 3015.113514856953 2918.2912579819485 
H: 140582 991.2523161152744 966.3412633734546 1003.0183928601559 993.8353153895978 990.2882751010766 989.4666855605868 1002.1345780135791 972.5741213213423 1004.3335407550389 985.7723776763573 1008.0241487844481 975.7838080515843 995.9040634659233 1015.7017397352788 1007.7602138385481 996.304379872173 1004.500875351666 980.9440875225611 1005.0378382856516 972.763752660651 
S: 140582 991.2523161152744 966.3412633734546 1003.0183928601559 993.8353153895978 990.2882751010766 989.4666855605868 1002.1345780135791 972.5741213213423 1004.3335407550389 985.7723776763573 1008.0241487844481 975.7838080515843 995.9040634659233 1015.7017397352788 1007.7602138385481 996.304379872173 1004.500875351666 980.9440875225611 1005.0378382856516 972.763752660651 
H: 877676 2977.983178372652 3026.1828045840325 2985.6642906662464 3065.1074755163268 3024.441302398133 2963.821899585426 2962.7987085844334 3015.6488698470225 3014.9763487819155 3078.0566842247945 2984.633713371352 3020.154501985813 3028.1979133160617 3085.1359695404863 2958.1047693529054 2997.0773832460964 2934.8292951256994 2958.498973563469 2960.1684820407627 2967.6863846789392 
S: 877676 2977.983178372652 3026.1828045840325 2985.6642906662464 3065.1074755163268 3024.441302398133 2963.821899585426 2962.7987085844334 3015.6488698470225 3014.9763487819155 3078.0566842247945 2984.633713371352 3020.154501985813 3028.1979133160617 3085.1359695404863 2958.1047693529054 2997.0773832460964 2934.8292951256994 2958.498973563469 2960.1684820407627 2967.6863846789392 
H: 877676 992.6610594575498 1008.7276015280107 995.2214302220823 1021.7024918387754 1008.14710079938 987.9406331951411 987.5995695281455 1005.2162899490064 1004.9921162606399 1026.0188947415982 994.8779044571173 1006.7181673286036 1009.3993044386873 1028.3786565134951 986.034923117635 999.0257944153656 978.2764317085671 986.1663245211586 986.72282734692 989.2287948929795 
S: 877676 992.6610594575498 1008.7276015280107 995.2214302220823 1021.7024918387754 1008.14710079938 987.9406331951411 987.5995695281455 1005.2162899490064 1004.9921162606399 1026.0188947415982 994.8779044571173 1006.7181673286036 1009.3993044386873 1028.3786565134951 986.034923117635 999.0257944153656 978.2764317085671 986.1663245211586 986.72282734692 989.2287948929795 
H: 901651 2981.601108018624 2924.152471288346 2965.6202564841637 2962.050249321036 3015.8408595177984 2965.3681421575416 2964.568760721544 2955.305055722976 2963.4150731192076 2996.6059537817578 3033.5808468275077 3036.0484622896074 2944.9818118522703 2993.7897265661936 3025.9404166660006 2971.5445864354447 3001.0120029054187 2947.118976243752 2988.093701330267 2927.5409789563573 
S: 901651 2981.601108018624 2924.152471288346 2965.6202564841637 2962.050249321036 3015.8408595177984 2965.3681421575416 2964.568760721544 2955.305055722976 2963.4150731192076 2996.6059537817578 3033.5808468275077 3036.0484622896074 2944.9818118522703 2993.7897265661936 3025.9404166660006 2971.5445864354447 3001.0120029054187 2947.118976243752 2988.093701330267 2927.5409789563573 
H: 901651 993.8670360062074 974.7174904294486 988.540085494721 987.3500831070121 1005.2802865059328 988.4560473858479 988.1895869071825 985.1016852409934 987.8050243730688 998.8686512605842 1011.1936156091692 1012.016154096538 981.6606039507558 997.9299088553989 1008.6468055553348 990.5148621451489 1000.3373343018064 982.372992081249 996.0312337767555 975.8469929854516 
S: 901651 993.8670360062074 974.7174904294486 988.540085494721 987.3500831070121 1005.2802865059328 988.4560473858479 988.1895869071825 985.1016852409934 987.8050243730688 998.8686512605842 1011.1936156091692 1012.016154096538 981.6606039507558 997.9299088553989 1008.6468055553348 990.5148621451489 1000.3373343018064 982.372992081249 996.0312337767555 975.8469929854516 
H: 637645 2982.5912908246237 2959.137200227234 3002.689375786392 3048.349553305433 2993.1086579933367 3022.284728896991 3052.787313935766 3023.190533861805 2990.1205964724504 2986.6798103889337 2968.6279859073607 2951.7631816853363 2970.740965047977 2982.316309595813 3083.7134268655605 2933.8988729143075 2939.904816711891 2939.102364482932 2916.698709768542 2944.821653831905 
S: 637645 2982.5912908246237 2959.137200227234 3002.689375786392 3048.349553305433 2993.1086579933367 3022.284728896991 3052.787313935766 3023.190533861805 2990.1205964724504 2986.6798103889337 2968.6279859073607 2951.7631816853363 2970.740965047977 2982.316309595813 3083.7134268655605 2933.8988729143075 2939.904816711891 2939.102364482932 2916.698709768542 2944.821653831905 
H: 637645 994.1970969415404 986.3790667424109 1000.8964585954645 1016.1165177684777 997.7028859977795 1007.428242965665 1017.5957713119212 1007.7301779539357 996.7068654908171 995.5599367963111 989.5426619691203 983.9210605617777 990.2469883493262 994.1054365319371 1027.9044756218555 977.9662909714365 979.9682722372978 979.7007881609777 972.2329032561811 981.6072179439706 
S: 637645 994.1970969415404 986.3790667424109 1000.8964585954645 1016.1165177684777 997.7028859977795 1007.428242965665 1017.5957713119212 1007.7301779539357 996.7068654908171 995.5599367963111 989.5426619691203 983.9210605617777 990.2469883493262 994.1054365319371 1027.9044756218555 977.9662909714365 979.9682722372978 979.7007881609777 972.2329032561811 981.6072179439706 
H: 686096 2975.984545956394 2979.3913818022143 2974.9581897196936 3077.2684530230563 2996.7272740831195 2976.824689453715 3026.5470796892077 2988.90181608081 3006.4074594537287 2941.1911613815655 2996.826988774298 2987.6572326744563 2994.8652229338586 3011.8455043703734 3027.6630160924506 3017.2415259237573 2986.85952484914 2981.453690979464 2972.6499664598778 2989.2167423466426 
S: 686096 2975.984545956394 2979.3913818022143 2974.9581897196936 3077.2684530230563 2996.7272740831195 2976.824689453715 3026.5470796892077 2988.90181608081 3006.4074594537287 2941.1911613815655 2996.826988774298 2987.6572326744563 2994.8652229338586 3011.8455043703734 3027.6630160924506 3017.2415259237573 2986.85952484914 2981.453690979464 2972.6499664598778 2989.2167423466426 
H: 686096 991.9948486521323 993.1304606007354 991.6527299065642 1025.7561510076855 998.9090913610393 992.2748964845716 1008.8490265630697 996.3006053602703 1002.1358198179099 980.3970537938557 998.942329591434 995.8857442248196 998.2884076446209 1003.9485014567922 1009.2210053641518 1005.7471753079186 995.6198416163801 993.8178969931556 990.8833221532943 996.4055807822143 
S: 686096 991.9948486521323 993.1304606007354 991.6527299065642 1025.7561510076855 998.9090913610393 992.2748964845716 1008.8490265630697 996.3006053602703 1002.1358198179099 980.3970537938557 998.942329591434 995.8857442248196 998.2884076446209 1003.9485014567922 1009.2210053641518 1005.7471753079186 995.6198416163801 993.8178969931556 990.8833221532943 996.4055807822143 
H: 534962 2962.527991852553 3000.9657511874516 2985.5583512424205 2975.464188914817 3007.427063323277 2972.705927843403 3003.1319520886063 3010.367611934995 3057.1009569686903 3038.382971589683 3055.02979513148 2988.7007046962094 3031.265372423407 2992.989597367695 2964.407098153009 3015.1402734675858 2960.0515200295044 3050.3958563405745 2979.177289763557 3015.5845747842686 
S: 534962 2962.527991852553 3000.9657511874516 2985.5583512424205 2975.464188914817 3007.427063323277 2972.705927843403 3003.1319520886063 3010.367611934995 3057.1009569686903 3038.382971589683 3055.02979513148 2988.7007046962094 3031.265372423407 2992.989597367695 2964.407098153009 3015.1402734675858 2960.0515200295044 3050.3958563405745 2979.177289763557 3015.5845747842686 
H: 534962 987.509330617518 1000.3219170624845 995.1861170808089 991.8213963049393 1002.4756877744262 990.9019759478017 1001.0439840295351 1003.4558706449972 1019.033652322897 1012.7943238632274 1018.3432650438257 996.2335682320687 1010.4217908078034 997.663199122564 988.1356993843372 1005.0467578225288 986.6838400098358 1016.7986187801927 993.0590965878539 1005.194858261423 
S: 534962 987.509330617518 1000.3219170624845 995.1861170808089 991.8213963049393 1002.4756877744262 990.9019759478017 1001.0439840295351 1003.4558706449972 1019.033652322897 1012.7943238632274 1018.3432650438257 996.2335682320687 1010.4217908078034 997.663199122564 988.1356993843372 1005.0467578225288 986.6838400098358 1016.7986187801927 993.0590965878539 1005.194858261423 
H: 854320 3004.471919551208 3001.4594289260813 3018.8096685883725 2946.6557028133357 2984.117079462534 3026.638508418656 2932.5418135784134 2999.674717829541 3003.265812318433 2990.3900513503418 2959.463718828795 2881.8763419282777 3061.2987384842645 3013.142245145901 3030.1903532662377 3011.312585857344 3007.423252558673 2973.119923848578 2985.808958604723 3029.5705569949832 
S: 854320 3004.471919551208 3001.4594289260813 3018.8096685883725 2946.6557028133357 2984.117079462534 3026.638508418656 2932.5418135784134 2999.674717829541 3003.265812318433 2990.3900513503418 2959.463718828795 2881.8763419282777 3061.2987384842645 3013.142245145901 3030.1903532662377 3011.312585857344 3007.423252558673 2973.119923848578 2985.808958604723 3029.5705569949832 
H: 854320 1001.4906398504024 1000.4864763086944 1006.2698895294575 982.2185676044451 994.7056931541783 1008.8795028062179 977.5139378594713 999.8915726098485 1001.0886041061434 996.7966837834468 986.4879062762653 960.6254473094259 1020.4329128280888 1004.3807483819678 1010.0634510887477 1003.770861952446 1002.4744175195575 991.0399746161922 995.2696528682417 1009.8568523316607 
S: 854320 1001.4906398504024 1000.4864763086944 1006.2698895294575 982.2185676044451 994.7056931541783 1008.8795028062179 977.5139378594713 999.8915726098485 1001.0886041061434 996.7966837834468 986.4879062762653 960.6254473094259 1020.4329128280888 1004.3807483819678 1010.0634510887477 1003.770861952446 1002.4744175195575 991.0399746161922 995.2696528682417 1009.8568523316607 
H: 497084 2937.87610208988 2931.5620824362 2990.7465031096144 2975.934284216546 2993.0217110805884 2999.518585919351 2959.7086847048035 3025.3593086589317 2976.0541948773066 2958.207993710623 3009.014712331771 2976.9320421399298 2996.061726003522 3017.2842157170376 2939.061155207988 2895.921803600152 2939.0750740488597 2967.6296471945766 3002.840619038086 3002.9213552673664 
S: 497084 2937.87610208988 2931.5620824362 2990.7465031096144 2975.934284216546 2993.0217110805884 2999.518585919351 2959.7086847048035 3025.3593086589317 2976.0541948773066 2958.207993710623 3009.014712331771 2976.9320421399298 2996.061726003522 3017.2842157170376 2939.061155207987 2895.921803600152 2939.0750740488597 2967.6296471945766 3002.840619038086 3002.9213552673664 
H: 497084 979.2920340299602 977.1873608120659 996.9155010365381 991.9780947388494 997.6739036935295 999.8395286397849 986.5695615682671 1008.4531028863111 992.0180649591025 986.0693312368757 1003.0049041105885 992.3106807133106 998.6872420011736 1005.761405239012 979.687051735995 965.3072678667165 979.6916913496207 989.2098823981908 1000.9468730126957 1000.9737850891244 
S: 497084 979.2920340299602 977.1873608120659 996.9155010365381 991.9780947388494 997.6739036935295 999.8395286397849 986.5695615682671 1008.4531028863111 992.0180649591025 986.0693312368757 1003.0049041105885 992.3106807133106 998.6872420011736 1005.761405239012 979.687051735995 965.3072678667165 979.6916913496207 989.2098823981908 1000.9468730126957 1000.9737850891244 
H: 691433 2987.156172264135 3002.24067366468 2969.962288403016 2965.8276425050985 3031.588224870457 2940.876003335403 3099.014839841123 2982.007718856828 3020.231823807116 2967.758789386734 3010.593400094442 2991.087578786782 2997.5114925776875 2994.0031938602824 3055.3798791067766 3054.342824647555 2999.6150330961777 3045.034475877022 2941.994348206003 3008.934587498954 
S: 691433 2987.156172264135 3002.24067366468 2969.962288403016 2965.8276425050985 3031.588224870457 2940.876003335403 3099.014839841123 2982.007718856828 3020.231823807116 2967.758789386734 3010.593400094442 2991.087578786782 2997.5114925776875 2994.0031938602824 3055.3798791067766 3054.342824647555 2999.6150330961777 3045.034475877022 2941.994348206003 3008.934587498954 
H: 691433 995.7187240880448 1000.7468912215593 989.9874294676715 988.6092141683666 1010.5294082901527 980.2920011118007 1033.0049466137098 994.002572952276 1006.7439412690395 989.252929795579 1003.5311333648142 997.0291929289288 999.1704975258951 998.0010646200941 1018.4599597022576 1018.1142748825195 999.8716776987258 1015.0114919590072 980.6647827353348 1002.9781958329838 
S: 691433 995.7187240880448 1000.7468912215593 989.9874294676715 988.6092141683666 1010.5294082901527 980.2920011118007 1033.0049466137098 994.002572952276 1006.7439412690395 989.252929795579 1003.5311333648142 997.0291929289288 999.1704975258951 998.0010646200941 1018.4599597022576 1018.1142748825195 999.8716776987258 1015.0114919590072 980.6647827353348 1002.9781958329838 
H: 610882 3027.0501192582037 3003.5397849360384 2939.552763527019 3006.4323820428335 3029.2515967764502 2920.513315812383 2979.203981431588 3016.4665722336367 3005.2351967040418 2994.6865568776793 3001.1508181001864 2978.186871704904 2923.890047179707 3005.2930621178048 2900.055443207158 2972.7807004475408 2961.851402483746 3047.1145825236836 3009.6567671733064 2911.049224007911 
S: 610882 3027.0501192582037 3003.5397849360384 2939.552763527019 3006.4323820428335 3029.2515967764502 2920.513315812383 2979.203981431588 3016.4665722336367 3005.2351967040418 2994.6865568776793 3001.1508181001864 2978.186871704904 2923.890047179707 3005.2930621178048 2900.055443207158 2972.7807004475408 2961.851402483746 3047.1145825236836 3009.6567671733064 2911.049224007911 
H: 610882 1009.0167064193998 1001.1799283120138 979.8509211756715 1002.1441273476096 1009.750532258817 973.5044386041271 993.0679938105305 1005.488857411212 1001.7450655680132 998.2288522925596 1000.3836060333956 992.728957234969 974.6300157265683 1001.7643540392685 966.6851477357199 990.9269001491813 987.2838008279159 1015.7048608412273 1003.218922391103 970.3497413359705 
S: 610882 1009.0167064193998 1001.1799283120138 979.8509211756715 1002.1441273476096 1009.750532258817 973.5044386041271 993.0679938105305 1005.488857411212 1001.7450655680132 998.2288522925596 1000.3836060333956 992.728957234969 974.6300157265683 1001.7643540392685 966.6851477357199 990.9269001491813 987.2838008279159 1015.7048608412273 1003.218922391103 970.3497413359705 
H: 959384 2979.995634979839 3000.372842803104 3037.4087371387163 3132.2711578291833 3024.986103448047 2968.611034049212 2972.498374649571 2966.762420456493 2975.199039153064 3055.099293083261 2999.094530030891 3023.613899895611 2982.3913368747785 2915.9466291851295 2899.9607214184616 2953.97385027474 3040.203334552318 3014.4659170799728 2942.726083392097 2973.588214849541 
S: 959384 2979.995634979839 3000.372842803104 3037.4087371387163 3132.2711578291833 3024.986103448047 2968.611034049212 2972.498374649571 2966.762420456493 2975.199039153064 3055.099293083261 2999.094530030891 3023.613899895611 2982.3913368747785 2915.9466291851295 2899.9607214184616 2953.97385027474 3040.203334552318 3014.4659170799728 2942.726083392097 2973.588214849541 
H: 959384 993.3318783266138 1000.1242809343689 1012.4695790462393 1044.0903859430605 1008.3287011493492 989.5370113497364 990.8327915498577 988.9208068188302 991.733013051022 1018.3664310277535 999.698176676964 1007.8712999652038 994.1304456249262 971.9822097283773 966.6535738061547 984.6579500915803 1013.401111517438 1004.821972359991 980.908694464032 991.1960716165146 
S: 959384 993.3318783266138 1000.1242809343689 1012.4695790462393 1044.0903859430605 1008.3287011493492 989.5370113497364 990.8327915498577 988.9208068188302 991.733013051022 1018.3664310277535 999.698176676964 1007.8712999652038 994.1304456249262 971.9822097283773 966.6535738061547 984.6579500915803 1013.401111517438 1004.821972359991 980.908694464032 991.1960716165146 
H: 486528 2934.093658090634 2939.165460340845 3065.2649293912064 3031.8003934442045 3004.0853964473113 3033.9121077788736 2955.6195761702293 3005.1266272072417 2986.289556798441 2979.482084108972 2956.2522151270427 2958.8101686766845 2980.3066161614706 2963.988669410193 2972.4767832181647 2950.292956387691 2955.801845650849 2983.7273054592265 3048.125404957701 2997.425503081523 
S: 486528 2934.093658090634 2939.165460340845 3065.2649293912064 3031.8003934442045 3004.085396447311 3033.9121077788736 2955.6195761702293 3005.1266272072417 2986.289556798441 2979.482084108972 2956.2522151270427 2958.8101686766845 2980.3066161614706 2963.988669410193 2972.4767832181647 2950.292956387691 2955.801845650849 2983.7273054592265 3048.125404957701 2997.425503081523 
H: 486528 978.0312193635461 979.7218201136142 1021.7549764637336 1010.6001311480691 1001.3617988157698 1011.3040359262915 985.206525390075 1001.7088757357474 995.4298522661466 993.1606947029901 985.4174050423478 986.2700562255617 993.4355387204906 987.996223136731 990.825594406055 983.4309854625645 985.9515459000597 994.575768486408 1016.0418016525662 999.1418343605079 
S: 486528 978.0312193635461 979.7218201136142 1021.7549764637336 1010.6001311480691 1001.3617988157698 1011.3040359262915 985.206525390075 1001.7088757357474 995.4298522661466 993.1606947029901 985.4174050423478 986.2700562255617 993.4355387204906 987.996223136731 990.825594406055 983.4309854625645 985.9515459000597 994.575768486408 1016.0418016525662 999.1418343605079 
H: 979909 2978.9922961945476 2980.9836988354673 2971.901950125053 2993.875336878923 3024.8738724122377 3028.2672026987275 2990.026655155166 3038.9826371064773 3009.001981494091 2943.674589228944 2918.8901574492256 2939.3658871227826 3035.217570132188 2969.562419420132 2976.941151704791 3022.6019492250457 2972.3185896083423 2995.0809386379647 3019.3447183919416 2923.657473847044 
S: 979909 2978.9922961945476 2980.9836988354673 2971.901950125053 2993.875336878923 3024.8738724122377 3028.2672026987275 2990.026655155166 3038.9826371064773 3009.001981494091 2943.674589228944 2918.8901574492256 2939.3658871227826 3035.217570132188 2969.562419420132 2976.941151704791 3022.6019492250457 2972.3185896083423 2995.0809386379647 3019.3447183919416 2923.657473847044 
H: 979909 992.9974320648483 993.6612329451544 990.6339833750185 997.9584456263065 1008.2912908040795 1009.4224008995785 996.6755517183877 1012.9942123688261 1003.0006604980293 981.2248630763157 972.963385816411 979.7886290409276 1011.7391900440628 989.8541398067124 992.31371723493 1007.5339830750173 990.7728632027809 998.360312879322 1006.4482394639799 974.5524912823495 
S: 979909 992.9974320648483 993.6612329451544 990.6339833750185 997.9584456263065 1008.2912908040795 1009.4224008995785 996.6755517183877 1012.9942123688261 1003.0006604980293 981.2248630763157 972.963385816411 979.7886290409276 1011.7391900440628 989.8541398067124 992.31371723493 1007.5339830750173 990.7728632027809 998.360312879322 1006.4482394639799 974.5524912823495 
H: 663627 3101.6994731703467 2986.6628117408864 3015.3303346706616 2983.813634012476 2975.0848258878436 2985.9773771544947 3089.2293453161005 2947.3030635858054 2999.5825339859693 2967.0102081376303 3013.3138193389777 2984.8609477658656 3015.644692274345 3015.9239839282336 3033.7036684245236 2975.6109658267146 3000.1834069416755 3028.6125433558036 3028.058139617302 3005.538191665074 
S: 663627 3101.6994731703467 2986.6628117408864 3015.3303346706616 2983.813634012476 2975.0848258878436 2985.9773771544947 3089.2293453161005 2947.3030635858054 2999.5825339859693 2967.0102081376303 3013.3138193389777 2984.8609477658656 3015.644692274345 3015.9239839282336 3033.7036684245236 2975.6109658267146 3000.1834069416755 3028.6125433558036 3028.058139617302 3005.538191665074 
H: 663627 1033.899824390117 995.5542705802958 1005.1101115568869 994.6045446708266 991.6949419626162 995.3257923848307 1029.7431151053668 982.4343545286023 999.8608446619878 989.0034027125444 1004.4379397796592 994.9536492552882 1005.2148974247797 1005.3079946427454 1011.2345561415059 991.8703219422385 1000.0611356472253 1009.5375144519326 1009.3527132057673 1001.8460638883594 
S: 663627 1033.899824390117 995.5542705802958 1005.1101115568869 994.6045446708266 991.6949419626162 995.3257923848307 1029.7431151053668 982.4343545286023 999.8608446619878 989.0034027125444 1004.4379397796592 994.9536492552882 1005.2148974247797 1005.3079946427454 1011.2345561415059 991.8703219422385 1000.0611356472253 1009.5375144519326 1009.3527132057673 1001.8460638883594 
H: 690990 2992.5536268769633 2946.2871383071815 3036.9797776324754 3016.5709640953078 2999.5873757523814 2940.360831126851 2974.9564779286206 3019.3694132813403 2986.148552695802 2961.78861568715 2976.9363395710657 2977.8976212359353 3002.426307703082 3047.7779424962487 3049.308957100055 3014.8848254302025 3024.432931000708 3024.172244974667 3056.817434256959 2993.301456297363 
S: 690990 2992.5536268769633 2946.2871383071815 3036.9797776324754 3016.5709640953078 2999.5873757523814 2940.360831126851 2974.9564779286206 3019.3694132813403 2986.148552695802 2961.78861568715 2976.9363395710657 2977.8976212359353 3002.426307703082 3047.7779424962487 3049.308957100055 3014.8848254302025 3024.432931000708 3024.172244974667 3056.817434256959 2993.301456297363 
H: 690990 997.5178756256548 982.0957127690601 1012.3265925441598 1005.523654698437 999.8624585841264 980.120277042284 991.6521593095391 1006.4564710937804 995.3828508986009 987.2628718957184 992.3121131903558 992.6325404119779 1000.8087692343611 1015.925980832083 1016.4363190333507 1004.9616084767346 1008.1443103335683 1008.0574149915553 1018.9391447523196 997.7671520991206 
S: 690990 997.5178756256548 982.0957127690601 1012.3265925441598 1005.523654698437 999.8624585841264 980.120277042284 991.6521593095391 1006.4564710937804 995.3828508986009 987.2628718957184 992.3121131903558 992.6325404119779 1000.8087692343611 1015.925980832083 1016.4363190333507 1004.9616084767346 1008.1443103335683 1008.0574149915553 1018.9391447523196 997.7671520991206 
H: 584575 3030.980139491756 3067.966740930977 2935.8988623468117 3057.3090514077553 3019.9251967295854 2933.969960384992 3071.548247890735 3002.91733783604 2954.949390689336 2923.804385194658 2997.4442752285645 2975.1053631982477 2980.183179037281 3009.7031746707585 2944.2104863118248 3015.2627219352 2986.299470080533 3002.8081127617124 2957.088335861195 2953.4238424875984 
S: 584575 3030.980139491756 3067.966740930977 2935.8988623468117 3057.3090514077553 3019.9251967295854 2933.969960384992 3071.548247890735 3002.91733783604 2954.949390689336 2923.804385194658 2997.4442752285645 2975.1053631982477 2980.183179037281 3009.7031746707585 2944.2104863118248 3015.2627219352 2986.299470080533 3002.8081127617124 2957.088335861195 2953.4238424875984 
H: 584575 1010.3267131639178 1022.6555803103248 978.6329541156035 1019.1030171359191 1006.6417322431957 977.9899867949991 1023.8494159635799 1000.9724459453485 984.9831302297783 974.6014617315517 999.1480917428554 991.7017877327481 993.3943930124276 1003.2343915569189 981.4034954372747 1005.0875739784009 995.4331566935103 1000.9360375872363 985.6961119537322 984.4746141625335 
S: 584575 1010.3267131639178 1022.6555803103248 978.6329541156035 1019.1030171359191 1006.6417322431957 977.9899867949991 1023.8494159635799 1000.9724459453485 984.9831302297783 974.6014617315517 999.1480917428554 991.7017877327481 993.3943930124276 1003.2343915569189 981.4034954372747 1005.0875739784009 995.4331566935103 1000.9360375872363 985.6961119537322 984.4746141625335 
H: 795784 2968.918552202472 3014.3163049719606 2941.630657665933 3051.599833331795 2957.1133533186667 2948.2356751336874 2927.030380070177 3038.733924307847 2986.888115017434 3019.3819787210014 2970.741239075763 2987.3327990235384 3000.3176396769713 2960.7296225912964 2930.7842985524267 3005.4249906449386 2955.9581019593575 3001.718679409268 2979.6600184934855 2923.3575478315406 
S: 795784 2968.918552202472 3014.3163049719606 2941.630657665933 3051.599833331795 2957.1133533186667 2948.2356751336874 2927.030380070177 3038.733924307847 2986.888115017434 3019.3819787210014 2970.741239075763 2987.3327990235384 3000.3176396769713 2960.7296225912964 2930.7842985524267 3005.4249906449386 2955.9581019593575 3001.718679409268 2979.6600184934855 2923.3575478315406 
H: 795784 989.6395174008243 1004.772101657322 980.5435525553091 1017.199944443933 985.7044511062221 982.7452250445617 977.3006887890244 1012.9113081026157 995.6293716724794 1006.460659573665 990.2470796919209 995.7775996745132 1000.1058798923244 986.9098741971 976.9280995174769 1001.8083302149787 985.3193673197859 1000.5728931364225 993.2200061644955 974.4525159438482 
S: 795784 989.6395174008243 1004.772101657322 980.5435525553091 1017.199944443933 985.7044511062221 982.7452250445617 977.3006887890244 1012.9113081026157 995.6293716724794 1006.460659573665 990.2470796919209 995.7775996745132 1000.1058798923244 986.9098741971 976.9280995174769 1001.8083302149787 985.3193673197859 1000.5728931364225 993.2200061644955 974.4525159438482 
H: 316168 2993.1277165388187 3049.174717524568 3020.1291289941414 3080.0710041264915 3074.775647108608 3008.7434675361083 3063.4720996270553 3015.2858717907557 2964.0756334778703 2929.8768509468114 2953.7716286916525 2995.9263102439986 2975.285237376747 2984.162283545421 3025.4893322871003 3024.321484752279 2974.4236125178854 2966.857451150346 2995.01688584405 2949.2800200190827 
S: 316168 2993.1277165388187 3049.174717524568 3020.1291289941414 3080.0710041264915 3074.775647108608 3008.7434675361083 3063.4720996270553 3015.2858717907557 2964.0756334778703 2929.8768509468114 2953.7716286916525 2995.9263102439986 2975.285237376747 2984.162283545421 3025.4893322871003 3024.321484752279 2974.4236125178854 2966.857451150346 2995.01688584405 2949.2800200190827 
H: 316168 997.7092388462729 1016.3915725081898 1006.7097096647116 1026.6903347088307 1024.9252157028684 1002.9144891787039 1021.1573665423524 1005.0952905969182 988.0252111592903 976.6256169822713 984.5905428972179 998.642103414666 991.7617457922495 994.7207611818051 1008.4964440957003 1008.1071615840925 991.4745375059626 988.9524837167834 998.3389619480173 983.0933400063604 
S: 316168 997.7092388462729 1016.3915725081898 1006.7097096647116 1026.6903347088307 1024.9252157028684 1002.9144891787039 1021.1573665423524 1005.0952905969182 988.0252111592903 976.6256169822713 984.5905428972179 998.642103414666 991.7617457922495 994.7207611818051 1008.4964440957003 1008.1071615840925 991.4745375059626 988.9524837167834 998.3389619480173 983.0933400063604 
H: 940285 2985.329090488674 2992.2967861792863 2976.798085332197 3037.7771366212683 3004.921715912524 3032.2369028124476 2999.6020406371895 2987.701344805704 2977.2187487949286 2974.5239948671806 3008.833521060768 2994.9661414820325 3021.448928782982 3034.8497703499224 3054.0068607254207 3037.6213820231687 2985.2254905411824 2979.695233122613 2989.998284013705 2881.9970150473932 
S: 940285 2985.329090488674 2992.2967861792863 2976.798085332197 3037.7771366212683 3004.921715912524 3032.2369028124476 2999.6020406371895 2987.701344805704 2977.2187487949286 2974.5239948671806 3008.833521060768 2994.9661414820325 3021.448928782982 3034.8497703499224 3054.0068607254207 3037.6213820231687 2985.2254905411824 2979.695233122613 2989.998284013705 2881.9970150473932 
H: 940285 995.1096968295585 997.4322620597626 992.2660284440665 1012.592378873755 1002.1901276952101 1010.7456342708152 999.8673468790626 995.9004482685692 992.4062495983121 991.5079982890595 1002.9445070202551 998.3220471606777 1007.1496429276621 1011.6165901166414 1018.0022869084747 1012.5404606743903 995.0751635137267 993.2317443742054 996.6660946712352 960.6656716824643 
S: 940285 995.1096968295585 997.4322620597626 992.2660284440665 1012.592378873755 1002.1901276952101 1010.7456342708152 999.8673468790626 995.9004482685692 992.4062495983121 991.5079982890595 1002.9445070202551 998.3220471606777 1007.1496429276621 1011.6165901166414 1018.0022869084747 1012.5404606743903 995.0751635137267 993.2317443742054 996.6660946712352 960.6656716824643 
H: 451282 2996.494809184073 2998.5786987461597 2950.188333297877 2950.53548568498 2830.375534796439 2936.385149734107 3031.253438711509 2983.6200539380598 2929.620382666371 2924.213392704111 2962.3123893584334 2980.001176064785 2982.6411201963756 3021.2485485061607 2999.753152361089 3061.6230419680574 2984.238531323075 2962.991194283294 2988.700452929018 2984.7566242147795 
S: 451282 2996.494809184073 2998.5786987461597 2950.188333297877 2950.5354856849794 2830.375534796439 2936.385149734107 3031.253438711509 2983.6200539380598 2929.620382666371 2924.213392704111 2962.3123893584334 2980.001176064785 2982.6411201963756 3021.2485485061607 2999.753152361089 3061.6230419680574 2984.238531323075 2962.991194283294 2988.700452929018 2984.7566242147795 
H: 451282 998.8316030613582 999.5262329153868 983.3961110992916 983.51182856166 943.4585115988134 978.7950499113693 1010.4178129038356 994.5400179793554 976.5401275554574 974.7377975680379 987.4374631194759 993.3337253549287 994.213706732127 1007.0828495020536 999.9177174536968 1020.5410139893525 994.7461771076928 987.6637314277644 996.2334843096713 994.9188747382599 
S: 451282 998.8316030613582 999.5262329153868 983.3961110992916 983.51182856166 943.4585115988134 978.7950499113693 1010.4178129038356 994.5400179793554 976.5401275554574 974.7377975680379 987.4374631194759 993.3337253549287 994.213706732127 1007.0828495020536 999.9177174536968 1020.5410139893525 994.7461771076928 987.6637314277644 996.2334843096713 994.9188747382599 
H: 973129 3097.7668978250163 3013.9164005009166 3015.827635027772 2976.1293847360457 2968.3376721468508 3004.2859171443943 2974.4438764348592 2953.0277925653827 2960.178948624116 2956.1804935546634 2920.466299735312 3019.1577956322926 3002.26737051257 3025.7494836895344 2946.0847082886276 3028.2161867637824 2928.755449247657 3013.9868139715627 3045.8277042057625 3064.38857725752 
S: 973129 3097.7668978250163 3013.9164005009166 3015.827635027772 2976.1293847360457 2968.3376721468508 3004.2859171443943 2974.4438764348592 2953.0277925653827 2960.178948624116 2956.1804935546634 2920.466299735312 3019.1577956322926 3002.26737051257 3025.7494836895344 2946.0847082886276 3028.2161867637824 2928.755449247657 3013.9868139715627 3045.8277042057625 3064.38857725752 
H: 973129 1032.588965941674 1004.6388001669726 1005.27587834259 992.0431282453482 989.4458907156164 1001.4286390481333 991.4812921449541 984.3425975217938 986.7263162080391 985.3934978515556 973.4887665784378 1006.3859318774324 1000.755790170858 1008.5831612298449 982.0282360962098 1009.4053955879269 976.2518164158867 1004.6622713238536 1015.275901401921 1021.4628590858406 
S: 973129 1032.588965941674 1004.6388001669726 1005.27587834259 992.0431282453482 989.4458907156164 1001.4286390481333 991.4812921449541 984.3425975217938 986.7263162080391 985.3934978515556 973.4887665784378 1006.3859318774324 1000.755790170858 1008.5831612298449 982.0282360962098 1009.4053955879269 976.2518164158867 1004.6622713238536 1015.275901401921 1021.4628590858406 
H: 356940 5919.379239807585 6044.2700196922 5968.890032389134 5888.311754870549 6000.348306138981 6046.402491996208 5956.076967224347 6003.984450290339 6052.078809806482 6089.292372720567 6011.560812781272 5952.246098718585 5928.868200513396 6000.1675434971385 6054.291265550089 5911.496775455821 6057.926478684474 5939.723635960708 5958.507149922492 5889.063592686043 
S: 356940 5919.379239807585 6044.2700196922 5968.890032389134 5888.311754870549 6000.348306138981 6046.402491996208 5956.076967224347 6003.984450290339 6052.078809806482 6089.292372720567 6011.560812781272 5952.246098718585 5928.868200513396 6000.1675434971385 6054.291265550089 5911.496775455821 6057.926478684474 5939.723635960708 5958.507149922492 5889.063592686043 
H: 356940 1973.1264132691915 2014.756673230733 1989.630010796378 1962.7705849568497 2000.1161020463248 2015.4674973320632 1985.3589890747826 2001.3281500967769 2017.359603268825 2029.7641242401837 2003.853604260425 1984.0820329061942 1976.28940017113 2000.0558478323799 2018.0970885166944 1970.4989251519362 2019.3088262281567 1979.9078786535688 1986.1690499741624 1963.0211975620093 
S: 356940 1973.1264132691915 2014.756673230733 1989.630010796378 1962.7705849568497 2000.1161020463248 2015.4674973320632 1985.3589890747826 2001.3281500967769 2017.359603268825 2029.7641242401837 2003.853604260425 1984.0820329061942 1976.28940017113 2000.0558478323799 2018.0970885166944 1970.4989251519362 2019.3088262281567 1979.9078786535688 1986.1690499741624 1963.0211975620093 
H: 739641 6065.490437556565 6018.843342409488 6033.90750777222 5949.3270811627335 5939.037109762452 5877.552026741322 6045.406680747317 5966.471493121519 6002.634856021245 6025.878351799172 5885.120653998848 6002.375350896211 5910.66859761067 6050.77382375907 6079.108292607616 5936.958201701885 5926.956417138005 6049.1702777899045 6014.7985875506 5979.951600642646 
S: 739641 6065.490437556565 6018.843342409488 6033.90750777222 5949.3270811627335 5939.037109762452 5877.552026741322 6045.406680747317 5966.471493121519 6002.634856021245 6025.878351799172 5885.120653998848 6002.375350896211 5910.66859761067 6050.77382375907 6079.108292607616 5936.958201701885 5926.956417138005 6049.1702777899045 6014.7985875506 5979.951600642646 
H: 739641 2021.8301458521867 2006.2811141364966 2011.302502590736 1983.1090270542436 1979.679036587482 1959.184008913775 2015.1355602491074 1988.8238310405095 2000.8782853404161 2008.6261172663903 1961.7068846662846 2000.7917836320682 1970.2228658702231 2016.9246079196864 2026.3694308692047 1978.9860672339628 1975.6521390460011 2016.3900925966393 2006.4227659824612 1993.3172002142123 
S: 739641 2021.8301458521867 2006.2811141364966 2011.302502590736 1983.1090270542436 1979.679036587482 1959.184008913775 2015.1355602491074 1988.8238310405095 2000.8782853404161 2008.6261172663903 1961.7068846662846 2000.7917836320682 1970.2228658702231 2016.9246079196864 2026.3694308692047 1978.9860672339628 1975.6521390460011 2016.3900925966393 2006.4227659824612 1993.3172002142123 
H: 120150 6046.149972453149 6083.274069990382 5967.665216644763 6013.939178807789 6035.810937886701 5959.469141585806 5878.995681842249 5898.227731585454 5983.842444609581 6010.911585194532 6007.175303107033 5962.204622818684 5995.836008745728 5928.706157895567 5987.675519317433 5851.655442163573 5992.85790233351 6050.0783141254415 5897.658796208137 5962.831189068233 
S: 120150 6046.149972453149 6083.274069990382 5967.665216644763 6013.939178807789 6035.810937886701 5959.469141585806 5878.995681842249 5898.227731585454 5983.842444609581 6010.911585194532 6007.175303107033 5962.204622818684 5995.836008745728 5928.706157895567 5987.675519317433 5851.655442163573 5992.85790233351 6050.0783141254415 5897.658796208137 5962.831189068233 
H: 120150 2015.3833241510533 2027.7580233301305 1989.2217388815889 2004.6463929359345 2011.9369792955713 1986.489713861937 1959.6652272807469 1966.0759105284867 1994.6141482031958 2003.637195064841 2002.3917677023483 1987.401540939562 1998.6120029152464 1976.2353859651848 1995.891839772481 1950.5518140545207 1997.6193007778365 2016.6927713751465 1965.88626540271 1987.61039635608 
S: 120150 2015.3833241510533 2027.7580233301305 1989.2217388815889 2004.6463929359345 2011.9369792955713 1986.489713861937 1959.6652272807469 1966.0759105284867 1994.6141482031958 2003.637195064841 2002.3917677023483 1987.401540939562 1998.6120029152464 1976.2353859651848 1995.891839772481 1950.5518140545207 1997.6193007778365 2016.6927713751465 1965.88626540271 1987.61039635608 
H: 900933 6005.786531711625 5995.117368501788 5920.14536236411 5958.162550812615 5916.206324890679 6010.783117359357 5962.442064113549 5819.715194111913 5992.035567322954 5845.290457060963 5923.452008723253 5982.426898574743 5985.438144110364 6005.687762252389 5960.093113707652 6013.616906240642 5907.295656146472 6044.193340736256 5946.0651494774065 6023.488881007536 
S: 900933 6005.786531711625 5995.117368501788 5920.14536236411 5958.162550812615 5916.206324890679 6010.783117359357 5962.442064113549 5819.715194111913 5992.035567322954 5845.290457060963 5923.452008723253 5982.426898574743 5985.438144110364 6005.687762252389 5960.093113707652 6013.616906240642 5907.295656146472 6044.193340736256 5946.0651494774065 6023.488881007536 
H: 900933 2001.9288439038755 1998.372456167266 1973.3817874547012 1986.0541836042078 1972.0687749635567 2003.5943724531191 1987.4806880378485 1939.9050647039687 1997.345189107649 1948.4301523536521 1974.4840029077513 1994.1422995249136 1995.1460480367855 2001.8959207507974 1986.697704569219 2004.5389687468853 1969.0985520488261 2014.7311135787497 1982.0217164924697 2007.8296270025116 
S: 900933 2001.9288439038755 1998.372456167266 1973.3817874547012 1986.0541836042078 1972.0687749635567 2003.5943724531191 1987.4806880378485 1939.9050647039687 1997.345189107649 1948.4301523536521 1974.4840029077513 1994.1422995249136 1995.1460480367855 2001.8959207507974 1986.697704569219 2004.5389687468853 1969.0985520488261 2014.7311135787497 1982.0217164924697 2007.8296270025116 
H: 328707 5990.2868524507 6006.711437773108 5874.099790352501 6077.069721257757 5991.038333739232 6001.633028524141 5868.669072210088 5998.218404391533 5990.997829440717 5914.5979513819875 5987.437352373915 5956.595429933889 5881.972483003867 5957.9847382726375 6009.14362626858 5896.7110511291285 5991.867094849506 6017.977362197305 5988.407479266534 5812.2005855501475 
S: 328707 5990.2868524507 6006.711437773108 5874.099790352501 6077.069721257757 5991.038333739232 6001.633028524141 5868.669072210088 5998.218404391538 5990.997829440717 5914.5979513819875 5987.437352373915 5956.595429933889 5881.972483003867 5957.9847382726375 6009.14362626858 5896.7110511291285 5991.867094849506 6017.977362197305 5988.407479266534 5812.2005855501475 
H: 328707 1996.762284150234 2002.2371459243657 1958.033263450834 2025.6899070859185 1997.01277791308 2000.5443428413814 1956.223024070028 1999.4061347971797 1996.9992764802384 1971.5326504606646 1995.8124507913046 1985.5318099779631 1960.657494334622 1985.9949127575464 2003.0478754228586 1965.570350376377 1997.2890316165074 2005.9924540657653 1996.1358264221797 1937.4001951833866 
S: 328707 1996.762284150234 2002.2371459243657 1958.033263450834 2025.6899070859185 1997.01277791308 2000.5443428413814 1956.223024070028 1999.4061347971797 1996.9992764802384 1971.5326504606646 1995.8124507913046 1985.5318099779631 1960.657494334622 1985.9949127575464 2003.0478754228586 1965.570350376377 1997.2890316165074 2005.9924540657653 1996.1358264221797 1937.4001951833866 
H: 953606 5964.242087868068 5881.299856573901 6015.099324507474 5936.286482510964 6042.854105452042 5846.560091485252 5968.972698457779 6027.005060187494 5894.350824576693 6022.000201250894 5951.619913088614 5940.789706009383 6006.039525892569 5957.139631363633 6066.10268468618 5951.794597333108 5957.628249864631 6028.1651345444725 6042.000578108277 6000.161010666084 
S: 953606 5964.242087868068 5881.299856573901 6015.099324507474 5936.286482510964 6042.854105452042 5846.560091485252 5968.972698457779 6027.005060187494 5894.350824576693 6022.000201250894 5951.619913088614 5940.789706009383 6006.039525892569 5957.139631363633 6066.10268468618 5951.794597333108 5957.628249864631 6028.1651345444725 6042.000578108277 6000.161010666084 
H: 953606 1988.0806959560193 1960.4332855246355 2005.0331081691602 1978.762160836993 2014.2847018173463 1948.8533638284173 1989.657566152591 2009.0016867291697 1964.7836081922312 2007.333400416961 1983.8733043628743 1980.2632353364636 2002.0131752975233 1985.739720970916 2022.0342282287268 1983.9315324443705 1985.8760832882108 2009.3883781814934 2014.0001927027608 2000.0536702220318 
S: 953606 1988.0806959560193 1960.4332855246355 2005.0331081691602 1978.762160836993 2014.2847018173463 1948.8533638284173 1989.657566152591 2009.0016867291697 1964.7836081922312 2007.333400416961 1983.8733043628743 1980.2632353364636 2002.0131752975233 1985.739720970916 2022.0342282287268 1983.9315324443705 1985.8760832882108 2009.3883781814934 2014.0001927027608 2000.0536702220318 
H: 618299 5978.242825461225 6057.047263930798 5925.391474178595 6040.744887838267 6107.4580895951385 5961.723680857934 6048.227074142083 5975.954401295713 6011.7682860911655 6053.715999834953 5927.860663243392 6024.608255097017 5964.517139426829 5943.120207761866 5988.052048222044 5997.523773206192 6008.5626701721385 6006.501970678263 5955.286529327844 6080.836469079299 
S: 618299 5978.242825461225 6057.047263930798 5925.391474178595 6040.744887838267 6107.4580895951385 5961.723680857934 6048.227074142083 5975.954401295713 6011.7682860911655 6053.715999834953 5927.860663243392 6024.608255097017 5964.517139426829 5943.120207761866 5988.052048222044 5997.523773206192 6008.5626701721385 6006.501970678263 5955.286529327844 6080.836469079299 
H: 618299 1992.7476084870764 2019.0157546436017 1975.1304913928673 2013.5816292794275 2035.819363198383 1987.2412269526437 2016.075691380694 1991.9848004319035 2003.9227620303884 2017.9053332783155 1975.9535544144683 2008.2027516990029 1988.1723798089413 1981.040069253959 1996.0173494073508 1999.1745910687341 2002.8542233907183 2002.167323559418 1985.0955097759493 2026.9454896931002 
S: 618299 1992.7476084870764 2019.0157546436017 1975.1304913928673 2013.5816292794275 2035.819363198383 1987.2412269526437 2016.075691380694 1991.9848004319035 2003.9227620303884 2017.9053332783155 1975.9535544144683 2008.2027516990029 1988.1723798089413 1981.040069253959 1996.0173494073508 1999.1745910687341 2002.8542233907183 2002.167323559418 1985.0955097759493 2026.9454896931002 
H: 843425 6012.934030462749 5813.331504059052 6037.926840597144 5972.821618013234 6012.94928304508 6020.818982320885 6079.5125060604705 6055.233892643026 5907.5560200932405 6132.359029253761 5936.697705542741 5969.954665229959 5983.742265839672 5896.9286485986295 5883.997550925932 5962.60692392839 5974.8687348201465 5921.6688251748965 6045.94196665603 5967.723886828883 
S: 843425 6012.934030462749 5813.331504059052 6037.926840597144 5972.821618013234 6012.94928304508 6020.818982320885 6079.5125060604705 6055.233892643028 5907.5560200932405 6132.359029253761 5936.697705542741 5969.954665229959 5983.742265839672 5896.9286485986295 5883.997550925932 5962.60692392839 5974.8687348201465 5921.6688251748965 6045.94196665603 5967.723886828883 
H: 843425 2004.4225588854624 1937.7771680196797 2012.642280199042 1990.9405393377479 2004.3164276816951 2006.93966077363 2026.5041686868233 2018.411297547675 1969.1853400310797 2044.1196764179217 1978.8992351809168 1989.9848884099833 1994.5807552798913 1965.6428828662124 1961.3325169753066 1987.5356413094642 1991.6229116067154 1973.889608391633 2015.313988885344 1989.2412956096282 
S: 843425 2004.4225588854624 1937.7771680196797 2012.642280199042 1990.9405393377479 2004.3164276816951 2006.93966077363 2026.5041686868233 2018.411297547675 1969.1853400310797 2044.1196764179217 1978.8992351809168 1989.9848884099833 1994.5807552798913 1965.6428828662124 1961.3325169753066 1987.5356413094642 1991.6229116067154 1973.889608391633 2015.313988885344 1989.2412956096282 
H: 19712 5877.348009555996 6049.535390706729 5912.7699596680095 6021.7280490356825 5919.446158686303 6019.0879237061 5920.583191703489 5950.013985399211 6104.050788110638 5927.837837140369 5986.038176967719 5884.716458970068 5967.288787215364 6015.1825308278685 6066.494975842624 5924.653838379868 5854.985576399847 6003.25146282466 5921.216921705898 6060.016359388227 
S: 19712 5877.348009555996 6049.535390706729 5912.7699596680095 6021.7280490356825 5919.446158686303 6019.0879237061 5920.583191703489 5950.013985399211 6104.050788110638 5927.837837140369 5986.038176967719 5884.716458970068 5967.288787215364 6015.1825308278685 6066.494975842624 5924.653838379868 5854.985576399847 6003.25146282466 5921.216921705898 6060.016359388227 
H: 19712 1959.116003185332 2016.5117969022442 1970.9233198893353 2007.2426830118932 1973.1487195621041 2006.3626412353642 1973.527730567829 1983.3379951330726 2034.6835960368765 1975.945945713456 1995.346058989238 1961.5721529900204 1989.0962624051206 2005.0608436092878 2022.1649919475399 1974.8846127932893 1951.6618587999474 2001.083820941552 1973.7389739019675 2020.0054531294072 
S: 19712 1959.116003185332 2016.5117969022442 1970.9233198893353 2007.2426830118932 1973.1487195621041 2006.3626412353642 1973.527730567829 1983.3379951330726 2034.6835960368765 1975.945945713456 1995.346058989238 1961.5721529900204 1989.0962624051206 2005.0608436092878 2022.1649919475399 1974.8846127932893 1951.6618587999474 2001.083820941552 1973.7389739019675 2020.0054531294072 
H: 872332 5980.149414605113 6036.591967747836 5984.413569495706 5986.344683184398 6071.482728401926 5963.510054768463 5934.51572261448 6032.3336105769 5989.398536236271 6038.337262999631 6055.7401564171805 5948.521117299288 6060.943588470789 6005.506182652656 5934.6718319411675 5910.4083119571505 6000.9358376069 5953.606742699878 6044.287916988248 6015.406545968136 
S: 872332 5980.149414605113 6036.591967747836 5984.413569495706 5986.344683184398 6071.482728401926 5963.510054768463 5934.51572261448 6032.3336105769 5989.398536236271 6038.337262999631 6055.7401564171805 5948.521117299288 6060.943588470789 6005.506182652656 5934.6718319411675 5910.4083119571505 6000.9358376069 5953.606742699878 6044.287916988248 6015.406545968136 
H: 872332 1993.3831382017063 2012.1973225826116 1994.8045231652359 1995.4482277281356 2023.8275761339755 1987.8366849228203 1978.1719075381577 2010.7778701923003 1996.466178745423 2012.779087666545 2018.5800521390574 1982.8403724331004 2020.3145294902652 2001.835394217552 1978.223943980392 1970.1361039857156 2000.3119458689678 1984.535580899958 2014.762638996088 2005.1355153227144 
S: 872332 1993.3831382017063 2012.1973225826116 1994.8045231652359 1995.4482277281356 2023.8275761339755 1987.8366849228203 1978.1719075381577 2010.7778701923003 1996.466178745423 2012.779087666545 2018.5800521390574 1982.8403724331004 2020.3145294902652 2001.835394217552 1978.223943980392 1970.1361039857156 2000.3119458689678 1984.535580899958 2014.762638996088 2005.1355153227144 
H: 920828 6012.868500288419 5926.580542673941 5925.19564527972 5976.836841574627 5996.5746605860295 5915.942568686603 6129.4731392447065 5954.610912741006 5976.533605297041 5971.565367627853 5944.973136661781 6033.9437648863295 6009.187052272807 6036.754133556761 6042.151144294492 6003.062517619948 6170.331415363022 6012.753120954636 6063.513079280445 5936.0535766598405 
S: 920828 6012.868500288419 5926.580542673941 5925.19564527972 5976.836841574627 5996.5746605860295 5915.942568686603 6129.473139244708 5954.610912741006 5976.533605297041 5971.565367627853 5944.973136661781 6033.9437648863295 6009.187052272807 6036.754133556761 6042.151144294492 6003.062517619948 6170.331415363022 6012.753120954636 6063.513079280445 5936.0535766598405 
H: 920828 2004.2895000961385 1975.526847557987 1975.0652150932385 1992.2789471915444 1998.8582201953445 1971.9808562288686 2043.1577130815674 1984.8703042470008 1992.177868432348 1990.5217892092803 1981.6577122205924 2011.3145882954464 2003.0623507576008 2012.2513778522552 2014.0503814314986 2001.0208392066506 2056.7771384543403 2004.2510403182089 2021.36321478815 1978.6845255532794 
S: 920828 2004.2895000961385 1975.526847557987 1975.0652150932385 1992.2789471915444 1998.8582201953445 1971.9808562288686 2043.1577130815674 1984.8703042470008 1992.177868432348 1990.5217892092803 1981.6577122205924 2011.3145882954464 2003.0623507576008 2012.2513778522552 2014.0503814314986 2001.0208392066506 2056.7771384543403 2004.2510403182089 2021.36321478815 1978.6845255532794 
H: 111676 5914.127415644209 5962.587461701032 5945.926833587161 6086.053945259156 5921.008422372696 5967.2189628440365 5963.14187897171 6037.534726094179 6015.721721093467 5955.727799892354 6002.119251542152 6030.563142139113 5968.14482314678 6060.225472785639 6010.692570286191 5977.961906391336 5994.623259678362 5952.167982130557 6107.445552231171 5986.887411196487 
S: 111676 5914.127415644209 5962.587461701032 5945.926833587161 6086.053945259156 5921.008422372696 5967.2189628440365 5963.14187897171 6037.534726094179 6015.721721093467 5955.727799892354 6002.119251542152 6030.563142139113 5968.14482314678 6060.225472785639 6010.692570286191 5977.961906391336 5994.623259678362 5952.167982130557 6107.445552231171 5986.887411196487 
H: 111676 1971.3758052147355 1987.5291539003463 1981.9756111957233 2028.684648419722 1973.6694741242336 1989.0729876146802 1987.713959657237 2012.5115753647249 2005.2405736978237 1985.2425999641177 2000.706417180713 2010.187714046366 1989.3816077155934 2020.075157595214 2003.5641900954006 1992.6539687971149 1998.207753226121 1984.0559940435169 2035.815184077058 1995.6291370654958 
S: 111676 1971.3758052147355 1987.5291539003463 1981.9756111957233 2028.684648419722 1973.6694741242336 1989.0729876146802 1987.713959657237 2012.5115753647249 2005.2405736978237 1985.2425999641177 2000.706417180713 2010.187714046366 1989.3816077155934 2020.075157595214 2003.5641900954006 1992.6539687971149 1998.207753226121 1984.0559940435169 2035.815184077058 1995.6291370654958 
H: 794213 5936.679255277569 5947.916829472439 5979.758082098626 6046.0506773952375 5966.6183658809605 6042.235803054386 6010.399339517399 6039.662337187338 6045.958508529597 5986.297563195106 5955.2613292759015 5977.995059001753 6120.799280532949 5998.205181232802 6081.146728722514 5939.625720713382 6077.195287927808 5961.177933789263 6041.821538430141 6011.544495249879 
S: 794213 5936.679255277569 5947.916829472439 5979.758082098626 6046.0506773952375 5966.6183658809605 6042.235803054386 6010.399339517399 6039.662337187338 6045.958508529597 5986.297563195106 5955.2613292759015 5977.995059001753 6120.799280532949 5998.205181232802 6081.146728722514 5939.625720713382 6077.195287927808 5961.177933789263 6041.821538430141 6011.544495249879 
H: 794213 1978.8930850925171 1982.6389431574817 1993.2526940328773 2015.3502257984157 1988.8727886269849 2014.07860101813 2003.466446505795 2013.2207790624427 2015.319502843199 1995.4325210650343 1985.0871097586346 1992.6650196672554 2040.2664268443148 1999.401727077603 2027.0489095741739 1979.8752402377945 2025.7317626426063 1987.0593112630881 2013.9405128100495 2003.8481650832946 
S: 794213 1978.8930850925171 1982.6389431574817 1993.2526940328773 2015.3502257984157 1988.8727886269849 2014.07860101813 2003.466446505795 2013.2207790624427 2015.319502843199 1995.4325210650343 1985.0871097586346 1992.6650196672554 2040.2664268443148 1999.401727077603 2027.0489095741739 1979.8752402377945 2025.7317626426063 1987.0593112630881 2013.9405128100495 2003.8481650832946 
H: 87425 6033.9928574253845 5870.3048546480895 6004.742297334845 5968.9225681460675 5966.8870461538945 5861.077252045752 5968.108271982066 6164.942500686885 5943.19406136024 5948.17172475988 6102.980984653129 5961.354646825904 5936.558139160337 6010.807635972022 6015.522094616632 6057.661576033487 5887.470397965254 5968.611821178202 6038.736921275774 5926.827855830456 
S: 87425 6033.9928574253845 5870.3048546480895 6004.742297334845 5968.9225681460675 5966.8870461538945 5861.077252045752 5968.108271982066 6164.942500686885 5943.19406136024 5948.17172475988 6102.980984653129 5961.354646825904 5936.5581391603355 6010.807635972022 6015.522094616632 6057.661576033487 5887.470397965254 5968.611821178202 6038.736921275774 5926.827855830456 
H: 87425 2011.330952475133 1956.7682848826973 2001.5807657782852 1989.6408560486911 1988.9623487179663 1953.6924173485877 1989.369423994022 2055.3089865917873 1981.0646871200813 1982.72390825329 2034.326994884383 1987.1182156086386 1978.8527130534433 2003.6025453240084 2005.1740315388754 2019.7522442386423 1962.4901326550896 1989.5372737260664 2012.9123070919231 1975.60928527682 
S: 87425 2011.330952475133 1956.7682848826973 2001.5807657782852 1989.6408560486911 1988.9623487179663 1953.6924173485877 1989.369423994022 2055.3089865917873 1981.0646871200813 1982.72390825329 2034.326994884383 1987.1182156086386 1978.8527130534433 2003.6025453240084 2005.1740315388754 2019.7522442386423 1962.4901326550896 1989.5372737260664 2012.9123070919231 1975.60928527682 
H: 130085 5852.152274392756 6073.457207327303 5932.892000388716 5943.824747539164 6019.613192160099 6008.712119722845 6032.161194338342 6068.023981462417 6002.7254139430415 6068.2970655159515 5977.759869858981 6058.596269362844 6025.576264489345 6031.808644112805 6077.184976668588 5901.564189114317 6104.639322542655 6037.352078575125 5933.234022063392 6016.370186380373 
S: 130085 5852.152274392756 6073.457207327303 5932.892000388716 5943.824747539164 6019.613192160099 6008.712119722845 6032.161194338342 6068.023981462417 6002.7254139430415 6068.2970655159515 5977.759869858981 6058.596269362844 6025.576264489345 6031.808644112805 6077.184976668588 5901.564189114317 6104.639322542655 6037.352078575125 5933.234022063392 6016.370186380373 
H: 130085 1950.7174247975843 2024.485735775767 1977.6306667962392 1981.2749158463855 2006.5377307200354 2002.9040399076152 2010.72039811278 2022.6746604874731 2000.9084713143457 2022.7656885053157 1992.5866232863268 2019.5320897876175 2008.5254214964525 2010.602881370935 2025.728325556198 1967.1880630381047 2034.8797741808814 2012.4506928583726 1977.7446740211292 2005.456728793458 
S: 130085 1950.7174247975843 2024.485735775767 1977.6306667962392 1981.2749158463855 2006.5377307200354 2002.9040399076152 2010.72039811278 2022.6746604874731 2000.9084713143457 2022.7656885053157 1992.5866232863268 2019.5320897876175 2008.5254214964525 2010.602881370935 2025.728325556198 1967.1880630381047 2034.8797741808814 2012.4506928583726 1977.7446740211292 2005.456728793458 
H: 220400 5977.535679641545 5980.0950328170065 5979.659568959514 5995.450948301319 5977.500089576739 5992.5608098488965 6052.86821650124 5950.342918203232 5968.700427141485 5932.486699147951 5958.551304386628 5982.006179698897 5938.825348421094 5940.693712778987 6001.258534515548 6036.626105591526 5916.347656896589 5974.956145025744 6010.410380407063 5993.73921844452 
S: 220400 5977.535679641545 5980.0950328170065 5979.659568959514 5995.450948301319 5977.500089576739 5992.5608098488965 6052.86821650124 5950.342918203232 5968.700427141485 5932.486699147951 5958.551304386628 5982.006179698897 5938.825348421094 5940.693712778987 6001.258534515548 6036.626105591526 5916.347656896589 5974.956145025744 6010.410380407063 5993.73921844452 
H: 220400 1992.5118932138512 1993.3650109390023 1993.219856319835 1998.4836494337735 1992.5000298589182 1997.520269949636 2017.6227388337495 1983.4476394010799 1989.566809047163 1977.49556638265 1986.1837681288769 1994.0020598996311 1979.6084494736929 1980.2312375929978 2000.4195115051823 2012.2087018638392 1972.1158856321954 1991.6520483419129 2003.4701268023518 1998.7563554176345 
S: 220400 1992.5118932138512 1993.3650109390023 1993.219856319835 1998.4836494337735 1992.5000298589182 1997.520269949636 2017.6227388337495 1983.4476394010799 1989.566809047163 1977.49556638265 1986.1837681288769 1994.0020598996311 1979.6084494736929 1980.2312375929978 2000.4195115051823 2012.2087018638392 1972.1158856321954 1991.6520483419129 2003.4701268023518 1998.7563554176345 
H: 423026 6000.488938764414 5987.22886323336 5908.605300076662 5910.732071638663 6002.907610257067 5990.17011331583 6080.7261520985785 5890.097986348223 6090.020675504127 6069.562839433222 5962.366397368851 6041.678750262712 5941.881465932639 6084.41984944609 5941.801988038803 5957.817931766906 5985.777280726324 6021.014046910717 6064.312253656347 5958.1080760578125 
S: 423026 6000.488938764414 5987.22886323336 5908.605300076662 5910.732071638663 6002.907610257067 5990.17011331583 6080.7261520985785 5890.097986348223 6090.020675504127 6069.562839433222 5962.366397368851 6041.678750262712 5941.881465932639 6084.41984944609 5941.801988038803 5957.817931766906 5985.777280726324 6021.014046910717 6064.312253656347 5958.108076057813 
H: 423026 2000.1629795881406 1995.7429544111217 1969.535100025555 1970.244023879554 2000.9692034190234 1996.7233711052747 2026.9087173661926 1963.3659954494087 2030.006891834708 2023.1876131444092 1987.4554657896176 2013.8929167542374 1980.6271553108825 2028.139949815363 1980.600662679603 1985.9393105889671 1995.2590935754388 2007.0046823035736 2021.4374178854532 1986.036025352605 
S: 423026 2000.1629795881406 1995.7429544111217 1969.535100025555 1970.244023879554 2000.9692034190234 1996.7233711052747 2026.9087173661926 1963.3659954494087 2030.006891834708 2023.1876131444092 1987.4554657896176 2013.8929167542374 1980.6271553108825 2028.139949815363 1980.600662679603 1985.9393105889671 1995.2590935754388 2007.0046823035736 2021.4374178854532 1986.036025352605 
H: 967360 6088.3702241389865 5987.643321595431 6040.0957529428 5961.831231896989 6007.489681476837 6017.658776826209 6038.4338011608825 6104.730490706328 5926.812006263259 5885.318031990937 5983.60202648236 5913.656374481031 5993.508883421922 6052.39872024498 6026.246475089828 6058.474034800545 5997.588882230505 5927.960466617802 5922.276217303822 6034.364747265124 
S: 967360 6088.3702241389865 5987.643321595431 6040.0957529428 5961.831231896989 6007.489681476837 6017.658776826209 6038.4338011608825 6104.730490706328 5926.812006263259 5885.318031990937 5983.60202648236 5913.656374481031 5993.508883421922 6052.39872024498 6026.246475089828 6058.474034800545 5997.588882230505 5927.960466617802 5922.276217303822 6034.364747265124 
H: 967360 2029.456741379664 1995.8811071984776 2013.365250980931 1987.2770772989948 2002.4965604922788 2005.8862589420726 2012.8112670536264 2034.9101635687775 1975.6040020877522 1961.772677330307 1994.5340088274518 1971.218791493676 1997.836294473974 2017.466240081663 2008.7488250299423 2019.4913449335165 1999.196294076836 1975.986822205934 1974.0920724346065 2011.4549157550427 
S: 967360 2029.456741379664 1995.8811071984776 2013.365250980931 1987.2770772989948 2002.4965604922788 2005.8862589420726 2012.8112670536264 2034.9101635687775 1975.6040020877522 1961.772677330307 1994.5340088274518 1971.218791493676 1997.836294473974 2017.466240081663 2008.7488250299423 2019.4913449335165 1999.196294076836 1975.986822205934 1974.0920724346065 2011.4549157550427 
H: 384621 6081.850273376238 5935.123640333469 6035.455851267256 6047.824322118445 6001.366960661293 5957.364018836105 5993.283742323969 5951.63208926051 5953.8346967268235 5985.272985326108 6072.641373244241 6003.23974524066 6003.028575140253 5906.725337411262 5983.613143953372 6005.131823096976 6009.632770226884 5951.864624735055 6008.778439026576 6020.950936703039 
S: 384621 6081.850273376238 5935.123640333469 6035.455851267256 6047.824322118445 6001.366960661293 5957.364018836105 5993.283742323969 5951.63208926051 5953.8346967268235 5985.272985326108 6072.641373244241 6003.23974524066 6003.028575140253 5906.725337411262 5983.613143953372 6005.131823096976 6009.632770226883 5951.864624735055 6008.778439026576 6020.950936703039 
H: 384621 2027.2834244587477 1978.374546777825 2011.8186170890901 2015.9414407061497 2000.4556535537702 1985.9496142305545 1997.800265437445 1984.4018953410568 1984.6115655756082 1995.0909951087049 2024.2137910814156 2001.079915080222 2001.0095250467518 1968.9084458037537 1994.5377146511235 2001.7106076989924 2003.2109234089628 1983.9548749116839 2002.92614634219 2006.9836455676766 
S: 384621 2027.2834244587477 1978.374546777825 2011.8186170890901 2015.9414407061497 2000.4556535537702 1985.9496142305545 1997.800265437445 1984.4018953410568 1984.6115655756082 1995.0909951087049 2024.2137910814156 2001.079915080222 2001.0095250467518 1968.9084458037537 1994.5377146511235 2001.7106076989924 2003.2109234089628 1983.9548749116839 2002.92614634219 2006.9836455676766 
H: 810084 5952.850705855018 5969.601527527654 6038.227478434909 5937.108202548162 5895.647731616894 6077.929775456374 5946.081935678765 5987.2075678189085 6065.138640951487 5942.206634127383 6029.499557802634 5922.081564357555 6003.894311523949 6008.316802112134 5987.173003030407 5932.485165209264 5979.473783981915 5953.4658289222125 5911.240198118873 5936.57719014957 
S: 810084 5952.850705855018 5969.601527527654 6038.227478434909 5937.108202548162 5895.647731616894 6077.929775456374 5946.081935678765 5987.2075678189085 6065.138640951487 5942.206634127383 6029.499557802634 5922.081564357555 6003.894311523949 6008.316802112134 5987.173003030407 5932.485165209264 5979.473783981915 5953.4658289222125 5911.240198118873 5936.577190149571 
H: 810084 1984.283568618341 1989.867175842558 2012.7424928116402 1979.0360675160528 1965.2159105389621 2025.9765918187957 1982.0273118929215 1995.7358559396355 2021.7128803171659 1980.735544709129 2009.8331859342109 1974.0271881191843 2001.2981038413175 2002.772267370708 1995.7243343434675 1977.4950550697506 1993.1579279939733 1984.4886096407386 1970.4133993729602 1978.8590633831911 
S: 810084 1984.283568618341 1989.867175842558 2012.7424928116402 1979.0360675160528 1965.2159105389621 2025.9765918187957 1982.0273118929215 1995.7358559396355 2021.7128803171659 1980.735544709129 2009.8331859342109 1974.0271881191843 2001.2981038413175 2002.772267370708 1995.7243343434675 1977.4950550697506 1993.1579279939733 1984.4886096407386 1970.4133993729602 1978.8590633831911 
H: 899273 5989.289304533506 5985.884936628151 6041.476600033666 5961.592326006881 5979.360631863991 5925.6867620843 6002.760752836827 5924.520222934051 5977.218911624828 6095.220980496536 6042.823438158814 5986.169058768484 5954.759293605117 5984.144640934604 6089.840675997538 5987.579610207813 5952.321459974747 5996.740319616965 5824.192768895986 6024.886969911831 
S: 899273 5989.289304533506 5985.884936628151 6041.476600033666 5961.592326006881 5979.360631863991 5925.6867620843 6002.760752836827 5924.520222934051 5977.218911624828 6095.220980496536 6042.823438158814 5986.169058768484 5954.759293605117 5984.144640934604 6089.840675997538 5987.579610207813 5952.321459974747 5996.740319616965 5824.192768895986 6024.886969911831 
H: 899273 1996.4297681778348 1995.2949788760495 2013.8255333445522 1987.1974420022902 1993.1202106213284 1975.228920694768 2000.9202509456102 1974.8400743113514 1992.406303874945 2031.7403268321793 2014.2744793862694 1995.389686256161 1984.91976453504 1994.7148803115317 2029.9468919991778 1995.8598700692721 1984.1071533249144 1998.913439872322 1941.3975896319985 2008.295656637277 
S: 899273 1996.4297681778348 1995.2949788760495 2013.8255333445522 1987.1974420022902 1993.1202106213284 1975.228920694768 2000.9202509456102 1974.8400743113514 1992.406303874945 2031.7403268321793 2014.2744793862694 1995.389686256161 1984.91976453504 1994.7148803115317 2029.9468919991778 1995.8598700692721 1984.1071533249144 1998.913439872322 1941.3975896319985 2008.295656637277 
H: 617184 6044.753257418925 5961.9972188309275 5987.473511066455 6095.931287285853 6006.022090575145 6057.428240734896 5928.257267024108 5992.48592083869 5922.385906925194 5988.043761319253 5970.3374510797175 6010.321414051503 5917.227963582021 5978.9986248389705 5999.241246114714 5961.220308007774 6116.752417300069 5957.579947644134 5913.685601696006 5994.140194419502 
S: 617184 6044.753257418925 5961.9972188309275 5987.473511066455 6095.931287285853 6006.022090575145 6057.428240734896 5928.257267024108 5992.48592083869 5922.385906925194 5988.043761319253 5970.3374510797175 6010.321414051503 5917.227963582021 5978.9986248389705 5999.241246114714 5961.220308007774 6116.752417300069 5957.579947644134 5913.685601696006 5994.140194419502 
H: 617184 2014.917752472976 1987.332406276981 1995.8245036888163 2031.977095761951 2002.0073635250455 2019.1427469116315 1976.6453804200544 1997.495306946236 1974.1286356417306 1996.0145871064126 1990.112483693242 2003.4404713505012 1972.409321194006 1992.9995416129943 1999.7470820382364 1987.0734360025917 2038.9174724333611 1985.8599825480474 1971.2285338986703 1998.0467314731643 
S: 617184 2014.917752472976 1987.332406276981 1995.8245036888163 2031.977095761951 2002.0073635250455 2019.1427469116315 1976.6453804200544 1997.495306946236 1974.1286356417306 1996.0145871064126 1990.112483693242 2003.4404713505012 1972.409321194006 1992.9995416129943 1999.7470820382364 1987.0734360025917 2038.9174724333611 1985.8599825480474 1971.2285338986703 1998.0467314731643 
H: 269909 5891.7995555204425 5942.939085229274 6100.440414264959 6028.093808979811 6011.861924566085 5968.726913639454 6005.936645831538 5940.359159891113 5996.938912653872 6010.045546639779 6023.671267239789 6014.270964536293 5929.675893236505 5971.822933877504 5956.436074860547 6001.042628318169 5861.138063917923 5941.313968681163 5925.277450656166 5863.411209478881 
S: 269909 5891.7995555204425 5942.939085229274 6100.440414264959 6028.093808979811 6011.861924566085 5968.726913639454 6005.936645831538 5940.359159891113 5996.938912653872 6010.045546639779 6023.671267239789 6014.270964536293 5929.675893236505 5971.822933877504 5956.436074860547 6001.042628318169 5861.138063917923 5941.313968681163 5925.277450656166 5863.411209478881 
H: 269909 1963.9331851734803 1980.979695076425 2033.4801380883198 2009.3646029932718 2003.953974855365 1989.5756378798199 2001.9788819438463 1980.119719963705 1998.979637551293 2003.348515546592 2007.8904224132637 2004.7569881787665 1976.5586310788358 1990.6076446258373 1985.4786916201797 2000.3475427727271 1953.7126879726432 1980.437989560389 1975.092483552058 1954.4704031596289 
S: 269909 1963.9331851734803 1980.979695076425 2033.4801380883198 2009.3646029932718 2003.953974855365 1989.5756378798199 2001.9788819438463 1980.119719963705 1998.979637551293 2003.348515546592 2007.8904224132637 2004.7569881787665 1976.5586310788358 1990.6076446258373 1985.4786916201797 2000.3475427727271 1953.7126879726432 1980.437989560389 1975.092483552058 1954.4704031596289 
H: 298809 6036.4433970136215 5890.122909926453 5924.481769176607 5817.984459619848 5971.561598204669 5980.909193447053 6004.5699547026925 5987.792709277577 6020.466099055973 6001.256746387798 6059.928903637891 6036.390168647032 6082.211605065111 6012.167927586428 6005.071885066795 6020.005269693294 6084.318008888493 6030.185948475901 6067.940861287937 6028.41101191371 
S: 298809 6036.4433970136215 5890.122909926453 5924.481769176607 5817.984459619848 5971.57978568654 5980.909193447053 6004.5699547026925 5987.792709277577 6020.466099055973 6001.256746387798 6059.928903637891 6036.390168647032 6082.211605065111 6012.167927586428 6005.071885066795 6020.005269693294 6084.318008888493 6030.185948475901 6067.940861287937 6028.41101191371 
H: 298809 2012.1477990045432 1963.3743033088163 1974.8272563922033 1939.3281532066214 1990.5205327348926 1993.6363978156878 2001.5233182342251 1995.9309030925292 2006.8220330186577 2000.4189154626054 2019.976301212632 2012.130056215673 2027.4038683550355 2004.0559758621416 2001.6906283555984 2006.6684232310972 2028.1060029628297 2010.0619828253045 2022.6469537626492 2009.926226567145 
S: 298809 2012.1477990045432 1963.3743033088163 1974.8272563922033 1939.3281532066214 1990.5205327348926 1993.6363978156878 2001.5233182342251 1995.9309030925292 2006.8220330186577 2000.4189154626054 2019.976301212632 2012.130056215673 2027.4038683550355 2004.0559758621416 2001.6906283555984 2006.6684232310972 2028.1060029628297 2010.0619828253045 2022.6469537626492 2009.926226567145 
H: 912762 5939.169871365385 5941.281512965204 6007.326207722356 5853.736469231621 5984.888123578022 5969.1707028286855 5889.2763207169055 5966.44900105631 5945.3401005989635 6091.815311440458 5967.145733834936 6034.267635962115 6052.674924097072 6010.813443311592 5929.220660119015 5995.367813767581 6009.388979830387 6007.787614958603 6044.326149572611 6071.594543367393 
S: 912762 5939.169871365385 5941.281512965204 6007.326207722356 5853.736469231621 5984.888123578022 5969.1707028286855 5889.2763207169055 5966.44900105631 5945.3401005989635 6091.815311440458 5967.145733834936 6034.267635962115 6052.674924097072 6010.813443311592 5929.220660119015 5995.367813767581 6009.388979830387 6007.787614958603 6044.326149572611 6071.594543367393 
H: 912762 1979.723290455132 1980.427170988402 2002.4420692407853 1951.2454897438745 1994.9627078593373 1989.7235676095593 1963.092106905639 1988.816333685439 1981.780033532986 2030.6051038134865 1989.048577944976 2011.4225453207043 2017.5583080323597 2003.6044811038612 1976.4068867063338 1998.4559379225257 2003.1296599434631 2002.5958716528705 2014.7753831908676 2023.8648477891343 
S: 912762 1979.723290455132 1980.427170988402 2002.4420692407853 1951.2454897438745 1994.9627078593373 1989.7235676095593 1963.092106905639 1988.816333685439 1981.780033532986 2030.6051038134865 1989.048577944976 2011.4225453207043 2017.5583080323597 2003.6044811038612 1976.4068867063338 1998.4559379225257 2003.1296599434631 2002.5958716528705 2014.7753831908676 2023.8648477891343 
H: 597528 6005.293275100068 6040.53583913017 5931.077055632372 5983.272701919467 6119.9302659961995 6028.090303254646 5958.242769121919 5993.638186077051 6094.218168082451 5943.973759530328 5953.989668776965 5878.380703774723 6013.195796038389 6025.0529150530865 6020.895233570145 5919.932571101491 5919.694239551623 5940.623775191665 5969.123945029976 5970.325185464005 
S: 597528 6005.293275100068 6040.53583913017 5931.077055632373 5983.272701919467 6119.9302659961995 6028.090303254646 5958.242769121919 5993.638186077051 6094.218168082451 5943.973759530328 5953.989668776965 5878.380703774723 6013.195796038389 6025.0529150530865 6020.895233570145 5919.932571101491 5919.694239551623 5940.623775191665 5969.123945029976 5970.325185464005 
H: 597528 2001.7644250333556 2013.5119463767242 1977.025685210796 1994.4242339731622 2039.9767553320685 2009.3634344182137 1986.0809230406428 1997.8793953590193 2031.406056027482 1981.3245865101087 1984.6632229256527 1959.4602345915766 2004.3985986794667 2008.3509716843605 2006.9650778567175 1973.3108570338363 1973.231413183878 1980.2079250638894 1989.7079816766607 1990.108395154671 
S: 597528 2001.7644250333556 2013.5119463767242 1977.025685210796 1994.4242339731622 2039.9767553320685 2009.3634344182137 1986.0809230406428 1997.8793953590193 2031.406056027482 1981.3245865101087 1984.6632229256527 1959.4602345915766 2004.3985986794667 2008.3509716843605 2006.9650778567175 1973.3108570338363 1973.231413183878 1980.2079250638894 1989.7079816766607 1990.108395154671 
H: 321003 5947.489110912782 6015.83184911355 5993.005413775158 6011.360645295324 5958.5563503846815 5943.025414692647 5966.905175075908 6088.993928620222 6021.644292256017 5878.002789189631 5951.631982482187 5978.928143907856 5993.148910408437 5943.466511773235 6136.021511196506 5795.170063713154 6057.400610494391 5978.175392749121 5914.038710313876 6025.630243654734 
S: 321003 5947.489110912782 6015.83184911355 5993.005413775158 6011.360645295324 5958.5563503846815 5943.025414692647 5966.905175075908 6088.993928620222 6021.644292256017 5878.002789189631 5951.631982482187 5978.928143907856 5993.148910408437 5943.466511773235 6136.021511196506 5795.170063713154 6057.400610494391 5978.175392749121 5914.038710313876 6025.630243654734 
H: 321003 1982.4963703042579 2005.2772830378483 1998.2914407058656 2003.7868817651076 1986.1854501282298 1981.0084715642183 1988.96839169197 2029.6646428734089 2007.2147640853402 1959.334263063208 1983.8773274940636 1992.9760479692866 1997.7163034694806 1981.1555039244145 2046.2073789938092 1931.72335457105 2019.1335368314633 1992.7251309163762 1971.3462367712914 2008.543414551577 
S: 321003 1982.4963703042579 2005.2772830378483 1998.2914407058656 2003.7868817651076 1986.1854501282298 1981.0084715642183 1988.96839169197 2029.6646428734089 2007.2147640853402 1959.334263063208 1983.8773274940636 1992.9760479692866 1997.7163034694806 1981.1555039244145 2046.2073789938092 1931.72335457105 2019.1335368314633 1992.7251309163762 1971.3462367712914 2008.543414551577 
H: 970719 6001.511570285347 6126.514480515356 5933.108597115629 5918.560692155741 6098.014183398493 6004.773181212921 5896.529056095948 5875.767594937543 5964.177862793821 6010.3374674231445 5983.803067443605 5928.608592226545 6067.688556608973 6047.880108045623 6013.749857130899 5993.499646512471 5883.2525550333 6003.116531574629 5908.070036106268 6031.900877447825 
S: 970719 6001.511570285347 6126.514480515356 5933.108597115629 5918.560692155741 6098.014183398493 6004.773181212921 5896.529056095948 5875.767594937543 5964.177862793821 6010.3374674231445 5983.803067443605 5928.608592226545 6067.688556608973 6047.880108045623 6013.749857130899 5993.499646512471 5883.2525550333 6003.116531574629 5908.070036106268 6031.900877447825 
H: 970719 2000.5038567617864 2042.171493505117 1977.7028657052092 1972.8535640519135 2032.6713944661606 2001.5910604043117 1965.5096853653165 1958.5891983125155 1988.059287597941 2003.445822474381 1994.6010224812032 1976.2028640755184 2022.5628522029929 2015.9600360152108 2004.5832857102992 1997.8332155041549 1961.0841850111053 2001.0388438582045 1969.3566787020939 2010.6336258159397 
S: 970719 2000.5038567617864 2042.171493505117 1977.7028657052092 1972.8535640519135 2032.6713944661606 2001.5910604043117 1965.5096853653165 1958.5891983125155 1988.059287597941 2003.445822474381 1994.6010224812032 1976.2028640755184 2022.5628522029929 2015.9600360152108 2004.5832857102992 1997.8332155041549 1961.0841850111053 2001.0388438582045 1969.3566787020939 2010.6336258159397 
H: 747687 5990.2872802557395 6043.406077610085 6041.428469576432 6028.839591478463 5989.501728788414 6028.200147102017 6167.30560183378 6014.409342499 5978.468275631148 5855.668087676155 6036.144508262114 6005.982506407958 6019.65388038582 5981.613058500322 6054.9843035452495 6014.785708891743 5903.215323228018 5901.156243137497 6009.75948647498 5953.045372371089 
S: 747687 5990.2872802557395 6043.406077610085 6041.428469576432 6028.839591478463 5989.501728788414 6028.200147102017 6167.30560183378 6014.409342499 5978.468275631148 5855.668087676155 6036.144508262114 6005.982506407958 6019.65388038582 5981.613058500322 6054.9843035452495 6014.785708891743 5903.215323228018 5901.156243137497 6009.75948647498 5953.045372371089 
H: 747687 1996.7624267519159 2014.4686925366987 2013.8094898588079 2009.613197159487 1996.5005762628068 2009.40004903401 2055.768533944597 2004.8031141663319 1992.8227585437153 1951.88936255872 2012.0481694207028 2001.9941688026504 2006.5512934619373 1993.8710195001074 2018.328101181751 2004.9285696305783 1967.7384410760103 1967.052081045834 2003.2531621583294 1984.3484574570289 
S: 747687 1996.7624267519159 2014.4686925366987 2013.8094898588079 2009.613197159487 1996.5005762628068 2009.40004903401 2055.768533944597 2004.8031141663319 1992.8227585437153 1951.88936255872 2012.0481694207028 2001.9941688026504 2006.5512934619373 1993.8710195001074 2018.328101181751 2004.9285696305783 1967.7384410760103 1967.052081045834 2003.2531621583294 1984.3484574570289 
H: 233752 5908.961651411949 6005.400600183284 5903.156292835857 5969.831563565329 5969.4257450034165 6073.826839978709 5962.283496823321 5858.329071519291 6043.527850809243 5948.3701269047815 6019.110616888215 5884.555747072217 6019.594636773294 5919.056931885028 6040.813533813592 5981.227215020693 5979.596859506262 5913.052451970908 6004.284324568505 5907.933734650443 
S: 233752 5908.961651411949 6005.400600183284 5903.156292835857 5969.831563565329 5969.4257450034165 6073.826839978709 5962.283496823321 5858.329071519291 6043.527850809243 5948.3701269047815 6019.110616888215 5884.555747072217 6019.594636773294 5919.056931885028 6040.813533813592 5981.227215020693 5979.596859506262 5913.052451970908 6004.284324568505 5907.933734650443 
H: 233752 1969.6538838039849 2001.8002000610963 1967.7187642786187 1989.9438545217808 1989.808581667808 2024.6089466595743 1987.4278322744342 1952.7763571730975 2014.5092836030824 1982.7900423015938 2006.3702056294064 1961.5185823574038 2006.531545591101 1973.0189772950043 2013.6045112711959 1993.742405006902 1993.1989531687518 1971.0174839903052 2001.4281081895058 1969.3112448834802 
S: 233752 1969.6538838039849 2001.8002000610963 1967.7187642786187 1989.9438545217808 1989.808581667808 2024.6089466595743 1987.4278322744342 1952.7763571730975 2014.5092836030824 1982.7900423015938 2006.3702056294064 1961.5185823574038 2006.531545591101 1973.0189772950043 2013.6045112711959 1993.742405006902 1993.1989531687518 1971.0174839903052 2001.4281081895058 1969.3112448834802 
H: 499198 6064.776784987184 6023.556061408277 5964.84325660658 5969.9908326250625 5945.377531573006 5938.663313026817 6022.741687163159 6054.536081008608 5913.07403181627 5958.86304979948 6055.3123347121345 6022.967167800215 5882.103698633378 5976.484379902784 6034.243821815506 6021.690205077787 6057.104026641525 5998.716151417284 5928.743267479694 5958.396799762266 
S: 499198 6064.776784987184 6023.556061408276 5964.84325660658 5969.9908326250625 5945.377531573006 5938.663313026817 6022.741687163159 6054.536081008608 5913.07403181627 5958.86304979948 6055.3123347121345 6022.967167800215 5882.103698633378 5976.484379902784 6034.243821815506 6021.690205077787 6057.104026641525 5998.716151417284 5928.743267479694 5958.396799762266 
H: 499198 2021.5922616623993 2007.8520204694232 1988.2810855355256 1989.9969442083532 1981.792510524336 1979.5544376756086 2007.580562387717 2018.1786936695405 1971.0246772720918 1986.287683266492 2018.437444904044 2007.6557226000743 1960.7012328777912 1992.1614599675947 2011.4146072718372 2007.2300683592612 2019.0346755471771 1999.5720504724277 1976.2477558265668 1986.1322665874245 
S: 499198 2021.5922616623993 2007.8520204694232 1988.2810855355256 1989.9969442083532 1981.792510524336 1979.5544376756086 2007.580562387717 2018.1786936695405 1971.0246772720918 1986.287683266492 2018.437444904044 2007.6557226000743 1960.7012328777912 1992.1614599675947 2011.4146072718372 2007.2300683592612 2019.0346755471771 1999.5720504724277 1976.2477558265668 1986.1322665874245 
H: 876698 5969.375027335542 6044.648136616408 5926.477030106223 5995.808426933042 6064.615918737624 6071.119681352989 5986.97877746184 6036.554921816997 6009.462387717133 6071.134893108224 6010.514092117536 6063.86626465597 6006.269638393685 5949.568219145328 5884.952204967686 6075.685945242071 6008.910200674375 5947.835536063877 5940.6013173494 6067.432590002064 
S: 876698 5969.375027335542 6044.648136616408 5926.477030106223 5995.808426933042 6064.615918737624 6071.119681352989 5986.97877746184 6036.554921816997 6009.462387717133 6071.134893108224 6010.514092117536 6063.86626465597 6006.269638393685 5949.568219145328 5884.952204967686 6075.685945242071 6008.910200674375 5947.835536063877 5940.6013173494 6067.432590002064 
H: 876698 1989.7916757785163 2014.8827122054688 1975.4923433687388 1998.6028089776787 2021.5386395792084 2023.7065604509949 1995.6595924872786 2012.1849739389977 2003.1541292390423 2023.7116310360768 2003.5046973725134 2021.2887548853255 2002.089879464562 1983.189406381776 1961.650734989229 2025.2286484140222 2002.9700668914572 1982.6118453546233 1980.2004391164646 2022.4775300006852 
S: 876698 1989.7916757785163 2014.8827122054688 1975.4923433687388 1998.6028089776787 2021.5386395792084 2023.7065604509949 1995.6595924872786 2012.1849739389977 2003.1541292390423 2023.7116310360768 2003.5046973725134 2021.2887548853255 2002.089879464562 1983.189406381776 1961.650734989229 2025.2286484140222 2002.9700668914572 1982.6118453546233 1980.2004391164646 2022.4775300006852 
H: 896153 5958.522563566491 5935.323818358534 5962.027514177418 6020.470108276441 6059.325853750883 5905.217985953905 6003.811188058331 6042.041241627867 5970.276708243529 5973.0781137835875 6011.8626859956685 5929.266439541648 5949.1678676040365 6012.455524743201 6060.198124511573 6084.448201113049 5978.145104014254 6011.08458114856 5897.30767098489 5999.713058741432 
S: 896153 5958.522563566491 5935.323818358534 5962.027514177418 6020.470108276441 6059.325853750883 5905.217985953905 6003.811188058331 6042.041241627867 5970.276708243529 5973.0781137835875 6011.8626859956685 5929.266439541648 5949.1678676040365 6012.455524743201 6060.198124511573 6084.448201113049 5978.145104014254 6011.08458114856 5897.30767098489 5999.713058741432 
H: 896153 1986.1741878555017 1978.4412727861832 1987.3425047258088 2006.8233694254795 2019.7752845836237 1968.4059953179726 2001.2703960194474 2014.0137472092892 1990.0922360811765 1991.0260379278616 2003.9542286652238 1976.4221465138837 1983.0559558680077 2004.1518415810679 2020.0660415038597 2028.1494003710168 1992.7150346714204 2003.6948603828514 1965.7692236616335 1999.9043529138053 
S: 896153 1986.1741878555017 1978.4412727861832 1987.3425047258088 2006.8233694254795 2019.7752845836237 1968.4059953179726 2001.2703960194474 2014.0137472092892 1990.0922360811765 1991.0260379278616 2003.9542286652238 1976.4221465138837 1983.0559558680077 2004.1518415810679 2020.0660415038597 2028.1494003710168 1992.7150346714204 2003.6948603828514 1965.7692236616335 1999.9043529138053 
H: 143825 6039.864645953694 5897.208135861072 5932.054388372916 6004.969791095966 6026.8663006401675 6039.657991867789 5956.755926520654 5891.453675411723 5998.395590289982 6115.47991850834 6090.1008945423355 5976.359711066794 5957.757169764631 6039.305257878147 5955.8165854611325 5959.045188881581 5958.2997768251635 5957.32662856799 6045.136123342502 6041.123153407875 
S: 143825 6039.864645953694 5897.208135861072 5932.054388372916 6004.969791095966 6026.8663006401675 6039.657991867789 5956.755926520654 5891.453675411723 5998.395590289982 6115.47991850834 6090.1008945423355 5976.359711066794 5957.757169764631 6039.305257878147 5955.8165854611325 5959.045188881581 5958.2997768251635 5957.32662856799 6045.136123342502 6041.123153407875 
H: 143825 2013.288215317896 1965.7360452870255 1977.3514627909733 2001.6565970319893 2008.9554335467217 2013.2193306225997 1985.5853088402175 1963.8178918039098 1999.4651967633285 2038.4933061694521 2030.0336315141128 1992.119903688928 1985.9190565882082 2013.1017526260482 1985.2721951537137 1986.34839629386 1986.0999256083905 1985.7755428559942 2015.045374447501 2013.7077178026268 
S: 143825 2013.288215317896 1965.7360452870255 1977.3514627909733 2001.6565970319893 2008.9554335467217 2013.2193306225997 1985.5853088402175 1963.8178918039098 1999.4651967633285 2038.4933061694521 2030.0336315141128 1992.119903688928 1985.9190565882082 2013.1017526260482 1985.2721951537137 1986.34839629386 1986.0999256083905 1985.7755428559942 2015.045374447501 2013.7077178026268 
H: 524528 5961.2539814200845 5938.886381863548 5932.792741036515 6006.221777483707 5997.1437325750185 5953.456659041671 5911.079268761139 5896.1052521531055 6041.550321547877 6029.742573445959 5941.132265079892 6127.925413492048 5831.287706099706 5960.515257762589 5947.8844725991285 5976.062312387245 6006.063029654906 5995.242773510321 5999.966343996631 5968.333157849771 
S: 524528 5961.2539814200845 5938.886381863548 5932.792741036515 6006.221777483707 5997.1437325750185 5953.456659041671 5911.079268761139 5896.1052521531055 6041.550321547877 6029.742573445959 5941.132265079892 6127.925413492048 5831.287706099706 5960.515257762589 5947.8844725991285 5976.062312387245 6006.063029654906 5995.242773510321 5999.966343996631 5968.333157849771 
H: 524528 1987.0846604733597 1979.6287939545186 1977.5975803455026 2002.0739258279007 1999.0479108583418 1984.485553013898 1970.3597562537122 1965.3684173843678 2013.8501071826238 2009.914191148655 1980.377421693295 2042.641804497352 1943.762568699902 1986.8384192541898 1982.6281575330433 1992.0207707957518 2002.0210098849693 1998.4142578367757 1999.9887813322111 1989.4443859499268 
S: 524528 1987.0846604733597 1979.6287939545186 1977.5975803455026 2002.0739258279007 1999.0479108583418 1984.485553013898 1970.3597562537122 1965.3684173843678 2013.8501071826238 2009.914191148655 1980.377421693295 2042.641804497352 1943.762568699902 1986.8384192541898 1982.6281575330433 1992.0207707957518 2002.0210098849693 1998.4142578367757 1999.9887813322111 1989.4443859499268 
H: 959722 6053.060657832667 5945.1541103693235 6073.315942380478 5985.407160840535 5989.430677200219 5985.880002193084 6109.449933559237 5887.495681590198 5833.736557537595 6061.238280943183 6003.190059668885 5996.677659982493 5986.5472375240115 5993.051781001895 6035.251889000669 5996.324217904796 5955.206149403747 5990.471705791754 5946.7449391974915 6003.506838713782 
S: 959722 6053.060657832667 5945.1541103693235 6073.315942380478 5985.407160840535 5989.430677200219 5985.880002193084 6109.449933559237 5887.495681590198 5833.736557537595 6061.238280943183 6003.190059668885 5996.677659982493 5986.5472375240115 5993.051781001895 6035.251889000669 5996.324217904796 5955.206149403747 5990.471705791752 5946.7449391974915 6003.506838713782 
H: 959722 2017.6868859442254 1981.7180367897788 2024.4386474601545 1995.1357202801796 1996.4768924000718 1995.2933340643594 2036.4833111864084 1962.4985605300694 1944.578852512534 2020.4127603143952 2001.0633532229615 1998.8925533274985 1995.5157458413357 1997.683927000633 2011.7506296668844 1998.774739301601 1985.068716467918 1996.8239019305856 1982.2483130658343 2001.168946237928 
S: 959722 2017.6868859442254 1981.7180367897788 2024.4386474601545 1995.1357202801796 1996.4768924000718 1995.2933340643594 2036.4833111864084 1962.4985605300694 1944.578852512534 2020.4127603143952 2001.0633532229615 1998.8925533274985 1995.5157458413357 1997.683927000633 2011.7506296668844 1998.774739301601 1985.068716467918 1996.8239019305856 1982.2483130658343 2001.168946237928 
H: 99871 5979.740574546426 6097.712941602995 5996.5559779657815 6004.95595396126 6010.097562222144 5923.940072547008 5971.649946856218 5991.871115694241 6005.06196175525 5922.89892879962 5976.105919419898 6035.631817104514 6008.662328446436 6050.136869534869 5920.432388124046 6036.229185189816 6036.637963383887 5882.2638508123055 5936.034562672425 5932.551596607513 
S: 99871 5979.740574546426 6097.712941602995 5996.5559779657815 6004.95595396126 6010.097562222144 5923.940072547008 5971.649946856218 5991.871115694241 6005.06196175525 5922.89892879962 5976.105919419898 6035.631817104514 6008.662328446436 6050.136869534869 5920.432388124046 6036.229185189816 6036.637963383887 5882.2638508123055 5936.034562672425 5932.551596607513 
H: 99871 1993.2468581821406 2032.5709805343322 1998.851992655256 2001.6519846537508 2003.3658540740496 1974.6466908490029 1990.5499822854058 1997.2903718980804 2001.687320585085 1974.2996429332036 1992.0353064733008 2011.8772723681723 2002.8874428154807 2016.7122898449575 1973.4774627080162 2012.0763950632681 2012.2126544612986 1960.7546169374348 1978.678187557472 1977.5171988691725 
S: 99871 1993.2468581821406 2032.5709805343322 1998.851992655256 2001.6519846537508 2003.3658540740496 1974.6466908490029 1990.5499822854058 1997.2903718980804 2001.687320585085 1974.2996429332036 1992.0353064733008 2011.8772723681723 2002.8874428154807 2016.7122898449575 1973.4774627080162 2012.0763950632681 2012.2126544612986 1960.7546169374348 1978.678187557472 1977.5171988691725 
H: 326819 6012.942143644222 5854.849044482719 5947.8889101969435 6020.195120018756 5992.536522189912 5898.107352650508 6047.662285606292 6125.179586259246 5989.104731529098 5933.0569265219065 6067.824688249196 5994.214086922989 6031.946939133092 5950.05861765779 5941.416733146948 6053.298661581052 5965.677123923578 5928.062969007017 5914.45829139816 5970.375089819991 
S: 326819 6012.942143644222 5854.849044482719 5947.8889101969435 6020.195120018756 5992.536522189912 5898.107352650511 6047.662285606292 6125.179586259246 5989.104731529098 5933.0569265219065 6067.824688249196 5994.214086922989 6031.946939133092 5950.05861765779 5941.416733146948 6053.298661581052 5965.677123923578 5928.062969007017 5914.45829139816 5970.375089819991 
H: 326819 2004.3140478814119 1951.6163481609092 1982.6296367323137 2006.7317066729165 1997.5121740633083 1966.035784216835 2015.8874285354273 2041.7265287530793 1996.368243843038 1977.685642173963 2022.6082294163944 1998.071362307666 2010.6489797110285 1983.3528725526005 1980.472244382316 2017.7662205270167 1988.5590413078553 1976.020989669003 1971.4860971327198 1990.1250299399956 
S: 326819 2004.3140478814119 1951.6163481609092 1982.6296367323137 2006.7317066729165 1997.5121740633083 1966.035784216835 2015.8874285354273 2041.7265287530793 1996.368243843038 1977.685642173963 2022.6082294163944 1998.071362307666 2010.6489797110285 1983.3528725526005 1980.472244382316 2017.7662205270167 1988.5590413078553 1976.020989669003 1971.4860971327198 1990.1250299399956 
H: 976557 5846.109609036443 5975.045550727312 6015.394284323666 5923.386374101015 5990.659690511716 6040.471801726581 6000.572757777521 6036.534202105852 5999.256750659241 6084.373142701327 5972.726789408453 5931.194343868694 6085.787394115689 6087.633261997968 5992.553390308896 6036.774888097244 5965.0623084128 5913.023898974207 5958.181329091082 5929.270267892334 
S: 976557 5846.109609036443 5975.045550727312 6015.394284323666 5923.386374101015 5990.659690511716 6040.471801726581 6000.572757777521 6036.534202105852 5999.256750659241 6084.373142701327 5972.726789408453 5931.194343868694 6085.787394115689 6087.633261997968 5992.553390308896 6036.774888097244 5965.0623084128 5913.023898974207 5958.181329091082 5929.270267892334 
H: 976557 1948.7032030121538 1991.6818502424362 2005.131428107892 1974.462124700341 1996.8865635039062 2013.4906005755288 2000.190919259171 2012.17806736862 1999.7522502197444 2028.1243809004459 1990.9089298028205 1977.064781289566 2028.5957980385615 2029.2110873326565 1997.5177967696377 2012.2582960324153 1988.3541028042673 1971.0079663247377 1986.0604430303647 1976.4234226307788 
S: 976557 1948.7032030121538 1991.6818502424362 2005.131428107892 1974.462124700341 1996.8865635039062 2013.4906005755288 2000.190919259171 2012.17806736862 1999.7522502197444 2028.1243809004459 1990.9089298028205 1977.064781289566 2028.5957980385615 2029.2110873326565 1997.5177967696377 2012.2582960324153 1988.3541028042673 1971.0079663247377 1986.0604430303647 1976.4234226307788 
H: 618655 5948.617350170616 6011.352077668047 5937.123544676188 6064.101233345029 6022.416356053086 5968.37565009765 5911.37612348239 5965.404081228711 5947.260544671488 6005.794569951801 5980.9100038923125 6145.98471949444 6024.816624989038 5962.504779821707 6018.550853946969 6061.885997813467 5922.776704441613 6010.70223950902 5943.433230283698 5933.439789235596 
S: 618655 5948.617350170616 6011.352077668047 5937.123544676188 6064.101233345029 6022.416356053086 5968.37565009765 5911.37612348239 5965.404081228711 5947.260544671488 6005.794569951801 5980.9100038923125 6145.984719494439 6024.816624989038 5962.504779821707 6018.550853946969 6061.885997813467 5922.776704441613 6010.70223950902 5943.433230283698 5933.439789235596 
H: 618655 1982.8724500568735 2003.7840258893486 1979.041181558734 2021.3670777816787 2007.4721186843624 1989.4585500325466 1971.0621265175523 1988.4680270762353 1982.4201815571641 2001.9315233172688 1993.636667964105 2049.312819124201 2008.2722083296821 1987.5015932739009 2006.183617982321 2020.6286659378227 1974.2589014805449 2003.567413169673 1981.1444100945678 1977.8132630785308 
S: 618655 1982.8724500568735 2003.7840258893486 1979.041181558734 2021.3670777816787 2007.4721186843624 1989.4585500325466 1971.0621265175523 1988.4680270762353 1982.4201815571641 2001.9315233172688 1993.636667964105 2049.312819124201 2008.2722083296821 1987.5015932739009 2006.183617982321 2020.6286659378227 1974.2589014805449 2003.567413169673 1981.1444100945678 1977.8132630785308 
H: 843971 6036.20444297443 6041.283947022982 6003.845725570063 5956.254983931146 5956.530164056123 6117.298191147355 5934.266059727692 6079.927035549738 5967.192370427971 5867.241330791294 6013.719586026393 5990.086993218607 6019.161501605152 5985.825028448396 5993.789255529453 6036.183074370435 5990.366434689899 5979.915525393597 6001.343696554377 5971.289473616486 
S: 843971 6036.20444297443 6041.283947022982 6003.845725570063 5956.254983931146 5956.530164056123 6117.298191147355 5934.266059727692 6079.927035549738 5967.192370427971 5867.241330791294 6013.719586026393 5990.086993218607 6019.161501605152 5985.825028448396 5993.789255529453 6036.183074370435 5990.366434689899 5979.915525393597 6001.343696554377 5971.289473616486 
H: 843971 2012.0681476581458 2013.7613156743325 2001.2819085233568 1985.4183279770514 1985.5100546853732 2039.0993970491154 1978.0886865759019 2026.6423451832457 1989.0641234759914 1955.7471102637664 2004.5731953421305 1996.6956644062034 2006.3871672017178 1995.2750094827977 1997.9297518431467 2012.0610247901461 1996.7888115633007 1993.3051751311943 2000.4478988514625 1990.429824538834 
S: 843971 2012.0681476581458 2013.7613156743325 2001.2819085233568 1985.4183279770514 1985.5100546853732 2039.0993970491154 1978.0886865759019 2026.6423451832457 1989.0641234759914 1955.7471102637664 2004.5731953421305 1996.6956644062034 2006.3871672017178 1995.2750094827977 1997.9297518431467 2012.0610247901461 1996.7888115633007 1993.3051751311943 2000.4478988514625 1990.429824538834 
H: 979218 5949.357303682203 6112.287456528302 6012.435556307897 5910.448161841973 5897.911666214051 6158.173134724665 5962.145805347132 5995.9039885517905 6063.888351926997 5984.083462439836 5936.8611697924725 5952.753007151762 6032.055311593595 5998.293296839177 6051.426807321234 5982.4430106640975 6004.874865241781 5944.861534427932 6025.935358291295 5943.302601481714 
S: 979218 5949.357303682203 6112.287456528302 6012.435556307897 5910.448161841973 5897.911666214051 6158.173134724665 5962.145805347132 5995.9039885517905 6063.888351926997 5984.083462439836 5936.8611697924725 5952.753007151762 6032.055311593595 5998.293296839177 6051.426807321234 5982.4430106640975 6004.874865241781 5944.861534427932 6025.935358291295 5943.302601481714 
H: 979218 1983.119101227404 2037.429152176099 2004.145185435965 1970.149387280658 1965.9705554046839 2052.7243782415535 1987.3819351157076 1998.6346628505953 2021.296117308997 1994.6944874799497 1978.9537232641592 1984.2510023839145 2010.6851038645332 1999.4310989463975 2017.1422691070802 1994.1476702213636 2001.624955080592 1981.6205114759819 2008.6451194304316 1981.1008671605732 
S: 979218 1983.119101227404 2037.429152176099 2004.145185435965 1970.149387280658 1965.9705554046839 2052.7243782415535 1987.3819351157076 1998.6346628505953 2021.296117308997 1994.6944874799497 1978.9537232641592 1984.2510023839145 2010.6851038645332 1999.4310989463975 2017.1422691070802 1994.1476702213636 2001.624955080592 1981.6205114759819 2008.6451194304316 1981.1008671605732 
H: 868692 6073.050229759151 6052.834801215616 5918.479161257393 5932.686046610969 5955.0884196169 6067.759061595715 5959.912212312712 5982.236570850882 5920.6736658495765 5975.472548403187 5974.3037993197995 6015.066482728024 5998.980998035222 6049.524240870068 6062.815316967921 6028.463131331401 5941.947808958974 6002.69202706919 6023.480701434918 6085.505405556661 
S: 868692 6073.050229759151 6052.834801215616 5918.479161257393 5932.686046610969 5955.0884196169 6067.759061595715 5959.912212312712 5982.236570850882 5920.6736658495765 5975.472548403187 5974.3037993197995 6015.066482728024 5998.980998035222 6049.524240870068 6062.815316967921 6028.463131331401 5941.947808958974 6002.69202706919 6023.480701434918 6085.505405556661 
H: 868692 2024.3500765863873 2017.6116004052028 1972.8263870858016 1977.5620155369882 1985.029473205633 2022.58635386524 1986.6374041042427 1994.0788569502972 1973.557888616527 1991.8241828010637 1991.434599773268 2005.0221609093448 1999.6603326784102 2016.5080802900225 2020.9384389893082 2009.4877104438028 1980.6492696529888 2000.8973423563968 2007.8269004783022 2028.5018018522212 
S: 868692 2024.3500765863873 2017.6116004052028 1972.8263870858016 1977.5620155369882 1985.029473205633 2022.58635386524 1986.6374041042427 1994.0788569502972 1973.557888616527 1991.8241828010637 1991.434599773268 2005.0221609093448 1999.6603326784102 2016.5080802900225 2020.9384389893082 2009.4877104438028 1980.6492696529888 2000.8973423563968 2007.8269004783022 2028.5018018522212 
H: 897465 5918.576341873738 5923.942631021472 6051.497014404511 6079.127519950212 6031.075931628853 6037.1396959495305 6060.158847424432 6013.913363838595 5926.401558678932 6118.7810585768075 5929.813859503004 6050.232102385718 6008.169521366002 6045.1263200821895 5977.836385880418 5933.571918292636 5928.205295421744 5944.504865866199 5899.124579010859 6018.048765090631 
S: 897465 5918.576341873738 5923.942631021472 6051.497014404511 6079.127519950212 6031.075931628853 6037.1396959495305 6060.158847424432 6013.913363838595 5926.401558678932 6118.7810585768075 5929.813859503004 6050.232102385718 6008.169521366002 6045.1263200821895 5977.836385880418 5933.571918292636 5928.205295421744 5944.504865866199 5899.124579010859 6018.048765090631 
H: 897465 1972.8587806245841 1974.6475436738258 2017.1656714681744 2026.3758399834069 2010.358643876287 2012.3798986498452 2020.0529491414761 2004.6377879462007 1975.467186226311 2039.5936861922657 1976.6046198343327 2016.7440341285733 2002.7231737886714 2015.042106694067 1992.6121286268055 1977.8573060975457 1976.0684318072474 1981.5016219554025 1966.3748596702876 2006.0162550302098 
S: 897465 1972.8587806245841 1974.6475436738258 2017.1656714681744 2026.3758399834069 2010.358643876287 2012.3798986498452 2020.0529491414761 2004.6377879462007 1975.467186226311 2039.5936861922657 1976.6046198343327 2016.7440341285733 2002.7231737886714 2015.042106694067 1992.6121286268055 1977.8573060975457 1976.0684318072474 1981.5016219554025 1966.3748596702876 2006.0162550302098 
H: 167413 5961.696407071284 5857.573801667384 6069.870767155935 6005.410105615217 5972.068303547463 5947.124166019184 6004.562444744088 6003.949863740392 5834.917153091942 5910.578452782299 5910.081341336114 6062.169015390682 5960.710321311245 5903.1618178554945 5983.905711139536 5940.626529148035 6000.772270734516 5950.556827500054 5939.79539838335 6013.78351384742 
S: 167413 5961.696407071284 5857.573801667384 6069.870767155935 6005.410105615217 5972.068303547463 5947.124166019184 6004.562444744088 6003.949863740392 5834.917153091942 5910.578452782299 5910.081341336114 6062.169015390682 5960.710321311245 5903.1618178554945 5983.905711139536 5940.626529148035 6000.772270734516 5950.556827500054 5939.79539838335 6013.78351384742 
H: 167413 1987.232135690428 1952.5246005557913 2023.290255718645 2001.8033685384094 1990.6894345158194 1982.374722006397 2001.520814914697 2001.3166212467968 1944.972384363984 1970.1928175941002 1970.0271137786995 2020.7230051302283 1986.903440437084 1967.720605951832 1994.635237046512 1980.2088430493427 2000.2574235781697 1983.518942500017 1979.931799461118 2004.5945046158051 
S: 167413 1987.232135690428 1952.5246005557913 2023.290255718645 2001.8033685384094 1990.6894345158194 1982.374722006397 2001.520814914697 2001.3166212467968 1944.972384363984 1970.1928175941002 1970.0271137786995 2020.7230051302283 1986.903440437084 1967.720605951832 1994.635237046512 1980.2088430493427 2000.2574235781697 1983.518942500017 1979.931799461118 2004.5945046158051 
H: 217573 6106.951009669768 5967.089746081092 6131.916588763385 5955.904765738739 6004.968648663181 5964.914818608135 5907.373510038566 5950.7132000783095 5860.595302988147 6023.694281934129 6026.425416286051 5939.226544083568 5900.606017046404 5923.4852402864 5990.458511146854 6059.26983422088 5970.590363335541 5974.376344262158 5981.697617700735 6078.68392650015 
S: 217573 6106.951009669768 5967.089746081092 6131.916588763385 5955.904765738739 6004.968648663181 5964.914818608135 5907.373510038566 5950.7132000783095 5860.595302988147 6023.694281934129 6026.425416286051 5939.226544083568 5900.606017046405 5923.4852402864 5990.458511146854 6059.26983422088 5970.590363335541 5974.376344262158 5981.697617700735 6078.68392650015 
H: 217573 2035.6503365565884 1989.0299153603632 2043.9721962544618 1985.301588579579 2001.6562162210628 1988.304939536043 1969.1245033461892 1983.5710666927664 1953.5317676627126 2007.8980939780395 2008.8084720953498 1979.742181361186 1966.868672348802 1974.4950800954628 1996.8195037156215 2019.756611406962 1990.1967877785128 1991.4587814207187 1993.8992059002455 2026.2279755000498 
S: 217573 2035.6503365565884 1989.0299153603632 2043.9721962544618 1985.301588579579 2001.6562162210628 1988.304939536043 1969.1245033461892 1983.5710666927664 1953.5317676627126 2007.8980939780395 2008.8084720953498 1979.742181361186 1966.868672348802 1974.4950800954628 1996.8195037156215 2019.756611406962 1990.1967877785128 1991.4587814207187 1993.8992059002455 2026.2279755000498 
H: 449696 5852.928209337592 5970.680005794242 6036.4290738826085 6037.775013790675 6004.386393968988 5978.350232516092 6057.12509300767 6001.915577074703 5966.039725527203 6066.126893119855 5905.479189657188 5985.477560481972 5952.12783885633 5843.492916485456 5922.975151024069 5942.528873785154 6044.745208725665 6068.187295672083 5942.517281714492 6005.620539176065 
S: 449696 5852.928209337592 5970.680005794242 6036.4290738826085 6037.775013790675 6004.386393968988 5978.350232516092 6057.12509300767 6001.915577074703 5966.039725527203 6066.126893119855 5905.479189657188 5985.477560481972 5952.12783885633 5843.492916485456 5922.975151024069 5942.528873785154 6044.745208725665 6068.187295672083 5942.517281714492 6005.620539176065 
H: 449696 1950.9760697791976 1990.2266685980803 2012.1430246275334 2012.591671263558 2001.4621313229975 1992.7834108386953 2019.0416976692227 2000.6385256915696 1988.6799085090695 2022.0422977066173 1968.4930632190628 1995.1591868273276 1984.0426129521106 1947.8309721618216 1974.3250503413556 1980.842957928387 2014.9150695752217 2022.729098557362 1980.8390939048286 2001.8735130586879 
S: 449696 1950.9760697791976 1990.2266685980803 2012.1430246275334 2012.591671263558 2001.4621313229975 1992.7834108386953 2019.0416976692227 2000.6385256915696 1988.6799085090695 2022.0422977066173 1968.4930632190628 1995.1591868273276 1984.0426129521106 1947.8309721618216 1974.3250503413556 1980.842957928387 2014.9150695752217 2022.729098557362 1980.8390939048286 2001.8735130586879 
H: 320023 6083.379560925269 5986.351940792113 5878.288270659215 5981.713005296295 6125.861158567957 5930.50421167973 6021.218606791681 6012.309722269548 5874.423792453925 6054.541883792561 6080.295859206774 6015.6897685612 6137.365394843992 5947.508770104705 5984.062144280641 5977.063942867004 6064.300909535003 5953.953724647317 5990.944036556211 5945.9431634576595 
S: 320023 6083.379560925269 5986.351940792113 5878.288270659215 5981.713005296295 6125.861158567957 5930.50421167973 6021.218606791681 6012.309722269548 5874.423792453925 6054.541883792561 6080.295859206774 6015.6897685612 6137.365394843992 5947.508770104705 5984.062144280641 5977.063942867004 6064.300909535003 5953.953724647317 5990.944036556211 5945.9431634576595 
H: 320023 2027.7931869750873 1995.4506469307055 1959.4294235530656 1993.9043350987638 2041.9537195226515 1976.834737226576 2007.072868930561 2004.103240756514 1958.1412641513039 2018.1806279308516 2026.7652864022546 2005.2299228537318 2045.7884649480045 1982.502923368235 1994.6873814268772 1992.354647622337 2021.4336365116653 1984.6512415491072 1996.9813455187361 1981.9810544858885 
S: 320023 2027.7931869750873 1995.4506469307055 1959.4294235530656 1993.9043350987638 2041.9537195226515 1976.834737226576 2007.072868930561 2004.103240756514 1958.1412641513039 2018.1806279308516 2026.7652864022546 2005.2299228537318 2045.7884649480045 1982.502923368235 1994.6873814268772 1992.354647622337 2021.4336365116653 1984.6512415491072 1996.9813455187361 1981.9810544858885 
H: 514965 5906.694695662636 6129.80790661852 6053.75477449804 6043.072411628161 5965.201914774274 6030.155000680394 5951.237203416716 6018.673682435862 5998.85832002893 6064.195714650017 6108.810836431275 6041.4608299905885 5990.132598570139 6000.477495420838 5983.560457998204 5969.992808820726 5989.66593235053 5925.070436603937 5962.237374882857 5926.061155514372 
S: 514965 5906.694695662636 6129.80790661852 6053.75477449804 6043.072411628161 5965.201914774274 6030.155000680394 5951.237203416716 6018.673682435862 5998.85832002893 6064.195714650017 6108.810836431275 6041.4608299905885 5990.132598570139 6000.477495420838 5983.560457998204 5969.992808820726 5989.66593235053 5925.070436603937 5962.237374882857 5926.061155514372 
H: 514965 1968.8982318875496 2043.269302206175 2017.9182581660175 2014.3574705427213 1988.4006382580922 2010.0516668934679 1983.7457344722375 2006.2245608119558 1999.6194400096451 2021.3985715500078 2036.2702788104275 2013.820276663527 1996.789969369282 2000.1591651402814 1994.5201526660687 1989.9976029402446 1996.5553107835103 1975.0234788679766 1987.4124582942843 1975.3537185047937 
S: 514965 1968.8982318875496 2043.269302206175 2017.9182581660175 2014.3574705427213 1988.4006382580922 2010.0516668934679 1983.7457344722375 2006.2245608119558 1999.6194400096451 2021.3985715500078 2036.2702788104275 2013.820276663527 1996.789969369282 2000.1591651402814 1994.5201526660687 1989.9976029402446 1996.5553107835103 1975.0234788679766 1987.4124582942843 1975.3537185047937 
H: 306695 5912.498645457716 5942.2894107551 6046.745029718208 6006.739584848356 5930.024582541849 5907.662293059362 6015.8771544052215 5926.589611495699 6062.717747463674 5954.335388734307 5942.957188624542 5961.6048337987995 5992.59636392616 6070.076312042732 5938.863323516311 5921.264794362505 5953.795927077881 5981.333620757141 5964.812504633577 5908.020770926469 
S: 306695 5912.498645457716 5942.2894107551 6046.745029718208 6006.739584848356 5930.024582541849 5907.662293059362 6015.8771544052215 5926.589611495699 6062.717747463674 5954.335388734307 5942.957188624542 5961.6048337987995 5992.59636392616 6070.076312042732 5938.863323516311 5921.264794362505 5953.795927077881 5981.333620757141 5964.812504633577 5908.020770926469 
H: 306695 1970.8328818192408 1980.7631369183687 2015.5816765727354 2002.2465282827873 1976.6748608472824 1969.220764353117 2005.292384801743 1975.5298704985642 2020.9059158212292 1984.7784629114353 1980.985729541515 1987.201611266268 1997.5321213087232 2023.3587706809103 1979.6211078387691 1973.754931454174 1984.598642359294 1993.7778735857137 1988.270834877855 1969.3402569754865 
S: 306695 1970.8328818192408 1980.7631369183687 2015.5816765727354 2002.2465282827873 1976.6748608472824 1969.220764353117 2005.292384801743 1975.5298704985642 2020.9059158212292 1984.7784629114353 1980.985729541515 1987.201611266268 1997.5321213087232 2023.3587706809103 1979.6211078387691 1973.754931454174 1984.598642359294 1993.7778735857137 1988.270834877855 1969.3402569754865 
H: 962765 1692.1557256635986 2058.6977027497546 1944.8859700070082 1616.1084562096858 1917.9716654327653 1427.5269246108974 1891.2212417781911 1664.3017048928223 1414.272659324352 2083.796825685788 1409.6667078982857 1582.7325398174285 1486.1441874876282 1595.7926260564695 1453.563408429282 1739.89308116313 1628.4346079401382 1417.1422859735153 1569.8212196455718 1689.4952296650638 
S: 962765 1445.4634435610733 1703.4157665225694 1648.8576644419202 1616.2750755857242 1452.2046069374192 1624.0464242036524 1867.8284404035026 1466.920360113588 1625.2903838603934 2071.8278297927354 1409.6667078982857 1579.5260786399174 1486.1441874876282 1674.5012335095282 1453.563408429282 1502.3976811980424 1529.9832437201942 1417.1422859735153 1542.872377937812 1604.2631950191467 
H: 962765 2128.4337089762535 2731.2874990646596 1200.659112609544 1829.7793007323826 1117.752520791425 969.7065932924314 2015.653980154406 2237.02164365726 1045.835303581637 2002.5627809432472 1487.479457865117 2070.071142445492 1008.8338163958686 1079.4090263082394 1357.579611107055 1207.8499137468202 1096.2724715345846 1069.158570907154 987.6790238509265 1751.9059569454746 
S: 962765 1874.5638878796071 2732.4507931301346 947.1866584413498 1829.8502238827894 1117.752520791425 969.8150812234469 2014.5867417782392 1068.0428424327235 1045.835303581637 1175.6395460906865 1488.406755922808 2069.826325186157 1007.4723096334144 496.0953538013113 1357.3992911211212 500.7992270660146 1096.19026490744 1069.158570907154 1483.3122989371532 1597.6725335252986 
H: 532609 1947.7161057089786 1855.7575714176169 1595.1309608750933 1691.1465276009737 1836.040615180718 1965.442496419398 1566.3817279937298 1584.166423387091 2053.3428064344366 1662.7486776342985 1762.5350065065152 1642.8524044949256 1741.7153574949161 1683.6279999406172 1688.3984336980445 1691.9957825700799 1710.1261403505623 1656.6898610809383 1646.1897608083323 1408.9471755200977 
S: 532609 1800.2169557781056 1853.2545792050241 1594.5231279983861 1501.74245574267 1455.4627316332787 1583.8055997809108 1543.1651935485943 1528.0385165712698 1439.3593738309175 1676.537586957856 1574.2889978523274 1588.895029623699 1452.993371743599 1469.5541854387056 1866.8069805739294 1443.30686202746 1867.082830953104 1491.5575948399046 1446.408881691584 1408.9471755200977 
H: 532609 1852.4970804590967 2618.4793284435655 1343.0117500881913 752.0393776915832 1443.7035863024464 3471.862548600816 2297.754373470256 1281.5696687501406 2087.1629442506705 2529.1418580667023 1196.6171481639979 1880.2906664501363 2091.962205657206 1994.1647400313104 2291.8141252364885 1284.798452565859 1776.2300405516519 497.18586494663504 1021.3165098819857 1007.167965104246 
S: 532609 1851.9238875254766 2603.212382536745 1208.2044641717528 752.2560909381216 1441.3717711281545 2651.346283287271 1555.6148335349717 1404.5493674885288 1013.6749865608052 1926.0201890506396 1195.6605661226542 1880.3210567508193 2111.250306926912 2047.593939950599 1816.269116505356 481.10228734248733 876.3561935516456 983.4575659428313 1021.1398451943056 1007.4722546777397 
H: 316452 1783.2951941611784 1928.770187959684 1647.9788056074945 1677.7722094690125 1646.2210230285452 1932.8767921861072 1821.6552826606746 1964.812699484709 1459.8764263052635 1625.9635679684425 1589.6234384800127 1405.2010174775419 2174.923302139145 1441.962631059573 1799.9625306286043 1669.426465694267 1457.577351806778 2067.0855511414193 1832.315876790021 1988.3243146589782 
S: 316452 1754.5108791129212 1629.8139923543108 1776.134183929481 1677.2605382121353 1623.9218842424857 1867.5857989607505 1774.2822384701853 1652.386086878083 1592.2974186835186 1455.8388978986704 1389.1207447715942 1405.2010174775419 1401.109752438363 1441.962631059573 1470.8476671008402 1635.092555055532 1626.157801706362 1482.2840973369332 1571.2098726034035 1634.9556168721597 
H: 316452 1685.8018514979979 2145.457453343806 1579.3527691630904 971.1244894955294 2262.085936534071 2834.808889320133 1670.3063002608471 482.2215048286081 1313.7305206168924 485.27963263288984 1548.2772967892192 1796.7756194199908 2042.306162923837 1079.9073285912918 2024.8708165512435 1022.4974775986609 1257.202021601477 1365.8922172210953 974.403078466918 2023.9470205662558 
S: 316452 1687.2125001091647 2225.162680324719 1534.7375159922303 1426.022336796251 1792.8439250388196 2671.0947548996264 1667.8375977704693 482.2215048286081 1313.7193329343636 1801.719050079942 1548.7113446342692 934.757251307952 2042.2759412117548 886.062768062585 884.9722922427025 1021.3828375962436 1793.2706464591618 1160.202582162097 973.6534745965743 2758.1646655117484 
H: 997729 1411.5861635184979 1805.112033776035 1576.8275086010572 1629.6136588911638 1993.1938072756059 1539.4058593634445 1429.7551850073107 1946.8229515806256 1530.3611003801325 1681.6805595140552 1878.5856962648104 1849.7725804716515 1676.1197308966073 1801.1825127279646 1552.3961047796042 1736.5018373069474 1677.7037125370414 1606.510408475764 1843.9285317310341 1655.1102721697696 
S: 997729 1411.5861635184979 1442.3757803197354 1447.6500238478318 1701.1802530500197 1664.6008808039703 1535.5535359993642 1429.7551850073107 1677.829257238935 1446.0032883552162 1581.108212144391 1648.4853831483606 1799.8029001173113 1402.8860191098831 1406.9570934914789 1729.8989136918606 1427.3991614592646 1704.9808963033422 1750.0182983457707 1651.6162433985228 1660.1913347720758 
H: 997729 3008.869543272278 2476.126055775939 1375.4261142018709 1214.631449773712 1793.8980339033074 1057.2755082797216 1230.908109472789 3140.254471365908 2021.6094440972254 1815.2310044952208 1762.035153321061 1190.7345614298847 1120.690853711218 1738.222195109379 846.7703076900742 992.6180575501357 1076.2937372616607 1497.8001970075968 2083.1239200149007 487.1119458454596 
S: 997729 3010.4844641801806 480.7919267732452 1286.5361415511757 1025.876126436298 1793.9309844118327 468.58621455867626 1230.0477725376663 2437.092969483323 1054.41169022179 1155.6215296699988 1235.8870527780457 1646.6614723383193 1121.4338717747114 819.67286750926 846.0155987367465 1174.4767921513414 1077.3456911941844 1042.1628027198783 1844.032471634504 1142.4230607750508 
H: 955616 1446.4133418973936 1476.460014553782 1529.4815720460397 1815.0804410113128 1658.855850780776 1852.6331364874156 1858.852358875269 1563.3895848595178 1884.9271197120606 1463.3793058620547 1702.8772700991028 1924.0288613684193 1818.2704022785056 1419.043778197926 1580.7717392610903 1426.280775884898 1783.3159827239738 1953.1267132958376 1911.2075867241165 1634.7631139940459 
S: 955616 1548.6668099647388 1475.409139179154 1404.5886562313217 1600.1247945278735 1560.0903059434868 1600.785820707099 1580.4134271384319 1438.9768263570247 1739.3206910256986 1573.5435832296193 1553.9185176338021 1647.9792606700807 1570.0762113701826 1419.043778197926 1447.8746676157098 1426.280775884898 1758.1652424612446 1729.9731586858713 1839.041234368474 1929.887453599533 
H: 955616 1710.6587520340795 1492.5890179945557 1893.2185024014548 1940.0129007939652 863.5409444222953 1691.9343866323122 1771.9276975084754 839.5552906854011 1168.0865999609296 2004.365589395572 2587.7879183085115 2494.6465287920937 2455.307398467694 2275.2035198004846 1652.1307298113397 880.7234578306898 1471.2412458133613 1044.4794504843887 2860.828796763752 1793.2544741291115 
S: 955616 482.1377806324646 858.941081012609 1892.691270535204 485.7728080846486 1165.6047968520493 2330.7472776555046 1867.203083085761 1112.9156474150627 1167.3572612365456 1151.4920064371856 2073.8888469303006 1946.1850892393422 1282.1508378038773 473.01459273264146 2008.3256304544088 880.7828088448464 1856.8063455554006 1770.72807951399 1762.0675314264602 1678.083307140335 
H: 512065 1671.8266237923847 1611.878808022193 1672.558689521322 1481.8191561596796 1809.73147295773 2086.175208592438 2298.2433003213537 1614.1827437250279 2002.6449138740727 1432.4002228151737 1560.5420746299794 1599.2409773223478 2030.8894790650843 1537.0455102571045 1896.6878076635503 1644.5080769452031 1467.6940740042537 1788.8763837945864 1695.6652605958373 1817.5951850662152 
S: 512065 1431.0718110046168 1610.4963305922633 1672.558689521322 1481.8191561596796 1590.7670166713965 1723.5817500892754 1882.4838732929288 1620.2101377203805 1948.169328129082 1432.4002228151737 1562.9423317694373 1597.2026481526038 1485.5608543492074 1550.6117683973098 1627.8087585055794 1429.70119780189 1467.6940740042537 1421.3155586854812 1449.9834345110614 1599.9715715414375 
H: 512065 1233.393687730536 1201.6770375215108 1331.2111669282258 493.93971871989345 1858.4455169309824 2101.221685423214 1799.2449273217285 1159.242655529947 2185.675164214052 1089.8082788773431 837.6459642231231 1088.9545113656898 2159.092397617724 1230.3546665200868 497.34747977047493 3060.9903597024327 1876.2604708714994 1025.4182529913935 1830.210205647415 2108.7647194651777 
S: 512065 1315.7385637823506 1201.0096604330388 1838.1957930055187 1206.1990828630578 962.5967165824786 1904.2026553419353 1791.929033796982 1158.3391217125104 1180.4150769109515 1521.8856054357332 837.6459642231231 1455.8319009715233 1342.1311066131173 1230.3483978803322 1521.0400173188955 1586.52773535833 1876.0810129514728 1026.5917005623987 1659.8809106483825 1265.088213787206 
H: 595829 1447.4494444786262 2073.488847771826 1698.970326297818 1576.3061144117873 1553.8974620521997 1418.5458191020143 1464.6339379437213 1725.2005132114166 1719.5204294653274 1634.0756874369797 1602.598962965629 1861.6820833043791 1600.2334333749127 1996.8795495616675 1733.948618516834 1879.6340960698112 1690.923685439973 1952.6666491201493 1774.9336240778723 1628.229175975423 
S: 595829 1624.9072982423766 1428.774847177712 1726.0578601677646 1855.7718601382019 1524.8683725142146 1418.5458191020143 1464.6339379437213 1706.5464947325602 1450.8617875764244 1634.5846074349745 1653.7239370799937 1602.5528568741297 1461.8214958657488 1766.8199974272377 1504.2219233992541 1761.3432221778835 1575.3270891323587 1455.9551297076441 1642.4549446257956 1630.3872896219054 
H: 595829 482.48314815954257 3578.592505720989 497.71521377876155 2727.249174690986 2624.7178732224584 1457.4725714564759 2266.1518315344483 1551.5610861926789 1873.6417766662214 2909.0460666179247 1599.0919305098282 1818.5051001344702 1077.6295845919644 3187.6181693238577 1092.4005239102935 986.5253795440819 1410.0872667769477 1952.9795711357951 2584.3049195475974 3051.7390840996404 
S: 595829 482.48314815954257 3283.292767740631 497.71521377876155 864.4530532350285 975.4289384161651 863.8910920121183 1760.2998804151337 951.260789386494 1484.4684511263033 1780.2325395616776 1598.7434114893406 1817.7904614466543 1530.6152778814742 2279.5038700883315 715.7087346046371 986.6001509826287 798.440822034819 1951.5488245074082 1372.873755269547 1041.8362234829283 
H: 632109 1900.8924396210334 1491.117685291404 1702.8013580598567 1825.4138144211715 1740.7637859132983 1418.5692076324535 1987.6360097124095 1611.9473211269615 1952.2184701813294 1734.3220210808295 1386.746924348458 1635.2828566691007 1693.9158151248716 2028.188706769793 1896.651457128431 1829.5986271701122 1850.2145726202707 1921.9208928715018 1829.356502184918 1642.9553134294404 
S: 632109 1515.853492207164 1491.117685291404 1652.0676396952153 1633.6298703399902 1563.4949199781202 1785.5014473739716 1578.5809097537779 1562.1717195642082 1592.650659973604 1441.217486434551 1386.746924348458 1481.7568281606625 1645.9235923926826 1661.5734729164756 1692.532541577506 1644.6608935082745 1399.8093694134718 1674.906907215798 1657.9504886973714 1406.8103582724623 
H: 632109 2184.985897618477 1899.3724724410724 1510.8469704675344 1676.6088579051916 2256.20828225383 1680.5160303899947 2014.1097452024926 1223.485581222839 2001.2803170565187 1599.3197794238874 2800.137153031676 943.9263390209151 1306.352534718237 1835.2592612737797 1072.5013014223616 1083.5700203782558 1849.6812263562526 2455.4669868022247 1661.8745948013634 1157.5998797896423 
S: 632109 1573.2072097195924 1982.2464776734919 1510.4061829207421 1057.3182199177252 1372.306313095334 2128.4285732211665 2013.6391453329647 2203.0457660860548 1299.8576786742367 480.40582881151715 1238.133205518374 945.1626002783712 1306.8896036782546 1837.1997006243814 1168.1499983578867 1083.236677292046 1090.646060038969 1240.868325644796 2489.348748190978 1157.191413263118 
H: 354733 1914.1269662209734 1640.5302551300163 1674.218939756832 1649.274848962275 2199.195926558752 1814.9462811342707 1986.8787572463498 1668.6901194833451 1422.900440496104 2026.5329649354226 1763.4315794802967 1590.1271027551713 1853.5329509733704 1408.5643474343597 1815.534959944173 1733.8031510026901 1407.0747961317495 1559.1088943132575 1653.9420534294038 1659.5360726374272 
S: 354733 1443.8139877752646 1758.0779695731062 1584.6038633623468 1455.6712634110795 1634.215926934627 1607.434794634574 1489.2248466373967 1670.6331251309582 1527.2789679901086 1461.630024114712 1765.7326578388859 1586.3713216220183 1652.820845821721 1408.5643474343597 1574.6686066108264 1595.6495848479472 1598.2713842202156 1566.2201963147497 1522.5762346221736 1747.8865674229824 
H: 354733 1801.082495000131 1756.7789659909033 1271.5294162438383 1155.819316979228 1852.7394982321791 2095.9041010935625 1766.5138005238766 2227.6175722490293 2687.834340580692 1362.1217662283054 470.9674943978734 3608.068652069112 1724.8707276457224 3558.5246644049826 894.8368384460213 2144.442944357781 469.0249320439161 1179.4852127769618 1121.835091750315 1221.8089062770237 
S: 354733 1801.962968389991 1756.7789659909033 1269.4131529026947 1123.1437089142437 1852.593051567702 1655.595176889178 1765.7343990964 1446.5207241801886 1487.2309404331954 1362.0478670368382 470.9674943978734 2325.780876681561 1823.8017969142772 3558.7839645561344 1207.3107828974375 973.9012816110629 2026.6436314064697 475.65871090478606 1826.0896527046482 490.7941653747114 
H: 76876 1837.7388735698196 1594.215339862163 1681.7960632254258 1600.355799556255 1950.0776205099985 1589.3460411519334 1612.0455547109507 1662.0536457645355 1485.0751679821544 1935.1228129169847 1435.381274205555 1786.726286727733 1701.7828933126586 1414.3163642893717 2026.8043085460092 1959.5461925861064 1547.8339290088225 1712.2870745910973 1791.669662791381 1664.5835067390215 
S: 76876 1597.564207106858 1717.2421983377642 1417.623879342307 1403.3494539354406 1449.652376696368 1454.4250334308822 1461.1867393589582 1597.3149670400292 1621.7882693914783 1974.763148594041 1674.0277426906089 1453.6357723429935 1686.7065730153015 1414.3163642893717 1681.302144891759 1667.4915613166258 1547.8339290088225 1670.323758309669 1605.1894042519782 1667.086081243471 
H: 76876 1870.1816899579703 894.7814501430643 1274.245667239562 1537.5599116945805 3453.5523163276916 1590.7611451687699 2886.780192742921 1687.8680947256173 1066.2071806533236 1623.7538304810503 1187.0090169211064 2002.7435998482335 1914.4480211966766 471.4387880964568 1232.7137426375725 1732.9461998929266 1797.0712382271422 1701.706359703715 1112.7724750040122 1185.5671441648333 
S: 76876 1018.006908540591 894.4341674177682 1273.9153685698323 1081.1229369332348 1712.4852374036113 1601.1048537873762 1433.5033951580122 949.8706821116184 495.0250559940516 1779.9593964691494 1186.425691164545 484.5452574476648 1163.3686447875032 1059.587670379485 1087.2618827677343 1732.0454824290102 831.9705257446961 1702.0410668824768 1112.8684221794908 1184.9509236366687 
H: 85245 1604.12097905781 1608.733051135756 1861.5556675232633 2041.9124241627305 1695.6147143039245 1773.1248049763878 1647.2945091754896 1590.9880507426838 1893.198296620752 1869.8140809755369 1660.9509126595026 1861.6073355606586 1652.3248577520146 1439.231650974149 1449.5449096572265 1715.049629564494 1644.5362586256626 1677.1910553409032 1638.1436087209306 1570.1719926085193 
S: 85245 1458.50624946175 1508.5233526658983 1638.2016783831768 1935.6803987963942 1696.4466968127367 1547.1063149862075 1434.9300844648571 1562.020104346305 1644.5967901017104 1636.2310911457316 1668.3717725588695 1658.1171186959575 1652.4182153352888 1558.5618061166692 1449.5449096572265 1622.226763661142 1644.5362586256626 1635.7797381241276 1638.1009659996553 1576.061076451067 
H: 85245 1097.6725213278298 1214.0227811816387 1350.9648082477706 994.2176925982983 2228.0899213168063 1409.5036710629101 1325.1008197020467 943.3016512566685 1762.3938952278509 1090.000793484332 1635.7861159975994 1084.5969915876678 2197.343646569085 1150.3604295161072 1987.2280346201203 1591.6584945992547 1890.4979091372938 1876.4597380841628 2426.1212278093967 1868.364957361809 
S: 85245 2002.6092320455705 814.6439336025244 1049.1577509121494 943.668054330961 1843.8014311638258 1324.6062689396626 1324.4379423575276 943.1897091100228 1021.3986258294932 1529.015116329272 1864.1500900882056 1229.2457864777612 2196.8983044017955 1149.4761541737707 2044.182218990515 1591.2782542478137 1789.4264600810832 1246.0516922258269 2422.5979758228877 1865.3623816342094 
H: 999669 1618.695889622133 1424.4736148559386 1637.2557070615771 1717.4581272065489 1614.9549315264755 2163.2408528513965 1674.546466750236 1418.4536229419248 1703.57805488392 1397.7924302693516 1434.0105664749412 1574.6892092956791 1520.5695275856415 1558.1755644801367 2077.4422338376726 1723.6963817574217 1641.5690784396804 1923.204732787078 1454.9766263998322 1705.5022627536778 
S: 999669 1512.7438340041144 1424.4736148559386 1636.9824419257557 1614.0573563385442 1613.6069856361282 1820.4660659661022 1672.1576808943094 1418.4536229419248 1444.9131281300197 1634.1553194364017 1434.0105664749412 1574.6892092956791 1518.6015036182712 1405.4145549035602 1531.887780980454 1415.3292054589724 1454.6486896968888 1664.9759698286282 1454.9766263998322 1633.1186490775149 
H: 999669 777.2220302463724 474.82453828531305 1073.167598003366 1089.6570898162583 1052.1247198372587 1684.6895709494222 2187.615354713836 2768.0618871966103 2246.7327645817136 2562.216892156835 478.00352215831373 2026.1573314488307 3122.229026896051 1480.4393953484118 2592.321908483011 2620.028277470133 2211.0956592705484 1176.2064704880945 2312.874726960097 1240.6489143565884 
S: 999669 777.1012745482728 1141.214572663262 1075.6155464034184 1090.63307354181 474.07208330585286 1687.4894298602833 2185.8337031703304 1910.8727147075515 1806.741036214749 1837.6801592334489 1161.5008712801887 1669.891548965996 804.5151483434479 1712.19634688966 1707.4296116034825 847.1841421652044 2210.573947594683 1677.5604147520348 2313.8754886884126 1240.6489143565884 
H: 149255 1696.2158547817442 1522.6340964093847 1457.6252917756829 1651.6383470761718 1960.21143125837 1677.617934709982 1646.006544597645 1603.9998905730888 1713.4864289460272 1798.1484317421152 1707.3433309563532 1596.5608433539805 1792.4315682669514 1425.9307494328825 1436.3505091356608 1675.643564923052 1731.1871466794732 1884.9356350795313 2001.219216574239 2062.1651650859267 
S: 149255 1524.0968287488852 1411.350141474031 1630.066026949542 1601.2385493125096 1594.9204051043107 1583.3328313077968 1421.8786626638994 1463.29586582518 1713.4864289460272 1561.1515524639956 1699.2852617604517 1411.7036285512631 1445.7315057201038 1655.0738925406818 1610.9099349066744 1400.7591486383174 1422.3968113082879 1622.980424526774 1958.113178702088 1519.238679550237 
H: 149255 1695.8827317697132 1673.7705837975236 1949.5902457375423 2459.937268279375 2536.595638367962 1613.4261611454149 2214.748680703072 1354.6416417573917 2097.375245854858 1515.6659408876326 2517.563542035574 1758.8322624875173 1160.3666889274714 1218.5457932122556 2573.5144658371337 1953.9964891399968 1394.4424711689016 1154.9544662406986 1908.305834736192 2051.0521765675417 
S: 149255 1695.881722498926 935.991723952125 1946.079150459046 1807.7746149850846 1502.1896844375726 2704.995927840021 1855.0660520134552 953.7159426083468 1630.5572088923584 1515.7010496413588 2198.0222513263684 1758.7692480726955 1901.564400070586 1098.0453460351127 1956.1586301071422 1151.5105926446897 2021.9049038136754 1716.5892857312265 1698.558300424438 1403.453586717215 
H: 698214 1403.2062608957629 1527.2669418202725 1714.8325886651382 1832.234675216473 1643.73864173229 1582.3896072996522 1661.2979228327094 1689.3193302165355 1659.2121187161292 1430.9121731170792 1673.7840594714264 1807.3873303011385 1731.5098841821834 1621.4816080852547 1547.2618784018425 1626.3539470418375 1742.7864025416552 1844.8351105976271 1897.1872915161166 1424.3326756098595 
S: 698214 1544.5603429990713 1401.8178716715954 1719.0880928314098 1596.0192722574623 1638.1499272218723 1359.9741996665707 1588.188302994235 1696.9126400573623 1636.084819372406 1430.9121731170792 1612.9834553129685 1609.1796638999745 1464.3090069780062 1771.703486326466 1547.597772395676 1432.6365332427279 1548.17876564776 1640.0316567347695 1900.4106688755562 1424.3326756098595 
H: 698214 1030.0903518455405 1627.5577547774546 1141.782268847166 1654.0383018226114 3510.0172600338046 1071.7034543109726 1073.2072697767614 1390.621099998023 486.67946405433287 1071.611772984029 1770.823801335567 2595.838350695087 2279.616109680775 1037.9622716397025 1832.4004654103649 2029.7665786185783 1068.3691731823349 2514.027077732068 2874.501280505585 1162.352323300307 
S: 698214 1031.0246394192789 808.806801649176 1141.660380312388 1716.4415717150473 1354.8372152126262 1071.2015031330995 868.1384968475629 1389.8320506648608 486.67946405433287 1071.611772984029 1115.91166150074 2574.1705951108765 1272.497712991626 1038.249065078095 827.5847987724302 1827.9817354315817 1068.9248777961795 1672.2497561202895 1947.109694331511 1141.591525023076 
H: 261516 1451.4837710990125 1590.8594355766234 1473.1878494461191 1676.3998953224714 1405.7935765887796 1551.8164214860828 1607.0887757194423 2060.6924196691084 1538.2649159307223 1612.6019451251884 1840.8267078872855 1572.2254264581284 1836.3136613458935 1872.990219698852 1684.6379968068047 1700.237588502573 1620.6158205986558 1800.0626307823673 1832.654622112523 1625.8158533115254 
S: 261516 1451.4837710990125 1581.7274049113428 1639.053324265743 1352.716684350915 1617.741722697047 1577.6752432582343 1876.0581509721035 1968.7624116928678 1531.4557575311421 1444.8947051420976 1428.5678292204445 1449.6952277804141 1556.8790392199357 1609.5434869183457 1773.166506771777 1675.7075105014126 1420.2008271988282 1435.7164810412664 1885.7528145362505 1579.9203361809641 
H: 261516 483.8279236996708 983.5550853472934 1016.6475720953032 1374.6748549887711 1963.3168972121994 1400.8944485237646 2398.4645870151244 1387.582494099037 829.2467290690691 1820.0057385833566 2239.3448124270717 2232.9979144260906 1121.240382471201 2810.369470915092 1250.5060172907095 1958.121521720478 1840.6590649264047 478.572160347089 1084.520570956627 1040.1720261600155 
S: 261516 483.8279236996708 1039.3532690223124 1015.5933910641091 1373.9398823550348 901.334841336233 1507.6633484458569 896.2719075978829 930.7890980565144 829.2903623804533 1686.6474769619845 1342.017011754075 1133.7414169298513 1698.2247749942012 1236.6663332735643 1249.6677061505065 1957.583917939277 1192.1543549011128 478.572160347089 1083.0490430142577 1613.9475036309482 
H: 127232 1413.6943150001239 1675.4329381496802 1760.3829079295786 1731.661999947484 1652.838965877727 1462.5992624548528 1565.7627037499535 1924.574535770213 1742.1323939374947 1541.8463616999732 1966.9147748352848 1544.5396780939345 1500.7815321652063 1558.8497437692045 2041.3285963197718 1719.4061476852246 1409.0560360629681 1458.5400073726285 1603.992210570923 1872.7650334484777 
S: 127232 1413.6943150001239 1639.4117523872624 1454.5762775741207 1550.024773566965 1660.4239591178953 1672.745901858608 1543.2246395788586 1436.2934608881508 1474.5412019771895 1546.7539049722554 1635.0703913024236 1544.5396780939345 1738.8765111442256 1558.5003451680896 1762.0916710884903 1719.9866192377597 1596.9833372903217 1615.3042344950854 1453.0408625937105 1625.5730247287916 
H: 127232 3097.1757538032703 1912.2470144679041 2205.2872139712144 1207.0044913073996 975.2030369983646 2460.208304031427 481.9516938755673 2290.7476755183975 2263.59577622833 2019.9206159370303 1400.2756971781819 1122.7440309759231 1911.0261692248669 806.8993275100715 2567.519240978105 1976.5163316380476 2025.7012054403388 1409.8234421379768 2407.686011382713 2218.9594161428718 
S: 127232 2941.2800088033437 2263.5389355516636 1352.2967882746007 1363.649025220522 860.851356394191 1112.261284983696 846.6100529117066 478.7644869627171 1165.0744019036279 488.57895918426414 1244.5984401637875 1219.1753247519182 1624.399389106349 808.0090169209872 2378.1858018535245 1118.4095613006587 1413.7465279116223 964.9003688403839 1535.7373962064266 1902.947403700371 
H: 413719 2301.0147512104395 1956.409211660965 1431.8530250646816 1768.5643718847768 2048.294373685921 1966.9121034953066 1580.8794157241643 1876.5236996967255 1568.4302432598752 2000.7081067439144 1931.050230380697 1647.4641005732688 1467.916095517169 1771.0992739849705 1451.4710899647223 1666.052833106448 1433.4914926635438 1707.03077974222 1732.5787782465743 1436.9420279938483 
S: 413719 1804.12815422765 1435.795631534109 1431.8530250646816 1613.2500186543261 1666.6960215392776 1832.7473489528788 1436.6113421588234 1393.2300791922746 1567.6500093095467 1398.9055681790378 1683.7911076465496 1460.9880783243382 1718.15103160131 1607.133145190054 1451.4710899647223 1412.898727857964 1433.4914926635438 1442.8748211088082 1411.4131056520753 1436.9420279938483 
H: 413719 3043.1968791970266 2733.6642787066316 1860.8066199004033 883.0855242416899 1078.4054757382844 1091.4451462911184 1132.390697249651 1838.3061777377177 1581.1440288813353 835.3186333842432 1930.9385458039935 985.8609693357153 3132.6972789359315 2210.0270485876604 1151.2431511327343 1878.9859015480765 924.0911927799574 1256.4893364868706 1963.1535923591794 1977.3807087037937 
S: 413719 4111.336011970508 1021.9529015481558 2830.051970231279 883.3203250698323 1079.1114679738694 499.22639760886847 1132.1373699257267 1838.5262634991473 1576.1127838981618 1552.8567645778014 1208.704415755008 1844.0694478135347 1456.8504653080372 1663.6695883545303 1150.895573572181 1881.3714180646605 923.9597878145206 1140.958038901689 1152.0807340999656 849.3566639015426 
H: 26302 1716.6756709745405 1715.4750272019085 1658.6540222971944 1563.2021098305888 1572.0685889957572 1645.0564239158398 1600.3304689644576 1530.552138859648 1646.993561779385 1903.6477726518544 2015.1886563131009 1509.5743355704694 1660.2183499190926 2395.320827472033 1652.065385564111 1800.6771006587787 1449.8690065999294 1856.8527129575186 1460.4948287997029 1605.8928461116172 
S: 26302 1720.5936993954322 1429.8856360905206 1663.1907439708534 1805.4244705025308 1592.2837949189054 1774.7140870341595 1377.8101968541491 1534.6589916449716 1559.6460057691188 1476.241419828965 1702.7477698476328 1834.8260192565347 1441.0533310693181 1580.2007633949122 1645.7653676507803 1449.229855904445 1449.8690065999294 1602.551064756372 1460.4948287997029 1607.6191246036049 
H: 26302 1297.322673239016 1586.45399523763 2826.442230227857 924.2024353637285 932.1135282566995 1318.2284271494045 1065.7723271844502 1527.0382409378901 1242.549218208718 1760.233427012095 1323.2735273259839 503.19144519015646 1959.3959019869237 1321.9184622382209 1790.230838420414 1938.9146836752825 1644.914877070886 1453.4369181951429 1610.2936844070048 1571.694326951306 
S: 26302 493.64382238151285 1209.9511541106294 1095.3488122205777 995.6903305341651 1450.7028684453583 880.0934919199544 1144.0010692146218 1281.0618450403476 1225.9035577259028 1129.7811217597473 479.688624124176 1401.7285324593238 1953.0919073079324 874.5919030247535 1462.6844003499878 1694.376438921862 1765.0632752360746 1681.791967895552 1017.8373703809211 1404.7439724634442 
H: 380687 1862.9216503902742 1845.3370204799658 1629.9072125966009 1782.7612551197726 1580.6196995432776 1630.042980272539 1426.074253114043 1655.8930599289606 1439.9528849464914 1769.7895458935259 1439.7115716706248 1770.7440118040886 2091.5593462357565 1618.9176880254802 1868.354398251283 1721.6569028930958 1421.3613998024089 1632.8574550688757 1422.0430373931592 1808.1572638905322 
S: 380687 1824.8197677449516 1658.4357474780822 1629.9072125966009 1605.379638597294 1548.265954354818 1502.000165439672 1562.5478863512035 1436.8997517073992 1439.9528849464914 1595.7635592725558 1927.7301619447874 1515.1242868322563 1641.4655788578816 1428.5619836178582 1383.343058033915 1452.1488763331263 1421.3613998024089 1613.9460842796188 1422.0430373931592 1810.1336961096388 
H: 380687 1037.2709746606063 1291.8760209860889 1967.8105624897983 1721.8701443057855 1439.8374389076357 1629.7827708722405 2852.1223746419623 1133.678635222792 876.7728075385612 1098.7150783789564 1782.4019756070427 2237.669616012815 2405.388513866858 1210.7025441113778 1022.8396337062507 484.04962544437524 1202.2357455757672 1233.9699864505437 1605.9747945820732 903.0615278140433 
S: 380687 1036.9596035696832 1035.2363021310468 1259.9148942947197 2212.2060236264715 1663.332005810495 1012.4430333149637 853.8246578144308 1923.7732680527477 479.9842949821636 923.3582246892147 479.9038572235417 802.1133262673867 2007.5473949861648 1209.520671385227 2065.466052631523 1322.4407036665775 780.9923254190502 1275.316678533174 1633.5700403523963 903.3890186858412 
H: 467354 1434.2982425509651 1824.3380493319314 1732.4014759673134 1441.346002865053 1904.047474203109 1677.4557030541785 1776.6441287886214 1380.4050808890609 1668.1712230177136 1633.6912668180032 1950.862701665693 1743.3252464246114 1774.6043000877683 1703.5836190485113 2029.0386413445242 1480.1696632965934 1621.3002444019257 1616.0950864431459 1729.1038261477916 1689.8208362834143 
S: 467354 1636.101236457086 1734.4033788539107 1472.4330447733803 1441.346002865053 1606.7212345768949 1679.4381835427394 1722.9398516328677 1380.4050808890609 1673.6831768362938 1634.391502322671 1770.606263706463 1582.8923440133406 1734.7134320621524 1671.7208942352365 1895.0809211047958 1480.1696632965934 1670.568386933914 1609.798115369652 1426.164907153786 1601.6854162534148 
H: 467354 2604.737783524866 1542.9592798736624 1929.3247551115148 1392.5124389716211 2618.4901175724053 1190.820144241026 1210.2083962424115 1026.0487023511291 2096.294290886708 2301.5091981614755 2455.753388345507 1939.804961295305 1635.6629653244001 1032.905242753136 2192.6109763485038 1400.9429223742516 2285.2676951607355 2203.917127524584 2081.5112059518224 897.4018220711283 
S: 467354 1904.1174678788002 483.61970286551735 1883.3840174742031 1618.7931402895574 1755.7228260947215 1189.1440218260352 1338.0858914362848 1026.0325333714748 1013.8197268590831 1710.382451946603 2361.8133400698657 1026.0491078122254 1635.9619110812607 1896.945090335301 2192.6361608272846 937.178185319638 1483.843018804134 2203.5692856846636 1277.5890964591129 897.5385975144277 
H: 882638 1624.7539030673934 1429.5366286201452 1465.012973386164 1761.9228040453752 1669.3916775388054 1462.8704641516729 1699.388146176829 1632.4352244211625 1848.9135428522334 1612.1002997698502 1419.9016156588496 1445.3404313615924 1631.691807522525 1606.4393808033994 1749.1887936389967 1603.2564688124123 1574.283324242036 1472.973457716732 1457.3395811237574 1855.191698177573 
S: 882638 1648.5956896332546 1596.7644077289763 1465.012973386164 1431.8751812370772 1426.4635359210238 1462.8704641516729 1693.6831371998778 1620.9190181992456 1585.9221267974974 1421.229633580872 1527.5569515187667 1595.3167962052719 1425.6849983787936 1414.3655424597428 1630.596876688925 1602.5925746993744 1659.61789004522 1410.8690125388327 1665.240312439073 1645.2799382888145 
H: 882638 2066.7884505705865 2016.1140433539454 1877.5984025325997 1471.1460306177555 1525.6162978729856 876.2448488684716 1293.0511992889822 1536.2777391980562 1576.6748539690548 473.74321119362423 1885.7176112131208 971.964146751523 1990.9696923810604 1072.347350960092 971.2927136046517 2204.693201678725 943.5926301109436 2420.4853874173464 980.4306735632515 1916.6368990179394 
S: 882638 1223.6171576406766 1388.9473533015355 1075.953000868199 1471.4390700315853 2244.635805168437 876.4983294569267 1440.545528145435 881.6009197907819 2042.5268073683044 1326.3346954344374 1886.6955352981759 1153.1686145983392 1569.7620873471271 1162.17087566014 1426.0943524666338 1513.3661000601342 872.4431889987042 1812.4543612985317 1021.5169735017295 1811.2033208837668 
H: 663501 1475.8045614281482 1722.4113122304354 2227.767802770992 1683.0046405589985 1752.1692433021747 1462.8247504128801 1468.840817990273 1581.390866638533 1577.276871539689 1810.0947448462214 1453.2699353893518 1967.2199110974168 1654.928462530787 1655.2911344790607 1831.6002090570119 1905.7768280261394 1698.2380900561902 2028.8606568934836 1908.2569446839607 1857.4727880980965 
S: 663501 1475.8045614281482 1688.6391583464579 1877.0921835678373 1556.369798268438 1443.1920863204446 1462.8247504128801 1698.5038472432457 1581.8992464054913 1577.285394570834 1581.7962825256425 1453.2699353893518 1591.8474504372218 1403.9691057114371 1489.9986456650377 1780.31199744799 1905.2870307956046 1406.4727902435636 1463.2014442832756 1469.9788417574375 1648.3702284306496 
H: 663501 1031.5940713686002 1243.099383457084 1643.4386403591923 1822.6040787203851 1355.28102024081 2076.3246020908086 2074.070845912905 1624.7680962242175 862.8503350725379 1458.3876725007674 993.384219782988 2889.6118562731 2208.71276517519 1672.1644107231461 1749.0289690191528 1817.6554885484452 2357.938321987207 1853.1772085446273 850.1265066586407 913.1781514824305 
S: 663501 1085.030134148342 877.1331251222005 1804.0880309911943 2367.153080424437 1354.9845966987323 2076.088085882897 2073.643418619062 1623.543337019138 863.5703806000545 1455.426960029932 1692.6898062592272 2754.0548477051866 1205.0512599979468 1960.6868725446438 475.18987144169694 3063.7226882868727 1755.911163317333 1189.2770219855095 849.6966415584056 1531.9261123190056 
H: 389669 1845.5783182495043 1670.3564552936973 1610.1723726420812 1445.9663233557505 1712.2851632185173 1565.632349515182 1547.0449278560554 1722.962430951226 1578.344210770369 1843.2913755334648 1668.8065794248942 1665.2454995190003 1659.1479688684494 1529.7785473747686 1690.535810378657 1437.617850542958 1446.4021876558043 1568.0639998417164 1847.03333717076 1414.5869003424662 
S: 389669 1642.7986351125771 1415.92897445226 1440.3407776747729 1631.6648022273878 1477.6357097994724 1554.6058041626295 1543.7411722012173 1573.9057012504793 1459.1557956495333 1640.6788641114674 1602.2081451544323 1652.5772571945067 1549.1091411872976 1411.2819849176242 1676.9333244105317 1437.617850542958 1697.0827574198468 1434.0918517836733 1599.9871034739579 1587.1438238345377 
H: 389669 1156.388896055001 1889.289611108993 1307.5541491954066 2663.0750520340275 1789.1149880186852 1315.4620239317662 2390.656400427359 1471.5808593009597 2019.313039548092 2802.4590267493236 913.822343071497 2817.0797154950715 1208.9367198473674 1775.0779201382861 2019.3434351848161 1214.0006296957247 1657.9792256170974 2039.9373800009782 2576.899323350877 2463.092343778535 
S: 389669 1048.665134058566 1103.2238627687243 1124.7157627870463 1689.4297988614621 2605.089141158235 1748.2920221703425 2748.9685717684692 1424.2831303542446 2020.2939414069263 1995.806857203911 1835.27993785799 2258.6300534869324 1005.944333861733 1052.0563171120534 1780.2727839713973 1712.0615841461376 1658.7878300050713 864.3391234637936 1557.966924925312 1562.7793202574703 
H: 76755 1612.8484364565545 1699.6032072197868 1799.437668039408 1695.3427673472702 1720.0716743639402 1916.6080920441414 1781.9534552874231 1418.43811017206 1838.33123031069 1605.5578674852886 1759.9693115204905 1986.68610570885 1854.886331804791 1865.177674282023 1526.5239836024266 1907.4942358353378 1484.8169347635408 1720.9547215327325 1616.8326709176984 1934.4267809121507 
S: 76755 1442.6275305570261 1622.4760815062832 1649.267697094087 1762.836642478532 1404.2047423295276 1892.9557432373829 1603.789940870181 1651.3342611287162 1725.1523208902383 1388.0795235002201 1473.3436338231138 1684.9047170857639 1591.6127713095589 1537.0729284615845 1527.4506149487486 1881.8495120549476 1741.09716259805 1648.789310312879 1400.2472805781038 1584.8726111009246 
H: 76755 1734.38407516653 2662.7312920499126 2983.930148302679 1279.864800788897 2276.3355031668534 3856.3048105906564 2623.3625921841913 472.8127033906867 2838.6052286988743 1224.8143312314596 2065.8670155194854 1897.6537898161203 1983.0601149998765 1306.6365614833924 1550.9972715403817 1595.7310809788194 2485.233278725407 1399.1285969494875 982.1784711186084 1593.3227114795832 
S: 76755 1671.4498051506014 2295.7927844858605 1060.0043115268975 2805.274435464005 1449.4822582268785 2203.56882921945 2062.441345271646 472.8127033906867 1921.3153334221129 1223.196630183521 1077.1434289175545 1848.484832034394 948.323253744468 1708.1062297172139 974.5119978521042 460.9671925344117 1147.5512300181817 2174.886404175534 466.74909352603464 2706.6638077925113 
H: 32108 1536.750113510898 1455.2247800797586 2028.4592660398253 1879.3490086426357 1486.4891935960732 1699.6688972178272 1706.7382895767614 1883.1227878615641 1803.3233263017494 1605.7118152697567 1708.7448088840713 1616.1121747885813 1391.9418305646893 1832.0134503063382 1642.2576371435932 1906.0399706887918 1677.8337340330047 1830.719948682907 1566.4546536548003 1665.4078616756783 
S: 32108 1395.5978895501487 1455.2247800797586 1666.5918880369973 1440.7378499633298 1486.4891935960732 1699.7124781882155 1707.1684318980672 1474.5039068235915 1589.4160087486132 1413.4140727044942 1626.549109291556 1756.9967612902285 1391.9418305646893 1555.6897441264484 1718.9805079325492 1662.1044737862899 1424.7088588843706 1417.5330637953873 1397.6803611203222 1577.4367667205215 
H: 32108 465.1992965167162 949.1562673522385 1278.030495417848 1883.6337474794798 1218.9818839554614 1547.44947229429 2163.799694222808 943.5704904495116 1954.0022505493744 1656.1111059490884 1669.8621407383282 1565.4813997481267 1177.609443291664 2202.9143012213203 1658.302109256146 2356.3912723700105 474.9029529614565 1695.6348897604882 2730.9847977975 1989.7414268638838 
S: 32108 465.1992965167162 948.4130028240916 1955.6612708654106 1796.53455430854 1227.6079470055784 749.0403423095108 877.2694722492702 943.5704904495116 1952.0619994660262 1655.9921474082678 826.3118480571238 944.695310904374 1084.5509216212654 1368.7024593864696 1420.1782466495085 1715.5496940666033 1302.017251318113 828.0855826050059 2730.654714976819 1752.634525706444 
H: 592223 1913.4423388283958 1438.5931212996602 1448.7760962986852 1567.144880985485 1598.7783662921975 1833.2578549209416 1593.6110827015175 1821.0627177616304 1438.5187808501676 1429.6842560215186 1404.618474150239 1520.0938347949402 1787.9166186718437 1657.0286388789389 1593.6907678935208 1606.1929173048827 1575.5346886275822 1450.584686077334 1802.4317519059562 1443.6209510353501 
S: 592223 1892.716776953757 1438.5931212996602 1448.7760962986852 1384.3693484084145 1612.1839978811884 1887.1011841414477 1594.2071935632105 1638.6496000865297 1438.5187808501676 1563.1671433885017 1600.441213752729 1513.4602332858697 1605.8194055377428 1567.9531782727947 1594.2425168018556 1657.3389708902137 1575.5346886275822 1450.584686077334 1418.0632644647967 1630.253151889852 
H: 592223 1698.4078069547309 2079.594536705119 2464.6197279230255 1204.0278908678774 1494.1198832068737 1930.1121293444824 829.0672463407244 491.41952859263193 1856.8449760949961 2230.9848135862526 1135.0047817147226 2513.443821099348 1625.0278575039627 1155.9859453392803 2086.9863920422335 1351.4986940958524 1993.1588227107504 1785.4481829406736 2782.4830289205856 1983.7980609194947 
S: 592223 1963.8469937971602 1875.8477526863517 482.9253654328947 1795.7582791065417 998.6003877520612 1505.373122888994 1528.1095169737612 958.1819096759775 1143.3861972166435 1818.1617228916111 1133.9104060939292 799.3937240662805 806.0143485600314 1147.0839567101002 979.1244746328642 488.67722884253044 1106.4157258301045 1405.718227899167 1831.8378030528877 1754.0726642866491 
H: 23555 1907.408542849038 1513.239142783554 1734.698357934141 1632.0290351359847 1790.236693137136 1652.0240742981744 1592.3201137913343 1558.9038905390807 1882.0157539586194 1610.6226479600487 1799.7725177498899 1638.4529187753117 1675.7634782541027 1579.2420433883242 1712.5074105650476 1672.4583504280306 1942.4912130312284 1606.319184869485 1888.081153316631 1678.4215152301256 
S: 23555 1871.7532531381037 1513.239142783554 1536.7721391057241 1389.151416393634 1611.7920354304676 1564.470167792508 1467.8193243675173 1558.0014694386252 1590.1795833630947 1611.9175560998588 1576.9546378939838 1595.663370329651 1665.157144521499 1579.49977183069 1712.5961485661214 1824.9865555450112 1635.999289639926 1434.6222348042727 1624.7323864681528 1425.7894315720723 
H: 23555 2112.676797161044 2115.816682579766 821.346226836531 1694.715677734228 1787.3046145755327 1153.9715469752746 1189.4562308809664 1336.9409462139192 2917.7202469127074 1805.8056800475267 1349.8491792264936 1429.5168253128966 1561.7132248659668 1958.088180027273 470.6355973628357 2189.7543629323413 1370.9808328969034 1004.0839449520041 2341.1839482214605 1212.539590333784 
S: 23555 495.76544524695584 2883.7567802602643 1347.7369876546868 1621.3639456235994 1693.4337987339934 1153.8822256155433 1189.6640242069675 1335.5197704225573 2233.257755022805 1600.536643207484 1012.8078039923353 2008.0903418855432 1249.6763216255313 1765.99944019327 892.5917756690831 2190.568414138027 468.7689412644954 935.9364827726579 1604.7843716243403 1240.958509704409 
H: 209825 1711.54506820223 1701.6613029084851 1632.0348994853468 1602.2241373046384 1481.8205969965777 1646.6618686482216 1411.7438381961401 1454.9967231918783 1745.0349300520368 1550.8837861702716 1620.427768719891 1548.0130090255648 1560.0046937839295 1416.6689127491113 1424.6134326474835 1437.1353349673834 1754.0983337348378 2021.7467435053395 1638.4572509946715 1952.0656068493054 
S: 209825 1711.54506820223 1473.358172960785 1660.1747085321235 1436.8567290050648 1714.7949168844536 1457.0173584969446 1411.7438381961401 1619.8655833883226 1576.6717488893175 1544.367038326311 1399.7436327722469 1414.4260831196596 1560.0046937839295 1416.6689127491113 1424.6134326474835 1601.9017915039965 1724.7027841233903 1470.0502081390537 1433.4273712394747 1892.1352373746226 
H: 209825 1130.4939452898466 1085.2286340597557 2316.5953736467645 2078.9674912016167 1212.0451172940946 1936.1364318619837 1223.8386354109944 1149.6382761923096 998.5727388600028 480.3255025490353 967.0587982607005 1160.6906140057472 2543.9434471335812 1176.2603146267047 2060.8930430430814 1649.3392585422282 3312.027090893708 1792.2595301109027 1376.7448111266365 2288.8847188317404 
S: 209825 1129.385055365976 1939.4056127382546 996.6692830854814 926.262936843824 1212.3933577108137 1934.2777114160558 1224.2242301258982 1150.178229553931 895.7346802307412 480.3255025490353 967.0587982607005 1160.866276510107 902.8842397499652 1496.9815480097611 961.1146597244964 1650.9905482039371 1169.6306421157844 816.5784036851365 477.8091237464917 2321.9779480627108 
H: 711392 1784.232702639879 1553.1457638287684 1639.9616135042777 1679.8054922179492 1734.0053225060049 1951.63594042275 1656.573581510956 1548.7960285306788 1694.2661191850468 1589.165765292825 1493.7493450448512 1785.9940631612849 1487.4482907470313 1684.5639209088083 1683.1889389030255 1924.3616215725083 1909.0475309524122 1776.7376607584633 1892.3042955663773 1711.1051066494679 
S: 711392 1778.5378387630196 1562.8888463922544 1434.0461697001815 1680.7177687578735 1545.1465216077027 1809.3496388965452 1610.7193424823247 1798.1284550555474 1547.22665412349 1588.7333383243008 1493.7493450448512 1463.265995121234 1487.4482907470313 1422.199286043085 1613.6394538494146 1915.3792427022713 1579.2418001479598 1775.9488214133785 1639.8149506576553 1711.1051066494679 
H: 711392 2637.3138408850355 2028.9629852286678 2424.478129696015 1043.7218709911729 1570.5850502459894 1245.510691534115 974.5565954203101 2158.5107762709663 1310.6695855916746 1604.6225876954072 497.916448348284 2017.2797884795534 1170.830153126351 1295.2064542508624 1937.3819011916432 1859.9786011878907 1805.8240458779671 945.9428763809268 2678.1884402286523 1966.686024746408 
S: 711392 1625.1145154137855 1055.3489035098758 2155.242460012143 495.8385169372877 1073.0649879112254 1157.2398551212545 974.130548028102 2157.83587418893 1335.7399069866924 925.550564809465 949.5113201992123 1943.5079436965925 1346.485004702092 1895.7527204962148 1140.712004813141 1261.1186297929773 1806.0208305735314 945.9428763809268 2678.977960203718 1089.7046372702205 
H: 112515 1638.6103793691175 1720.1363613854157 1424.512630996934 1896.2522648579725 1670.4573887354668 2224.521529040831 1759.6913977469246 1718.47283968964 1864.0548932244799 1877.2910694408167 1470.109281677072 1980.7776409577039 1395.7208661468248 1975.689140980386 1850.6781332300238 1680.5420972994723 2032.0360134866742 1753.3570817948935 1637.0741463491786 1746.1316560880748 
S: 112515 1638.6103793691175 1455.628484006783 1558.627893563476 1612.9721111759948 1672.669480492947 1611.9571529117902 1580.558071321729 1526.0369544059274 1862.4572771165563 1819.9030356713122 1469.864769104191 1547.9064126669423 1626.7115969085983 1688.87578719362 1652.481549774035 1460.1764342094593 1680.3491935358352 1561.8976291914353 1623.2044678876875 1474.1002314863676 
H: 112515 2318.6079317308945 1312.710424982714 921.1665933649025 475.93755199620244 2943.718011599351 2174.806657000877 2636.628862062392 2231.2723440943596 1123.2366458805875 2252.986362891201 462.073503171974 2460.0273772397436 2438.907534023473 2017.4124033335872 1691.0060206531728 1600.2356611570287 1893.095972290564 1374.7401469115853 1413.8963679744545 1341.7267098650655 
S: 112515 2358.9538953311476 1120.6911259801536 1234.8094384215085 475.93755199620244 2796.091796068713 1261.672191965481 2309.0156804645862 2231.0627843382526 1847.6046522116176 1207.9842269230123 1114.6593614223611 2461.342763770193 1190.1106332497684 2015.563274240233 1691.1036140098527 1600.468019357627 1250.4227886383976 1375.0774871307908 1293.4848450464501 1322.4268928668937 
H: 118456 1873.4621610134998 1816.3193443020127 1448.2103631487366 1692.4634965839884 1438.4124178559346 1758.6877177666447 1408.7218378988339 2272.273884742369 2046.0294739898488 2004.5544707557854 1925.5957650423518 1591.2649509335101 1578.4892151485897 1651.1958058400444 1838.6778328094633 1449.8858171814295 1811.000569147891 1608.7941735984084 1773.2102777551497 1686.7384656950187 
S: 118456 1590.5399883694545 1452.4024278309305 1448.2103631487366 1655.134866641549 1608.9309960962291 1701.5767219310062 1566.8900867315672 1638.348109401738 1626.4387874731904 1463.87551658908 1584.380231417889 1588.7973619354966 1582.389615065525 1609.2344469175196 1499.4590779993089 1628.9832561851401 1716.6807306523867 1665.7675752423274 1568.423907880033 1440.2279209961507 
H: 118456 1691.0098541195396 1584.247177779929 1314.5804641912446 1045.3049328713225 2178.4315285674793 1648.3774221003923 2078.8873382197953 2414.2387003291456 1586.3745919972548 1778.8471631115144 1480.6391232280625 2631.2076868629874 3068.34711425941 1849.8461366700408 2436.6036773575306 1082.3833415664042 1272.5354014698605 2104.4495693713893 474.39275217874183 1400.7672177795223 
S: 118456 2418.463160268426 1084.113576020328 1001.6719987004963 487.6869778513457 2177.6949662925863 774.7158937071945 2078.9285320004283 1039.869821893041 479.25853169773984 1146.2341635939597 469.30029838279313 890.5127838985395 2422.6065882461658 1053.8279551445382 2860.4413541867675 1080.6869457357852 490.5358778328087 1967.3903093677936 942.6639924250408 1400.7672177795223 
H: 198727 1920.066670476582 1753.318300664667 1503.0017546133731 2219.5038406283165 1574.015953784798 1862.2031014907498 1434.9667440354842 1714.5685370422052 1870.7903416632041 1467.7410109509037 1925.3902775053036 1596.1212112217447 1797.1415076874566 1581.1871946165356 1657.0387002090556 2150.9950617473323 1883.8278014446275 2052.2203456797397 1653.4825618552206 1866.7376768698368 
S: 198727 1942.0555195516251 1753.318300664667 1602.3753568632394 1909.8582912142786 1574.1325999033872 1465.3696738934773 1434.9667440354842 1714.3039999285345 1608.7002403108345 1728.9434264123333 1638.006345954026 1562.0315253889628 1571.7915668166686 1709.8110304688037 1457.7931342706418 1784.1265812258962 1427.6631759639702 1801.4539367785635 1652.9791602568055 1522.619793059871 
H: 198727 1941.704655093524 2996.2858314717887 826.8770489583726 3169.2580780459843 2945.746621560713 488.4565579644927 1172.834130643867 2578.906834002814 1900.5453091303752 1630.5825103181858 1133.3979993682312 1296.2551570032929 476.09737446985423 2789.6760614734444 1638.150562115691 3396.422609490745 1411.4453689572172 1807.1254705035442 2910.292638579797 2740.425826376766 
S: 198727 1767.5073263507195 2052.924211907046 501.0005848711243 2244.7355247535256 1342.3825883060667 488.4565579644927 1699.421827060033 2574.010279589726 1636.8062535793122 1433.5904664810932 2077.7384704117394 465.12082222509446 919.7029017370359 1581.3633535706076 486.1143513099062 2310.6993816845165 2176.797156340438 483.64294130155474 1923.714533317041 1635.255021387725 
H: 556064 1917.6569367447194 1559.3332994628386 1486.740506307661 1797.0359360699315 1818.0003027836299 2004.1781860962033 1730.3092906989773 1556.383409989702 1707.7490008674338 1876.52353062326 1842.8871982038663 1409.8747445942604 1885.8051300903733 1420.8173450435843 1598.925283216915 1725.726248145107 1906.49774339628 1837.814434966706 1432.1188411986445 1694.5186596656035 
S: 556064 1601.572868926181 1860.6677010420847 1486.740506307661 1549.8121907272496 1491.7807711403714 1794.4910341065893 1503.9499082188242 1551.07656277958 1441.158258458092 1555.2903819829703 1739.3395358171176 1409.8747445942604 1875.7326158778892 1599.797072760379 1601.217221193975 1638.1032593267673 1885.5285128087878 1589.6264420660304 1432.1188411986445 1479.1799827019354 
H: 556064 1717.6375282086685 894.2326095453518 1637.8899631296651 2026.2534414770919 2014.4620369549739 2493.0385432541657 1235.936290547655 1096.3711182871655 1224.1555400684363 1126.7377658020914 2102.722324986366 870.5724283229524 2190.2453290627423 1026.0073077246734 1157.6599797885851 1337.7662743724427 1160.9783152251528 468.80322613151895 1135.7392078623848 763.5351678779529 
S: 556064 1817.7613788945896 475.9500731233721 495.58016876922005 1199.7528892038595 1589.6488732392381 1598.8998489958342 1234.951451110806 1096.3711182871655 1224.2956256684033 927.0347871538861 3048.7812456587408 874.5175229484216 484.7122657976752 473.60578168119514 1157.4710274229008 1338.025127978195 1160.2082790432348 1027.5988827088877 1531.0821544937924 763.5326621926872 
H: 39766 1701.1765147587796 1636.4195094659203 1558.0068755026211 1648.9308389918058 1436.918313969154 1700.3443550877682 1798.1781185037942 1648.0374624976544 1900.1883437358886 1630.7723048906175 1577.1986833009244 1592.4531853124683 1682.617875235426 1719.4444463022892 1617.4314594284629 1819.454654961847 1583.7338285462865 1434.620539400582 1642.6411997900725 1908.5943376139483 
S: 39766 1699.460075511789 1483.2362478353318 1810.3519043504432 1638.671784127885 1640.646468609386 1685.4047273547312 1579.3320296170684 1705.5721428299282 1655.4295003381044 1620.7482722747031 1515.634419327103 1407.0838010056539 1612.0823789944484 1444.1740735242217 1616.6679085872847 1705.2515573857493 1439.0225782784687 1660.7706372603793 1456.7440201393101 1496.19387807288 
H: 39766 1076.9302743779235 2616.330374512636 875.8270364823617 1191.0173493690133 1756.1685466600802 2086.662655032978 2040.4471169657218 1834.320919198484 1629.725132988145 1931.1035097402173 793.7051421283267 3142.7242883288513 2152.3399802046374 2516.8213698904506 1233.8905018854252 1039.148254359605 2030.7756404511997 2014.0902824850937 2016.9246905813027 4300.690575876089 
S: 39766 1074.246795635288 927.3937582572596 876.9268278604028 1015.52423104655 1134.5982859674705 1197.5069322740087 1438.958201774325 1317.964948489024 1091.647125164368 906.9142061633729 793.9208357255287 3063.688244028346 2165.3783889701535 2157.5064753457204 1000.409976231616 2138.9987465839777 939.7914451471407 2084.668475973979 1252.2728135525674 1894.681423245916 
H: 652115 1653.095264832097 1456.7461902904652 1677.2967589860696 1827.7566527445447 1651.80574021722 1486.8091831165116 1850.2341100131036 1599.5820911734863 1676.088160687066 1750.780285043031 1576.631551189354 1756.3713644146355 1576.6831729897813 1557.9609839702293 1614.0278725501807 1573.8862413712004 1808.418738419562 1859.5891055538625 1732.3934878600405 1741.571140072309 
S: 652115 1647.329565821795 1607.4400843628089 1492.0759205504921 1828.1970238938543 1453.5147061000714 1486.8091831165116 1727.2456948115168 1401.7685810243668 1458.9404930608064 1700.057880659631 1576.631551189354 1505.6664013998825 1568.9966983672782 1420.5817335603972 1503.565436106458 1569.2483114008041 1618.3773521270748 1703.37144342019 1517.0817089574773 1603.9059929524249 
H: 652115 1167.5579215830471 2692.995527081012 1391.6999828304604 1141.2618736090658 1289.9520065431595 2020.24894221447 1719.0413975583494 1066.678614353952 1861.4942812409222 2154.6035008939493 1701.4806439527479 1063.55022029745 1195.9937645737596 2862.0398814297896 876.9046832194306 1704.7195431657256 2050.9428484360633 1980.3852984970754 2585.2297722767958 2891.851348674951 
S: 652115 1166.6473982599834 1184.7345769059982 497.35864018349764 1599.5937544042938 1949.4323272551428 1928.1395831508144 2466.063272234912 1089.193572359607 1865.76351121393 1180.2283002273734 2401.6933990873904 1061.5751713673706 485.4930405109058 1224.6540449251122 1772.5902429770642 2438.6077827293766 1122.0879055206794 1897.48736121646 2753.7068992643885 2747.610491612657 
H: 426037 1873.45280955227 1442.8888900552222 1878.4578338237134 1725.1969326303165 1710.9646297306813 1679.3742409555464 1587.7919352165695 2162.248026050383 1538.9523797594304 1512.4267152260259 1720.5655467336917 1839.5648141321326 1733.557532873046 1419.237124064332 1631.4208419963622 1789.1085563325234 2016.986523779327 1764.3824975680157 2008.4209565256626 1610.5027047538924 
S: 426037 1608.2102519529687 1442.8888900552222 1412.5319757092236 1540.0100923544642 1506.5776033751092 1440.372282328352 1587.7919352165695 2120.043518305067 1378.3550225106026 1512.4267152260259 1554.2808758756098 1408.4454596198827 1607.365586852118 1568.710793569709 1867.4567880873622 1623.4427384176304 1557.8576655521981 1436.361930815683 1406.4595377092537 1489.7361237561115 
H: 426037 1299.1779499959857 1743.0919490101473 1294.841497794182 2474.580641445713 1488.408406646157 2244.527127976808 1975.6671632537457 2842.8221696981595 2018.5176147045856 1981.538132563952 1763.8155014472284 854.2192466711557 1222.4403448656103 1247.177734799561 1206.4039711598625 1542.5735167370522 3042.920934337477 1930.5432338831647 1762.021139280215 1025.396339760112 
S: 426037 1257.2356818797339 1743.3515384728428 1294.83300071769 1183.6065965780838 1420.8332115422052 1205.7709775097821 1646.486936338585 1715.0222455718995 948.4048393569658 1242.6829262063068 1762.2870586759498 853.3852311094206 1819.5046925931485 1243.6657613374166 1105.5700874300046 1645.2503824355724 968.9241268209457 1190.0141287621777 1761.4170711093784 496.57870791870374 
H: 578884 1934.1334508276095 1432.2762380614106 1759.5514115056308 2065.192296631678 1876.4435286175678 1764.3023917641256 2125.9776974195274 1574.7364966942314 1598.9642563459593 1728.758841843497 1436.0152592449695 1587.8718350968882 1623.2368994443232 1745.5859797500118 1670.4031165048016 1634.6924406891656 1697.8957067367767 1824.2122470270792 1637.265102313442 1673.9778765743317 
S: 578884 1461.0498700328942 1654.8514077874192 1597.5236475254844 1446.5624167463284 1430.5919609907278 1603.6032946046441 1596.8937934417631 1621.3987274698331 1599.9894685028619 1681.560029959582 1436.0152592449695 1445.4249358476234 1844.2111143249322 1882.2777974782543 1630.8483136943164 1450.3586093121935 1609.1880008203323 1462.3412520948061 1426.240541928948 1637.1790461863632 
H: 578884 1835.139856716493 1925.647798946611 1326.120562516924 2253.750383504394 3405.9555780390806 2261.3546132838915 968.9046641541004 1795.763132974513 2701.031652674077 1827.3932550541301 1732.906815050618 1453.6119383529804 2064.2099238637156 1849.3705562217767 2552.558425736808 2598.6071457071203 2092.3684235186647 1367.9884460496614 2538.316233860943 1337.67186938319 
S: 578884 1253.0944755582802 1748.3615019105048 1325.8082148582675 482.1874722487767 1808.2292297340343 2498.0902777519127 1068.2222689258308 1034.1175906502212 1015.1134267961094 1338.1182272779636 1734.8891230968327 1453.6735381731637 1130.5836558444432 1293.2329009092018 1793.0833609026527 1281.0723515581142 1722.2525932133578 1170.5592844444964 1138.1420364893463 1556.2478993184238 
H: 852470 1751.027480912368 1569.7430366477488 1420.8141033773054 1877.9283642060689 1709.1976911433599 1634.168621706837 1602.4919464775628 1718.1142054098573 1477.2692308450023 1754.252076568058 1585.2234553428436 1634.8507450496602 1889.5900573420356 1915.6466263071577 1430.2179947835666 1634.909876830479 1654.8674515958828 1950.9050062822625 1597.8915222883663 1873.9735212873177 
S: 852470 1465.2846718456626 1399.536116740803 1420.8141033773054 1877.9283642060689 1414.1974409773654 1580.093521152575 1602.8134489027373 1716.416546307262 1477.2692308450023 1544.7589734463154 1591.2643460659524 1746.2829251157784 1524.206274936745 1424.4206787105381 1871.2606295646356 1464.6807019369082 1551.6838270792198 1448.3953017951803 1489.5804822806795 1899.5499630850343 
H: 852470 2042.3955013719942 1367.3326489356755 1919.3545319849602 1175.3556714097786 1316.6053756871008 1835.1415739861977 1750.7764027300743 903.2223359817599 1711.8008374816181 1650.21144345107 1497.8284472774956 1360.2853040531268 1953.9884896393366 1564.1187059582007 2275.6773786138483 1493.0777648659046 2021.8169896626443 1580.0891382452758 1151.236972855766 1200.360563006148 
S: 852470 1170.2225277234284 1531.057451161713 2136.3611557307777 1175.7924741776608 949.416756922518 1291.5252064457886 1525.1227503072414 479.1002736261075 1714.352896839019 807.8889393214212 969.1320163645155 1012.9511715522665 2027.7977590849423 960.6953003022046 1082.3039438674268 488.226900645636 2022.1050409078773 1404.6888436149225 1486.1024963355665 1084.678725260284 
H: 519498 1849.9630725144805 1566.364429783697 1546.7739698616035 1687.411904930666 1720.0185053491443 1601.1977432437807 1455.4292317616955 1676.8597222826143 1403.306098014036 1686.194650367806 1977.8804765998136 1473.2571347399032 1450.2661054838713 1727.4237015367485 1755.622683856983 1468.2419500241579 1707.4559462417067 1645.2451851458575 2148.844618617739 1816.1489147117495 
S: 519498 1546.9422276550172 1714.7727481700988 1663.6135694606196 1666.166907965208 1442.9082945697232 1600.2733681401571 1455.4292317616955 1889.2576111107737 1403.306098014036 1506.7042963650988 1653.3183298269198 1366.8668619944033 1600.0185212025758 1488.4726402886458 1469.672587122757 1468.2419500241579 1645.9080294047765 1640.2879947140473 1818.9840293355564 1611.7836728146685 
H: 519498 2116.016847905718 733.8748193839738 2081.975354718944 1063.1337922375203 2020.4188075966438 1577.051984857902 1024.9696164551349 1684.3855213341274 467.76869933801197 1692.2301957093337 2056.1683310470994 2482.452277675245 1758.2043080651863 2674.3439129094995 1023.9259136141109 2597.01140007828 1253.5125329744712 1138.2996069841133 1158.8857029403173 1964.2874107760974 
S: 519498 1052.3461220282857 907.5496279408585 477.5526279841151 1062.0453340939966 1286.6540233627798 1720.634377941299 1024.8403922250561 1685.375117512423 467.76869933801197 1067.6171196469172 1337.754715856947 1061.0527027045455 2363.57141561601 1101.6304690052311 1021.8540025586916 2522.920786636358 470.8521322220841 1139.0096514495592 1649.3561666311737 1566.231693865403 
H: 611737 1637.8643174591652 1723.5446769249522 1864.5667963964338 1627.219120069839 1915.8579776817587 1792.7372587329871 1742.3249157470125 1682.8944377504006 1427.4698062191164 1471.7004129967643 1618.2202307394825 1556.2512166016027 1718.6879271512917 1695.2457979137048 1979.9190248102836 1597.7083796820768 1650.972796277527 1676.1793063981313 1704.7271602999404 1577.9375247753821 
S: 611737 1438.7749069484178 1764.6375964440533 1559.7582972853095 1553.6540235768664 1430.69944594064 1543.717583491366 1666.056991539473 1627.0101054027305 1568.6148156309434 1626.2752424911039 1605.6296640569003 1536.1092562642855 1719.8549822803552 1443.249211499815 1763.29821921646 1625.1406602863472 1455.4040117562467 1434.8237772703108 1589.254006871395 1577.7053221931485 
H: 611737 1422.866998944512 890.9567545026996 1443.3350897651162 2623.1163873924966 1979.2151999448124 1123.898096448955 1327.5072683744947 1989.7474588514476 2052.4966326731133 1121.4976292274318 1692.6315958748717 1006.8207738586594 1194.6322493257035 1788.6567549866666 2241.8517259708005 1021.1951282255487 2582.3125623533842 1230.0995358136217 1760.620769058495 2562.7663387412767 
S: 611737 2027.8449062259908 891.3610369319209 993.2484886905039 2119.8572069709912 1382.719527766722 1556.5229592732344 1931.2829545786174 2044.3561113185278 939.3954519169129 490.5767636206214 1692.0890368419045 961.2691760344833 1195.3366608186152 1228.5432947550407 1639.7293264496097 1186.599859494474 1823.1263623375962 953.7294155131218 1249.5257018127422 2023.6962054523965 
H: 365609 1512.612874824746 1653.7268681359758 1722.7708948481686 1629.7242076248347 1662.4648117651466 1537.9347513361672 1624.9323551094865 1462.4052002289254 1589.0386639304013 1764.4441767830367 2231.9618658282866 1677.3471201896243 1565.9569099942482 2128.4063119844923 1615.933427343848 1466.5976762363043 1707.8105168017546 1479.5987605936368 1979.7098150129086 1611.313575319789 
S: 365609 1536.2744645119672 1658.1329623317463 1473.1596531468952 1628.7186528473735 1471.9577768226266 1372.4269672961223 1626.0370496094974 1651.4615614014444 1573.9239609901751 1626.7792506522073 1547.6136965492512 1620.5941888935374 1565.9569099942482 1934.7998957855698 1615.933427343848 1466.5976762363043 1956.8813163328912 1479.5987605936368 1807.0387333107813 1421.957283613992 
H: 365609 804.3742590486538 1982.0009124633625 2053.697897817966 2300.2013917650884 1133.4769967986267 1715.2263601096067 1233.0561063764044 1903.1381440193409 1290.0317861739254 1379.0262372186376 1795.3452064556764 1904.2725372138166 1888.4065888692091 1813.5282157495938 1621.071181276533 2320.8316000311816 1324.401815674989 979.1390687655689 3915.6856752623917 1492.7376006474558 
S: 365609 465.84201859513274 2016.7922772380546 1558.8094170116078 1232.0182047848857 1017.4219321801885 2465.1080652720407 1233.0302345034836 1073.2229356857483 1290.0317861739254 1379.0262372186376 1795.5340670852904 1838.209154397259 1891.181946193049 1634.6899559235192 1621.071181276533 2037.711517486711 1324.34768567902 978.5471062870799 2823.581935095094 1032.1755265218662 
H: 200078 1442.2619344658774 1673.9920265543794 1745.3424903939083 1485.816597474905 1459.610020943345 1410.0255740156736 1430.167761472876 1649.5779800333019 1658.5220770957558 1461.5962169220081 1669.4593064816474 1801.877759946364 1900.2722055465028 2007.3761139194037 1678.1800123382718 1609.4166443647823 1692.0070304886544 1980.3539512762593 1490.102734787233 1952.496336904919 
S: 200078 1442.2619344658774 1556.6117001811406 1571.6285837116905 1485.816597474905 1788.7444805919488 1584.8463390093357 1430.167761472876 1433.3479160314457 1743.7899802686948 1461.5962169220081 1578.2722386463677 1615.1496365039181 1649.1594101430228 1768.3941022320546 1435.372732045468 1439.0421004764935 1553.2948933801347 1408.481717717295 1490.102734787233 1439.9512424859438 
H: 200078 2288.3886368672183 862.0238996258759 2970.742448827661 2037.9488548411643 1747.0927243315762 1689.7253126917908 1757.9695446501898 1328.4666785363002 1809.83127234384 3022.3641904534884 1536.0673883148004 1904.6426729317095 478.4319639486523 926.699969801687 1928.1263112496647 2076.090143680713 1976.9982867239946 1164.2844054234229 1765.9128050942466 1135.7815195444605 
S: 200078 1534.9158579528528 1138.0102573034285 1345.0185759737774 2155.411278067432 1746.1823101843604 2554.827573385718 1760.8085916087489 1328.2939666311534 2421.4601358244818 2901.173008807066 1535.9021391200577 1004.7141905736511 478.4319639486523 926.699969801687 1928.0066655766295 949.2559115719645 929.7245509004999 2666.010258540742 1881.557570872079 1135.642743702181 
H: 655339 1446.4451052793704 1628.862198023181 1857.4613560604685 1683.5127129714385 1441.795390437189 1662.5093191177223 1602.8836590700841 1831.4160550175986 1670.1299828104266 1878.0193599631868 1738.3622610869768 1857.073579205903 1675.8693234007214 1860.8535987876442 1621.1029999420853 1657.7891785862312 1433.2583051745087 1608.289287033272 1407.9831524225076 2017.4311077566526 
S: 655339 1446.4451052793704 1511.8238480770156 1636.946369164313 1682.5324410003434 1615.6231788493164 1586.612713794927 1572.997397928321 1602.3946839974928 1668.4955974828092 1431.8020215905321 1576.7600047308963 1441.3481862911817 1707.2330620278683 1638.0884756675446 1439.7062725282508 1402.2484354399014 1535.7541415910591 1761.518314211337 1547.8747447398237 1812.4437818732974 
H: 655339 1784.4455771583293 1761.8045317365559 2602.7517962813727 1214.2937051733386 1082.528126024321 1222.6980745253072 1121.5464643712842 1192.1966753351953 2373.5073031770617 1144.3090705524703 1475.1586099148615 2769.489246736608 1098.627104238541 1931.3743659635184 1953.574439112175 1283.0918596436952 1307.2437908265433 1674.3759186400432 1392.9384094353434 1068.6657918937267 
S: 655339 2160.4261016710584 1515.7979117625105 2534.7146987922356 1998.3082609847263 1029.3648658581478 1223.6356245990887 2015.433943903593 1192.1966753351953 2127.8026328922097 1979.5451663557333 871.3325246578434 1714.3635755662967 1096.992534540507 1348.4760008007338 1037.160403364131 1283.817615181128 1307.131706896422 1436.6236136485718 1056.4504543871485 1068.8058205130276 
H: 361861 1625.191213307139 1442.0506302341123 1641.2371639443631 1409.8078322121114 1851.326431526465 1634.3699665690629 1434.0875883760145 1666.9906869373594 1879.9067218925181 1555.5622518304604 1779.234059141269 1651.887512989948 1713.1219381121562 1869.7130442604598 1710.8389714368186 1617.0274255296342 1643.4348218662271 1700.1174449770294 1689.6357351249937 1710.8757093447512 
S: 361861 1448.3548392198404 1442.0506302341123 1622.972752640086 1577.8284713139385 1546.5014953619163 1452.9068438426243 1434.0875883760145 1438.798061221076 1437.652248007745 1752.5094213097855 1588.3870011919064 1463.0559935904016 1584.1633953837593 1528.674805982872 1481.0673985870374 1612.1967512863557 1599.0264739673912 1484.7212036532576 1612.134884756861 1618.2462374081736 
H: 361861 1102.7442920308326 1637.0445997214697 1308.9453593971248 1372.3510832971367 981.6767435623349 2430.121568062052 1822.7665792177377 1989.964400372792 1317.6141719897091 2065.8469677633807 1828.9713841058613 1819.7360155130373 1628.5017203369039 1654.0070006762162 1126.90593739356 1041.9850427474323 1973.2079624274998 1996.6232954992304 1793.4722234618937 1106.9328617339472 
S: 361861 1102.7480950721858 1258.0382495450654 1277.5921310177762 1225.11491154147 449.8344321789038 1572.0717877986062 1013.3483895796829 1792.1425712083385 1317.6141719897091 783.048001695067 1826.2273190324722 1211.426529913532 1260.0137086517786 1655.5393507669214 1126.0240886696945 1041.832432004003 1339.6963165131888 2281.7024711277213 970.0587574581641 1107.7952488199367 
H: 511017 2112.940964472638 1507.3345493661238 2131.894916603066 1579.6742822139583 1639.0358145616224 1414.5300886926948 1424.1137434783861 1673.4110413752649 1681.7233929866302 1542.015274787857 1574.2494791104505 1650.0629378286808 1637.6190280792239 1587.2604689928626 1664.8593769774543 1678.8758121288724 1616.3063558793308 2054.950888052752 1628.9468620037717 1864.6807619015474 
S: 511017 1983.9078345323942 1507.3345493661238 1625.8207319880194 1579.5279345478066 1471.1217060499039 1414.5300886926948 1547.3002342813977 1615.5393048129954 1638.9768658241637 1412.9751479961408 1443.1484800050164 1476.4576435723188 1637.6425200835024 1428.737019698801 1664.8593769774543 1675.7383103472187 1734.3523103075045 1989.0122205829373 1631.3810009641818 1628.7935932018925 
H: 511017 2625.365076877919 1351.8962111549874 1874.4036803412428 914.2060994520726 1872.9669042806709 1723.8934672460764 1584.3709652369228 898.5836960167933 2032.9289138282024 2066.635252750431 1305.5019041322175 2008.0468393652739 1758.4697070134046 1163.317810301361 1413.1909666645286 1583.0345005373472 1729.7667713842288 2110.410593752279 1099.1045776134097 1530.3862899716232 
S: 511017 1768.7114514831337 502.44484978870815 1398.3228381958559 913.3398559391728 996.2226168140454 1013.640159576854 881.6718391085391 897.9804850866983 1561.1137030347845 1282.3374809118043 908.4969583712456 1910.8942716338013 1758.951125818567 927.7752874941021 1090.3144192729667 1413.7066826160146 899.8164646905814 1965.5698799877944 477.055768855436 1659.8937760888746 
H: 366626 1443.2425799806415 1730.9079642678885 2300.266345417798 1852.7093779441482 1440.5393576561194 1455.1461260286192 1824.398185237859 1459.2980980986486 1648.1559626648022 1718.1847345183403 1985.7268814022689 1453.2154300873729 1992.0463401141187 1433.0699545592556 1693.2345479827395 1583.1615867034745 2016.6555287020055 1586.8487643592287 1666.18735187561 1658.3741144309756 
S: 366626 1443.242579980641 1671.4655742969667 1774.1123631685587 1583.247269272202 1440.5393576561194 1692.6306183512982 1625.9094654251867 1459.2980980986486 1613.5418720627779 1705.244726827009 1651.0564693532283 1640.8744227413547 1448.0950612158194 1433.0699545592556 1493.9344219803154 1583.3496209214832 1726.824397583469 1580.8360647565044 1417.915843684698 1660.198747655679 
H: 366626 1695.8663564156138 1952.1937880951834 1699.1256596051549 1183.6457023522237 992.8391567399603 1380.6972292978662 1345.9994099032795 930.7652430648072 1277.3633332036643 1248.797096284727 1875.939485420118 1565.3711202786644 482.69835373860644 477.6899848530851 952.3790777333986 1783.9123183744787 1885.5070878451452 1060.9975689140917 1112.0549341514716 1344.7792324663 
S: 366626 1232.6330959126788 2205.298285984497 2193.5945900867223 1783.2231070084526 992.0364056891768 1250.3346782663857 1345.2181204310425 1750.5612280919484 1103.8085332511714 1788.9907274711284 1873.4536143037483 484.405143362458 1102.4442448081552 477.6899848530851 951.9120463796908 974.9113619874547 1020.3992374681917 1709.3567927998204 1112.0549341514716 1344.5591767765093 
H: 274227 1648.8808870281994 1667.8330170469644 1447.9934658998225 1716.405855874021 1570.8399868933502 1490.8389939588928 1650.718725640896 1878.856610873036 2054.605453162195 1430.9705712984087 1554.1970647325143 1490.869335062685 1695.6753093686023 2065.075517545147 1801.1074634339836 1718.1632259934595 1602.4602268587041 1770.8629224039719 1404.433940815481 1518.4370869630902 
S: 274227 1763.8563857715355 1649.3048831941192 1447.9934658998225 1480.0096752006025 1543.8102121723412 1488.4200483549657 1442.212315744045 1638.4723728838155 1442.416416207835 1585.883496236633 1481.8223815260358 1490.869335062685 1695.8149273885335 1758.8697354259973 1708.5029179007831 1887.9551525170045 1468.8352325313667 1628.7944217205495 1404.433940815481 1518.9374130094188 
H: 274227 998.2400959317041 1765.5792550929568 1338.2200993231406 1179.1523401369395 1121.0209085817278 905.958627737265 1163.2584501331403 1071.2235258411606 2424.9599884949926 1955.1521584799227 1388.7263947174724 1169.4113832814805 1026.5015054984292 2632.6231648065827 1435.9375933852662 1091.521947686991 909.6238719521637 2002.3428493531871 1264.8186614894437 1894.2368631049128 
S: 274227 1001.045455895258 1045.9127360155378 1103.9905260673954 1886.0089322789195 1120.928224602827 760.7115149472679 1163.3446824521066 1071.2235258411606 1618.8344213133007 943.6340686068855 763.1210311814352 1169.6919516333144 1327.8836307225765 1704.82018289261 479.60780741628173 473.8918647310132 489.6117441771224 979.5985145665176 1031.4051393328107 1894.4082982945004 
H: 225203 1882.8939960383832 1576.2016248433777 1668.8699155115492 1796.2902490377778 2116.375606234657 1663.516451805529 1935.9846626835274 2430.3824406166054 1689.4227486485163 1424.9688389766704 1698.7371643989327 1473.786321284841 1572.9508689965985 1598.6029391680152 1626.3101503454234 1440.6360929838559 1591.5688951013992 1920.830337044944 1455.5499444855202 1601.9769264356676 
S: 225203 1623.2892076427813 1576.3699816605908 1506.2077015806765 1456.5578548699882 1829.1605817158697 1632.008672461969 1891.9531385826133 2151.2193715813487 1472.7297146945289 1424.9688389766704 1698.7371643989327 1584.0036885064067 1603.1899363318705 1597.9273931573734 1466.0907499420005 1654.7204959609626 1598.4332387971663 1907.9697075497206 1455.5499444855202 1554.9632997538436 
H: 225203 1498.6321968037007 1979.4242517301611 1175.6457046983708 2132.496970881221 2566.949482392179 2010.3120200357325 2673.420726452442 3853.7980896637478 1695.9723266575936 2848.447069367644 1298.9741804777511 1403.9023521142938 1658.446043264101 1952.3395295212886 963.0063663102285 1733.1887098897232 889.1360428603275 2662.885210360245 1698.5099878798424 1787.2836956655779 
S: 225203 1498.246466328196 1716.878084796969 1855.5176838606437 1670.4910982970341 2420.6730600138417 2009.1219153868337 1053.2255218728815 3189.036796424636 1695.529462774989 2329.6879484148612 1238.3958285746564 1403.9023521142938 2667.290037860671 1951.8140379528738 963.6835643848619 1553.8189642470536 2131.84871024651 2132.3899458438173 1701.7464520458768 952.5180626127989 
H: 969784 1606.0856270626934 1375.0914222555243 1389.3417061849943 1812.558627271626 1689.380334341258 1791.199550552853 2167.647736540578 2039.8087365491533 1609.193454107449 1583.8613794906657 1542.7328422747266 1578.1146971184721 1634.172956240748 1607.4273172558287 1864.5701477509413 1632.2355765323168 1694.697790196594 1616.8658732524118 1629.1514298714485 1819.3305800885778 
S: 969784 1604.904737774545 1375.0914222555243 1389.3417061849943 1437.7744946025377 1556.7302028348595 1726.851660299491 1447.3152732517497 1814.1671435062685 1582.9081185257503 1427.4728152074551 1400.5412804555249 1535.3865367085878 1607.3260202990568 1581.9994032857794 1723.1147750031212 1630.5352124335745 1386.7658049810723 1523.1558885401041 1433.0135807820318 1661.9506140919818 
H: 969784 1769.7919480892951 3111.306170141522 1288.6769920174688 2324.151890265656 1926.522875852953 1376.8330486688385 1692.51230712247 2147.5915308467925 1748.828111988381 842.9349724822458 466.84709348517436 1232.9912994331664 1445.8731926834769 2506.4780218438655 724.8778787253581 1693.0205669793515 4543.388874099117 1189.8475538884188 961.3042667892046 988.080595925144 
S: 969784 2062.0502406371697 1935.2725076368524 1288.4749256396235 1283.1750371592561 877.0619062496728 1375.5283424879055 1690.7154876265135 2206.411371085031 1748.1004947850383 1009.3376833453176 1254.5076736120964 2148.607882914097 1262.170542818949 1736.9016287636475 1488.791004960135 1116.9650616759452 4061.6025648274613 1185.8377220909865 960.1429295381724 988.4303555735374 
H: 79396 1585.625468297513 1688.981352492302 1783.1749619119869 1917.8482023364006 1695.9941712658538 1419.1724798252262 1533.1600375398452 1768.8225693582244 1650.3925632658036 1621.7986928014263 1412.1194583239576 1622.4312634443795 1465.7517271729787 1715.7081614158783 1678.688579760641 1843.4575013405256 1645.4760334037744 1827.329133724882 1997.4599754602882 2004.3013214972545 
S: 79396 1811.5313020167127 1597.4452000475467 1564.0623356556573 1585.7347701192377 1696.6612869318174 1553.9698441527623 1412.9450470940892 1676.5076321798738 1423.338518073602 1665.275900311478 1591.9813233177636 1508.780880859041 1622.2433932221309 1557.0150636525123 1408.161568803187 1616.1997877798206 1614.8123590071793 1777.165100719757 1915.0903148064372 1749.8947253814197 
H: 79396 2094.7397002024395 1198.6191560180387 2537.914556109284 1839.7943047654007 1176.6401729116785 2903.7483916081137 1077.558829033658 478.1717224496246 1369.8494115098686 2387.41115001089 1167.6619137830132 1775.6930961520816 1606.7566217289382 1624.3265524083738 1729.5057130629798 1050.9189347213483 1074.8476302403897 1698.0269654292792 2307.245261577064 1221.3151148428033 
S: 79396 1092.678135283623 1199.0590660408711 1812.3362809628536 1895.0900658557632 483.5945902662692 1668.842939224749 1497.5647970622624 973.4934753541459 1368.9237944969027 2410.4727931730094 1166.9671527389262 1133.6086111030454 980.179189033145 1394.4710882126792 1497.5923605581102 1728.7156973959052 2649.5899289586814 1406.6608357085015 2200.3103184652223 1221.0845243191006 
H: 683129 2933.1082738864134 3480.5736776766253 3305.814113805737 3407.0665026953507 3457.0379877398036 3354.61009262899 3320.0732606077686 3494.478073588686 3486.7318546442793 3510.3882812254205 3616.5345581555252 3297.486169202638 3149.0929455459686 3395.5351070706843 3724.8829902721513 3511.870853667861 3458.598955882065 3734.9132324499296 4263.994506996868 3518.2401036016267 
S: 683129 2933.1082738864134 2921.0046701093243 3413.5794180029757 2875.2991972042264 3256.5111636481893 3361.535086053198 3221.075706301789 3192.394780327125 3469.6852154511707 3474.2556221998116 4082.1936130009813 3295.4905985431888 3150.2223815676934 3253.057228124025 3225.0606677402575 3511.785578261481 2991.140225990733 3736.5126037160408 3808.457023748669 3246.0406456536807 
H: 683129 3568.1026709533244 6291.040769602608 4595.958576562313 2113.1025517074536 4363.037349479502 2899.163963678285 1815.3011802958003 2426.700749295324 3167.132099905816 2619.902116733117 4629.496850265805 4991.861262387292 3603.271360426642 4152.8332992796795 2549.7519589210187 2236.7437496422335 2337.471095144165 989.5565735832029 5129.294428336419 6444.1790904438685 
S: 683129 3414.311754809157 3951.7319392603094 3258.739415044233 3692.762426988888 2350.920342914513 2896.9157727068837 1815.4357993225515 1751.6500207982765 1866.4105111635467 978.9165242928916 4338.228000858843 2905.578579502584 2213.9705322683403 2653.498416381836 2549.7202240136958 2236.110313201865 4003.383917539563 989.5565735832029 1896.94028745549 5571.758488527059 
H: 563052 2961.9851391684674 3332.5541374793315 3523.2935195040513 3610.7176581662434 3798.9464144614467 3471.6446953566788 3616.3272682352535 2880.839184559517 3209.4878195808483 3643.755252099129 3893.594762997538 3437.2713400180805 3665.36836121662 3463.25532025084 3392.0074269237125 3483.080764507048 2928.5089792113913 3849.8563845638505 3187.9676506485334 3813.224511204119 
S: 563052 2961.9851391684674 2982.0080374218105 3323.6663911293554 2911.2900130028256 3217.7934051059246 3480.2691553980476 3344.358339683903 2880.839184559517 3493.422448764547 3642.702370800812 3289.763556312038 2899.6964422948295 3606.1701502303745 3370.7593784110813 3011.028366226653 3451.8059005916302 2928.5089792113913 2938.000543719263 3188.301977253428 3204.9073166846174 
H: 563052 2697.844220548533 7864.778064604337 3628.9711563427304 2580.794675971128 5247.385977233927 3386.4905863067706 1829.9192917670268 2364.5140342000686 6248.660244900799 1690.4504866449795 3660.205473480083 4055.1409621429407 5439.654607778411 3984.3368307292885 2859.319482779314 3201.221836463915 3630.7741192580006 6144.200789656086 1781.2978960896794 3585.2191210744036 
S: 563052 3479.058193712928 5676.07542107876 4889.022685305838 2602.911706327824 5247.285152503194 2454.275772898992 1830.753461868573 2364.5140342000686 1841.1082481689305 3269.7595827804957 2466.6989984830343 4375.893404600966 4630.964417350537 3984.200177039357 2859.5720095630577 2446.388393419368 3626.8098201787384 8354.3082338572 1780.7806407839685 1889.0596109527064 
H: 281498 2916.9596918741927 3884.3123942251773 3396.0903264629 4046.5307324001933 4107.270934544609 3359.8794864807596 2954.62672956286 3364.000986980506 3560.6871878398942 3849.8183853265305 3176.556446083743 3297.9240783924 3322.3110848112083 3356.6823234566373 3332.9833966203405 2933.2951805691373 2924.399194283565 3155.694056486269 3369.9632671289232 3163.089844009027 
S: 281498 2916.9596918741927 3887.5266849315776 3317.872180193069 3581.9470986181595 3346.2212513977934 3360.257200216856 2954.62672956286 4203.082464420713 2920.7789454616473 3327.115814236286 2954.622438583265 3294.774581767609 3006.4311371632875 2987.553894035507 2989.9394884167828 3560.488411578932 2924.399194283565 2963.393365241451 3369.9632671289232 3081.0584447749607 
H: 281498 2336.940942782246 3321.1151676360196 2063.3946238390376 5390.8652884854255 2012.134154032054 3738.2210459254943 2879.028058667247 2688.4573812716862 2338.2914589268476 4678.982185408445 2994.509745994582 3202.9769055048987 4435.067597926777 5957.6405567677275 4102.798606787668 2273.014801231975 975.1749979727573 2598.492945281861 2370.8396812847254 2556.5710200592175 
S: 281498 2338.1809558993564 3321.7755346994636 2063.528276653448 4156.897088029696 2012.134154032054 3739.3797876511226 984.8755765209526 2688.9416958938873 2338.144173957177 3240.765391488103 5336.358461057843 2327.456685003262 4434.251227812399 5833.713321793106 2021.334097688548 3338.04635581452 975.1749979727573 2599.0200213737353 2134.175726304441 2557.1190557543728 
H: 426881 2959.8956716096945 3639.7523118051085 3503.295383969669 3016.725134020473 3257.662521531873 3002.625521027932 3813.610919673688 3810.421690639298 3455.79130728823 3338.462697660517 3498.536725538142 4093.3128555096796 3287.670164041926 3580.2869865016664 2984.451331309372 3328.71962559701 2959.1915045880864 3393.57266079687 3743.858321657491 3591.3542327201526 
S: 426881 2959.8956716096945 3639.6058914504297 3468.9035993388643 3337.671928000999 3264.8864782041405 3002.625521027932 3336.219063730547 3812.7757708694858 3001.255817326223 3339.3462352014412 3350.973801264468 3688.8061002639 3290.041467027628 2929.134693678664 2984.451331309372 2960.280303128522 2959.1915045880864 3311.689899988836 3730.041482479562 3593.20166332678 
H: 426881 3436.0314153198174 5892.539261590451 3470.3195984903073 6405.9889610417895 2705.1244659062477 3831.153621148707 3226.200023989433 3305.3352666536475 3277.5792117179512 4469.291523323123 5475.160830141568 4876.453881835459 4349.505593521604 2371.971461307577 2151.754629318337 3364.2160296882826 2388.1205725059435 5897.9820194988515 1754.192124840758 5265.175696560319 
S: 426881 2431.0457537358952 3198.04826369333 2038.5767612695006 4524.68302977594 2269.4638471501944 3831.0664762086967 4431.592630572474 3305.696842573126 3277.42808993811 4329.069603932955 3863.2025300400082 2241.752164706051 1868.695147972716 3556.329179586089 2152.0960559959726 4862.937682672188 2388.7885644168587 4102.019286378789 1754.792253344836 5265.648019336357 
H: 101845 3895.4226159539467 3521.904554167089 3321.598040807356 3380.843311983791 3815.4846498261472 3678.442578339178 3819.616951682708 3950.761975868857 3475.265004321666 3521.7798796826323 2878.372550329851 3148.9303574327096 3542.1917007353286 3557.3681217803187 3434.0951921600563 2986.9828500383264 4092.106395798668 3521.5017031349753 2886.34509016425 3918.8643501613196 
S: 101845 3204.1284275971275 3520.423013138948 3320.409136740131 2932.6329003940145 3434.026637766034 3532.6797519917764 3354.215016623676 3386.495555200263 3470.5351432453913 3267.8013669042944 2878.372550329851 3149.156676768474 3115.9104010027922 3298.944740223195 3560.397140773182 3458.779991266794 4009.3913200440543 3412.739695462963 3471.1649707816887 3584.700036512618 
H: 101845 2941.5058929949496 2795.251123108848 2123.7790886372995 3954.7894928795754 3850.138342468419 963.2705729589853 2139.3590827171333 4863.763854741376 4071.0285169138447 3085.589929963817 2665.835292026271 3210.874144361627 2885.4967360168866 3086.700539391452 3797.4224452729977 5009.740482901189 4570.002454637002 2159.49269714504 3222.8830595844815 5474.9385953859355 
S: 101845 3800.7435068544078 2795.4359195359516 3339.8247916292366 3956.189556559811 968.377031193287 1990.1901834886842 4148.865540981375 4862.867797332158 2787.2424408292036 3218.6772413691033 960.0633047318729 3213.5162457416077 4030.369956709791 2714.036836282638 2294.863187046684 4805.939142945841 2783.0455495900455 2159.715127487813 2514.3544783971606 5305.01731235155 
H: 73980 3397.898866997578 3040.278607382961 3956.4991912373166 3120.192735577392 4270.1420797393785 4775.500690029639 3324.455969403572 3487.1785050320677 3236.166776656199 3859.515444506653 3422.6680031485785 3801.2098080319674 3177.1799455537207 3450.3538950860293 3417.0201309283143 3409.0303074828294 3355.524240062793 3664.6896252807596 2934.244962679567 3325.606592824493 
S: 73980 3249.0907987405467 3040.278607382961 3385.761301063154 2973.8738212091325 3431.3230979044124 3999.9233838352498 2939.5897031289946 3417.368334897218 2874.4635617432546 3329.2893999930793 3416.8736689914213 3393.859018531475 3180.697017257073 2871.009374408662 3334.0037148646193 3298.090500734793 3785.3865778465415 3000.2727988695183 2934.244962679567 3215.4998589779166 
H: 73980 4270.502051033209 3230.8833421167215 4119.9286404905015 3233.0622352073456 2894.6571141542495 5441.456457467418 1718.1807961376576 3278.684208126494 6209.028788104765 4209.655196059625 2331.994898708901 2510.1396653804713 3354.4428229038053 2139.657288920557 4557.913178167072 4137.823628343328 2552.618936277836 2306.690149448974 1957.8177420411612 3168.9001840381097 
S: 73980 2291.5198565817545 3135.5729485627294 3813.3526399069374 2844.1692829828967 2334.324441290313 6203.475442729415 3255.085653637758 3279.0995632334825 5702.986963493048 3818.1192970990305 3863.8784325704014 2510.0444428111687 4325.290072098587 957.0031248028872 3427.4606739261267 4926.600271937442 3612.5694931261924 2308.5011427440622 1958.1767294988806 3163.9683451121277 
H: 167731 2922.9500836933785 4213.859973959281 3672.5090702702987 3668.4882937037537 3407.115880738576 3347.3349993392108 3009.348063407857 2955.9939347337972 3642.45092073661 3416.48883844385 3227.619736575536 3740.7977844376574 2924.096135097018 3240.884010948801 3990.997041904167 2945.342119733043 3349.7088664068674 4001.125243479829 3709.7803518245173 3690.1989917472756 
S: 167731 2922.9500836933785 3395.683467692969 3672.5712383464397 2888.595393766402 3404.726785128824 2996.8226009452483 3009.348063407857 3358.1977066632526 2972.856900356066 3327.378393010844 3230.6203334611155 3316.249520976722 3291.322234285997 2914.695973446478 3292.046028390395 2945.342119733043 3251.1492211980235 3237.3899006874035 3566.692936069401 3296.6874451953045 
H: 167731 3691.3817111398553 2559.1725030214952 2513.456833129113 3383.3446519286877 4306.707866346399 2599.2080657714837 3382.6563419639515 2651.2082335831533 4469.637983175513 3542.127260671734 3517.900331736537 2249.0707298933658 2043.656747543926 2943.639044073454 6097.529319996212 2844.861338471594 4088.8061865508093 4020.9421556196007 3860.7436383186996 3833.1627489966054 
S: 167731 2216.1536215585857 4243.672920780587 3089.4934652738343 3402.049327389 2272.495455834547 998.9408669817485 2204.7531171431947 2650.1426758555403 4467.9186240705085 2178.753559198693 2885.2993100775006 2616.3760749246153 2495.4680340421523 2029.7842985447564 4586.0502890501175 2847.0216150122615 4088.2803152596425 4023.324680567013 3860.391968421879 2325.6793835398453 
H: 95532 3451.427625689895 2963.7511112915045 3492.6803676689433 3927.728094041011 2967.7487335449605 3480.2009997214554 3451.5153054951984 3562.7517202416993 2960.8398833870237 3311.770625686278 3450.671220114509 3769.807624923877 3959.222169035638 3405.183296292773 3455.969737079184 3344.9896987324046 2905.8208460412184 2924.198735475483 3219.6688812996213 2951.7280873938776 
S: 95532 3451.489257711072 3268.8003994644364 2992.626677243205 3559.1258031134707 2967.7487335449605 3709.614072742558 3567.3115923774308 3220.0564897158665 3315.508246981264 3286.459086232992 3395.172168893674 2942.607477978278 2898.466475795312 2920.8590228733647 3455.9416296819572 3584.3578122615177 2905.8208460412184 2924.198735475483 3218.8813862044135 3286.42682741001 
H: 95532 2568.5984238691995 2575.7954181741197 3255.8460244589755 1905.1780899344199 3382.882149547187 5829.5350436894305 6245.096695239901 2238.3689088605456 2929.8167028703 3494.799335379589 2565.5470655437134 980.8691593260932 966.1554919317708 2165.8670220211643 5631.8870700556645 3911.858749369407 2458.268755048293 2132.0976974143423 3183.4995366869002 2836.1452735782946 
S: 95532 2508.242642710198 987.9698714975691 3256.259832797428 2650.4947192024038 1992.1396362835528 5369.557697430962 6243.524434653559 2237.3868580653498 2338.9522496559107 3494.8876658120225 981.9411039450843 3150.55995160331 3852.7536336354747 2166.148280869222 3462.6656834886794 4861.236988151824 2458.1023885049885 2132.107832669048 3185.7000673188472 2231.216457084808 
H: 351723 3979.1816451980053 2983.3087439154183 3495.0827183157517 3532.1413572558345 4435.915708051549 3417.684466768275 3728.4905368109025 4461.081424248351 3754.5467398818323 3151.9332280081103 3700.8491465192187 3185.5673977738743 3445.341704139929 3586.091420643743 3320.204137979351 4169.7118310803735 2938.769528044229 2859.8890033117077 3381.9745241607443 3795.8076004325376 
S: 351723 3460.946693837983 2983.3087439154183 2934.4184243335494 2946.9130107012197 4417.918703573104 3341.9168623748665 3727.10584939779 4274.699035139293 3314.381583430339 3520.3004512805915 3703.545742728138 3181.0302025515916 2960.585246953678 3277.943836258713 3388.1759063655713 3465.80471345548 2938.769528044229 3250.5756080659016 3359.5960650644524 3777.242872309825 
H: 351723 984.8780906449673 3919.786164898502 2559.7668430955673 2500.8275930744408 3382.152386107418 973.5749145365726 2066.130063693114 2596.395474417043 3308.350131270058 2696.665291828918 4130.7650819881965 3284.261660001882 2721.329777738644 2022.4812916132037 2559.0539270912554 3924.4548235407283 4119.953699654319 3300.5986311447086 2327.4146464848427 5417.669816061133 
S: 351723 984.8780906449673 3919.564641395475 2559.4572445227004 2500.4889465610813 3380.8145765857475 973.5749145365726 2064.003712794096 3892.9424156092928 3307.5400882403646 960.2050572419658 3377.565000100077 3284.403927130986 2721.494890379661 2300.1455414734337 2559.0539270912554 3924.1817123011783 2460.169845935929 3299.1129423076195 2327.0594299863606 5137.407979603301 
H: 433545 3351.493371544329 3239.907700989218 3570.5423752338156 3197.979828725845 3215.075854732545 3571.477252889811 2977.4326586810016 2915.9550366257827 2959.272124309041 3338.221986632605 3339.846681270685 4243.085881966389 3275.388066956544 2950.3979779662063 3340.2850682672315 3326.2315803461693 3172.7884982533888 3532.1771397733773 3568.327890702581 3423.879042428331 
S: 433545 2919.8490754121417 2839.6716715959974 2899.051105109043 3620.1658421198526 3219.4581790075845 3666.6521968489287 3201.4983932056557 3213.7157867473447 2959.272124309041 3388.648826118823 2974.5660092466123 3603.584577203767 3149.5271512559807 3376.077203018455 3785.3434755752546 3324.5115392277385 2911.8934243378335 3537.573825608991 3331.874899364174 3569.687727549428 
H: 433545 5884.988138359737 5483.775200398007 2478.1103462520314 2882.3109854044174 4890.343092387084 1854.483486820502 1711.353876368417 2370.7656678604585 2942.5856844893333 2134.257609127974 2474.5497208473203 1877.98355006363 4701.5089952136905 3714.530381841119 2036.7989790887011 2950.66393051341 2517.0481919683198 2654.530230963338 3691.5773088025803 3696.716803649889 
S: 433545 3817.7396289550866 4667.092928749757 2477.8392208530367 2881.8390351496078 1933.3628639184865 2793.1599250227805 1711.353876368417 2669.387760739348 2040.810295139607 2131.741439657712 2765.4732553360327 1878.7336417566555 1655.8649772054782 3714.490013056312 2324.7210274096346 2045.1740202398762 1685.368461851148 2375.8909232692527 3690.1074159795135 3699.082813378802 
H: 500685 3381.7158680139623 3424.824997344059 3268.3805505472155 3391.146535572764 3353.9945622587743 3396.192574757879 3761.9214100125646 3488.4679774507654 2924.1139698074785 3958.502746483994 3201.598811169432 3150.0433854169587 3470.3379877202733 2862.8159850903744 3303.730406144928 3346.624616210779 2987.0929526754153 3421.5451537129125 3380.7639190381083 3402.9251121866973 
S: 500685 3373.51715687883 3425.4514778919656 3268.3805505472155 3402.222886624891 3353.3081189283016 3396.7816480964793 3409.8241674463534 3502.965441835901 2924.1139698074785 3958.222118183432 3194.76147462002 2994.4430700922358 2964.1053939838425 2862.8159850903744 3301.463224703729 3346.3147736731844 2987.0929526754153 4016.2112187263597 3239.1123038728874 3495.29092914461 
H: 500685 4611.008388139318 3549.3602992569677 5035.626189886371 5889.469570016547 3321.6182530274214 5589.8907868407205 5323.287488913435 4348.457124095843 2789.3012807814875 3352.1804316649973 3867.613244053536 1500.4340531793298 4138.195553004271 954.2719950301256 3935.1211377710733 2458.494886307863 4302.020229871914 4018.125098252761 2010.6840847087547 2972.7437718742685 
S: 500685 3797.023341831197 2369.616442151928 5036.47319021259 3712.4932690388514 3468.603030208994 3357.8842966137245 2649.777188825195 4347.2119904299 2749.2392332210966 2810.542586984431 2556.236432778662 1499.4989706890178 4356.99669004538 2288.9995752629375 3934.778842991585 2458.5208115823557 4037.553478917767 4018.9736855891056 2011.0090852640656 2289.7560048820615 
H: 982505 3960.3550231693307 3202.4329318684936 2963.5880135874663 3208.068559355855 3438.787441796035 3297.074052748616 3515.285115723324 3274.278111516914 3654.241738651351 3537.5776916365244 4098.191335933818 2895.172170874379 3761.195303156317 3229.594973214111 3492.5488732650206 4117.886897783032 2956.4944969216867 3470.350889467176 3671.0702441429535 3165.374142644671 
S: 982505 3559.502583958899 3197.722745230076 3344.272864211665 3382.0960129050923 3011.1375514526453 3692.752648789789 3515.5720187015027 2983.827334132338 3157.181834259925 3397.5189655576723 3672.634011225014 2895.172170874379 3347.331444179146 3225.0846864698456 2986.367447607226 3378.0674915940594 2956.4944969216867 3399.885152911286 3514.8769464095685 3165.1021003787455 
H: 982505 6869.072250019018 5912.639457591184 3931.275441550737 2355.1035681947797 6043.727054272017 3243.1128915959075 3348.7236760545125 2960.484457981669 1747.865870278409 3281.249827548777 3109.4086350360217 3990.157543062051 2450.447463135222 2113.842142895468 996.303145210325 3717.6702185651297 985.4981656405613 4731.925763041368 2652.628532716413 3429.2746776627127 
S: 982505 4284.095758017925 4208.650381343855 3929.5600749628957 2354.1428296401905 5812.114337305645 3132.226782268718 1831.0013058852037 994.6091113774464 2924.156575303091 3282.079378946704 1893.712736079688 3991.3051488974206 2156.4448138267303 2114.228136375215 2391.663075354373 2852.1648465077 985.4981656405613 2400.3671833322387 4802.486385778745 2139.1994737687287 
H: 322917 3391.7795318989247 3417.405903366055 3428.9471225108678 2970.2447500477947 3259.4677336372565 3936.5011373983216 3373.0556339563923 2963.7018345943748 3719.7235044128756 3299.990891485419 3833.185296744342 3234.20474368224 2915.219141359292 3358.734530868981 3238.90296810484 3216.0938385956756 3267.5388302730066 3221.4151252517213 3258.384709226534 3467.64486568216 
S: 322917 3394.4267331047754 2946.2183167159715 3322.757677084104 2970.2447500477947 3166.8557412423215 2892.0756286278634 3373.0556339563923 2963.7018345943748 3723.125237056082 3307.409545027457 3332.361410461876 3232.5227454266646 3360.959664465333 3496.004247261965 3000.337401915392 2914.4541391469497 3240.064131536614 2975.075983658176 3240.4651704799994 2887.0152913173456 
H: 322917 2125.977534971167 2414.8753509806415 5212.410326831306 4011.7490505011333 3521.8255923153474 6443.22012105976 4149.078628850095 4394.644133889824 5390.971966682826 4461.689110659397 3686.7521227935104 4886.106369751809 3679.8113949717253 5021.216484507122 2545.4992336848823 3482.3731592697304 3504.558033622437 1734.6206012692253 2893.155203606104 3981.4348191003587 
S: 322917 2128.10796894332 2318.3340322594413 5177.554924128018 2470.8096087788845 2872.7911538329117 3937.64558496304 2648.128742359605 4396.285978511081 3492.055564611096 4597.466465202588 2369.3576907001834 2284.3804013417775 2328.221083959046 4791.712177495165 1974.0321302365705 2348.764416610627 3027.9011515784864 1734.864818294445 1741.6736901954348 3980.9587777863712 
H: 340920 2864.9172136142815 3228.9330740595574 3423.129166463098 4282.479294706328 3756.8347486783923 3783.9635071838843 3608.172289087284 3652.112155337908 3204.946543176017 3443.846065649374 4126.709102048257 3590.112190135308 4179.377001604982 3462.087413400347 3527.6231314164534 2942.3402166745464 3254.0011044206435 3818.3673088112832 2917.3738070439313 3306.9062310562135 
S: 340920 2864.9172136142815 3544.9323150825926 3298.5840074302105 3397.314043306395 2910.81528615439 3427.418973117772 2990.1566020511727 3429.892050425514 2899.3143612940326 3340.6926236178474 3277.980435896342 3511.342269023489 3259.3157531178845 2912.6916782728736 3298.656813963843 2942.3402166745464 3179.8190082567708 3277.2487276770357 3212.0360419270914 2888.477118851471 
H: 340920 4423.973089444985 1968.1145918982977 2336.966408051633 2706.4539087499425 4919.73345761472 2083.1993086905095 2232.3814427993693 3746.2486586279997 3432.750016922831 5486.570219224008 3232.9860041181228 2553.258682822663 4498.856333109671 4183.377429372342 5626.981864626552 4544.929031500607 969.1930125266014 5097.41278903273 3202.0034720834615 3205.3266545224233 
S: 340920 2860.7140379970897 4016.449999447629 2337.442592494553 2706.9012536377204 4920.512803077484 2083.6888323460194 2231.1160511421936 2656.685934718439 2334.8137052526668 2355.855885727006 3230.8875321682603 2553.8719702058615 2928.2139735760534 3726.9680131417035 2555.4976132756437 2805.768032333168 2494.080369873954 3202.7726033702997 4386.930040567623 3204.603529585604 
H: 964207 3364.995509549329 3192.6076454574213 3787.334644187193 3205.010191873053 2915.32539188579 3416.484939665728 3349.3775029764106 3627.952577773255 3688.2814965137154 3295.9299882752057 2934.76671332155 3910.0403673623205 4350.778184203193 3398.7674706505823 3529.506652381398 3460.655484531959 3319.295422004184 3690.811575842735 3372.771769126876 4003.6921730089493 
S: 964207 3137.1522959449326 3574.8507875757346 3342.1500774675733 3204.47947884307 3204.4831191261806 3417.9751919057803 3461.479232366809 3629.3467548468293 3261.7602066499826 3294.319412033375 2934.76671332155 3359.6722050226767 3247.393473149492 3220.656739760879 2963.6106626575915 3264.8254570096115 2989.5858272012083 3880.248341046132 2963.683150859664 3745.4694783073396 
H: 964207 1786.9146178602134 3504.523200523073 4191.335081078691 2457.2405978940355 1847.2682551739902 2194.577219236912 2442.323452912685 5444.0327906332195 2120.430959018273 3612.675017621302 5897.332731244388 4250.483209561874 5058.17495457704 2317.3837290163597 3625.9888268005393 3343.903057824628 2933.0259789137026 4463.864222370161 5551.013679927366 5378.632249826811 
S: 964207 1787.1299457519356 3369.6027295784593 4191.734870535788 2456.446034945659 3491.585204042784 2193.74153161733 2440.540591135791 5189.011721083176 990.6311275364397 1977.5958973106206 5900.938452327919 2893.251840220696 3336.6870063957385 2317.3837290163597 5275.6910598456 2435.3718037927442 2933.0256134046913 2957.2363926500984 2956.309575170696 3170.4189055341494 
H: 253486 3260.840276057652 3415.3089887092287 3410.327889603663 3954.917718743046 3865.4882752485337 2854.9365502184164 3395.3645441340627 3403.7627545134083 4038.7807218318912 4213.457906793479 2901.2587877472174 3650.450108648406 3719.471823493432 3301.495981543978 3507.9767676969477 3365.7776179473085 3366.6460965640726 2967.4703443702433 3745.675246399215 3040.8369157774227 
S: 253486 3261.428076245893 3334.0369610856105 3670.3920845336243 3260.7949597833504 3366.9932212394874 2854.9365502184164 3397.7875845113813 3394.486455238133 3975.3758153840276 3990.589170744184 3381.4991844140973 3322.9059543566027 2926.9623061668203 3303.0530036488126 2923.2424317263494 2909.390333830079 3202.5393912215463 2967.4703443702433 2912.1500260609655 3040.8369157774227 
H: 253486 3869.661979497514 5541.531889060928 1944.255718686071 3916.4230498558995 2421.877347903333 3615.818832178291 3696.4373382446047 2310.197914263151 3128.0771099095064 4341.269641565671 3610.7345654008045 5425.7920582339275 3174.284752400249 4221.701651203253 3616.5921948109735 3745.3479200517813 1766.156620785728 3770.7229652937635 3210.389396779616 2166.373276828589 
S: 253486 3661.5539913367693 3881.1651910566616 1944.255718686071 3916.832760840602 2421.0927338670435 5371.093719244854 3698.046676992039 2310.086486829516 3625.2797928594955 2229.885904653641 2306.6815727593953 5003.517002859159 3175.2933896165787 6205.781915998895 3380.7209882387024 3742.6092434749644 3457.4266702624373 2110.1383051250873 3211.1141312849795 1013.6123052591396 
H: 918899 3134.8862312891397 3393.891762249107 3521.4523308367425 3390.6714924468524 2940.687908003103 2957.7248082838055 3480.568011711397 3188.160674274532 3715.823311748496 4000.179754312995 3640.6829228802726 2950.9654019941013 3430.9119624281952 3728.0493923546346 3200.0987008773845 3325.6793432764725 3346.3915940354577 3365.739651864112 3637.4395762978234 4057.5190971401757 
S: 918899 3829.3005096021443 2933.7250557686034 3326.4911333591044 3006.076938417231 2940.687908003103 2957.7248082838055 3134.7804351094014 2884.7386816485355 3713.7717533513664 3383.265928205626 3513.3924380735652 3335.1542611692153 3425.646584977136 3726.6851643044733 3201.85535258861 3765.5025139241466 3205.0521552339046 2913.5685537885915 3426.241864970331 3502.809231389104 
H: 918899 2346.4591689451413 2426.4008761240616 2155.354663299633 6750.94539061037 2706.270404575064 4206.581791868196 4109.784720650618 6857.110643029558 2406.41179773071 2232.0814768482733 4548.1866598818015 2449.813373614418 2963.1322173356725 4901.942810449801 6373.509458480777 3497.5278618762563 2143.7714255046517 4075.8922822211766 993.1531660909939 7963.496321702575 
S: 918899 2346.2626213724275 2738.9053898398815 2151.2676804565044 4249.7132845792985 2705.40614645275 3735.815981573787 4109.794036911066 3145.858048776233 3987.2431799826672 2230.8954064299965 2939.6597169611914 3559.323834192383 1985.2923231252641 4435.122097443587 3640.5179278713886 2049.2893849670463 984.2494528644844 2407.4939497743285 2250.908609399797 7604.9916531403305 
H: 669878 3449.2487802932765 3309.5549584519013 3405.968077764022 3298.0196071974524 3396.130967845548 3215.482178695345 3739.315759789917 3953.7671213807366 2925.5592306990334 3354.6967594719167 2921.6380129755516 3360.6811946868997 3445.618915529257 3460.9106870244827 3814.054047126768 3253.6463153602213 4127.655748059108 3179.3839733619184 3204.783942292499 3279.930529227073 
S: 669878 2943.0585494128145 2927.1436974486915 3260.020184112039 3181.772712539028 3323.7980873845004 2947.6636801874356 2924.79095554415 3293.8404823485653 2925.5592306990334 3290.087412450008 3556.3186267934693 3300.259636829504 3136.270827234995 3459.10004966168 3689.6525840945665 3410.1007622315906 3681.3980682568226 3180.5978090598 3443.902957792319 3268.602565971903 
H: 669878 3761.59593995861 3626.1217043868405 4387.32204392347 5438.502376866941 5246.480614655914 982.9711598165593 1888.8589437500116 4734.576502984269 2237.241790163436 3488.391792146762 2745.600446378715 3246.7205979019795 2471.68395150366 5800.8414358373775 4012.9146757325216 5120.9925475979835 3127.0301349706897 2228.9471597178403 2627.876195174495 3613.9214585907976 
S: 669878 3761.023766546601 2264.6429866525127 4388.106306891206 974.8257606278434 4188.658670213494 1813.21937962697 3744.264159873799 1002.3191983199151 2238.77401533902 2400.010142143897 2745.1349782550164 3207.347352182199 2779.658887704607 2542.92178990445 3619.517901814067 2166.326863006113 3126.941673532195 3109.664079202915 987.7659087358464 4183.033779696869 
H: 849474 3553.5108596662085 3227.6737403573397 3797.3599859726023 3264.7417157187297 3622.4310012943147 3484.7275597070193 3419.385082850306 4042.5935633874865 3132.6431597606033 3400.8661774115735 2906.64336814815 3537.114506095616 3531.3249085660377 3314.8744587393844 2944.156949857433 2899.3406370498783 4325.542404957208 3183.8954554328784 3456.8017888390614 3164.0302132675984 
S: 849474 2920.180869919237 3230.229761117586 2947.18702539778 3257.9857595767476 2936.691774509521 3091.299255432331 2998.610804686099 3779.01715609632 3131.444666266491 3331.158716097743 3387.903404834531 3515.1922431306225 2965.2146147595727 3737.3759065996187 3396.964340311306 2899.3406370498788 3666.2124356866016 3184.1046189980575 3811.916658973348 3160.767252901156 
H: 849474 2323.863586361398 2651.720632064831 2335.7865073057465 5959.237343057316 3267.351842349751 5087.295062032749 2691.9042773311353 4182.295370372705 2263.503980914492 1754.4437919208738 968.881122716049 7365.443806909571 2421.114823776332 3984.9426797322244 2201.097649114266 2309.450851580136 3481.8786689335734 2796.103035525369 4288.797191110215 2615.9760732029918 
S: 849474 2324.49408261049 3970.511557668534 1721.8491933815098 4821.045172850958 3091.7631315933954 1627.8186079834438 2695.0384517771236 4182.415740929255 2180.665390191553 2944.329038410373 2642.943990338555 5108.23921858432 2047.1695435672204 3984.221542626147 2201.0224151129173 2308.197482293481 4820.404372530936 2794.9652868124986 4286.06510856395 944.4852948776571 
H: 541564 3415.706594955476 3198.649364948769 3304.060459859182 3211.2470099502857 3274.403649782455 3345.1806246083197 3281.1831776957797 3455.2389940149774 3205.163415886314 3336.940945089217 3403.9288463878515 3366.5096064067006 3185.0640378358476 3609.4299277920513 3372.310707163032 3388.263853375644 3506.7939082245957 3770.0407075663134 3341.859317941863 4201.858027582397 
S: 541564 3198.8841771540715 3873.0870680872604 3305.7509940630202 3210.9049723466173 2881.015939140382 2913.1027902685146 3303.423041255004 3461.4693150280177 3504.5809382326424 2938.7217541479554 3399.76575941149 3332.1744628249844 3184.088879754901 2999.1314755217004 3314.2807455930647 3286.1854135898275 2904.469788823762 3219.313114695356 3342.504566585024 2887.8680605572104 
H: 541564 3739.0886570181297 2456.7579185336176 3895.456816233038 3915.1958397389194 3691.476878263907 2364.3656239938364 1996.331475312115 4985.509412541816 3455.1955896000263 5136.5404808226685 2138.366617910057 4019.4192464039893 3373.5866694122096 3925.786010482243 2185.1725826253614 3228.9440312639354 7276.1131195737535 1878.8633581190727 1699.1106527903041 5608.448447093297 
S: 541564 3459.8198043638436 2455.840711854895 3896.56139121495 3979.9181884726463 3687.9516304586195 2194.805214910491 3241.1531302451717 4985.473418092195 2695.3458000448804 3930.19971099379 2297.8624630553336 4014.1312829095664 3389.2812989281565 4431.889070194076 2187.0112602601166 3229.6627956978896 4946.366134085537 982.7189428378691 1702.1401988738044 3941.845039310061 
H: 811516 3238.138699634484 3422.0074588053194 2948.564146898219 3736.0499943224218 3382.7910626156695 3916.2342633070125 2976.369702114467 3493.509287726024 3482.4511307247576 3220.406400625134 3508.457291009362 3385.147805352764 4055.1631873038014 3156.644918434713 3453.858008454967 3810.2796392362748 3295.464047245828 3482.1600337927616 3407.1493812655185 3449.20378779696 
S: 811516 2973.047774128934 3421.0247932269945 2948.564146898219 3572.1646182835298 3332.112473252276 3425.7413011685558 3452.1454107181744 2921.010995631526 3268.2391419991122 2910.3255240001877 3289.3800687716243 3299.8725621083404 3297.0202197090234 3058.9147282513845 3453.858008454967 3238.2153086434623 3296.1254688734207 3018.692226720216 3406.237953444474 3334.0171414548736 
H: 811516 1989.7001523846168 2246.4894465519433 982.8547156327401 3338.1931862957 3359.9598951130215 3662.2063438482955 2220.8848429479895 4020.5997041592104 3648.707376003453 2923.259431218524 3755.0375539301017 3623.9007603254 3865.8603820005187 4418.293209009414 4156.5309673034735 1719.7700400981298 2858.1819362540114 2295.8556745302303 2909.106050680072 2224.8405208087192 
S: 811516 1990.0339996724224 2247.933054027641 2383.0459470202672 3338.1057295633045 3362.847939072261 3663.809297610846 2305.669871572881 2354.194127081909 3648.635456285589 4291.924820858699 3754.66506973993 3950.594457592184 3864.622581552673 2020.2905880282665 4156.496310275565 3249.8555041015684 2114.5322831921517 3793.7101589688173 4631.891388172423 2649.3283363220426 
H: 590403 3502.908229498373 2904.5538337693024 2939.1811495847032 3415.3274619587364 3849.8045570929667 3341.831079631073 3953.4621414236235 3404.322029832558 3707.6008288501434 3359.5733147451356 3841.9179787162266 3305.3669070646206 3469.7957249115307 3195.4249636648965 3418.465252859922 3781.447801300073 2925.8518063932943 3493.8625204086543 3430.656109794971 2894.300112709627 
S: 590403 2981.983857021778 2904.5538337693024 2939.1811495847032 3004.86863843351 3291.5133937123396 3440.654171648675 3620.274579077657 2923.367885064268 3295.9057497619683 3374.062082043643 3364.463774253172 3249.130862585003 3356.820125254533 2945.508357045718 2969.894253286188 3847.083424495671 2925.8518063932943 2974.1309173730383 3430.8857077944162 2894.300112709627 
H: 590403 3959.599584542742 2206.0071612537477 5578.438769193167 2486.767882245335 3211.0136058758762 3724.2117722555413 3312.5548985916926 4198.643779234448 3782.0429802804774 3248.2503737502916 3919.3492613111953 3957.706444948574 3814.266565994146 2940.1502114433906 2363.405187661413 4355.118099230068 2941.365016795433 3189.34473189061 2533.7046289226064 2563.3637972290735 
S: 590403 3960.7602693576387 1937.8412918791744 4306.629649273075 2410.723783048697 3211.204989647587 4159.8796857198495 3313.5514005932346 2363.390965824749 3165.5798919715353 4297.329985853496 3796.701540352086 3959.093806022065 3815.943517792873 2940.3197040087607 2688.494736728864 4356.090710506824 2941.712395837956 3189.8197145618446 2283.057738029782 3907.5427245952797 
H: 148857 4059.5758750303808 3692.933255839082 3401.902123576228 4093.6475503213596 3550.9665644440283 2971.8782468858685 2977.8835371782525 3962.0622807616155 3236.97389809585 4122.172713037169 2879.421440739671 3275.091389664971 4023.818394610575 3383.4388071062353 3217.7141574402417 3807.8611820608244 3234.4315105054047 3626.0638734726076 3138.9120801636104 3652.2208271213217 
S: 148857 2850.5864896013813 3425.9084609574807 3468.104135289834 4034.417871563615 3550.4937495917707 2971.8782468858685 2977.8835371782525 2978.73756384449 3261.449363772389 2893.4282492641732 3099.9042752724054 2940.950521954642 2927.9859090246323 3009.64101382293 2909.2611494331086 3233.423608054381 2950.6525197156593 3216.1591256378924 3370.8213133469108 3373.954437912974 
H: 148857 4266.469527609263 3211.3256767582266 4502.100059908111 4038.1449864770007 2517.967399102825 3374.8464662863366 3641.580061841519 2615.1153849680522 2855.0464452410424 3817.9875446774386 1801.1204773677432 1905.5466444003303 2049.4484223524255 3338.404676441262 2483.6006970674694 5927.313001685002 1880.438137639791 3974.854324897421 3879.899788062834 4547.190590678293 
S: 148857 3984.879248226258 3416.557545514453 973.6472428510168 3862.3478243345553 2248.4231572898166 4356.093070908932 3639.0838703598865 4720.746834307163 2852.0968079286085 2580.8261057441264 1799.9084057728064 1905.3869047623693 2141.854019761058 3231.1807600840048 4143.824379224814 4434.6416049576255 983.5508399052203 2777.678599243531 3880.7300277757163 2623.041920746488 
H: 352793 3001.4189072681506 3378.5564175647687 4082.012659395813 3575.952203560754 3408.177703408792 3340.172048986023 4186.316546709181 3354.376380492988 3610.5684973535504 2965.9864857110074 3574.620577742588 2937.551055869537 2931.0399948226277 3924.8864463041505 3267.467475264014 3501.4025129556303 4163.4257443038105 3328.385645064992 3551.670292769823 2947.656921451222 
S: 352793 3001.4189072681506 3387.2645318626496 3890.850879375315 3594.2695651490294 3407.3477568535855 3340.172048986023 3037.4470394035 3637.063727139173 3218.9110484534144 3483.8173297604567 3261.867244828233 3438.2099164789715 3399.737822772736 3932.634808589693 2958.7528922379706 3503.5083550799086 3534.1282478586636 2957.7585128585138 3291.2530515815693 2947.656921451222 
H: 352793 3742.9913462283885 2621.721792521905 4443.9201769057445 2738.2309865990997 3559.558981606538 3434.5678534678127 4882.295045614742 4116.3042069089 2250.9555520442264 3785.1821670409267 3564.825359912752 3890.9998148474897 977.0133316075426 4867.0486007897 2113.2391741847573 4958.611216336812 3836.3780993001706 1937.5496000286007 4475.142861877748 3177.0190698519314 
S: 352793 3398.979510107985 2623.02964423966 4444.614530462236 2739.390730779364 2489.3139628988592 3767.3971969800527 4884.946168160043 4929.42404960184 1966.5671363723159 2270.8685473015003 963.8450618394963 3891.35926470305 2462.5157973493506 3511.977052976526 3605.6931479459395 3597.401671499517 3929.0194585972904 1937.4175566351055 988.8507638744156 2751.2012665972293 
H: 870497 3358.908409165474 3222.882836686175 3308.826751893827 3405.9878843969864 3645.8417745260986 4158.200758791287 3430.0868319311567 3902.0415818180863 4510.999628577922 2970.006318734064 2903.4480657553736 3400.647027572491 2864.724244612485 2989.6326088202186 3275.274799482066 3510.2266180638535 3837.352629529557 3338.515938431823 3219.7489400393506 4775.274649386492 
S: 870497 3360.73805706451 3225.112590745251 3308.6175450960327 2957.846232677979 3286.0332473519434 3770.712928291677 2959.999763190292 3901.1442264375232 4066.16437577299 2970.006318734064 3268.1877241181414 3397.9623682823844 3201.626402948805 2989.6326088202186 3351.7431986320394 3532.2793825452472 3327.6653844907296 2922.780901476803 3219.6849248745143 4648.918928147333 
H: 870497 2203.6740720860744 2247.0274486080834 5152.034806201597 4071.047341892377 4536.906244698614 2505.9944318010043 3286.935802541154 3707.8198860092607 5086.910526432503 1776.7132578250794 2278.2420796262613 4209.149845738234 4527.308659791484 3313.573217635926 2547.7054450011647 3322.3268750916086 3745.8812437649317 2158.437010682347 4699.424666914434 2920.1653510415704 
S: 870497 2203.59420029075 2236.8648631125625 2137.7832629810337 3969.873126709137 2941.68234300894 2504.762765666291 3283.3527886045927 3951.454252301653 3714.430733873979 2864.429530357717 3746.25238070401 4208.734916835415 4643.612077838576 3095.1442104360476 3908.561148986681 993.7135221659552 3443.315115158282 974.2603004922677 3138.009159265294 3867.050674434265 
H: 865531 3725.4856539465313 3769.454238973566 3202.4224317648623 3173.936791706017 3408.234812577812 3261.2821004681505 3770.1667035153046 3474.21876449906 3214.040252268704 3233.693812281872 2969.1547282442516 3544.835534072282 3649.9142446260958 3753.648504468249 3916.1378969720604 3647.46298719133 3471.777765881136 3271.2712938966056 3484.918263907299 3883.630969339089 
S: 865531 3722.700744167494 3422.474427309497 3206.6327148194127 3173.936791706017 2941.5123948345686 2926.733379534878 2960.4111204554074 3166.5121073274527 3215.4665107315504 3238.484122182711 3256.327794015854 3560.3160890462655 3359.8256844309763 3363.7299205693544 3753.1391294495443 2998.1753381635963 3265.31765086658 3287.6148984490906 2953.25646534059 3548.914017853455 
H: 865531 4955.944039730364 3196.605373589899 1611.94015147211 3610.6781388218246 3121.94553396056 4881.966417167242 3370.89227811355 3343.158910978765 1854.3059464758055 3507.529937761101 2196.9654874385324 2234.5253582202618 2274.5791332255108 2988.0358074374703 2253.1221577665206 4033.757708649009 4757.4322347815905 2481.408984273549 2644.5681107182695 2874.3534791454467 
S: 865531 3451.933909624607 3195.803405003063 1773.742208664198 1621.5211268621265 1835.1840803028492 2412.081469607648 3371.5872693406845 1986.6344101846068 4044.560830918385 3252.2465207964296 2198.789360510852 1766.673256001383 2075.344454150573 2989.2038811468924 2975.8300968870262 4033.28339026864 2341.733990693598 1912.307646527169 2509.1071673395254 4168.938276968432 
H: 190870 3758.3486263464915 3012.889904597177 3520.6020078746933 3391.142182025901 3032.3033573039347 3578.843542519982 3631.941603394947 3711.6100811888473 3879.5173383445554 3591.6823466690516 3154.836237472921 3638.1414399991845 4002.7297430406807 2979.6936881743973 3339.8846348782763 3274.9660921087925 3209.756770307591 2956.2748394700693 3902.282004057743 3265.0402187941395 
S: 190870 3761.771740142778 3478.4314353238765 2880.6264941923714 3530.2938318778233 3032.3033573039347 3169.839976903616 3530.236158316919 3712.2484022676304 3194.2286521782853 2984.4715072682466 3153.541574941498 3642.28801032812 3354.255784421466 3271.1752328894245 3339.987504037912 2857.1859353786076 3210.472644301129 2956.2748394700693 3167.5769991149446 2904.1562809904403 
H: 190870 4693.720149135573 4996.49158088374 2472.8044798552014 3468.498410207207 2041.3514902948298 4544.259787657587 2438.625299559514 3316.217841268115 3664.2514224008064 2598.892058554899 2030.6775196678668 2186.073449519125 3660.518926628959 3588.2216606011534 2653.540425508176 2635.961230552363 2011.4889999668956 3524.3311721940536 2378.6412242954107 3463.8835636835174 
S: 190870 2984.840948804178 6288.235881375015 3250.1969360998614 2242.601627890121 3989.3219008359447 2209.0967452445425 2438.6329750388954 4611.796315195329 3661.3319325530206 2598.967084390461 2028.614383537946 2187.7012914258653 3626.5560194786326 3586.2832311193984 2655.2730791049526 952.3953117928689 3518.87450341336 3523.246052443525 3238.0845203400445 3618.64206152308 
H: 513127 3475.131162522585 3494.078646375925 4049.1036231815838 3838.2742809510396 3804.6570889025925 3399.0733409583554 3476.6269441423165 3129.9585462062155 3312.5668404886283 3479.919128341083 4314.501139362815 3785.045558768458 2929.1521277360102 4172.182528581813 2906.226813168554 3388.207058012501 3983.525847882497 3268.184701984829 4084.3141708388325 4072.6737069983737 
S: 513127 3478.8084292302915 3496.057274267182 3164.774690634735 3838.307429604132 3766.202329637635 3399.8613074492973 3337.592428873546 3736.9729210155638 2979.521761152826 2959.4209568978413 3804.248861835049 3553.7108396156086 3354.3530926572816 3398.915735260498 2906.226813168554 3389.1101658753005 3389.0155426738706 3268.86514958807 3434.4065278364174 3318.824736245154 
H: 513127 1686.7752310791939 4265.7564814928055 3297.2005002729397 3910.4346780027286 3948.7525946949895 3794.7045348919405 2133.203772838448 1542.7694885984677 2448.401072167814 2609.4327588442607 3485.3167078103056 4679.303252720365 2571.6429279252225 4424.1265233262575 3272.422523870362 9272.327649754354 3548.2727465800463 4154.175571588174 4413.1066290811605 2526.282929439223 
S: 513127 1686.6600436721358 2701.9656723324447 3293.348097670971 4953.547256158677 3949.7670939683203 2279.2669424510896 2133.026571904452 2617.578737118831 2448.522919258379 2609.6084209923974 3484.697838645361 4678.382253682865 3797.919062702189 2339.563828486233 968.742271056185 8727.458965138296 3546.758457738843 3234.9102984135598 4412.408418899208 2526.3403944054353 
H: 882312 3970.9367792186326 3697.1111350276205 2937.217304813538 2900.2234213193483 3353.249727830602 3367.3428946097692 2930.8849011781153 3645.4478516086883 3493.6206806580717 3383.7832135742574 2962.809512238334 3376.4012421360017 4102.76000688737 3601.0010643841365 3262.5138977697757 3936.6930165430754 3707.696681317738 3385.7708007705846 3116.2022702644254 3419.0479116211363 
S: 882312 3970.4331182872756 3342.5663160982504 2937.217304813538 3293.9254482286274 3352.754169431562 3367.631296620073 2930.8849011781153 2967.414461627371 3341.427077693762 3386.8833682434124 2962.809512238334 3379.6979455634605 3885.60728925665 2931.116423026206 3310.3871576673328 3218.84576782021 3707.041459751869 3539.1528897513044 3116.3946183559515 3417.033243164533 
H: 882312 6686.584928514723 2156.9365611439807 6550.391265260204 2517.1746206160215 3649.909841706484 2132.1380973911796 3375.7054093222782 4322.124806799772 2174.020671137231 3306.9622517608504 4899.421558421629 3309.804200708105 2564.2765192254806 4637.520718919263 3826.6707296946047 3952.411211555495 4678.06777658496 1470.7684356482325 1653.437809778548 2211.4550372323097 
S: 882312 4327.353069498837 2157.190299192406 6549.536935581668 2517.3336009040004 2192.8803778952038 2358.459848201021 3375.020595395871 2102.6978487104698 2174.3562282502244 3041.2281376874616 3202.712660714637 3476.8853785227066 2564.141491360305 5768.1617102176715 3545.925287708674 3954.6108170515554 4679.505736760536 1469.2849939568569 1653.2279491281565 2211.5085947992575 
H: 322730 3844.282886555151 3892.5722087049267 3266.6398563664443 3464.5506354165523 3493.739043439924 3815.7033073807256 3317.4914396675686 4057.86848708776 3706.691255752061 3233.3242163315626 3077.04837959688 3192.1307377021662 2900.063179640352 3388.6920715896904 3298.43355956199 3316.862081878417 3858.40001743122 3237.585705910946 5327.799345324252 3520.469429744433 
S: 322730 2969.922269960848 3345.4031591919625 3266.0430672071466 3462.2355821042684 3491.744335877519 3259.6828766303747 3317.6544472595783 3891.970099306606 3299.9534557925863 3178.657658668341 2902.200033452787 2991.6769776085857 2900.063179640352 3737.033429398283 2928.627845182505 3404.8272548139817 3855.3170555063375 3237.246515073915 3999.395824152449 3522.6181141444195 
H: 322730 2223.3924471544656 3767.242476245749 4790.607243444245 2357.0771739445618 5831.662016056673 3942.274641515635 5886.001217031542 4807.371310262195 3439.5594231536948 3967.75529426723 3004.6672773362807 2564.579207820441 4698.398162894985 4377.664786410164 2639.600968625389 2192.647318574924 3610.8046690717097 2837.489641391626 2642.132880311775 2143.4366989836626 
S: 322730 2223.24232346308 3768.5343014099135 4790.504483466514 2357.8306437366386 4375.551619770492 2182.8322046728395 3735.173876205451 4807.068184018058 3001.522550963267 2009.4359809432976 1539.7900444112781 3168.3717357373357 4464.913789865411 2641.7359559191405 2116.808634557417 2191.866973896484 3611.2226159808492 962.7478950892893 2641.086591734763 2621.8645001028544 
H: 580689 3578.515756448739 3790.6139948603613 3349.2894699299554 3272.8483843058502 2919.017968576 3815.4008390686067 3535.5041300892626 3095.860276725755 3866.351069975503 2832.736896567535 3315.2222897406773 3419.4182375091773 3811.35576294241 3335.2734897737505 4315.2623985409255 2973.538297690736 3223.163432803051 3200.2378648131266 3436.9672897213795 3805.5906678430088 
S: 580689 2904.4704991653316 3526.796459952447 3348.6581409795854 3273.263050702985 3315.2097077154367 3393.857659893464 2951.2634298424077 3097.6203134831903 3399.531090807022 3184.214789143369 3185.968423616949 3233.5697520973135 3322.082638085753 3270.6493779904745 3318.897697345531 2973.538297690736 3215.883917684261 2987.5373225100393 3330.4952458654006 3334.7020261076195 
H: 580689 3849.025480513945 3402.463837876392 3766.2358140301285 3282.759878098891 4364.517600835304 2548.312784974038 2433.485182353498 1642.2210343512475 2178.4798915993074 944.2456321891785 2185.8259335149237 1588.2116094603493 4024.5310528485415 2002.5555612476257 3402.2260210010004 3549.4238686002354 4810.150734939584 2408.6534969278773 2045.4288816544931 5298.339740275918 
S: 580689 3849.5132452122525 2683.102971941481 3766.1668822677802 3283.7749846896745 2414.277185098198 3517.3387761349168 1846.9747608330865 3695.8529110389127 2179.6016845066656 944.2456321891785 2187.467806792367 2629.3909707588036 4024.1932771896454 3993.170107618378 3401.044737121413 1924.530115190891 1919.6833639572776 3035.8419893947726 2045.5295419915642 4886.208276094318 
H: 603683 3660.440580292477 3684.458619616686 2953.3959835551427 4418.368801434894 3451.594237233299 2925.735743624184 2891.578990412668 3502.300463540807 3396.327350916085 3412.9253457584873 2943.694169101587 3335.9045260268254 3331.599789734779 3765.4642942404616 3215.5784260190094 4296.111160178042 3479.4247929456496 3395.151601098966 3554.4406564303777 3310.7055695233958 
S: 603683 3662.294134948739 3280.945183767109 2953.3959835551427 3327.16842926384 3392.1852588851443 2925.7357436241837 2891.578990412668 2930.144292275636 3396.327350916085 3251.426570240451 3436.5855492657024 3334.320253015397 3331.964304077728 3438.466204642173 3548.370275191128 3549.7537404375717 3277.658977879452 3364.424662857862 2984.7763387693903 3312.9086201570813 
H: 603683 2357.232339841044 3487.059854646235 2472.534235960101 2247.3616527819663 4683.189235836597 3424.2450420933733 6226.477495151318 2472.9230488825947 4359.389041542286 993.8624951863453 5135.548228982084 964.3775269547019 2072.5964787059947 2887.8478365653423 1780.175820863872 979.1626712621133 1907.7063108058412 3189.801430536135 5292.710789676575 2187.0641382441963 
S: 603683 1801.9019642424316 3486.238854769827 3802.204258688875 4081.2018819118707 4684.0187681630305 3423.975562552425 2582.8045441159898 2469.5820939599744 3525.4385140517625 2531.0524760991225 5137.8893353081585 964.3775269547019 2072.6899414013646 2887.948313033098 1781.8513738532197 2445.9664540083404 1613.6732314988103 3188.910427502615 2436.5942485947508 2185.613096577775 
H: 183936 3330.4491923144683 3261.331216042726 3178.394954779101 3428.6491466190746 4357.219105973046 3470.190665441874 3706.006861101096 3678.543072067236 2906.841953015947 3545.2605743258414 3410.6390266620574 3295.554616619513 3870.6707071176725 3551.346638918497 3523.2411655645074 4165.639970145931 3395.695993039271 2923.204437068518 3079.7737848279194 2969.0413265235948 
S: 183936 3048.8890408919 3264.939030337736 3178.119611391863 3300.2277987764983 3754.8555571810493 3512.690062883432 3417.550591134693 3357.7338221232203 2906.841953015947 3302.8538122612404 3295.01439216044 3296.618784952318 3378.1585056615904 3555.4672512061234 3506.16066246498 4251.947972148229 3396.6949954455295 2923.204437068518 2917.140559539441 2969.0413265235948 
H: 183936 2445.4785763593304 4171.604071275272 962.504831260606 2498.7370022447208 3735.8979551368557 3785.8856526008644 1633.8877035646065 7732.252372154637 2337.1157261074177 2023.0199520263714 3942.9755029787107 3886.120376041577 2265.4783289391903 2681.566942647884 4221.371168200001 2124.9006097711544 2367.866019117268 2309.9975094210668 1445.357801038171 5065.320639819604 
S: 183936 1016.2963469639676 4302.216420906287 1837.312511767257 2501.3728750117966 1996.351434489719 3785.7817971108 1632.174059062687 5857.340991710145 2234.763234428531 2020.7102311430176 3943.5068067915818 3886.516163594931 2647.466113829144 2681.09700423709 4220.459566095282 2124.6035982273256 2368.7199515600264 2310.453284573552 1445.4212965562967 5199.177893863012 
H: 165095 3633.6912879763927 2951.8820979630977 3578.8889224518525 3970.5541756700563 3356.8046554899834 3477.4074234201757 3267.188529825819 3456.3285890784678 3145.5212453724057 3269.44850973079 3977.6747413101443 3594.790546592493 3753.1125173017485 3380.6576658229296 3074.510372173925 2893.1626944921745 4897.981790433952 3449.652749758384 3911.4851506150803 3370.4033520975745 
S: 165095 3459.7056011505542 2951.8820979630977 3359.977021608485 3269.3711424032263 3800.490142975063 3647.6869168530598 3268.9299612757877 3879.698531397114 3143.5142592310954 2916.8075768601934 2919.269319682193 2986.2624841589045 2925.2210471303474 2910.2182017003142 3074.510372173925 2893.1626944921745 3511.2858083696055 3496.1605626379396 2960.664686270606 3399.9382121557064 
H: 165095 5921.143008737386 2609.6065760969655 2708.9927209230955 4347.229690501432 4260.096890995489 2262.7478723391373 3738.5714012293806 3730.2201317600784 3105.106781678414 2514.215677890607 3872.642825650981 2840.3036480918477 3797.953349573117 4459.2572726607905 2851.51602312922 964.3875648307253 4335.307563344955 3103.830501916134 5823.163304651816 3701.3962066031245 
S: 165095 3865.538377468904 2118.5214177535486 2709.0414879852324 1825.4048219083188 4260.9983974266925 2263.5336763960313 2082.3884094651844 3732.389391651185 2570.1469283627957 2254.986810507608 3858.316289953084 2853.059448716782 3409.545714810384 3344.4130153634037 2224.2874718295384 2189.083842158906 2754.2447186546497 994.0086442163831 5823.352707729861 3702.0227533192815 
H: 661503 3333.1583392853877 3907.4413386237825 3571.3653769455755 3507.4409846434264 3553.6494435377913 3265.758080162483 4160.278126668856 3733.4893002417166 3996.0803516953565 3420.131650233335 3528.042768593814 3792.9096958690534 2990.5499195136035 3631.442510581058 3561.9964929173425 3674.8548638745137 3379.894712351698 2944.3498292196987 4562.620840281419 2966.692450908165 
S: 661503 3327.010188507195 3909.8353726511978 3333.0558522157803 3140.068202499587 3062.7334758573024 3265.425693224656 4060.8000087661876 3394.3490441095732 2864.6079077709524 3528.003656293305 3373.8959540839387 3712.1994613050333 2990.5499195136035 3499.1314473022026 3383.449042574141 3273.0847144013633 3381.11656536439 2944.3498292196987 3428.4831760573575 3164.084326358396 
H: 661503 3581.9932307978256 5014.07212260325 2829.364030126204 1758.2118113897864 4585.9040779057295 2637.337167458142 3591.4671079334157 2758.4581912523936 3539.799509346094 6974.424338054635 2736.573189431004 3355.3246189069573 2443.3597617890846 2544.9279992367224 4152.0530660421155 4890.885475394163 3644.2020307532557 4765.826386293243 5302.095472873032 3768.603506691607 
S: 661503 3580.386283206189 5014.968901186431 2827.8732907592125 1758.2435895671183 3624.843552426761 970.8654657890737 2591.4943059820384 2582.0060055506374 3538.3336653174174 6463.672553501265 2029.0285336401998 3302.226964736531 996.8499731712002 2545.6684788161883 4151.0220497127275 3437.742768872493 4022.947545077134 2829.687286547997 5035.422363595325 3130.8885499350026 
H: 190963 3721.383990743694 4271.750657098318 3494.01603148715 3469.3717954062085 3584.5937232585898 2993.2527371840993 3660.159243345531 2898.351279439901 3603.9682397329243 3400.9510322358547 3236.0906882287295 3534.954709378141 3997.5592647802764 3390.780365585041 3427.4270560738505 3933.3226252880036 4135.373402636875 3252.89196472842 3340.180615365252 3220.4433242084324 
S: 190963 2948.2308471287083 3466.1908608072417 3457.007552847759 2920.534823356243 3312.096866077235 2993.2527371840993 3315.0664033659828 2898.351279439901 3523.1899175435333 3012.575705960545 3235.678100860234 2909.5074321416673 3491.599946483115 2865.334130215467 3428.006160745936 3432.6307905132912 3355.7742745931346 3253.387415104596 2887.9402705221473 3221.627899107594 
H: 190963 3216.399949236668 3360.550201897235 2624.94237426315 3682.819494011547 2011.2764253824635 6358.656126679969 6048.305070077697 3319.6703851139278 6104.995826478033 4300.105876373931 3764.8199487834113 3772.2366180609692 985.2478790857017 3830.096781150743 2657.8453756382623 4875.079136437033 4512.600904096953 3791.2187692146963 7324.431610558907 1822.445238090009 
S: 190963 2461.265280249786 3361.1497255831323 984.197531304604 2044.516668556004 2011.3953310764598 3588.4866641288486 5018.855770007633 2188.157801362506 5157.990199174247 3300.8000699292293 2288.4682112449223 1967.2615204011877 985.2478790857017 2543.5675952712672 2657.8453756382623 5886.59137820664 4513.042709113048 3789.264357901272 6603.5878479830035 1822.3559906524501 
H: 120057 4074.6823472509354 3461.0328451866626 3211.873090904584 3211.6175729876095 3537.6505207333544 4057.7127804637826 3487.9669182539133 3833.8594397322263 3543.7961949788887 3570.4570844269965 3277.2828396304685 3238.4993841569344 3224.542981351244 2990.716004858412 3962.9204977102577 4000.7035632057236 4265.256138642912 4010.0947278223625 3216.7181448631936 3131.5112107541718 
S: 120057 3335.008508474992 3729.927072910003 3210.4713265615846 3207.4250643862642 2869.2368770000926 4056.5396801698985 3296.431693320956 3382.5601257827716 2928.342269110024 3577.750705133439 2924.533781948022 3232.1653826489105 2971.285414454554 2990.716004858412 3374.420132197852 3213.174800009942 3673.2489734292267 3341.539424297673 2925.241919221705 3141.5242004801507 
H: 120057 5685.182222038577 5744.135087923777 3011.116538187314 995.515447652948 4224.270838120985 1949.0056972991401 3446.419244035078 4339.349749007531 2561.369335214063 4701.0942488101455 4893.503657165104 948.6006009755652 4299.6217093753985 3764.319571070684 4289.216894460645 2766.9541524421743 2550.556085000439 2579.853850961465 4346.170870823006 2481.04997087531 
S: 120057 3363.079202271263 4136.397609620097 4744.767272911216 995.515447652948 4650.857632990458 1892.9773904273611 2584.5594370375015 1906.4616292826295 2561.0897626884207 4406.8384872504785 3285.4212567389386 2189.743352191548 4299.425654755782 2476.1710928094385 4177.101448769648 2767.342543044468 3213.9701527982293 2579.853850961465 2338.271143452168 2480.508882433666 
H: 178909 3302.3935809909003 3358.003581419235 3399.70416865162 3635.8055260195597 3560.896029169036 3381.674524265749 3433.02667333523 2889.9751734248516 3275.7523987834315 3343.6274641774307 3448.7956687112396 2955.872717646246 3255.9142020406466 3734.5391061448818 3225.949029235113 3689.534110782808 3730.835491616854 3726.1770844155103 2922.9017152536926 3234.7051780786014 
S: 178909 3297.468998616504 2949.734502296114 3399.9709690477134 3494.655943701778 2866.2109748615467 3286.200109493502 3431.5176269651656 2889.9751734248516 3278.651374790922 2918.3108071932475 3455.4973981003545 2955.872717646246 3255.8918795474005 2957.9872832638634 3224.068154063018 3280.251243175401 3012.9605817621623 3281.409706473072 2922.9017152536926 3230.971060101175 
H: 178909 3305.609546216165 2081.4720564661757 3673.9852974422856 3584.657178784392 4317.751930154428 3122.9991066016955 2060.0813773081863 2608.9291093726065 2646.4218127945774 2520.763060287517 6718.991657158422 2200.60498212372 3350.8411131920034 4838.1054805665835 2426.0473454744388 1941.4310928580219 2265.1698691162833 2394.9517677310996 1924.4407562242568 5671.624831929783 
S: 178909 3322.373889521605 983.2448340987034 3672.7215133431523 3492.3857234521743 3711.322048693949 3471.89857569021 2060.459847504798 2608.810868533527 992.0532826616264 2520.8375689576233 4239.561506768364 2199.837379903063 3348.08486383294 4837.45995293343 2563.2308239064455 1942.9927280594582 2261.688184101142 4047.2822919325854 1924.1835371043853 5668.768273998698 
H: 241161 3496.401659661958 3411.181162463124 2880.2761444765024 3449.5121013905014 3207.516332599722 3308.509116051952 3318.3131016735997 3265.951108387858 3460.473686745508 3393.197411693661 3304.034740743005 3386.820654712626 3856.40894298898 3138.2834185120696 3690.3945215768344 3231.510478050261 3331.9441233169127 3561.5612532755563 2940.8535052357297 3553.056621120631 
S: 241161 3478.125740719629 3367.702059352531 2880.2761444765024 3403.113891997892 3208.657890522011 3231.287558044672 3322.0886244139056 3260.0166861376165 2940.8152829518517 2951.3078170625913 3154.188756001768 3460.3665311138193 3282.3416571841303 3139.660878736824 3227.088396346396 3228.336719736198 2986.62325754642 3415.0120739772306 2940.8535052357297 2938.8182480559813 
H: 241161 2903.1743474684845 2355.798577895776 3889.8676199615707 2408.6788931850097 1960.5888680481523 3256.327648523825 4119.7903270873285 4716.7318529992 5796.220865969525 2508.3155063473064 2284.6301407730707 3735.4124110109988 3584.456970540514 2062.7838632428184 3129.163155586318 1871.1175858421757 2671.5767037015185 2236.2472131908653 3059.2778038575793 5049.1225131175925 
S: 241161 2381.4674834458274 2357.420110585571 1681.5535935342693 976.9697030933845 2059.1096100559134 3256.9600669998663 4037.6369059148333 2823.908618006761 3781.115196732095 2430.1123314908614 3150.1473995804695 3734.588377852533 3585.5847601887594 2623.330347747798 2247.8187456864953 2736.8692965802743 995.5410858488068 2239.4624997026754 3057.202514106743 5386.285208182873 
H: 634841 3787.429557348893 2910.930898765721 3505.232337184082 3268.6946695996407 3325.2006234696805 3758.7314886807753 3100.4456838286096 3774.786466693839 3988.6786332382326 3635.9672146314406 4110.394300838953 3294.152864349126 3370.389953543706 3319.7651201587673 4073.6767703056526 3789.5026617213493 3376.3573510393758 3572.764143712238 3444.9810688084012 3451.84523155146 
S: 634841 3319.3731671334253 2910.930898765721 3506.383665369352 3268.6946695996407 3799.3937774845353 3762.752107439292 2829.8329873767075 3274.8295267978865 3249.136958668688 2917.1527126584183 3815.6668251324627 3294.3738332942453 2935.298306139936 3319.2496196729835 3293.2772009226487 3324.905371392828 2979.7462156536185 3568.5107736500518 3270.943517186624 3342.0652716615887 
H: 634841 3194.275698801804 3552.093029815418 5367.427726553523 2187.33034742254 3387.481783476575 5801.629801255438 5752.640135778179 4547.6058006719995 4035.0803586271218 3015.6400659741794 5498.1293762482555 3317.383185615608 3692.209401638823 3881.2565901634107 5899.107930797884 3404.1416592054425 7145.296035574012 3761.8600012893744 4263.2811393379525 2450.198340954241 
S: 634841 3194.7162444551404 2151.585774462897 5323.485417419571 949.9741002788676 5452.177522440252 5758.471767087278 3910.7928000097527 2863.2626143283196 2008.9390402404874 4470.488643756644 3696.1079239423925 959.4504471848686 3445.955746446259 5473.367365713298 4526.497098126668 2167.957667062094 5575.826929408743 3761.486245670293 4263.329276596274 2452.882022571951 
H: 61419 2914.9703281511415 3749.459862287859 4065.229582074814 3368.8474656806065 3236.43871938423 2919.497905770568 3704.7975485485567 2894.1499522940308 3914.633323809184 3537.104975845602 2960.9837663491844 3392.3140114529438 3706.181147930767 3549.5589862488855 3289.159946380181 3533.42722630768 3264.440637395296 3208.247469081084 3204.7821848410154 4076.145288570914 
S: 61419 2914.9703281511415 3522.2148143922873 3906.6011599057483 2983.7180535467314 3363.1002474419242 2919.4979057705677 4193.116520850393 3061.2738518176066 3939.7646519446153 3182.8916076868127 2960.9837663491844 2920.1972530777384 3566.505864267315 2972.0170623333674 3382.1986317816113 3536.55618190216 3455.4476859940705 3208.8778018869984 2870.58337766699 4076.129627022741 
H: 61419 2283.6773988214986 2836.147035608505 3036.8249062519326 5007.599950147338 2546.263906530868 2661.029446543207 4407.02895659525 2700.354132320789 4493.015440217244 3003.680560635786 4751.806714762505 2649.5450930379056 2831.571669897673 3807.822496144715 3988.080422199174 5347.394862972495 4673.458533451095 5054.403505518557 1740.8800735120558 2234.0995032916094 
S: 61419 3294.2473447551147 2836.488009413537 2628.838150784651 2195.68098693214 2546.4670480424747 2470.2935061594053 4362.136881712378 2626.891479869413 5298.925684971225 2747.9329622332853 2445.0567124497225 2219.3911612391025 2437.1686010755498 990.6723541111204 5343.862283997958 3574.2302291273386 4656.427271288099 2859.036822039891 3050.109900238094 2233.596162963123 
H: 972715 3716.0927377742373 3274.1563232788035 4037.3346794544295 2950.892928321539 3441.034035719919 2965.9676186708252 3509.1096398995824 2947.0773499409584 2838.6568982062126 3668.749165145101 3362.2063035187252 3363.6738717069034 3499.486848263299 2927.4457145352717 2967.4841270053494 3367.5880078501727 3922.8858105206486 3681.7835823725536 4040.4717140634307 2933.4172623945906 
S: 972715 3224.8557447782873 3274.1563232788035 3516.2216238746573 3183.375628970567 3274.701208861314 2965.9676186708252 3200.564422926563 3382.4102571373305 3321.1614274706944 2974.5571755644587 3339.9395225446815 3339.553591049501 2954.5239077415076 2927.4457145352717 2967.4841270053494 2956.551390934072 3409.0199242835147 3271.154184342723 3288.7155541789725 3229.371508200798 
H: 972715 1860.0223592390203 2259.2131981881935 4036.802775958512 6541.390487241545 3268.985926519284 1697.4615489284774 2874.3836429280677 3593.055264613136 1932.9273789822187 4046.9541161468333 974.8773639819822 2572.3762270853495 1985.7084920302955 3876.4853806802616 2575.2724346429404 4604.412025751678 4460.096114544033 4414.138273191596 3924.542978006789 2529.650760435275 
S: 972715 1860.0344746664002 1005.0871787341825 2092.593374602838 3487.4119341922064 4151.139808728574 2891.8214783385633 1828.612882607432 3147.1918083053883 2493.8100304443888 2220.886257987189 974.8773639819822 2371.247536162483 1986.6820487691234 3877.222467851195 989.1613756684512 2211.3744923037348 2435.193589943133 3666.7034322559743 3924.6565641803827 2529.9383638996665 
H: 96449 3563.8912633629357 3454.211368003097 3721.415488265369 3380.7678649341615 3440.8160439314183 3260.748691479088 3811.6146165055493 3459.7222649673718 3397.3395387661185 3139.9726236787455 4196.600827836914 4342.209985600327 3388.411584195908 3630.3915388692094 3964.7206336615086 2950.2145326401333 3851.0955043715567 3145.1472481555224 3867.029714920727 3661.517903841701 
S: 96449 3373.7948717209842 3435.691710138833 3386.5090093075796 3451.5451654760996 3440.8160439314183 3239.143695033202 3249.3167300885334 3459.990318926115 3394.9565545945775 3137.7791701551055 3175.353189650933 3341.8473729303532 3406.402107447701 2998.4133016591522 2964.6938501116674 3401.67812084537 3259.7118805177406 2872.0649388704524 2987.369027294259 3357.553583798969 
H: 96449 2136.3847868555586 2750.684368500128 4942.319054237154 4038.6221879484733 5283.155877332725 3516.379291442847 966.6785838449965 3537.9352044660563 2291.575377101073 2573.139475160996 2825.47367198358 2441.64431298869 2043.9360531070552 3919.480978233396 2245.3229566865884 4071.86064471423 4831.529181500748 1780.507703859614 3362.570917984213 5018.098468513158 
S: 96449 992.3227880374975 4768.520403655729 3268.959319946908 2252.240390456616 2534.097716314127 3184.2001522573937 2002.760976438972 4229.124638590866 2759.971604474046 2569.6265098712756 2824.8515059581155 2439.105434973795 2500.7437235606653 3594.763671815851 1953.4983842075621 3736.724056964686 3927.3295438850664 1780.5871564716701 3362.0566715010355 1762.1099256292482 
H: 233402 3692.7475502978355 3578.4333522882557 3913.637972906368 2983.7176615426906 2895.2212717333337 3683.99127390411 4161.363102573446 3323.592860796399 3163.2806155965645 3451.351480738285 4012.387613464827 3550.354890548901 3319.8622889653398 2939.0082235341956 3047.1162550314907 3458.5817635995 3201.344117216893 3409.3909063350943 3462.248521207222 3287.01220078432 
S: 233402 3694.7294636138186 3360.965242726992 3402.6020201111487 2983.7176615426906 2895.2212717333337 2875.596322605151 3846.7942659533664 3322.353544393201 3164.366402058673 3454.070348678433 3312.5220655349426 3312.8773672203038 3309.0315221760443 2939.0082235341956 3554.9012761658264 3128.009008760131 3430.492027116157 3279.616845753323 2967.523318520621 3288.8156062385005 
H: 233402 2385.490433262578 4115.295931526314 3928.8237048457017 7085.010993546656 2148.5375711433667 2250.1139721066716 6527.314379482504 3878.2292439769367 1907.2839445938255 2384.1998625040173 2870.872396702977 2032.7915037114847 2884.4958765287233 3836.5652813336883 2627.3218760731615 2011.5119075313019 2463.438862623294 2331.208294549252 2420.5822350706558 2936.1830420808983 
S: 233402 2386.519202817413 4114.883629900812 3829.0604500797344 5065.6426617174775 3517.1641859961496 958.5321075350485 3931.362932983449 2488.587043296573 1906.2527592333818 4079.377622247835 977.4416277489029 2031.147480596005 5778.415216970342 3059.302448116016 2466.544139120952 2011.5824567088464 3624.184340006782 1868.176172206466 3494.2361721690627 2936.4134800850716 
H: 171893 3238.4620524479215 3167.9881305066547 2938.609186301874 2956.274141736699 4162.9696703824275 3894.3409316057446 4071.592096780086 3993.0639057839862 3260.474149586932 3918.4498251706436 3508.62705741645 3681.6651410703257 3479.523275987863 3825.024093872193 3606.825828131016 3442.2169053034117 3692.7757441240637 3632.0652557066915 3715.76714712632 3677.414433245498 
S: 171893 3227.8054237861907 3170.1735240211424 3384.971166015831 3399.401456462085 3338.647833695277 3374.48818705155 3479.3015038137814 3374.820271815038 3657.5571650340394 2933.0073020849068 3510.8965199590075 2917.2409737901253 2950.6114397139922 3803.6383188603927 3731.699495742108 3237.086468365712 3677.926497664418 4136.792173215428 3590.296138088552 3303.890137377408 
H: 171893 2631.1326815576863 976.6181299228656 3253.3963895339753 3157.0308754999646 3424.6200127660363 976.7135263702233 6646.252132605039 2116.1534985203552 2091.4418115567437 5662.430441925412 2259.1166717327405 4282.146255061714 983.5371465713312 7916.928107483612 2458.522110954586 3221.7790472349993 4401.081201095201 4116.9876798135 980.0678523985538 1984.6298624679055 
S: 171893 3512.8174474205307 1765.307685340067 3245.8376055923386 985.4247139122328 2007.4513065894773 3254.0729406069495 4309.3700579354145 4069.5055213764576 2092.8441603371625 2432.6862323206506 2258.62408307315 3142.8825087490686 3869.121042844559 5074.133846530925 5146.130784989655 3219.844177096835 2083.6698744895643 4117.0394863186275 3111.6727883774124 4322.806406604306 
H: 929646 3144.3124832573976 3367.712077467984 3411.906847850836 3322.8247156882494 3487.796719740371 3300.9195674978196 2938.0714675615936 3418.3827423095727 2912.004753537375 3365.284856141626 4052.1396395702286 3211.4217720801003 3668.002061997119 3695.9414515287203 3606.457868844792 2909.922997329351 3598.76321231355 3736.312149927697 2933.078665032911 3188.5641348794297 
S: 929646 3144.1066679642677 3406.075087289125 3407.286444631819 3323.4907279839986 2950.2842473510805 3680.9043502536097 2938.0714675615936 3321.5715894073055 2912.004753537375 3243.767141194616 3655.915086870733 3213.4175997362026 3001.3944019964592 3698.41961337914 3557.148035071668 2909.922997329351 2936.9288283880474 3714.0215760566552 2933.078665032911 3564.3254559049205 
H: 929646 4967.363706215558 3617.5303126266454 3622.531105492983 3285.7930977732167 2557.87577522525 2250.4088838540606 3760.228678380317 3274.6961538362066 2668.097355898322 4479.471807992453 1923.6792878922183 3980.144815451786 2863.004815517603 3827.5826116189446 2537.8052525514013 5017.195785590907 5829.1197129668535 3592.2284841004066 2309.4084164394426 5036.904731965204 
S: 929646 3235.841343355539 3617.0753550005247 3622.8223647407244 3286.3645129011 2558.232033478424 2250.4088838540606 4317.845917496557 3274.081725573352 2669.1946060921628 3500.7185982318942 1924.879823103229 3980.632498066978 2575.009904153682 3827.952304564334 1746.2585099558294 4501.946904084762 5960.88863189735 3248.676908027397 2309.056865204648 3378.359642802224 
H: 61376 3821.4348842206573 3390.1453489513647 3898.7201564897423 3284.9098169254594 3914.0506273413007 3380.8730633265823 3882.5167497779235 3533.9131063501322 2944.9955011801712 3222.806823727188 2919.8315201946266 2962.292146397631 2921.837621858262 3470.0335668178386 3640.7563792160495 3783.1822021070006 3770.237751923869 2941.932141014881 3746.3759949069545 3559.90368562462 
S: 61376 3427.3119905023345 3390.2494980700235 3265.965788301973 2925.6258697361145 2944.0151465042104 3381.6734346518856 3203.7658183167796 2947.7448815172993 2944.9955011801712 3211.65648562284 3235.8487799910795 3361.1797288578423 2921.837621858262 3300.0619641242033 3475.647738274412 3642.070713579935 3254.390035592577 2941.932141014881 3760.88984547529 3560.342550761009 
H: 61376 5463.232636851727 3204.2302348572643 3926.4950019457538 4509.379045963286 981.3383821680701 4926.322125830536 3715.6542483477783 2508.6215034732154 5883.6766528196695 5199.8362087890055 2018.2288743814397 3843.1118121579307 2802.0056145371573 3281.640301843654 3053.626934814607 3295.373404151851 5072.930917422359 2874.6846932403637 2387.8779464790086 3701.716534713103 
S: 61376 3160.500787035239 3205.7494145807186 3765.480582166953 3503.474478445932 3070.66467405412 4927.49664457072 2021.3396926185408 982.5816271724331 2541.509951566193 6635.217330600032 973.411341900033 3759.034963510794 2520.983364109817 3282.820218420626 6001.659357639231 3177.8294312499643 5074.384208782343 2874.2426799630944 2718.716997579393 3701.072641571141 
H: 173282 3476.230525200298 4144.264557861985 3446.0909461333886 3625.3390519447553 3927.5507192856135 2900.8001230034856 3305.774362250666 3477.6012250894646 3345.2268648461427 3755.9735893501756 3393.2939386616736 3434.0620875063723 3493.361502330957 3268.471571661664 3390.9373471857125 3338.4432280835185 3318.911862462143 2962.1920896744773 3676.8994333937007 3475.2023443600456 
S: 173282 3539.8781662654424 2957.987665530254 3450.028709593196 3538.518126645565 4047.0153407911957 2900.8001230034856 3393.6476746831145 3477.3219537484874 3344.909428651475 3276.4345131657233 2968.249954581911 3445.5470637050357 2994.0524636163427 2930.311499465645 3389.2478049948068 3261.5319839927315 3322.8926487781473 3483.064567584758 3387.6402952974104 2944.631254659265 
H: 173282 4004.498716906899 2176.5239112213508 3783.1144421625763 3146.331345798229 5154.486253839683 3888.1756175646865 2983.5079737385918 4336.099846536237 2638.567824637751 4283.801395197448 3761.92618396064 2325.5153718276715 2240.180077784651 5615.689183612926 2163.9038285668516 5461.375533795256 3773.2793044962364 7369.30599294507 3365.555076700988 4615.321183237295 
S: 173282 2541.8045262544406 2177.678142151893 2710.3987703694165 3439.51259857756 5153.64239148916 3888.100801703007 2939.232646420244 4335.814164011617 3327.261325074726 4699.50672596625 5088.276893106541 998.7960091593908 2239.575319053577 5936.679437476395 3335.5089590116104 5459.975419216976 2013.8714633379448 1891.175434831433 3361.239047734964 2770.493055889388 
H: 53081 3869.3648273007125 3349.5374847193566 3322.0993950439233 2941.651481332855 3492.026491140822 3266.003898751634 4113.351624212507 2953.3827243912433 3636.4565973627455 3394.348401786819 4008.094678494133 3570.005204729812 3101.5558715771663 4908.349001055305 3486.2519805765605 3365.6191488399995 3927.1242970702747 4038.11817297502 4119.233799449415 3697.869386087199 
S: 53081 3156.5555148435546 3340.6028678216635 3320.1751169292393 2941.651481332855 3424.244827281254 3492.4175288339766 3223.6403862742136 3163.5874816608957 3155.367409944248 2896.209745875982 3406.7399187841165 3012.5466378841757 3100.551473203172 3569.0918439061934 2967.390572082886 3314.6405858170006 3816.4751595477574 3471.918166087263 2963.600253220684 3495.9355256617628 
H: 53081 3727.96605047404 3071.537675348609 2386.5473509091885 3330.552931808625 982.6579535711584 8018.879895746941 4592.265985623833 3426.428603640055 1678.8620291655113 3518.090010795766 3902.029926521436 3776.9588277075886 1489.857058673497 4496.791973464057 4170.874805124901 961.6285485225355 4735.110773017961 6548.504366320827 4042.7531100433525 4179.906469658257 
S: 53081 4902.272038824289 2069.123851978789 4047.640396134521 3330.8972830981043 2422.5503735984644 5488.214017113246 2236.059789532116 1621.313223413563 2320.4667090991234 2380.570764792737 2609.9045655857694 3776.764283090456 3126.1259673239188 985.3719230462603 2515.7729120851272 961.6285485225355 3618.5186066748784 2567.208394556051 5252.900056171198 2537.6193172869175 
H: 112073 3545.364178627287 2946.182422980983 3461.0702937001042 3390.960350811573 2846.79167535009 3431.3100710068043 3182.3767587882858 3267.5751342896287 3261.0852651051077 3462.6591942158734 3501.8260776868888 2920.964925136301 3479.365293128614 3940.281177697022 3422.3103725277574 3306.1884427131668 3485.4095559731204 2866.9122236669878 3813.1827778528523 3982.8129600336865 
S: 112073 2930.9720640496294 2946.182422980983 3463.2505489140563 3391.3953802774818 3414.0222664138805 3425.790127651404 3184.5604595298046 3579.8056494609064 3261.0852651051077 3462.616151941985 3346.3094916118207 2920.964925136301 2918.1524830471867 3283.0997606763704 3420.0907468975242 3307.007523723276 3434.9464769743054 2866.9122236669878 3807.521132947463 3230.3491340457235 
H: 112073 2725.8566061898546 3480.7125526636755 4408.385381625751 5093.101470574109 4299.7504257288265 3899.251849092593 2038.477596100572 3074.7635867455106 2456.581005600841 2581.9775030581072 4748.4343563864095 2324.934465470382 2447.002985260176 3330.7590529343315 4031.4168826799805 4040.03700798569 3610.9708206618993 2341.729356812445 3363.032845282644 5558.9101920033945 
S: 112073 2723.9003611617763 2132.3516640985645 4405.511724238089 2960.2213548646814 4300.505828463 2620.78938219372 2038.9759858404686 3076.111812752213 4067.177042789748 2581.4738674585737 4747.505546531905 2034.5244897382363 2067.4351464097786 3330.504571850815 4030.795622810702 976.9575416656334 3611.9033247469306 2342.2537728613966 3365.364350202176 3793.431547491007 
H: 765841 6758.375889542099 6991.627114313787 6589.807066290301 6680.929149790791 7333.114386121901 6375.655916529875 5962.374700200675 6894.868077563067 6649.399756644064 6856.589525899098 7100.752338705896 7933.348812853988 6982.232301304653 8019.871825948502 6674.252353138779 7579.40976819095 7133.325422754661 6502.636824751131 6657.781646924821 8329.223640241735 
S: 765841 6759.1953229354085 5888.363276752794 6576.954831201381 6676.19081542923 6334.445933294271 5769.185219736358 6711.129461465339 6895.155907007363 5881.069518555182 6857.075573451863 7095.614608116288 6994.534437776758 6984.807702418031 8028.711520066696 5946.649407412328 6472.313389112589 5936.520031235315 6510.953379813424 6731.88679367864 6967.012835541991 
H: 765841 6014.145837961504 3363.870368215583 10347.405378654514 3948.9773079356523 11222.723437350598 8471.409033036702 5312.157656459064 12846.882462569381 11425.02936798747 5039.197755773401 8233.173961035725 4485.088190808212 4859.469951763463 8306.32830240216 4727.656573708557 3592.422450623957 8414.206787262185 4968.973166112113 10113.864258166592 10983.267457520978 
S: 765841 6015.113637928923 1962.7877589175964 6167.9121142111735 3950.752518732959 9635.942053552086 7155.376357455591 6627.192551423115 11380.286415196435 8178.004332320302 1978.9190196026605 4984.3699376206805 4485.658635595248 4859.469872423194 7164.53365986959 4724.265663913265 4724.052134349539 8413.942916826489 4968.965404705464 10114.18016153544 10985.123461840405 
H: 961929 5894.415007080931 6773.8517061357115 6885.8016199486565 6882.892007527618 6964.405938937278 6690.092238716237 7693.709962433715 7858.489064798371 7989.244465584465 7867.447105540915 7291.571327539229 6550.273762375065 5959.617935284936 6756.692758453011 6571.193412892156 5802.204536959257 7756.235036906371 8185.543145828618 6114.066593686867 6759.142770653575 
S: 961929 6848.39046068146 6766.524311203039 5825.694509210295 6838.806242483877 7403.002318432602 6696.860665179139 7610.637446572942 8030.621611162965 6701.684837896569 7043.88223608424 6748.608508835175 6547.074773381157 6617.76767718088 5882.604262130279 6572.074859739445 5802.204536959257 7759.670303582156 6895.441486985376 6114.066593686867 6759.042943947095 
H: 961929 3701.6586771562356 4910.0258163735425 8947.552505987418 7038.315259128743 3567.654008104775 7773.395384681091 10962.163250432228 4750.762187440951 7817.06061509271 4633.827637238178 8429.47177496471 8423.058685092328 6088.255898900522 4409.2818344140305 9625.6904383509 7774.914902425277 11761.250539201003 4572.931248940479 12280.348172097445 4487.797973188495 
S: 961929 1965.3626287212005 5475.709933204468 4337.6917948736545 7039.370745406195 3569.815847589582 7774.069803972566 9721.265638360803 4753.2925843253315 7817.593360340402 4634.719156967205 8430.062810475793 5611.615177389023 6088.2212783181885 4404.63205735526 7571.350125050873 3889.603284882768 8806.291976450673 5509.995312190529 4756.034744339673 4488.410608106741 
H: 188484 6745.307726488749 7281.230474653842 6813.519372426729 8946.99945412027 7272.2947485273635 6782.827323243138 7133.352353986247 6890.122931635471 5777.943398365388 8072.82818525066 7020.634388490874 6702.460415464386 5892.084611363755 5991.83753698511 8849.178328687936 6832.569219070508 7805.057753819865 6877.96745262307 5886.421970574917 7620.850391261918 
S: 188484 6681.234488959331 6662.2925907721165 5987.7584044930045 6783.548010221998 7268.704733345988 6622.701388076189 7024.1663469055875 6892.800610365872 5777.943398365388 7772.3046316778045 7025.629727810889 6585.853577361317 6730.99910201892 5991.83753698511 8810.643642507936 6693.175862565328 7171.159463735394 7018.933827927772 6462.875205201746 6961.36717427274 
H: 188484 4171.369880549063 5133.381718520577 3617.8948749990304 8263.399425824362 7121.347789066383 12622.776509040124 9736.869133366608 9412.575976807995 5270.003133505835 8061.393275357903 10248.580131357798 8666.502112316586 6164.656774100221 12750.194649325034 7336.728523147394 9172.320220658434 4833.359573577687 13440.673244991336 4840.395039580807 3896.5906429358147 
S: 188484 4170.311867977487 5132.952897970768 3617.2526352193063 8262.513453801352 7187.713149642809 5799.192416959689 9736.04625510425 5819.8770971114145 7360.239928909564 8061.761795920862 10246.143813166836 7924.225006678062 1964.028203787921 11867.769352683647 6998.841603528957 4674.2718372094405 4190.057214253386 8512.797503351778 1963.038684452964 6375.796882451941 
H: 290854 6992.143220037103 7676.0553766733465 8816.003008981284 6878.830135147041 7145.910891012791 7706.20909595819 6877.358381288306 7095.35000759915 8292.882695667753 7164.624741705335 8806.375669059657 7110.525446822823 6948.8808404954225 5946.007348541793 9182.121426805348 8071.779974809458 7370.482382438295 6358.713901927146 7084.7303320804585 7180.249874606313 
S: 290854 7168.366104757916 6592.737690833539 8715.398646312822 6888.464829533273 6531.61967808578 7584.964287245047 6909.950997023018 5868.700955542643 7247.320781134737 7161.4204227485 8802.961926345926 5966.034518747185 6949.956138998685 5946.007348541793 9219.122487621175 7007.16498086351 6020.208048728317 5933.566668437629 6199.910886991468 7181.182831048714 
H: 290854 7696.011319474153 7547.409958915567 10812.761369061922 4914.924140856794 1961.4495810713345 4227.768439371055 4962.850964205392 4204.523114855886 4457.111267454661 12057.61695122673 7775.196333003485 1988.6781729157317 1962.9747992635398 4097.129384106651 5958.054475777777 6084.426562552293 2006.736016242775 5548.484895642361 4125.36457581682 5514.8183809312695 
S: 290854 2037.5557452874095 7113.484782129746 7600.249856002552 4914.419504074871 1961.4495810713345 4228.098932560063 4961.063498002938 7637.341274380462 4457.229388606829 11478.691437127682 7775.20891909368 4529.183526252548 5327.690417559664 6167.525689962591 5958.347671757668 1974.2209558857355 5726.971984040409 5547.392166550804 4125.294960856955 5515.328680568889 
H: 660830 7465.153460132843 5887.431389717029 8344.686992310437 6859.717381719793 6658.746243777338 6848.601859290732 6759.91244871108 6731.2191856336285 6756.494207286257 6823.287265100942 6452.864258910771 10640.781985965936 7308.489475757134 7758.60895410952 7082.643779222315 6718.497045890588 7840.223231764679 5915.250279979722 6439.843589015578 6778.520312283015 
S: 660830 6652.59478708697 6895.940592328295 7186.966543445138 6663.9891123183925 6598.837152239672 6851.24397854836 5891.863778314268 5860.463892604609 7586.673511459789 6981.227700542091 6452.127329362803 7535.6241871717875 6908.774584151439 6840.258965802455 6674.2807048789045 6720.418033144735 6609.30630670251 5915.250279979722 6649.822930090847 8106.753039124835 
H: 660830 14094.827830126293 5576.46575713864 3787.2274622752802 4416.23204006817 6853.464845527567 8286.038602945939 4995.393319156431 12739.31184318212 6045.382029103068 6364.302402610389 6214.168767732241 7765.228656908015 5553.068648370274 6290.937368583457 5106.371486954133 9863.775455069052 8813.677711884628 6195.337305289912 8497.374992221245 5377.113080969539 
S: 660830 11089.623280610775 5576.291131923719 3789.936021135633 4418.034558656222 3875.8266938658517 8288.116630508579 5177.496294854423 12301.938549140397 6045.301793115666 6365.964080540473 3254.019535318643 4438.41691161193 8733.905908453185 6290.471578181799 5106.944805682818 4337.56689692782 2023.7928158506552 3505.140031770621 7724.805400873116 5377.150123519631 
H: 300792 6968.013969967317 5847.622429208273 5961.059872475004 6900.095402033704 6697.5539514786105 5856.744152436872 5837.522432640271 6852.268409034226 6702.261507887153 7231.259101082548 8143.970363839021 6840.25356809057 7049.64343790862 8627.179344963308 5908.933218639911 6914.138406904426 6463.668954166353 6878.3656887421985 7170.570406429818 6661.465510976178 
S: 300792 6941.511849801147 5847.622429208273 5961.059872475004 5859.324680113676 5970.5156604124 5856.744152436872 7080.305249738276 5915.174027820985 6699.646254545798 5956.283043934035 8005.030479586987 5977.4617600558895 6005.018820406299 6513.166693000678 5908.933218639911 6061.3212066146925 5903.368220648223 6723.214855340197 6000.197773995951 6405.309399073869 
H: 300792 6106.033276226417 1949.2074764027593 3808.5041220044795 7257.459004471702 8957.218134187435 8786.004576320845 4845.428487811655 3908.8012859607634 6993.555689228699 4868.101717248971 10816.26839472151 5942.008631647349 6911.244694816322 4951.372849900594 7341.252110060342 9690.058344815578 6647.396821659765 4868.337502790337 4907.864098561358 7724.143326639606 
S: 300792 4723.19784301795 3951.665373031384 4763.3082619557745 7290.888511421922 1990.171886804135 5242.805595228782 9664.478305083552 7385.489259382961 4983.22462905494 4869.087737088478 10817.750449996005 7173.311241208616 4238.668407111909 4953.424813732086 6240.677480867804 6018.648168883213 1967.7894068827397 4265.704166171229 7168.952570963461 7721.773260136921 
H: 505060 6620.971403942972 6505.6415435806875 6798.190964472307 8024.6002433414305 6397.283718744109 6812.514608471685 8090.801816299586 8456.448906071095 6941.872953516258 8048.346971394557 6027.930090937995 7156.976502799371 7093.440701756151 6643.246974144875 5968.683552305535 8173.052549749492 5936.75260549548 7879.3769942387235 5945.492741213663 6835.078761719583 
S: 505060 6620.666874050011 6499.396005198334 7091.260256037281 5941.851067687064 6404.496974958257 6811.1015595522495 6773.718272570264 5923.635585534542 6940.396736490232 8057.606655595294 6027.930090937995 8261.953571879034 5895.384798907178 6653.536223723357 6866.965137461022 6784.176310704836 5936.75260549548 7690.241071221936 6851.677413487133 6837.884026280294 
H: 505060 8378.640467434656 7692.271949150267 9312.881544754635 6743.473393213815 10064.556990392692 6622.744644668695 4437.782193642452 9750.306269171482 1985.1320382156778 5649.174401492024 9735.220854132884 8617.653230561935 4670.865937473449 4033.5375829094314 10044.938588244699 5570.485035727947 5370.753536967708 9057.974528411769 7041.776768560605 4469.351820060863 
S: 505060 3638.047910469924 7691.74388082443 9314.522173866826 6742.560520403278 8657.28302215827 4101.292182461825 4437.852032992003 8353.753772878556 1985.1320382156778 8686.889204262134 6265.603965417181 4046.4970068154403 4390.1235412135175 7745.463308578316 8649.948082281615 8591.823629374989 8328.294006781305 6114.365961770748 6944.224152970088 4470.426338663309 
H: 490447 6774.280000299901 7607.062188518625 6795.123811881715 7889.63584377631 7057.785586966657 7634.821788128237 7478.017067344617 6756.98745421787 6765.449527930155 5960.322257537545 7003.812056231621 7554.6785517940825 6899.059195758751 8072.469834909266 5969.073215498122 7990.079230390972 7471.799402470074 8029.387364688141 7453.095527945454 7011.012965829209 
S: 490447 6774.822528695835 7639.13387740556 6795.72074430121 7724.273772811133 6603.824088508485 7905.833615567338 6842.906467512505 6760.248598996317 6768.815350838896 5960.322257537545 6795.902695432956 6420.2106884085415 6900.262485360197 6716.69736468686 5969.073215498122 7166.913149532406 6477.534736698906 7503.362257392914 7450.913279248387 6831.259364919673 
H: 490447 7173.997437137531 6486.368238955587 4240.1128448055715 7646.555189043253 7148.4114895388375 4340.9821787445935 3837.2656944053324 4579.372925909422 7873.771786775636 8330.158059608459 6544.337272941423 7176.048908877235 8909.886955935477 9053.937451084457 8251.946782457737 8196.008129888069 14110.059445729046 9453.645056660824 6420.495640091777 7347.405461072437 
S: 490447 7174.991188047528 3845.943936072307 4239.781388696044 7647.481623933288 9077.855691602248 4339.44019263674 4861.540990504607 4579.72024573783 7871.991982918116 5028.621079718555 6545.365272047741 3130.765383578812 8910.706760477577 9624.170686302297 8251.026438822026 8198.327846077504 14110.544612859776 9454.001941399812 6641.684202103987 4582.931373105516 
H: 467678 7880.704874803962 8862.057620723901 7892.468942332914 7372.342915170427 7501.8694633723135 7077.195317856085 6641.631570938656 6583.579444308527 7297.966209819571 7800.169620350515 7625.388806986661 7148.447793398636 7017.285394640315 6868.9717450163425 7643.957051299901 6872.930496126156 7175.232647498913 5899.457100983536 7228.210402721364 5978.942583900155 
S: 467678 6841.21316291778 7878.224488030163 7526.999467860127 6636.493533101612 7515.683665388698 7082.156123147198 6852.416233976048 7101.810139494895 7298.451325888403 7800.503389417835 7507.99005524378 6763.561150485402 7012.695253721757 5886.42436280544 7474.604988784946 6572.540749391354 7111.114218333704 6747.089730382846 7231.19134098732 5978.942583900155 
H: 467678 8207.953801891834 7577.638413030929 6625.081429706145 5480.933629404194 6335.640699503675 4858.877921118272 12066.942035937851 9747.571208437743 7794.646908243086 1978.9511793244742 4312.185965293049 11082.063945444717 4880.513371858167 7125.139044627499 4144.136794955606 7871.6899123304665 7988.569616142859 6008.934553508051 6033.264317965286 10762.144225421314 
S: 467678 8208.540957813795 5700.418337011799 4383.395534699847 5483.355085653702 6336.3497129481075 4859.805485888673 12038.832616250767 5356.827090872172 7794.990539034764 1978.9511793244742 4308.795285384478 10298.795862868814 4880.327917573455 6717.394758895281 6483.310288398539 4600.757922035775 12029.943645107156 6004.998996066407 1948.0897331748156 7092.126590778369 
H: 72524 5832.5429002828305 6999.238814060156 7382.216255891539 6914.695604269237 6345.034548504973 6664.572345961792 7047.949904658868 7677.495040286931 7037.5267976902915 7103.345629147957 7139.929639680525 7031.467721872144 6423.204895056886 6683.764988492923 7617.243515865183 7262.777206079673 6389.767242266283 6466.445303257749 7006.519410037831 7235.288662447177 
S: 72524 7139.068156445935 5911.313812525278 6778.686884925879 6744.320835244461 6344.984485972038 7328.802096927504 7047.255667328429 6603.955842461525 6728.301273908783 7104.577441328271 7806.092474164383 5880.046652629887 6423.572493364703 6678.092384036596 6588.470374029169 6634.375447014962 6386.7468660353825 5889.5014895339755 6671.881111313001 7231.955546633834 
H: 72524 9560.316438763995 5106.709821074982 4540.74518718049 4873.734892245704 4367.383691485029 4262.700536105628 5108.676250113983 7261.29508037546 7284.064396670602 10466.91505567895 4849.166638050969 7850.255550518809 3871.9223060495347 5134.779389839425 3934.8271221444243 4228.826234703455 6658.863209719073 4407.1978803631555 14820.187390739391 7098.12740059393 
S: 72524 5688.439344976595 8351.6650006349 4543.09415780896 7088.31699944933 4367.349923300412 4263.037995381986 5111.461694368991 7263.8248405946915 8726.099269342574 10467.965562799349 4849.456469254383 7852.763683084825 4226.5894975548845 4302.395818726321 5109.377322574375 4228.068960610676 6659.087583883461 3653.3856896318343 14820.970291059808 8702.61674460836 
H: 423512 6390.724479484565 5938.311411909686 7699.543064440492 6830.5921714134265 6841.608531046385 7371.975885233314 6828.077905008781 7632.503790426026 6734.06801121544 7129.9335387878755 6778.541607625324 8287.577675543793 8116.768216801846 7147.164886749534 6882.256537640486 5967.941229016083 6603.31962421544 7421.0137343122105 7050.4848101945645 8253.01153470716 
S: 423512 5917.835914727765 5938.311411909686 6591.520520653538 6831.321915825186 6614.4163041081865 7172.26732566818 6828.127225328969 6649.915962003357 8587.397804543227 6736.859150435245 5978.679657020953 7705.047024201663 6936.843807468094 6981.13067345096 6906.961117213749 6940.439071114547 6600.498769828292 6626.359576865015 7050.568838205414 8135.577872328747 
H: 423512 8431.820030890978 4667.921804199008 7393.659304289287 9917.560915829954 14330.865119949885 4925.781638205056 8607.603469527754 5713.323226474766 5892.957685989091 5056.3231768233745 1992.8932190069836 4758.3048096313305 5260.6124416079065 11932.468151514911 7421.642897681748 5860.01577174224 4324.186003456529 4293.20898054117 5017.1141114643615 8828.00405411788 
S: 423512 5505.999635298377 4667.753266950834 10042.46329588568 6754.782575097309 14329.301083251463 4926.438101936887 8609.448068855865 5711.28967365643 4409.389669377226 7911.9986858284365 1992.8932190069836 7584.6163165879625 5750.5822130147635 8620.36310304854 6447.102602120381 5861.250941120349 4324.638469679939 4292.691294106998 5017.1129467152105 7828.929959317922 
H: 465198 7308.951559527023 6036.194853867442 6814.251643352804 5956.887380123576 6546.245745399144 7566.911055328982 6625.238704891265 7919.263300473307 7793.099014497531 6553.8870382725545 5948.25673235856 6679.729736577904 6660.528601399534 7611.951520473874 6771.190821238477 5928.235182547556 7549.296798370292 6546.202237234488 8026.03394776977 8161.011458735148 
S: 465198 7309.080523790057 6036.194853867442 6811.119594462321 5956.887380123576 5922.937179265008 7638.468097022122 6631.862612373758 7913.844670974432 6900.659131607163 6536.9031258753275 7523.596278738213 7712.340972356106 7755.39094674793 6917.668844133554 6772.428041431912 5928.235182547556 6459.559042546496 6552.0332451605345 6724.951986913629 7857.488748804473 
H: 465198 5359.211743179973 7878.508542218145 5897.409648914377 4988.394039019307 1974.3123930883323 6699.240828316388 11844.449023200214 11594.667257606718 7560.195819332776 6431.873707323074 4346.938969279467 8918.10807404547 6464.7510712888525 7194.589502229054 4494.322832114042 6921.858013073286 8791.585478135736 4568.644542776879 7213.268184840583 7604.118519505754 
S: 465198 8176.482126036446 3788.886704104748 4492.100660949551 4986.487176110404 1974.3123930883323 6700.104070287756 7839.62383693321 7992.99003769652 7558.295269363078 3953.66579340402 4346.662914535096 4071.189630387316 4785.245352762001 4451.544565608227 6775.652317810214 6112.3825989244215 5077.579992700894 4570.958022955631 7211.601137301716 7603.62782968095 
H: 773304 6534.739374390993 6691.402752641441 6832.875707477555 5899.440682079237 7784.43816264549 7253.935473946487 6651.882248819138 6858.060760854003 8398.79264375955 5988.786968183705 5997.349140565102 5954.108041650466 5945.627619198073 5941.107740041588 6433.696702225667 6408.388719767164 7525.954101129516 5959.375480054104 7074.858973153978 6930.984931165936 
S: 773304 6933.455870853115 6692.691080838971 6003.8967421885845 6608.742621194655 6706.518388957628 6756.099735431102 7884.860994278919 6769.959178700461 9174.912557537069 6705.602150275253 5997.349140565102 5954.108041650466 5945.627619198073 6451.582760884307 6421.629781086227 6409.317120131736 6557.216809618985 6697.303966180808 5958.634588341529 6567.660909044915 
H: 773304 5825.761396865757 4949.847521353521 4596.059224205632 1966.4802273597516 4100.921999955458 4297.290604759818 7760.559683507277 5208.755325904543 11951.223366491435 9907.15376376568 7393.176234050716 10782.391649094192 5172.1144990603825 3504.511551210385 13481.948543170112 6140.859120784612 9005.646162825751 5673.085313652796 7022.193589081127 6470.880417727356 
S: 773304 3698.1513158612875 4950.589046886221 4595.6273447510375 4189.448597145218 4102.092550398565 3818.8188200208156 7756.194000572025 5213.827754117227 11952.70244967893 9905.630924552728 4842.349914393938 8959.253933408272 5173.139953624199 3503.0090508266103 10825.21750193125 3368.8166945948506 6004.24763646556 5672.209572241649 7021.611552799044 6472.942991620702 
H: 986943 6043.012914340839 7808.352408888356 6679.836542058641 6871.139503294286 5934.935371024158 5963.179334391282 6501.891143157047 7487.715707085105 7960.139532053942 7643.5105052365125 5865.384072099262 6791.969281791476 6351.7413489058545 7800.182070592241 7922.284467899407 6470.538452472101 8061.693788091905 6707.975867726148 7445.653583739827 6528.109797845074 
S: 986943 6043.012914340839 6739.934151981659 5916.908101838885 7693.78365566227 5934.935371024158 6910.524328877702 6506.001332022741 6741.921041958923 7123.623455467425 7630.805715890106 5865.384072099262 6796.67511706877 6350.904052143015 6544.387651101256 7032.052403270122 6531.025594328817 6825.966831287708 6710.762135755404 6600.960370920501 6530.057461550931 
H: 986943 9298.540440804281 4232.600900811391 4178.051841048628 4437.889448321788 4004.35292466992 9446.109316532338 8102.787220179063 7997.006426693244 11195.809169630335 7376.814277689896 5562.945787152354 7411.074217126352 4546.264334876166 4946.166739744915 7028.113531489468 7612.911093871855 5527.4014552603085 3831.4812032915183 5025.769393587857 5037.454530728054 
S: 986943 9601.152780019174 4368.223072593617 5264.816673521309 8329.973561825653 3683.2475087964654 9445.716029000467 3676.4435988009213 7995.125806917573 7798.60962340331 7374.5389052978935 4115.245809499694 7411.173181874608 7593.132476835479 4946.454279656223 7026.835857276466 7278.453105321035 1954.998752375507 6740.761538168573 11070.322432605688 5037.486488975746 
H: 489110 6507.552074337572 7712.314135077834 6592.452185869677 7719.020570349516 7454.715719673525 7295.293976419027 6027.426186673311 7962.781927279035 6584.055712681839 6682.098993780501 7192.170054806504 6704.304059984103 9496.829900771523 7334.005131354587 5955.820278392354 6818.297693102303 6698.573487038245 7288.257394948189 6630.40909840041 6540.921026442346 
S: 489110 5841.002067692896 6547.688611163157 5887.295372703916 6785.62765514116 6801.963171232887 7127.523728291414 6027.426186673311 7962.703393786513 7483.7387255599 6685.287822491082 6777.652125847551 6705.410923591765 7752.540561164716 6008.329295227776 6941.719073077394 6822.802920800488 6699.299366991515 6447.614616777036 6928.177988963881 6012.497346732891 
H: 489110 8612.824398595401 5880.190329984633 5506.642229861976 1974.6100578282571 8109.273857079852 7299.653917968712 2009.1420622244366 9839.900736081163 7051.152216638151 5061.342085594751 10383.552966151157 10015.25459407934 8555.836317118863 4282.748661555832 7808.490970754209 4370.95639432196 11649.525931759687 10985.274445215686 4895.132571086504 6556.200576278488 
S: 489110 8011.510419634814 5880.793379542807 5505.012290811638 4791.017069471951 6106.397284352353 7300.075781226929 4331.724996880635 7530.522864032044 7050.505008400952 1972.5020936820129 10383.986400366784 6670.520406979472 7131.949404860977 4282.185856468572 7809.871918890655 5480.491217454008 7700.9583804812555 10345.106779270893 4500.598556720036 6556.667746876786 
H: 29249 6559.044219602415 6725.664743526042 6554.689735219908 6968.543541982648 7405.713117369962 6944.898624088113 6986.903804751736 7676.037826942149 5925.785375469004 7028.521788901604 8342.948779736675 7286.73482842698 7649.033163367863 7334.837600411989 7390.499898433571 7234.890693007773 6796.433871059099 7663.988499533635 6786.567846157132 6596.627983476414 
S: 29249 6550.2609172279035 6681.858859207258 6876.31651401559 5995.301406067646 8716.110501452098 6946.662627043632 6984.634465279618 5946.573685016363 5925.785375469004 6792.296738230968 7037.6205462662065 5949.3785374183435 7650.413942820629 6499.127878898665 7397.674999698368 6935.626938885893 5897.628834162761 5915.852640028944 6851.186407415785 6597.804999942339 
H: 29249 5019.889841087655 6625.527336737263 4549.754953958583 6772.537342277141 12699.252953070207 7770.499064793334 4887.552820573046 6463.376726202044 1975.2617918230026 15604.519309824644 13224.606554935172 5526.576518061378 4028.7237978078197 9149.645255623685 5649.319126465765 8259.665199269475 12156.157802726053 9584.241254935465 9035.394003402675 3232.7116017806347 
S: 29249 5020.274972000822 6624.873497293584 4549.852492794839 6772.774490655218 9508.294073271678 5055.118596282904 4894.01478747715 6464.243345005907 5395.5590687614 9281.38195455934 9016.646869150522 1983.1261791394513 6592.248905810197 7295.394493646206 5647.264270757219 7985.317858764368 8045.362282006196 9054.076918004326 8212.44794488182 3234.8977608706455 
H: 670580 8286.115905173365 6384.800664915609 6677.358475985138 8020.859983337728 9360.08342487457 7180.4992592829 6829.712178645928 6702.7002415263905 9044.123110721628 8291.751784051095 7559.6029699158025 6917.7841835906565 6850.368862768399 7335.092461860694 7198.837416684121 6978.061307408821 7021.873662777909 7426.368250661761 6766.372478934711 6860.376596978069 
S: 670580 7953.778120212486 6378.955820219224 6680.54337302982 6619.20012698482 6649.980422949653 6993.016810206213 6831.601796727936 6819.198933371579 6656.202591852931 6804.5181244698815 6002.673340495629 6904.830642817716 6761.105619723594 6847.987632689018 7800.904598091548 6808.646846015516 6804.3546128459975 6521.884064609076 6766.081014469169 5849.406711882845 
H: 670580 5099.45952047064 6134.448666651154 10125.466748653585 9103.88778060756 5162.097052754075 9343.933567635735 11990.175134584437 7262.926002370811 13978.594406969807 7681.59270575701 10053.90419489766 4017.0213569616867 7850.987278574784 7902.164803988287 10661.383973638516 12731.165780880265 12482.898746671615 7094.5593735009825 7245.737162982318 7789.408479670585 
S: 670580 7565.875240534603 5179.311733778436 10126.642581236973 7168.620564159875 5160.091886364058 6769.567996378156 7986.073155751063 6768.579485682224 10816.10205142729 8657.8775748957 4878.778972144981 3999.3221276493728 7202.59152406798 4785.469519001692 6836.213264630031 8540.62117784884 4408.235594040336 7093.735242477243 7649.269689896994 7784.51852260268 
H: 320709 6653.052229251075 6743.306990880111 7841.363667124474 5936.213756941732 7193.244835727249 6550.667881283143 6946.64181799005 7773.600450002734 6799.28832606189 7723.11773237315 7123.995252941402 7665.327983205379 6453.218881419559 8096.901567190382 6789.74676318576 6829.798139805486 6984.911330420289 7475.532385122199 6734.580569898984 5966.971798321761 
S: 320709 6642.004507097145 6744.1074072791935 6571.477657533877 6640.616938853466 6012.848005780929 7345.605504513299 5923.474191940001 6888.490713798948 7091.847040492441 6505.153602710898 6964.498127512671 6632.483540928904 6400.255549540839 5892.204421167054 6905.502192749587 6714.490571016572 6991.187931318855 6594.696554452961 6736.543043757835 6946.516575807955 
H: 320709 10196.825014678841 10127.96933261706 9472.772808446558 6348.83411055138 3819.3411780202946 4756.24454205031 1974.4913973133375 4953.923624650265 11547.506239927485 6534.092209163999 7184.1354121621125 3648.8468645767293 7549.78456289105 7690.832838095738 11622.024036476454 6776.566145006233 8413.620441103365 5972.057742458439 4030.2598982751974 4596.773977384287 
S: 320709 4693.443604805863 10128.076325419372 5584.495152149577 4049.830137404962 3817.594473897077 6075.325778818447 4951.111980802933 4955.404765098853 11546.261239994034 4768.944226948555 10682.307089961547 4161.343851387568 3400.968803782553 4383.213407083175 4643.275605572798 3765.81830132778 6699.80867681145 6623.012451485612 6403.348842792943 5040.232769566065 
H: 769344 7598.294559862406 6571.896406583634 7281.900991044673 6874.733694217744 6794.401024231955 7212.094544284785 5932.311608030784 6890.865541071299 8689.604000220497 5869.573534481881 6768.457624098 6640.368102413586 7590.269659451829 6760.610088619487 6552.20350135278 6891.651072387285 6064.667122624271 5862.160163291112 7201.1760546786845 6894.99029947413 
S: 769344 5983.285815118015 6572.551600214389 7358.119062540972 6873.1891722511255 6784.487741012931 5884.5192389738 6627.460454419555 6895.006636390522 6871.971141139257 5869.573534481881 5922.244516685276 5796.90552139339 6673.999290527517 5927.4163647970645 6553.162381087363 5981.824277632222 6064.667122624271 5862.160163291112 7041.358333417985 6887.678914804545 
H: 769344 5824.6892244688 4996.152287439887 10050.003323360877 5609.31805679738 4432.870912020451 4966.499325943682 8422.25166925883 4095.70989791158 4721.960145256185 10207.8721652055 4351.955676226374 7455.816572094147 4466.025821296313 7716.756223076465 5323.535568731372 6793.675901972924 7210.563908245469 8557.332656577002 7698.795422683885 5129.025815559816 
S: 769344 5993.101507595291 4996.147860564464 8495.038142790301 5608.511767743422 4433.202659626849 4611.643176923125 8089.57507659185 4095.813440525542 4721.36461017495 4447.710694094821 4349.624045326225 7455.425450372649 1991.6967120185125 8312.986448277574 5323.908554296307 6793.874303807426 7210.847018724709 3947.2921961405714 7698.310716911015 5130.178801787014 
H: 85771 6632.769251764817 7005.6642140634585 6885.1003568012275 5966.844417766034 8059.957727955955 6562.712597264696 6636.503798460195 7860.079675367249 6681.1569956550675 6620.69734584072 6727.56198175957 6723.970877044256 5952.111558230401 7688.998013991289 6989.28028235739 6656.810742038891 5890.751879123038 6880.076383149893 6626.113061620743 6715.956284799251 
S: 85771 6629.283041806972 7005.856196465918 6885.237787395476 5966.844417766034 6922.2319878805 6563.194046686231 6635.2501843288255 7736.492750513333 6662.468736689023 6816.873805197623 5966.119434139694 6717.303227491546 5952.111558230401 7700.752647688514 5958.3522129569365 6700.684385243539 5890.751879123038 5955.400090391845 6629.689126977723 5966.930408965384 
H: 85771 6231.069275607453 5004.691297920259 5592.492551256885 8170.340979366972 8386.456224566771 8352.472981355715 12796.478554333175 8191.349805877686 12075.269732580242 5064.659098716398 6596.04007215696 9781.321516337199 7576.234518219004 6501.444196304271 8277.168336323452 6215.601108144381 7998.976266030328 10269.46764151799 4879.444751777703 8131.30461624073 
S: 85771 6228.553442186631 1980.128241434001 9356.962765979773 12502.266354990617 4517.743057126359 11217.712271096243 12797.565923461309 7094.523358393269 6466.914120563287 6703.184640423293 4599.491009855241 9434.349244170457 6451.597395951723 4937.310677919913 8276.621590754381 4168.568007775294 8000.016332800029 8343.303233030645 3870.260269158613 4155.2732390710935 
H: 412129 7218.8057622327415 7964.26243251688 5959.2101987798915 8266.191259716876 7454.214139018123 6857.14062298261 6828.54454467306 6728.084105894051 6503.525774480614 6428.511605652311 6908.912558523145 7168.373481091898 5903.854859775727 8890.146707581209 6984.361767558043 6552.809932996815 7624.318934048586 6981.05067348912 6665.9915601270195 7855.125034829246 
S: 412129 7267.292768022547 6986.271426841823 5959.2101987798915 7517.042963205355 6905.196097357873 6857.782619103262 7407.070720116281 6737.065872726761 7378.449019578382 6428.511605652311 6909.289564528246 5875.808638191902 5903.854859775727 6727.6273364936105 7893.38734598896 6471.774330155227 6812.035774090785 7915.936312738364 6658.716002044062 7476.7406475810985 
H: 412129 7045.095918444426 7659.179702582205 5891.529825925628 6536.759970755152 4797.832499435688 7524.313589043405 6535.080469092431 10169.341938474287 5723.13852031959 7683.922748347905 3865.42719110234 8498.34754817512 7809.88582109635 7837.397713684535 7587.252774226037 6140.798878241023 14610.56126121144 9458.213545042807 5415.121932485928 6540.576941850661 
S: 412129 7043.786017110086 7661.321884037347 5891.464807349229 7337.681940388755 7509.0142085065545 7526.1622021426065 6625.265852850001 10007.339218232113 5724.191471674145 4467.084485628226 3864.9063558909925 1958.6028793973 7803.854649209613 5172.015753413317 7594.662342737929 6141.208969785962 7351.064815622361 9459.63991871148 4985.291446540978 6542.822408394503 
H: 676967 5982.071728846389 6943.259476042419 7045.309424363396 6467.493913865819 5778.750105645174 7612.541823529918 7973.011955989492 7833.207745620133 7172.376760041823 7433.204441171307 6639.483371656249 5896.656488941557 6028.9282813686195 7437.851232205476 7697.303576085866 7646.447887503891 6712.478479703592 6902.0548409421335 7333.459648124486 6575.165560385832 
S: 676967 5982.071728846389 6787.9577695885655 6864.972739750161 6505.838952417555 5778.750105645174 7615.554842669231 6952.121996129873 6790.998622318537 6719.815205909141 7015.62971579527 7245.958539195562 5896.656488941557 6494.047596704922 6424.8604429429115 6870.081767259177 5865.164335000123 6719.616740258731 6659.912374272834 7332.280935182149 7227.938992300621 
H: 676967 4199.772230938918 4818.508979640532 7468.493222361306 8832.243483726188 8076.246117878408 7162.215082469334 8374.308283051467 14794.846396816438 4584.680162100795 5275.13472579611 8977.888837829263 7983.525031871735 6698.747574750598 6525.40742569002 4348.027187976597 7578.86456491727 4108.741990733171 4159.348416839513 12751.195864154963 9858.74838290578 
S: 676967 4199.235105500198 4820.107804184162 6645.48617995722 8832.71409870594 8078.8437120988865 7159.83267944714 8318.81827554776 6496.634431461446 4583.110315195632 7921.1413161243445 7252.344402139815 7340.166636957469 6697.887320585316 6525.9940871630415 8095.849718324348 7579.37502506013 4111.465055327422 4154.040210522894 9975.861238064623 8121.2768156191905 
H: 364480 7504.606242380439 6628.104510755808 7766.035625277937 7067.504456465668 7629.58477211878 6850.686238364096 6737.345951561097 7537.027774676074 6953.325902517484 6034.349844729787 7169.314359931461 5954.009582742011 6852.218574651509 7928.934663911087 5837.665903776795 6800.289083818752 7083.946047193831 6660.283632921189 6843.316342603711 7077.061313462034 
S: 364480 7056.69326525414 6978.658370555835 6971.223521248239 6646.630019070792 6654.346933483542 6614.606463300166 6734.276580337424 5966.266919476301 6083.945642614179 6034.349844729787 5866.827179290137 6856.1489257639305 6020.177588303569 6553.02155195653 5837.665903776795 6813.165273737528 6563.68816101314 6629.994121567406 6736.929148183704 7078.979952317616 
H: 364480 6087.0004469512105 13890.039353507338 9055.426349180732 5202.7863762224915 7614.1891660336305 11616.091201388557 6780.56026323987 7582.391303116966 7339.483281402655 4584.691606583106 8298.092508405029 4582.8413248663355 3696.166473867144 7412.962611719905 4542.525204087963 1979.8520348416941 10937.665338831566 4185.931616884466 7362.819684834603 6343.913019729652 
S: 364480 6086.161021450532 9065.722249257828 8341.852091726956 1963.185760990439 4006.078734259343 11616.808914589605 6779.347971376014 7585.92004194505 5189.867274112787 4585.024599337962 8298.873930476047 6865.164740987356 3696.654383781238 1998.494777668108 4539.10321048238 1979.8520348416941 10938.337580647794 4185.836400085849 7368.075686073098 6345.913757708933 
H: 438089 8278.959362565407 8195.956190715095 8463.488447098793 6585.458620425056 5937.183442416387 6470.093839748992 6431.190717546309 6520.447640286811 7476.775894139615 7293.972925640224 5882.79910543856 7777.830197099733 6635.075378417752 6776.325643413362 6596.04014537028 7139.885639308711 5917.516897918917 7620.318754052384 7145.87905390947 6990.961749428578 
S: 438089 6978.538217818609 8199.709190972184 8233.011159122403 6584.150814067551 5937.183442416387 6470.679241903727 6934.765200767445 6525.831229336646 6551.746729323154 7302.829610807923 5882.79910543856 6718.69991054378 6640.805215782687 6643.414298108578 6600.859724961538 7143.963169580807 6777.032320944676 7053.435180284667 7133.83011715019 6601.654436420438 
H: 438089 4501.529377125029 7941.62283811074 8980.124516801641 7901.960598686007 1979.0611474721297 10944.973482472316 9647.316827416487 6477.080275328262 10734.836928419876 6652.188135586951 1960.9330351461886 11785.747973894682 7633.785397849832 9328.577664762399 9376.286277992704 7784.721156013343 6922.237484177555 7803.169299854449 7866.104585882575 5770.992806204115 
S: 438089 7224.933436207991 11071.369697981545 5452.963301207803 4595.087377676383 1979.0611474721297 10945.50958600307 5914.434308048239 6155.958436258891 7966.115775830711 6651.757255579048 1960.9330351461886 6964.055238292898 4191.925691132962 6448.622492683787 8723.960697610473 7787.576909317463 6922.728401080855 10628.264577042193 9635.696649889102 5771.740090983451 
H: 849013 7375.757953553342 6903.883150895455 6612.61150680907 6824.754284714782 6847.728202282649 6626.3962812560585 7359.15004853033 6663.543674250117 6866.309036423143 5818.570923827456 6931.947305782402 5921.067102370361 7583.069692432457 7455.0193073012215 7062.467261479737 7965.325441908927 8215.501241452766 7425.864837527811 6672.623698211437 7769.993475583605 
S: 849013 6912.303636076189 5914.806365711876 7017.7145382764975 6825.372085038943 6864.543220750805 7199.7642240298355 7094.278688780577 6663.295139486074 6656.148718401135 5818.570923827456 6931.327976770227 5921.067102370361 6750.093906496429 6866.3649866861 6663.116836617514 6447.280340755034 6983.885847255111 7426.543791965383 6782.982622056135 6972.356024559174 
H: 849013 10632.708802892195 6197.961010248168 7802.4001649453985 1989.6632003279549 3014.5427787794347 5555.2045997607165 4752.101820518722 6429.319889757839 6124.8625945412605 10286.110862413945 4891.350433465046 12514.516578692052 14174.39622835986 4304.243573789397 12957.339080813981 10829.150030464094 5573.40302145591 10059.618531374428 7060.560682759597 10750.53794941222 
S: 849013 10632.812538774975 5476.514693811595 7800.530435784175 1989.6632003279549 5422.643936570437 8058.963045327953 4750.36279581006 6430.160826722052 6124.9640468229 7219.339967817574 4884.692395114914 12514.133461325331 8489.2359589354 1987.5878421553818 8089.119171825642 9816.725117521635 5351.211499266281 10062.518278227582 7061.829941185128 10751.835293920814 
H: 209864 7791.850327861186 6731.150633928508 7145.328183126673 7704.723723848765 5994.461203953464 8412.646488354514 6498.044354673997 7151.757347046234 6490.745463091494 7100.2039158727075 7152.925527101578 6957.9934954682685 6663.958957145971 7968.0756460354805 7226.149498788042 8349.631486640845 6763.564308088927 7135.626174652588 7793.158214408961 5988.645917624455 
S: 209864 6790.078208932479 5952.623603247902 5929.365966241169 7149.197434145697 5994.461203953464 6890.206028536907 5893.14794729001 6012.107994830386 6947.023384536256 7068.5683293651055 7156.438301562934 5841.2640326668725 7391.30395449328 7859.328360772067 6697.218346027627 7005.021762026631 6221.695169199807 7089.278217058858 7276.77911024567 5988.645917624455 
H: 209864 7356.1925464231845 7690.853169490641 7205.057453739081 7111.1528532113225 8644.955976349846 9218.14237834637 8276.88562475201 7360.558310946742 8290.132433406 5667.921801696196 5568.225503707452 8454.223195374818 8190.826296371831 6635.057284642668 4137.528425021524 10390.575768213597 8837.54760191588 5740.296498568916 10998.700785194038 14122.565814211212 
S: 209864 7358.210201132541 7691.99030873566 7204.744349486255 7111.02469246044 4372.241300638512 9219.053726953272 3853.3353237619563 3856.2282324956554 6751.822525337081 1975.9947613399977 4333.299626832873 8455.021346785667 5663.907747421974 4498.23061044286 6846.823572175911 5064.034970890639 8885.25079135544 6392.417651542354 9792.037152886924 14122.199312548915 
H: 911585 8401.179036247217 6902.585389161538 5893.237932575035 6771.597142284219 6708.406560065677 6013.23426138715 7140.899071730183 7098.55757775072 7264.994369440394 6406.665755558355 6602.41870617582 7079.22789410932 7011.290245627021 7895.791477611472 6957.302841624076 7102.92065671499 6755.522951632543 6804.301189749141 5950.780613960904 7647.190836532189 
S: 911585 8203.484815326668 6435.066241074959 5893.237932575035 5875.136057847591 6003.357842872249 6548.170819198528 7113.512261151629 6657.86163348247 7267.149579744649 5812.403617491687 6605.221497603669 6842.538440137341 6855.882416096965 6991.226230452612 6958.7299269702335 6041.381943355349 6754.247138438405 6821.815126466473 6344.635422150704 5904.899742760686 
H: 911585 7247.327650806907 7983.9965287222185 7743.717695546137 4709.144676249262 12037.866255383624 2004.4372879714329 7972.514117228997 6166.173270473747 6376.873656208662 3742.3812317827947 7651.69536610821 8504.753440228893 6508.402403948549 8041.374359363313 4660.887880077012 8091.593375100234 6759.58433546712 4663.155920737365 7157.380022368024 8237.526997831405 
S: 911585 7245.214771814153 9359.782312214149 1964.4126441916837 1958.4034891568417 7651.080653830845 2004.4372879714326 7974.803773556004 6164.888258799539 6373.998641322475 3743.280283192955 7477.348930247842 4889.797067752634 6508.656442644205 7476.815548266933 4660.30746384288 7686.645551470872 6758.931744208193 4444.6578363316 7150.675927974633 4871.966276586859 
H: 839963 6647.914260340065 5922.556591167495 7589.613511462485 5914.29952583066 7903.288582085643 7651.997298343233 7020.567443596916 6777.5876982183645 6897.837642019506 6935.063379945587 8205.722460686931 7964.991957663514 7452.649657821672 5815.335881387362 7788.35847034373 7111.899644813159 7612.788525836268 8264.02665816787 7705.954125131925 7434.816972661991 
S: 839963 6640.435501116757 5922.556591167495 7588.330623120999 6522.774224163393 6028.220192224072 7653.745485840623 6700.258190447583 6779.005572178803 7119.925509111449 6174.578694058136 7253.343812073657 7973.213310402754 6980.004894819316 6374.518083177427 7787.603585927654 7121.285106922243 6572.661428298716 8262.903498786733 6767.339459151579 6482.881257301739 
H: 839963 7588.666407494821 10299.350583195215 7658.093940423683 7127.438215803371 7365.48775965966 7717.065804339288 11770.898083359572 11262.417040937205 8935.280249691714 9833.24588861115 7113.862407964088 5707.176737755178 12041.060036846371 10197.841883816562 10345.10824709614 7874.666652241272 7872.362582493001 5808.553112412178 4600.546289980811 6839.363104488471 
S: 839963 7589.449407380596 6517.0965447105345 7187.631503962084 6705.434208808958 7366.122899231613 10784.423277836459 11897.826557627086 8240.005175289427 8933.603302312538 5049.936851738484 4437.882423646228 9135.404064147775 11556.669813006854 10233.695246432479 10347.976163121251 4436.915037406347 4247.007308906653 5809.2543158880335 4601.129460884925 6838.02522259003 
H: 763585 6668.6654352068945 7332.0773965053095 6848.527651781558 6778.754529944693 7295.39979920639 5960.157569839263 6671.411497190588 7164.883955506328 7094.055583303146 6613.910608455904 8110.210317401349 8205.450791431267 7215.5593747158155 7462.726902785882 8063.175104331399 7250.725076208439 8167.229197858457 8395.574230369468 6524.489606144765 7594.572014602231 
S: 763585 6671.931443390194 7322.675015214559 6748.291169375627 6779.706232818012 7297.756428249273 5960.157569839263 6670.97030377598 6524.014840754564 7147.132130256772 6615.7152739858475 7882.631876805295 6635.548724501448 7212.903506100062 7184.577162041438 8058.650028913446 6043.991533781911 6794.169815613144 6012.64118686149 5915.88520046472 6596.006319073438 
H: 763585 10916.25624167871 2002.4097195646532 7185.913554580595 7082.236531553144 8717.37838987166 12286.379616905224 7496.69527188795 7955.371136581486 10137.82864125654 14413.290420599247 4229.06299725435 4732.6851160953875 13310.446548195834 9122.893065118165 6920.731110011294 4067.300882785523 5546.473089402014 7843.198505181076 6330.237623945835 10889.36784809741 
S: 763585 10410.599945349273 2002.4097195646532 7186.046309719366 6809.354823456232 9456.182550077043 9638.554279992206 8505.945274163028 7185.384495590214 7740.969125549364 8190.281650115739 4225.782906392819 4731.006226770826 8442.790872688078 9119.355460622088 6919.615848822066 4067.3643746747143 5182.47483844032 4846.554842759901 6329.850556374679 10889.050698407198 
H: 926223 8884.481919740385 6999.279976630303 6336.627515219241 5926.429746014984 6681.539541879411 7192.432520983051 6968.514462569185 7875.5575377518235 7994.052118087464 6404.803454827492 7359.738726219535 5993.783776493193 6738.695757457683 6742.220451794909 7658.628145947921 5936.682288577903 6479.451252054191 8721.738441901758 6628.294242004447 7181.128995155586 
S: 926223 7670.915103971038 6905.943559012838 6337.171443131354 5926.429746014984 6704.312493297061 6019.203830126148 5973.535144425984 5869.431063643334 6806.656834596511 6406.98532824284 7359.327130311958 5993.783776493193 5966.234281251298 6743.841656430573 7083.400655116119 5936.682288577903 7273.393421674672 7516.708160113386 5957.93542465875 7963.777490310717 
H: 926223 9153.715075384926 9851.689703683092 4553.193247856566 4864.855570121136 4298.976740646895 7541.608344293953 8303.601288074671 7523.1564073943455 7520.229289192916 12215.171248659002 8848.30131366246 8103.977275907137 7923.032559321898 9060.460118340476 2003.1664490891606 7092.980598184756 8638.428515405738 9818.217235751614 6440.359036641094 4328.826588690615 
S: 926223 9155.304318758906 7136.4629937016325 4553.606768949463 4865.193013433257 4333.1697481513465 10007.674054665898 8304.875262836633 5303.557528829954 7517.656807823659 12849.640702348943 7398.903202017616 8102.278639089831 7921.871481790883 4270.517612298137 2003.1664490891606 6715.397539683492 6727.503716185928 6992.977866297557 4486.159040028152 4330.517195987591 
H: 891495 7439.992806835015 6857.510972173184 6930.6364413597385 6689.730486970338 6919.434854751703 7419.916633812549 8203.031331769373 7185.541295377725 7109.7596902935275 7184.674058782363 6009.8756614793365 8615.182130498524 5865.091918242516 7065.792032217219 7507.511335942781 8676.631583908964 8073.292775400954 7139.694552333726 6573.003758698331 7458.697324478968 
S: 891495 7442.117768287704 6859.050870511477 6919.354688073521 7843.464831015254 6508.408367179 7205.330321626154 8580.499865042528 7184.90546130612 7114.414105028902 6514.4192985407435 6950.512890088989 5966.782739990186 7113.247477983083 5979.715774326926 6726.822313141663 8557.389988685383 6904.450424909471 6635.1943990000855 6572.909099803761 7300.395648384097 
H: 891495 8628.459995447116 8010.859207633129 8648.367226987852 13179.331189779823 5058.044159349283 10173.060472536186 8157.832094925025 5052.436435195746 5211.758864203902 7306.733962617023 7297.279744025524 10689.506472673702 5569.242089419522 9759.336327642914 9891.195571544758 8315.531147093303 5097.862159851506 7439.959921857671 6345.312263552561 7937.265398784486 
S: 891495 10055.67544772407 8011.56644794519 8649.866963637545 7452.841998911805 5058.351950231997 7952.467584783652 12154.904291291597 6459.904413181881 1978.647751551552 7308.813922513248 4385.8840200108025 8086.74481146693 8407.514869669392 5056.998994315702 6839.31446000661 7362.1794295176 5343.936845205234 3494.802428998809 6345.898393639608 7715.472085132572 
H: 665226 7533.713515682693 6877.698380235548 6986.373084102651 5965.979040485683 6732.468003788783 7138.945141318937 5911.603797800804 5877.406332118796 6465.824448824562 6669.663659928073 7480.025211512108 7041.324329009845 6819.870181644022 6126.426750604759 6952.628168042038 6940.144031407039 6585.650079802383 5929.891504553697 7436.588872211438 7037.904386996015 
S: 665226 6599.88836330045 5903.451080323445 6945.154568119787 5965.979040485683 6734.17541276541 6936.354826580555 5911.603797800804 5877.406332118796 6789.0236699380475 6540.186421546679 6731.715126910526 6933.225855163537 6821.034989503527 6978.5838362730665 6798.45889423668 5895.356909564763 6343.774480824467 5929.891504553697 7433.059706668102 7043.861555745043 
H: 665226 6963.80830670164 7228.407265719014 5204.93251428073 8389.860861892132 4849.4304798064095 7841.5403264524775 4437.257508030111 5244.322038646801 3565.4998049643345 11733.603277803155 9184.453243357046 9387.367224456233 7731.5028258613465 8199.639355996416 4688.096502348732 5047.703222844758 7668.42602065994 4310.237677378217 9718.763611648617 10490.258753576487 
S: 665226 6352.615357632871 7231.383160706662 7539.539078168408 4828.277668003706 5293.259663677836 5422.063247499959 7377.2976310729455 4801.443385384658 5299.220721433122 6233.664185394444 8455.287864065434 9388.914025982274 4478.71506703592 5818.3032126988455 4689.35530615887 7718.399053145756 6583.835508486359 4308.59386619112 7119.232480626106 10492.05290848041 
H: 150082 7360.312799374375 6962.830842643158 6316.25821970204 6936.4412687656495 7200.722882707808 7422.953621754353 6568.946783712436 7570.223057685207 8527.207869371354 7129.971273119347 6082.878597961514 7885.063504993017 6772.1627171178125 6992.7561911632365 6717.167986846076 7898.802651627767 6779.430517560911 7435.397260966345 6590.470206863431 8435.376498116677 
S: 150082 5922.439052380492 6712.612868641559 5956.276195368309 6936.415363597484 6701.606257686195 7426.250749704194 6566.872596908451 7571.025008692909 6268.740932160713 6705.09265725345 7315.095233342778 7642.055193907661 6776.7521762161705 6571.3872661113155 6715.760674138995 6821.270950129593 6795.434457083558 7491.150557363276 6590.985831947282 7979.136264652426 
H: 150082 9935.501315339252 7480.988801506069 4287.080775290189 5905.623011353031 5577.005530040961 9090.330505145308 14607.202929538078 4590.076739634021 3067.614321503766 7816.458457458025 9540.758664909752 4445.2916293058925 4551.46860806717 1986.7333842337275 6415.926583477974 8278.66410875459 7595.448591378639 10804.511241502209 3800.950442489855 15437.981102780115 
S: 150082 9938.001322548595 7481.144365682583 4144.679443971197 4803.337066585697 4201.813281666266 9090.353589480586 13661.32831862059 4590.263798550681 3068.1561109735235 9053.110500916782 9723.837751911455 6639.377042746358 3315.453971125009 4939.698065800639 8740.6111818955 5218.54792034056 7013.439177659633 9930.747965760773 3803.000936882903 10977.022957315588 
H: 750844 6638.638567706427 6932.586615312917 7626.820127082482 8166.0019622601885 8082.704179737009 7689.272114371164 6032.443183455181 6733.236762180897 6901.828773939819 6006.953279366706 8154.227547921765 7291.607432894626 5886.780525745382 6878.233902192632 8397.129088788857 6996.0166052715595 6534.267871777352 7505.763707505953 6009.30282337627 7350.643779767237 
S: 750844 6855.196369426264 6936.050067681329 7473.634608318417 7685.506828501163 7587.014690909511 6684.460224128623 6032.443183455181 6734.269473631754 6943.1506001685275 6006.953279366706 7051.303298019894 6703.046244062998 5886.780525745382 6744.023322039192 7195.818589578391 7012.726067078149 7541.250809652506 7505.433178674738 6009.30282337627 7025.165384591701 
H: 750844 7248.20479877411 10213.238005687786 6715.943091193764 7600.930884235556 7891.658462259669 9751.756511373154 5589.166041191632 6950.385435718466 4698.386817870062 7712.044369605199 6568.830538226143 7822.385961477706 8813.449003073294 4353.951844523008 6933.161753523766 9261.287749058332 5186.52292819469 1979.342541575954 8957.975413507558 7561.051533074154 
S: 750844 4632.632225821196 4527.642344566528 6717.0751007408935 7601.330776288881 7892.599221573228 6713.341622697394 4948.110182395951 6950.368856193982 1976.282386800273 6952.311604568867 6569.721484132168 7826.654303323093 5413.411429281991 4397.175257584226 10139.996223392982 9262.159770108005 5186.75595112051 1979.342541575954 8839.272750030397 7561.856791901429 
H: 359886 6962.772323407883 6547.865731804883 6551.894146580971 5904.2404372555175 5924.983215866718 8010.620889786087 5861.559031624706 6689.422242754289 7459.343355888743 9071.729891136032 6681.36008521562 7047.103206291145 7974.467647049188 6598.947432160634 6982.130290017553 7624.990516572448 6765.410429807717 8365.047800513645 7632.8026027947 6855.867456340065 
S: 359886 5936.211062860953 6007.538428920786 6561.491840699296 7089.049418464597 5924.983215866718 6958.101270101559 6329.215169664972 6543.05469921342 6748.764754450094 8198.286182589336 6690.247576276311 7043.065923689905 6809.875200722305 6615.250676581381 6868.115796078639 6660.9303647965535 7483.70001400608 7398.614931545971 7844.045715785625 5998.838403327484 
H: 359886 4400.100863623604 5805.307960437272 3571.2045364939117 8277.796180295616 8656.557814878259 5962.521832079396 8593.787921687395 8182.615360542098 11159.113706343509 13454.901676580292 8948.476997640242 8624.312250245424 4289.939069496693 6344.549776531371 1955.112021179573 7950.404989816515 8015.415049184204 5879.383884245606 13077.82960531538 7539.703508806134 
S: 359886 5125.700942177724 4782.700985982052 3691.3011610104613 3653.650734595395 5296.972778229101 4222.821003836803 5161.738400152032 8184.045560832739 11159.259878415356 9767.249906891637 7442.570967801467 4975.86250238264 7373.2498276920705 4365.296569613224 5327.356411708736 7948.620582305416 8384.190462878116 5881.257891917961 13073.832783460395 8166.025644273785 
H: 486497 6814.662692808698 6934.54119881528 7007.887262956031 8700.595314505412 6862.733409085677 6863.100950272603 7029.629892749817 7390.538396640296 5857.885847875049 6977.322543146418 7011.602384145162 6909.896605542524 6815.766708176251 6957.065357557557 6665.721863834938 6806.862510810139 6945.869407818158 5974.276037703562 9319.344900882503 8184.284806558693 
S: 486497 6874.042239378151 5930.5035247997785 6822.9277163123525 8125.394720992894 5906.02043214698 6695.148942517953 7087.472645947958 6854.058791421958 6875.8184539692575 6980.361075428899 6725.6346140740425 5921.70876623651 5945.291842754734 6453.479735635048 6630.567444517911 6795.702143304074 6619.6383404648195 5974.276037703562 6681.010010440833 6698.540145357529 
H: 486497 9293.896182107484 11665.324936099616 7105.840408004688 7935.020293952237 10537.74042071712 6883.461620143063 7894.102244557772 12802.92472114806 5188.083735855075 4620.598635213211 10035.525902841802 5351.707020518709 7840.24052471667 6709.550369120736 6988.970530229529 5210.4535975907875 7193.926636306487 4411.101788907615 10572.308841126773 9304.41039934415 
S: 486497 7219.365824486336 11666.903950869222 4515.538760546803 7932.513580288376 7452.328723097148 4333.4417220763835 7893.492250111049 12801.465788180818 4901.252695974133 4621.377220560336 10888.460358216747 1973.9029220788354 7140.553969490632 6711.2175284434 4155.229799176767 8931.486659855454 7191.4603165674735 4411.37766412391 10573.082166011889 7364.995860574885 
H: 78479 7029.738702321317 6680.3604271237145 7920.326715404275 7220.040600236423 6706.361929143339 5852.86295842028 6463.430130988323 7017.402484858788 5958.9571749380475 5986.017297129243 6679.615315907615 7389.708514558046 6933.463929216106 6534.2464367096145 6512.799138797539 8043.770534948372 6684.392181744211 5991.203550389536 6861.680526798532 5983.657102470121 
S: 78479 5941.4260413040065 6788.741556453827 6651.5179267441745 7219.88753685333 6707.771242798144 6733.256488789229 6771.629591411929 6593.353454054279 6654.978141041466 5986.017297129243 6024.336025921556 6554.694421374302 6751.546743415394 6541.142253311005 6508.109412107496 6906.892682551241 7581.955496888773 5991.203550389536 6861.400832880508 6913.298117037039 
H: 78479 12205.773589442431 7253.276142218424 5729.115402887748 1982.5953708538357 11403.92875159762 4974.9522234471115 8289.287329269328 1973.103130009546 5216.618699951101 4487.612372968889 6342.370440768548 7728.421847744846 6988.095137469467 10973.55247121792 8017.456179835951 9843.6916208031 4140.755516913198 5467.155150086766 4423.1226627842225 6965.958235154008 
S: 78479 12202.911036333559 7251.456355382126 5729.130837653308 1982.5953708538357 7813.098173653603 4977.22427183867 10647.869726290704 4963.068052194641 9322.757597531167 4489.112078153801 4596.002783078714 7725.892027408548 4303.790965972315 6894.131332780918 3658.532130085971 1984.788065781973 1987.852237622983 5467.538989401438 2008.024281784714 6969.559168415531 
H: 383897 7893.996081401584 7126.3740586159065 6725.625673088304 5879.6042186023515 6974.232846690621 8465.353210838475 6948.62217903357 6466.503988546363 6829.855706614456 7127.961867679273 6032.781745391583 6965.908109166561 8216.274491325494 7662.11469709349 6814.713472669746 7081.170485821781 6653.60732650773 6577.852325002487 7533.007652654578 7403.856031608657 
S: 383897 6699.393428507701 5868.821602745129 6727.318113480206 5879.6042186023515 5964.329192436658 7879.390355931134 6951.944327516927 6471.4679536411195 7037.415079689081 5936.762694640488 6032.781745391583 6700.627366327696 7458.594738523946 6848.866909261211 6816.278915343852 6482.432779527305 6650.706401578641 6594.771468289458 5991.62180809377 6854.018255648243 
H: 383897 4618.685950318545 8424.587545541288 4219.726365829617 4002.0960177547445 4988.370468706171 8200.578410059054 4496.233277307047 6075.371651052065 8774.922025020858 9390.679676327758 8552.548965402888 14894.429708983098 7047.204210905192 4620.064081224569 7432.742110715142 10406.450507737785 12110.532356095366 9804.977665378632 8463.18827862177 11132.198940975297 
S: 383897 1950.8675385819652 8602.454906737594 4220.13525076245 4004.502063415187 8847.25229562153 7617.858955836023 4497.950273695906 6074.660470546247 8777.367480152081 5977.3103456402005 8706.68970999172 14895.349040569543 7046.602509022142 4416.426067352037 4708.333635442467 9868.212681040226 6707.939600273809 6972.059391048546 8163.013807794071 5228.563591117873 
H: 250421 5907.883935516711 7756.276402019427 7871.645101293321 7547.084117684776 6579.611537855716 6828.533776573104 6737.325544856705 6825.849860750464 7083.610731779769 9264.633359550198 6472.7478902826 8500.370152445746 5908.339021023129 8074.685784817512 8817.10135684809 8218.935745940387 7170.026376867206 7268.199987014735 6911.702986615689 8365.376811419725 
S: 250421 5907.883935516711 7614.581555628967 7532.546168160687 6599.594536750339 6583.092565091695 6844.746803606702 6736.593904669574 6218.196597998617 6779.696873548117 6763.399173238648 6473.91411522111 6739.323648603868 5908.339021023129 7521.4412837832 7746.051914111432 7650.556544428986 7060.908488160011 6444.588689273084 6914.03235312338 8368.705544573813 
H: 250421 9527.28835060494 7165.832011932914 1987.8287775767403 1983.9175062428 5901.336435838443 8134.5537487448455 5515.594713888461 7313.946900527429 4301.77596235346 7884.516735289302 6448.569506801243 11598.242507370007 10760.53484422134 3702.1525213143436 10757.154922032327 7980.117196158981 7673.861032171802 9621.22889385951 4494.705827369405 12465.546994860277 
S: 250421 9529.00039961279 7166.07179096754 1987.8287775767403 1983.9175062428 5901.238483046461 8134.021652058286 5515.941887186663 7311.78654539244 4300.240963211078 7885.433887143105 6448.156618092534 7360.924521148016 5080.534369080486 3700.552654617321 10758.454393054908 4075.4967005549947 9017.866861564948 9621.225642891539 4495.466805384459 12467.839335185154 
H: 787698 7026.046211284544 7114.33697709611 6934.9091808745925 7227.643651962476 5904.389718592053 5984.443190260661 7284.855917673778 7009.579872981104 8704.588551927767 7023.965691607175 7879.49225617249 5976.3617512747805 7530.350491005257 7939.534390484144 7181.17582860871 5911.221317393901 6468.304121288509 6799.449103704353 6824.860314680773 7753.862784140848 
S: 787698 7030.204867957748 7021.997234106248 5968.8233402453425 7823.877492109367 6551.113975929182 5984.443190260661 6405.736616110878 6036.553738784775 6055.017028667961 6000.402634152339 7883.993688869465 6913.935565658054 6548.788372223783 7946.4704642662455 7185.570023426013 6926.706963581381 6464.711979057787 5915.554163602041 6745.329904732924 7423.424258420975 
H: 787698 7804.628228961265 8039.161440484073 8535.014407373905 8759.376732703733 7115.69255992665 5801.516400674426 8545.256596514273 4740.753360779795 4992.453250697527 11099.55582944412 7478.6666305077815 4727.973704678372 4681.872834423825 7853.094333698002 5205.600995365844 15141.47450859718 6706.1698693012 8289.644828890781 4391.9493342045735 6532.861537636068 
S: 787698 5369.3801633018575 8470.42905114526 8537.714932823019 8745.039314257563 3990.6101287458464 8435.897259446112 6013.162380368143 8055.590240970868 4992.6186393987155 11100.812585076312 4979.093310515673 7557.400426664256 6617.880890772374 5530.411354060988 8768.396678643629 5043.2938544312865 6707.59080397467 7039.531901867961 10666.705793641466 3661.1276452476304 
H: 421374 6608.485099421439 8233.182509008455 7246.808137063972 8746.985528662168 6978.280970018464 5964.023192307942 7639.937595675814 6892.6334798992 7960.34232293082 6983.238398720428 6734.104166999076 7077.4157907435465 7241.6566600017 6557.413683228594 6610.136925760405 6809.31764021362 6666.173917636807 5926.407383829466 6688.36653969419 7500.153547392251 
S: 421374 5932.888990189821 6742.34153266246 5974.14740994648 7346.402864241068 6989.600548573495 5964.023192307942 6676.385686021421 6939.687001686443 6966.29701469584 5983.3373381662 6004.243853789184 7080.919683939925 6766.105264624651 7115.563058751744 5854.473329017358 5956.768329279021 6827.78903992193 6781.233340988908 7417.60620854927 7534.385755059563 
H: 421374 3983.690753083598 7617.31244162019 4110.6279352164265 11964.241743819946 5076.405766358761 4984.536080098549 5258.80478767063 4743.680067729666 6840.470024470538 5744.324960052377 9650.502646723296 8546.175304165032 1953.0243806628362 7302.794094991532 7284.1295254438755 7291.009656653057 5345.264534614563 5617.961721649292 6308.862604367263 9306.514689167918 
S: 421374 7773.043281296594 4883.338024502049 4112.094079252976 10634.392220434709 4606.178265877403 4986.58225599872 4367.4505855331445 4745.646040940697 6931.06618367501 5744.744826258628 7916.794634219782 5159.043396562959 6712.471522690698 6780.143910048115 7284.95788084587 4518.1591980607345 5344.60922732927 5615.190345770131 7730.429618900744 4582.645400677834 
H: 375188 6814.589500122672 7122.491834172934 7355.160982131009 5993.637952626248 6750.6167670569985 6995.975719576197 7659.309695414636 7515.821641847162 6862.8099011596205 6746.07901947566 6433.400721948197 6595.857482435594 6509.212108822852 6878.700391552078 7914.644337527555 8352.12153159661 5958.436624396762 6832.3341701776635 7031.917853463254 6970.7793142932605 
S: 375188 6910.173767852846 5857.330213643873 6011.150749426359 5993.637952626248 6580.431384254756 6799.6967267983955 6640.366527156674 6993.760132638519 6724.744573260987 6604.034895127867 5964.083752303627 5947.975607598063 7375.13811311004 5974.058341973409 7913.828515881015 6458.406553254507 6468.716956524816 6825.966377163078 7003.97113963208 6966.762492849321 
H: 375188 6522.209637494812 8076.206761904535 8580.013341943357 7341.348492593242 6920.848915651758 7234.457232424818 15541.973139987267 7191.155394575788 7553.823630372404 4925.731990387478 10372.614696756073 4433.705635039749 9293.205550610879 8632.548334595529 6147.478427108682 12936.311187881935 3483.1064054194258 8646.252606430995 8662.725078732858 4898.225709498291 
S: 375188 4577.015910169003 4655.934406716868 11951.041763945941 7344.577502198433 8272.178009620426 7041.187479147023 7123.027816874612 7193.2103538939555 7552.934735557338 7090.109256564279 3719.9667559772492 7515.054809442664 6302.357224299947 10017.389449463457 2857.3688672063563 12935.39759756601 3480.727405525431 6236.811879741898 5759.611637081427 4710.161220550457 
H: 472513 6898.841565172063 6662.85627736006 6508.426188553462 6864.181545406143 6933.763037622279 8275.17494821298 6877.777596564184 7324.572893390076 6950.836316583634 6984.843674820393 7184.203573166556 7948.20378445378 6771.466782472543 6794.059707204258 6937.851372707039 6953.366250494445 6944.331285783675 9700.300457323185 7218.406066463077 6010.099629391158 
S: 472513 6899.116321319045 6756.133601656703 7199.037104055856 6865.316014989412 6932.9277036418025 6913.207023939846 6500.030537512286 7113.685016135145 5958.28582531448 6992.708146711161 7131.950001549074 7650.530159792697 5825.873629113116 6792.206157746498 6821.761490099653 7555.604435667353 6614.178338822002 7838.4025585911195 6734.214041361063 6010.099629391158 
H: 472513 9893.12405051814 9113.66147352006 9659.000708417047 8545.493910093955 11052.273622725592 7579.8251618564755 8960.490100757315 9841.021744498645 4917.064771637247 4664.214995367228 9065.139236430397 10426.68624351863 3736.9473353425897 1986.464734234999 7990.867588185741 5148.110858956038 10897.9940687861 5681.90915190464 7214.251495704532 4531.6588879377605 
S: 472513 9897.758948884806 7447.392463214149 10553.325370439297 4592.265754695771 7407.644707960889 7578.8702309455075 6716.59223621048 9840.789634213414 4919.100563179935 7380.16596535254 4649.79600520336 6859.043282327767 4927.390773215038 1986.464734234999 9930.576027073734 5146.684485414052 8557.567509720118 4695.37988191016 6605.121542528224 4532.1488359788445 
H: 929812 6423.46125690258 7360.399930190215 7667.373044710764 6591.343857325295 5941.372320976899 7488.153527892649 6723.791577945539 7910.067264076675 7336.15862504186 6744.139458631536 5931.881320894545 5907.783517258538 6860.9076574993 6856.864186120882 5951.16094595849 7368.974606581809 7093.6874106185105 6913.686650956183 5916.263895621513 6103.384876604525 
S: 929812 6425.559416071858 7354.789793039689 5881.311048090189 6587.447551298028 5941.372320976899 6481.470077117917 6490.914468459404 6939.033157748263 6815.139577718315 5877.893870031184 6790.2414339018005 6686.1458554336905 5993.354425455988 6729.589221398663 5951.16094595849 7114.048428163999 5935.05570903673 6911.878745644271 5916.263895621513 6103.384876604525 
H: 929812 6633.457202150909 8431.759002410961 7859.370367092889 7305.444144557775 7752.808708769427 6877.554332801491 8201.833639575241 4783.509410315816 7647.066919354868 5157.755960839145 8657.447220166452 10310.259022085787 14218.111016563107 4772.810792255969 7414.050907978023 8200.118115339132 10840.442807907282 10209.363879620081 7079.234110004847 6128.704710994646 
S: 929812 6634.551250095699 8432.671096262491 8907.097995436785 7305.35639142186 10149.099661169868 3900.573802180927 8197.513351865215 4783.130254909874 2015.4063983599592 4889.334993332911 8019.5014171095045 10311.998630178849 10937.211723695547 4774.151745622534 7412.889311240878 7660.904370193931 8268.53819386478 5396.749732492699 7078.0144776187835 9334.234348034719 
H: 392228 7747.937440167367 7484.900995255671 7882.067485669447 5923.895233053666 6759.314478945506 5932.140422987074 7075.35307847309 6651.601084516125 6719.902873451643 6614.77896744377 7009.25185994492 7145.0149517131285 6781.789740164553 6855.635220347286 6488.663126756164 6316.979604050649 6640.054247664423 5938.692141600343 8289.732737575783 6731.093906973634 
S: 392228 7537.745236241873 7681.082048507354 5880.469750360726 5923.895233053666 6756.58324553665 5932.140422987074 5874.134942222934 6660.8898001920525 6034.345014472318 5857.71127833312 6628.967625524527 6970.376396804525 6010.321866223322 6656.988119143754 6485.193318897117 7374.441143760179 6950.808507957361 5938.692141600343 6564.099947235879 6656.259148373794 
H: 392228 11386.310998920382 4395.513644775138 4126.140978004545 7020.826992974379 4605.47696797521 5746.3009506894505 5986.321076568609 7172.907983057534 5788.2104703510095 6153.500077993621 8425.060354771469 6803.754619285125 4399.552003795419 8467.658242497899 9466.545091850237 10894.217570880626 4539.884260403198 9608.574299223847 9795.5897367718 10438.72876365332 
S: 392228 7070.338964788172 4393.778371644714 6361.328722378664 7022.770161666335 5222.666184981216 4188.515129834475 5984.176885893767 6841.57249938239 3315.8388791947955 6156.29285689502 8540.342952623483 4459.819675014177 2003.4406220744431 5025.959827900369 10725.132766038858 6452.4457003622365 4216.115553850336 12210.384981734876 7427.72410231608 9361.40179778241 
H: 490569 7369.621529746273 5989.88115393342 7869.271384085457 7375.628936494966 6870.893428091538 5944.352024878284 5913.15429060919 6955.704895061028 5877.745163860437 6809.015324014646 6683.46638531515 6738.827136886124 7717.750742896983 6802.654719366087 7530.813719496392 5973.618129588325 6691.537801212585 7350.181974761623 7211.192901273081 6600.4159168875585 
S: 490569 7621.721274137553 5989.88115393342 7867.744144979351 6592.141477217349 6878.835975341772 5944.352024878284 5913.15429060919 7118.6582336243055 5877.745163860437 5988.564650966489 6000.243740611035 6729.174663224892 6509.534021887812 6559.824193974451 6643.350663153547 5973.618129588325 6688.367704851355 5930.713024696719 6932.4395663687255 6602.582916827276 
H: 490569 4101.159765421785 1996.6270513111397 12204.819911722594 7619.656727470309 8155.976989286868 9168.686235978164 5100.459115803995 5152.567551300717 13377.361798165992 7110.617159842264 5401.091764466329 5056.186636721417 11485.135089193893 5673.188684869593 7008.748248374665 8932.293526958103 4477.702653077997 5356.660735306577 4846.830797236583 7928.576211866857 
S: 490569 4100.682890239554 4776.408583901892 4701.207326085011 5306.608839841986 8311.44246165382 9169.714898139115 5098.828081753563 5153.6035858991745 9658.868027666433 7111.610319509665 7335.186270740037 5056.338673849647 11484.930046626678 5674.263816619185 7009.3517704885035 8932.04138526423 6517.474523953494 5355.652108160325 7653.006214409688 3886.101004770914 
H: 932044 6630.617250246736 5952.71438287681 6611.316577680844 6592.182124098824 8002.9892231702215 7817.977513884905 7960.692793288199 6903.406773097846 6579.495468450153 7409.50023318073 7725.9753356061 6451.446438301424 9137.601645180976 6883.552990463162 9093.422071047256 6886.83483849368 6446.483438323265 6944.632941326462 7330.353453690115 7102.720524876902 
S: 932044 5933.635278569548 6855.399199381699 5824.258753769906 6594.759852604376 6798.9595209286845 6665.537578293846 8211.538105800988 6907.857434952108 6866.930792181917 7463.702677750326 7369.518979863175 6455.923159406816 8913.079751404219 5975.141764256909 7198.433411873401 5959.565644312834 5915.808988382327 7134.46521845153 5967.333436564225 7013.5208896652275 
H: 932044 11424.832993885935 6981.30594965205 7490.924734857514 4919.893731633726 11984.588343986556 4562.893437528155 7802.369016308249 5449.766354349259 11895.369740095222 9009.75538627695 3898.54011852935 5706.512078038343 12314.847167735667 12997.464823533044 12685.923366812587 8414.25300334015 5520.852348615353 8621.132863300492 5637.118029228107 8065.551240426487 
S: 932044 7929.602925210817 6986.179743224581 4228.829290010468 7289.936198934683 10695.092229164806 3595.941070121666 7800.977000776771 5448.727166595145 4884.018763524128 8775.423750289066 3898.648245798944 5710.6721021477915 10535.034455242941 12999.001722068115 7637.1318773610055 5564.000194435906 5521.9455710613665 5175.587883360205 9646.799081129142 8062.282677914625 
H: 794626 7477.7850298479625 5956.928333730314 8213.653517586077 6008.88308010635 6811.270135052262 7383.70478529841 6929.09398918201 7289.639729858467 6937.03411423328 6488.066177260974 7844.637501675662 7552.548003579718 6802.099837022809 6982.041343682954 6869.378051803241 7176.2341026540835 5931.953119497053 5942.015818152826 6823.254806227937 7196.429290130973 
S: 794626 5912.768799848868 5956.928333730314 7740.881881747201 6008.88308010635 6008.796152275731 6658.361466725009 6929.796427897767 7638.115302049282 6941.80991739141 7286.264895806293 6865.393471702347 7553.988049387684 6808.083748029272 6978.044956238814 6867.1871786554775 6629.398466361773 6862.428898897099 6494.939670724782 6825.932405669533 6673.486416505556 
H: 794626 13268.578673909173 6134.570420111853 5574.726572152078 5571.463410407718 3395.8795321190178 7291.269696381715 8237.208840944197 3328.8337901954137 4864.7321471123 1977.7447242103647 4308.112111158537 6487.548435882735 11907.041529546112 9281.520446104594 9211.414893863857 7574.574842980317 11838.35707416939 7425.398207094926 7001.180777066797 11507.064746587886 
S: 794626 3936.5154986500106 8321.473733431116 5251.512912456011 5571.496858031338 4194.120746684357 4131.757892225869 8234.704150866015 3325.5145294256517 9858.372706532118 1977.7447242103647 5418.432601371133 6486.707739532857 9554.820267338828 8688.74046234424 9148.322481626868 7575.307281435335 11838.78347637092 7427.776117546639 7002.928678169853 11040.818678163154 
H: 306156 5869.478803522608 7621.041892809804 6527.1921404912155 7471.895350517917 8026.041027671689 7211.451251514838 6535.206829505907 6945.176988079179 6557.731147589488 7773.163348561729 6733.085967089992 6964.239407873978 6547.790312802846 6945.962472480457 7503.240146896642 6975.491800130083 7425.786217931535 7105.308374643468 8181.9563386657255 6308.446899784482 
S: 306156 5869.478803522608 6038.899061578354 5933.853846384864 5959.389365660469 6787.64399842094 6007.237954941374 6533.819050548055 5875.157623699714 6560.287283270066 5919.078205670539 6728.991711956237 5908.8113981280585 6549.245282413999 5959.657532977678 7473.600527228009 6700.088888856466 7012.538777925604 6982.4878075556735 7406.183619598563 6310.189790189272 
H: 306156 7010.82766732167 6645.67325613163 7533.677429250954 8906.835848560306 10568.168269213355 8459.637500115743 1948.7284652179499 1958.3858745665723 6306.712532766764 1973.026068556846 9873.95851555838 12407.176077849617 5495.899303824323 4868.139823284546 4263.002802360082 4641.9644253347715 5171.903782525671 8683.212971396759 2000.4613605505526 9233.617253585204 
S: 306156 3798.212560550837 5635.832553364201 7959.7449965309015 8907.50232621027 10707.867778536793 7807.228095841828 1948.7284652179499 1958.3858745665723 6306.972755046153 1973.026068556846 9874.401311070524 7930.363307955343 8729.028693043914 8004.32369721218 4263.576729171005 1966.6587695481473 5172.144070488893 8684.232254298086 2000.4613605505526 6192.6630222367 
H: 240566 6578.521400597335 7849.832828671342 7018.561636238303 7159.66996845889 6857.316030707721 7894.809682786208 6972.291474978933 5862.941399608143 6675.193639904876 7839.6442530066415 6585.7043568558565 9158.158877281492 6594.299083171444 5936.800277205519 6446.127602921772 6694.068521406011 5900.86198833068 6475.1951211739715 7171.42085642827 5844.0876179836805 
S: 240566 7148.311928957065 7850.61872238061 6371.598817284328 5979.631378387558 5885.68088955439 6716.613698034301 6977.701414481698 5862.941399608143 5930.563824459319 7847.53346092448 6721.765715563685 7732.561179181931 6596.913218212472 5936.800277205519 6431.739218823259 6704.2042359760535 5900.86198833068 5993.906508502058 7171.379101661566 5844.0876179836805 
H: 240566 5651.936357410786 6997.997561403149 6092.412047471784 11746.146684386804 4693.107943039448 9356.729584996765 5714.772935053172 9198.000892366852 7966.840657890631 4688.491435020408 7518.2444734649 10476.768851604806 7885.675637612333 5811.528370460013 5593.619077253337 10924.837653820698 7588.980329602928 6283.729444898755 5367.705431226302 6717.432222507288 
S: 240566 8437.48146574384 7288.735576321739 4148.3199141710775 8318.319739696357 4693.011629469311 9068.792982033567 5071.92039973639 9198.49313882016 4797.594536584541 4880.701549524848 3975.710218042909 6711.52140272225 7884.749427362219 1979.0977519617657 6781.9413617776045 6608.304931672313 7588.776998326205 8373.110117044569 8695.287698313314 3998.0137601934034 
H: 126074 1599.283415789446 1516.3019080165684 1593.513141399 1377.8261379272635 1549.370177310466 1501.9310625788266 1452.948303933378 1401.8349666938468 1524.734762669629 1419.5097013348307 1479.8423813630175 1579.5889819371835 1519.430341130756 1410.9839214083274 1405.3909125018838 1613.9854216106382 1432.338680664426 1475.2088465547129 1521.7070758300677 1597.1841859524102 
S: 126074 1362.2302427817228 1435.3986211959905 1443.014310571079 1493.0162468544136 1454.7677338385693 1393.5134539028593 1339.156996542081 1440.067413162828 1344.6507160401575 1408.9417847832651 1517.5731663940362 1482.7309940287125 1391.082038520912 1396.6512304734829 1434.1239780628457 1412.1043741901847 1359.1413705913778 1465.498190076791 1450.605589148808 1444.1953505806523 
H: 126074 714.8284410912404 1391.4515290651827 1135.6607619453073 933.1757888981535 709.0422632021359 1454.2673827382787 1241.0253151581906 1318.8863063020115 1247.6748333153535 1949.7517555458146 1316.6974143113302 1606.5704268363882 2231.2907378107416 1326.6512647486338 1405.233542342474 1503.9743603233273 1772.2792013017645 1061.3200490839238 1095.9730372135864 1555.1163007955327 
S: 126074 784.6542476235423 1090.3020470045983 1127.6894166739726 1236.7873959254998 941.7696618338465 1037.0348302554548 936.4174083953159 715.696284283841 1141.199863604088 1525.0791154308672 778.6104137650015 1053.7722817267634 990.5542050289181 1348.3418250096902 869.9889906656258 1302.5074277263031 1165.8370601433196 1276.2305357890891 1129.4452061308068 1017.4838112184966 
H: 677657 1517.6858731961242 1453.8846752471566 1635.7609850568504 1374.7601344864029 1404.1288914151721 1538.90637409424 1576.1929027679032 1454.001872694435 1453.6625541568487 1499.2650471392917 1510.3919214767552 1566.88187198004 1418.0384693862986 1499.8901371296254 1548.8567461410307 1565.8174536648455 1504.5683137202793 1579.5594330410768 1362.0616304784273 1492.437222544609 
S: 677657 1435.346690305603 1347.164389540893 1480.6635045093137 1455.0017135378548 1354.6851474745924 1486.2963089702635 1461.1346485267954 1370.380884161939 1418.9747516574157 1452.5889523652347 1440.6383851135495 1373.498302641089 1418.2755381508982 1354.04081381927 1395.8952675273702 1476.8344439795176 1502.6501238539386 1466.2773205113526 1375.9288999335197 1483.261471008549 
H: 677657 1446.9979492235339 703.3937356353459 1165.5406394669033 1518.90690690927 1624.2225887741488 1241.3944178015015 1745.016636080411 1300.5395975307397 1841.3417928572364 1155.51427901787 1580.9936509292118 1452.8530956839797 1704.0511322150423 1254.1236526085543 873.7115281946145 1380.1707414485963 1149.436829486499 1429.1890885247194 1006.8048571997382 1747.916090001606 
S: 677657 1365.3317266841323 759.8393419190107 1168.8779498608656 937.1555214513011 1223.3928266147393 1352.5328207061825 1396.3159428441436 643.2127651639277 1073.5613831441465 807.9860254989292 1199.6772013537854 1225.9837770350448 1007.0708490213362 1155.5394318926642 1168.1872824857435 948.4487968169419 968.371520856246 1320.6809851558992 899.1143097973596 1272.855337789616 
H: 804974 1623.3333036607728 1520.701254081775 1415.4279504372964 1518.6651769547761 1587.1162014348206 1409.2509474337717 1363.190801887199 1399.0362683711269 1450.5197506892146 1401.023550462571 1572.872986794593 1533.3693219492086 1395.0536944852236 1417.6877077125864 1571.94809291893 1508.5665268349553 1492.547395565437 1412.0444451514854 1570.1967078188875 1466.387087451074 
S: 804974 1409.6016422586263 1430.7041517671055 1495.7759558848388 1372.737098071631 1377.6534378268327 1420.5743682311013 1334.971993283517 1397.8801333494298 1387.3524317817553 1412.640298110214 1462.1136126501892 1419.4990521395578 1345.5061108691943 1381.301727837754 1381.4913030847763 1375.8841397154035 1490.9751764390462 1336.1706031989388 1552.1890998574288 1473.6284922949899 
H: 804974 1469.7780315977395 891.0987833703032 1387.3379600374335 1210.3901790343593 998.5790320107275 1203.9746513327011 1735.1376337897198 1548.822215960526 1783.8951064715181 1169.6725389739292 567.438885136506 1288.1818124684726 1213.0166258320528 1213.8049506670284 1203.291724991038 1435.7989183514214 1511.871682145846 1797.8240060538344 1833.4602345390865 904.1007180314957 
S: 804974 1280.2421247376974 688.8130742258443 805.8008685012228 1263.6070594653957 922.3973524630874 1443.2253501071773 646.4215031900311 887.8343053178986 1064.7349888120482 1336.3835065703906 1230.3120791460817 824.5285535065547 1234.7693984166615 1105.1710647999078 903.6274869354462 868.9657300979321 1092.6731738675664 1536.1260463880428 1401.4913206918507 810.4282542026639 
H: 841817 1657.5393954013762 1459.3355314867024 1413.4762014557227 1615.3265124291297 1498.9456042069592 1473.4073335670994 1452.8699887858868 1454.2203037129004 1439.7371804079917 1459.6453350445358 1685.6148697276064 1532.4725310516387 1487.6629014142038 1494.5218067879584 1335.6774053822305 1497.3905171032889 1455.7957260859814 1571.4413143120485 1608.1998915559172 1554.5412417238203 
S: 841817 1485.1464461169783 1426.2830227536629 1387.765457310484 1426.1699530644496 1329.2735955184664 1471.5972127189457 1438.525114055225 1400.1868317463955 1442.680787655837 1415.934097705222 1335.9595773677509 1365.2335124221247 1392.3841729681828 1443.8778188747253 1333.5383195826962 1438.958574005416 1415.635887891932 1416.1483593483517 1420.0138626467021 1486.3426240476613 
H: 841817 1301.9753085600132 1426.8383635906312 915.4356969477557 2073.4576189592135 1393.7311031284603 1075.1909246444343 1651.190516250745 1844.3629613086669 1264.3397863368493 1137.3033710593013 2028.5242102146003 1573.1731669166925 1341.7591653606444 1415.9875780736566 1779.277463394774 1307.2569864629318 955.2346553457079 1090.488056464066 1613.762029777206 1900.3123252675248 
S: 841817 607.9221064324682 1128.5258707890794 660.1848770958985 1048.6864997737184 1100.1002951267144 1220.8318062277608 1252.0666603603463 1497.7277840158233 1277.3322736232726 707.1933018411627 1005.8799523206543 889.6719515934072 1161.816108161398 1129.8904941151534 1549.149454465512 1324.43671948012 961.5576766945854 1066.3181389154947 1339.4390225382572 1475.1693097744603 
H: 795929 1460.9149835901105 1517.716684586543 1592.0410201502696 1433.2069138898921 1430.7487563337386 1524.507581564738 1602.972451553471 1477.7778641982288 1418.5564458171755 1612.1262972138993 1502.8594534954113 1495.2799466723516 1480.5041076311188 1452.3365904368525 1479.669215129107 1524.2303456069335 1527.8504182369397 1599.9519845630696 1541.542266030704 1523.7769799238272 
S: 795929 1411.9794646384883 1376.6341423775275 1391.5392383662968 1456.71893128855 1420.9718947794634 1465.242455219844 1312.2457537420785 1421.755502533476 1432.1972678962318 1429.4474657442927 1513.2494838561367 1436.7463488674218 1351.7338121221312 1494.99467676012 1420.641421303103 1432.8267914711219 1409.6767790676745 1493.0706823336686 1401.2843254810987 1486.4790907336003 
H: 795929 1238.9077494970702 1112.7557942280516 1295.187594963787 1209.0850477581262 1349.6346087415932 1893.360386305808 2248.26063856704 1438.563692439039 1845.2190730857264 1040.1985679930547 1311.4106994288695 1912.9790760157468 1517.463324470298 1101.1825340110581 1782.800471275746 1738.5270623748813 1577.0485319160105 1727.977405627108 566.4439602493009 1313.5643931428526 
S: 795929 1199.3785290106202 935.2994334210387 934.8605030121693 1426.8878040905327 938.0146723060436 767.0849916982822 991.5782364072678 1441.0556762240726 1453.0880855760831 1376.307260455509 1030.596420114721 1361.4772045413138 778.8422261125896 889.5395619386594 916.5457823500439 1010.9663644777137 1382.4641473678168 1672.8799063525264 547.2700275119222 1125.4445643672211 
H: 297500 1410.134857051434 1426.2888808363941 1542.5706475927796 1489.9321542028513 1408.1607353240477 1443.680907988216 1403.6584181446428 1476.147220778406 1412.7672128450163 1424.641702786302 1387.0311402322288 1439.3141699837922 1576.4582538636334 1434.734985829676 1459.9941842372775 1345.8878868341296 1564.0853189664197 1625.4654170836127 1547.2034640413556 1538.7728013546737 
S: 297500 1331.7872008865254 1522.326783178942 1399.2993021592813 1411.9021812897786 1421.8876042309166 1464.9583645444634 1342.847123052867 1430.9995789881557 1406.747052413104 1356.3368547412747 1381.5538941489608 1387.4333970695307 1482.0883072962451 1379.905726786027 1428.8217933881733 1343.247705557438 1459.531147361148 1475.9447263877094 1400.857933975635 1464.7976453101612 
H: 297500 1692.4242343776918 1336.8135436707464 1598.0153327114729 836.3092187628932 1046.7595630935486 1286.2826021121966 1489.7779197222774 1924.650428385057 1383.432721130509 1061.9365785431223 1654.0223158636682 1611.1821927372162 1447.4280049065296 1395.318533207414 1013.1074911071455 1397.4636286364046 867.8202930071038 1887.5199020415002 1029.9044006837387 1449.8428047491664 
S: 297500 1206.4056737573721 672.2712523959068 694.5880303328513 1063.3342103109705 802.5152319829559 716.4041863731984 1281.1773205145935 1105.1811702386055 656.2356518910308 977.0660661230783 883.6452605167233 907.143519232158 985.3641552292542 605.6961474599144 1261.5024472444702 1443.5189348874246 633.3870678990106 925.8319264287885 1173.968321460679 802.1437859520101 
H: 458021 1497.2701488866821 1457.3379526164438 1521.1923877374827 1407.6860861356906 1638.7823366814446 1513.596233966501 1503.976842670135 1535.3279029646997 1370.728218655784 1671.9863912320534 1485.480767651535 1494.960635521716 1526.4280731633721 1428.5391800631157 1493.1189602302422 1623.9040359175135 1599.1116280571418 1583.8875439008705 1530.593816409019 1460.5672001201608 
S: 458021 1441.438433862078 1407.1321386570512 1461.6098193810742 1332.4606197897715 1438.0040501835952 1384.265306549402 1447.0155263206843 1366.0336620090677 1374.9566430554542 1517.952722857908 1345.7190092803796 1415.2435510854903 1448.3122583757372 1407.2242679925657 1428.739409852674 1459.229283395868 1477.36856507717 1386.7654926601158 1463.4505547402698 1421.5639184182028 
H: 458021 1229.009036826892 2003.380661350869 1828.0579617110527 1179.1725961828456 796.8143247761808 1917.7164036569998 1296.7834855259132 1459.8288368849583 1823.3482961061081 1446.7680585445921 1784.3676664459751 1367.9540638601034 2174.083334879715 1521.8950719253528 2152.513174183236 1064.563511161318 1175.256493865916 986.7994216276877 1659.8276157501366 1264.5604104368995 
S: 458021 1194.8118566331973 1005.4115649175714 1348.240234803878 1347.5929368657262 1381.3678174383892 1092.6359437619944 1365.196454011634 1443.2264898530148 1126.5087661731104 1022.0175173433078 1282.4421307081464 1181.8423693921 1705.4730451992173 1153.8365292688948 959.4122593980387 817.5474736273237 1109.88224492983 947.6611779516383 1229.3669106209713 1176.8122314224454 
H: 201028 1489.3603198833773 1451.0995455242273 1568.2985798834372 1492.9274001057945 1528.22674370093 1534.3934083084418 1398.7274535367944 1432.6582787094924 1476.2262758245658 1597.6635658832358 1524.8217581264728 1508.8397405090386 1474.3698603903117 1448.2811660645289 1413.1174640494366 1486.9369912207253 1551.4391983903547 1399.3456263577984 1381.7485985078106 1396.1205801128317 
S: 201028 1375.5723281692804 1424.412562303932 1382.7378319571164 1443.602013193895 1412.2533451139 1494.1377088513138 1398.8384403265754 1323.9987536531323 1388.9097431305722 1465.3140326838866 1417.3516835446562 1393.3863241531458 1392.3765340811726 1385.2402580816288 1476.6100965706341 1424.6925608468046 1407.954241433276 1360.1207482403545 1335.380264909778 1387.4827574296057 
H: 201028 1225.9972820402031 1298.3149561533182 1449.472435014567 1527.7104548641246 1663.3054844714168 1655.3989444455462 831.7141192038321 1511.5281780466923 822.9399789340672 866.4888931255114 1500.517384304169 904.9321470400013 1199.2376387844383 833.4145456025848 1239.278289466605 1553.1142526176432 1317.9778131616395 1554.7197236400516 1125.6042234230608 1093.5035797403218 
S: 201028 1091.6507982481794 1213.1690259557847 729.9018891393365 1144.9291421838866 1377.8109565771326 937.7295987478414 810.7302998350973 1050.710989591012 1268.025347533241 899.6881028238079 912.2107903893854 574.7925094612831 1135.1294124374 1064.7442298092562 1210.7599843371584 617.0072041279773 973.9127308129758 921.1119228860027 1307.1042534209785 1071.483944727243 
H: 566779 1412.4537692019815 1669.074609757056 1484.8245471309247 1492.3452808957259 1539.03570056481 1479.3846773603589 1596.4024359809414 1429.424713426548 1358.3507384445572 1423.7299774452472 1479.7535079842125 1476.1244159963119 1488.1743110551329 1572.1409116593663 1511.212794983654 1647.7943957733319 1518.350139841758 1394.7996000049434 1581.0612548053416 1423.9158772848523 
S: 566779 1282.295769769782 1397.5011929789157 1345.1962497349416 1443.9922124984632 1368.3815772268863 1413.1144836259425 1421.424783448874 1394.9386085955691 1444.9940544559488 1382.899254279048 1358.170506835179 1358.664048951932 1458.279871568342 1403.2553149971866 1321.4135293152067 1492.583553971705 1405.048426381096 1371.633400916123 1413.5101684084743 1376.8255534919376 
H: 566779 1451.0238258777392 1304.3293995454333 1252.116451593224 1059.488193218732 1838.2720349913013 1375.819449349625 1472.2054403450502 1020.678189735246 1929.3545306200492 1493.7517238083378 1451.5705494612976 1242.606181668383 965.7807194366646 1085.6740783967807 1409.3626661095043 1921.9014249077645 1394.0090174254092 1161.2961222648682 1108.660630027474 1469.3497219195888 
S: 566779 1101.9025168225126 974.9609800741011 1765.2358002597437 1002.0728445991656 1203.0108164567857 958.9137932952065 1003.0586393401509 741.8925609860272 1076.2296673512944 955.8547644828814 1099.078301257553 1341.615703118279 816.9314276534229 1435.8941440461017 1423.4430517229712 672.911990940698 1396.3469056738545 1308.1745623971083 768.6785006290379 1293.6579267570226 
H: 418817 1441.188790324109 1409.828500652132 1534.898694545758 1549.552083095249 1582.9899614777578 1526.778122160097 1521.1150500282783 1551.763893248431 1437.8629133735285 1445.4569817103966 1486.5250586905138 1523.9609215739883 1392.403883480887 1474.8511657826812 1480.1518179361792 1355.1503698640895 1625.3181517514931 1525.4393551073515 1399.523009243723 1410.698052792528 
S: 418817 1375.8665997356352 1450.5691255150487 1471.3224171459171 1475.5575099874422 1424.932291809291 1406.5497596974612 1392.2480604518166 1463.6025670480285 1358.015885624701 1369.2371601286595 1375.0507259422823 1542.597091333591 1365.6892640688093 1381.006586622153 1313.1163942736564 1424.6191782995636 1339.8298177645586 1452.3935053242574 1396.182974722749 1406.620873948748 
H: 418817 1275.7930067872146 1459.126501455079 1322.744369316712 1473.7476136591097 998.0968964676332 837.8614384347337 1353.8194027940358 1700.6520272395965 843.0340598982829 1341.47103549443 1740.8074090524094 955.6298419991206 734.7709355231142 1060.7806639075288 793.6633217951714 1148.7018480668803 1303.7338522101734 1204.272141773452 1591.3834960216923 1315.1527978703414 
S: 418817 788.4296127627534 1091.2855358635732 962.8022914273126 1209.5021106442784 1201.2373585851483 942.4982850197256 765.2800724945549 851.2299984839148 976.5593996547317 1139.8369602103637 1043.0499610178922 993.8844978159711 765.0086553304158 1228.4658290980592 1326.8762843361997 924.5603858538228 1033.153998763409 899.7580491351268 781.0430300933425 1021.0257176212845 
H: 298019 1497.545979637486 1375.830494009442 1551.6415748297352 1616.5119673574382 1466.4399196212646 1379.2613051916167 1498.3756396130614 1467.5318443781052 1418.245861544834 1556.938531280537 1577.7715116702952 1441.2698732409556 1473.148055149895 1460.7608504265422 1499.6549186772927 1418.7464372195175 1569.3512281308579 1388.4165834791656 1487.3173043405016 1456.6676512299805 
S: 298019 1507.7494673493698 1402.466322716872 1428.2966902154444 1473.9177488293835 1410.837718718252 1348.6393507788953 1461.8870049530683 1335.4659937229192 1426.3262289793686 1372.7352446695218 1397.947728262068 1356.3372844784685 1360.1846730288632 1396.7067384198585 1483.4525926019926 1467.6690234107398 1417.7650517809636 1388.1672918075594 1372.1661258416327 1411.1372386787384 
H: 298019 1292.3154158930627 1277.417322698244 2302.325599690559 1222.6759105429094 884.3242733986722 1115.4734650332334 1192.528108456863 992.4964689767345 746.3597139055302 1254.9627599426663 1548.0032347696897 1250.4295442978173 1220.1551323691015 1438.9538199876638 1445.911898267414 863.5000451362698 1037.6303245398567 928.1450353863492 873.3025237667996 1124.378147928781 
S: 298019 1135.3748956719292 1171.8315131147042 1669.734880269208 964.0054665356631 798.1557048348607 1502.0721301939857 1086.4694461763524 1174.2842625369385 1158.566982707593 1192.3881537518894 1103.8187785386206 1080.9356812837382 949.0013026914241 897.5962625723844 1084.6408307169152 1035.6240360967413 986.0923285800521 1085.1701105760521 936.9105055331746 932.7409209828819 
H: 508352 1417.5259135552649 1464.8555430863446 1466.1145933957202 1437.656398651682 1387.8749007071283 1597.309103041767 1653.329573777385 1512.9976201841198 1475.7503553673941 1495.4098046607376 1391.3581239896146 1413.1716836133019 1616.119801143637 1473.5795112763858 1392.0775143496232 1530.8343202848553 1432.5278706019355 1573.809633319984 1375.3608943223667 1519.4577826393277 
S: 508352 1360.4086834329046 1361.604742028662 1395.615931851497 1361.3828265336156 1430.5082632613671 1440.0185958007087 1431.7501531810183 1479.583240649731 1411.9400677190765 1363.0407132633707 1347.2581527012615 1431.224938741485 1355.6121050705653 1450.262531661595 1428.9317730305197 1390.475821151289 1436.9389989343001 1409.2895309459923 1370.2138114893405 1336.543384888485 
H: 508352 1246.621411697711 874.7608877965334 1767.0649568651377 1688.6562369196529 1921.7007621795485 1126.352165410575 1418.845059466053 1669.8754097499268 1467.134800850166 859.6648155945912 1438.1858427174523 1912.4731833519998 1401.7300220968061 528.8171709396322 1131.4574711586783 1377.0351717441667 1143.2338409457718 878.7206323950463 1548.1186940355035 1111.267031966934 
S: 508352 913.1500716231099 675.3412981056538 1366.4757846781047 778.860476467014 1024.9945091866684 970.896007454876 1175.0909042616142 1267.92128348946 1133.2923124762626 1054.7188558933499 906.4825614221603 1469.314477106447 1212.0829309601445 791.9575630997836 1362.6001379914487 1546.8296384275518 1085.2614767305517 1277.541896954529 1423.322387599075 992.5607098183647 
H: 522412 1504.8567228163947 1422.0675793948492 1569.141075519111 1591.0727715953399 1508.0704995794267 1438.0421522246154 1550.9871849522292 1492.1056392368134 1476.1623779412841 1632.6278810132922 1598.382160771934 1487.2057434211495 1614.195624290778 1515.6661853121122 1540.3667260622783 1420.6123359979308 1561.2406816788493 1525.5546547064482 1400.133036256615 1416.7230471382857 
S: 522412 1351.7160726590714 1381.585884021713 1433.0858249809053 1447.9159299847095 1472.2769316482818 1444.2854233918051 1384.9536416597475 1512.856504772389 1524.5460221137946 1449.3862342551404 1445.370370708911 1390.210054429404 1472.8169228263314 1404.5604022006003 1399.2237526042968 1380.0821695758382 1463.3154918119305 1515.6225928938752 1482.157981367508 1418.7453610097637 
H: 522412 1435.4495120562203 1148.63665244906 1429.293315426543 1556.4712973025244 1554.0338211629444 1227.5681997920508 1089.3977279760506 923.9727546655294 1337.207780606179 1586.2508234101533 1573.801316333455 1483.8612988899538 1707.6499152852061 1210.775723028205 811.1322223246478 1453.2544117829189 1468.2534867236575 1669.3338596085327 1402.8339330760862 1821.2432584405267 
S: 522412 1169.698528223144 883.6868203994912 1253.3903333734622 1688.0533432989673 849.669499104817 829.3808032410343 1175.5657365110073 1128.407560640846 1125.4668940821132 1321.9042475461358 1233.4135727017715 932.031452292171 1238.1501870128764 1204.776127105371 594.1781208458403 745.8384895117063 701.184645299961 1020.1927875010672 1332.2838853083617 1247.7234455928722 
H: 234970 1553.3686125953739 1494.7414360695939 1644.9245326843659 1441.6651356396715 1401.1796590766785 1440.7494967677244 1458.7214209714691 1384.6459915188213 1441.1171292791105 1439.2950488699562 1524.7570676614168 1557.021419100775 1435.2457521389183 1768.240509574709 1438.8810448127902 1422.7866639230313 1421.086107133752 1567.6887055332113 1415.116799832215 1434.9556465112662 
S: 234970 1451.3932869415014 1373.1520961414587 1415.4332740506902 1446.7880201697394 1393.0678177319019 1414.3449485788678 1427.7801991686767 1483.556855894907 1380.8935321300582 1405.4610071226298 1438.506462933962 1471.6139914224113 1338.2976225354098 1618.5995074548402 1390.3860874115423 1317.5176987244356 1462.0646906572003 1410.5098055324097 1423.0972605056397 1321.3452928896684 
H: 234970 1497.8743258222346 1138.4319112760897 1511.955596161066 1631.9010673340094 789.9154904044149 1415.9056811241687 1173.9914886963581 1666.1148159475263 1286.1089278343095 612.7712179730368 946.8143089463266 1169.86536087475 2032.1540736186876 1073.0725154894938 1245.8111703130046 1929.6755452742286 1147.1249050147221 1454.9310424714292 1391.0878273401274 1727.1995531320288 
S: 234970 1345.781199010965 925.7055031816301 1104.8907070793775 1657.0352527602317 1108.047285753581 1351.2470122065042 822.0213223964829 874.0947245965182 1310.6474885886269 1149.7187595629223 758.8033934253947 1312.4118467066762 1270.3512148182574 1940.8818308773339 878.1743792445061 753.5250289710964 958.0073720594819 913.1488722498862 1722.4053560002849 785.9461788764224 
H: 476055 1555.456944250978 1435.4635122380512 1493.3670982459148 1380.5938349270862 1495.0702681674718 1483.482890879421 1525.2425196493477 1585.84866949279 1466.6038396229867 1513.7169083188517 1588.253628543032 1512.895187611765 1551.5538575537698 1490.7566538478668 1606.3573390742079 1497.0420906597724 1382.1421894318034 1555.5094901224288 1639.2226891857536 1527.4418294482416 
S: 476055 1508.6910779546492 1421.8628601948376 1306.2258611090128 1475.7476438303652 1416.132734942113 1372.348319895005 1386.6597801760695 1494.4515487632955 1348.5172089624668 1434.2232072995841 1422.635160776569 1419.4241689380801 1537.7884683511973 1455.006783044661 1485.0549803547224 1401.042332876744 1353.5114263814235 1394.40408137135 1453.7750781264403 1332.3629093126897 
H: 476055 1175.7268493962758 1461.5427158245488 1097.651950189798 1233.2961589874678 1221.98513523302 1357.0820646076932 1628.5665866553634 1687.7605708299216 1688.6803685640261 968.5321148401601 1288.331464438718 1654.0805845461023 1324.1366861047816 1062.9155996101522 1666.8375598301798 1878.1889572887799 1623.757940387293 1032.9925127871943 1441.5726418277507 1035.2012109175241 
S: 476055 1275.736313668492 897.2277794394729 904.486710689481 605.6359943353305 787.1117955928181 1647.1545273162524 1266.0762690283964 1433.6658128973345 812.8894302572298 846.548953915803 1337.8307201174077 952.5519060624304 969.4729822352953 1099.8204510332982 1351.0170974600019 1268.879462424365 846.0651511119023 936.2153421566235 1256.8147402629586 1062.7045079962393 
H: 535266 1444.729517410796 1697.8742750501146 1417.2030882836818 1409.8445775935393 1435.020655392676 1570.5836483614944 1525.892509930329 1407.4759286655028 1449.0420807302264 1593.2609706754636 1507.1435161017575 1415.1592823337685 1449.0423433486249 1440.528168907772 1541.022507651117 1503.5386392618884 1508.9530052516586 1388.397270582122 1526.2418652421331 1566.9821446618953 
S: 535266 1457.3157954553226 1386.8673875464135 1368.5703837686235 1417.0888682024263 1341.2024292598608 1430.071957796451 1485.112108684739 1414.3203413252816 1314.9087296338184 1449.6972646573543 1424.5899834971503 1385.8019159798237 1381.3101043059098 1404.540443849354 1434.065942655084 1431.115936813892 1514.8523079498577 1387.8509887212974 1470.6821648736393 1333.424365713039 
H: 535266 1276.379880134646 940.9752118697963 1362.8796241374075 1116.0286648443082 939.2790544572075 1189.4660036139376 1062.4432204702396 1754.290889795578 1282.8107118309317 1256.1646055745593 1299.61976593301 1717.0222884759653 1684.4317890148393 1147.9439927887595 851.3958651567156 1823.6054567198923 1489.9266028642223 1063.9920244696696 1107.3065460678613 1303.9214500442224 
S: 535266 1190.0251647350867 928.7237248616875 1274.5901237490734 1052.5977807675379 733.1653482910106 1075.5401141221025 838.0915775146188 910.7373885189343 1144.1556825710297 1460.010723776831 1004.341198995677 1893.9597925265953 1056.9957857515158 910.6226843586926 1043.0089575347351 831.2770956488104 646.6802891965347 1196.0843875942428 1150.7986662167564 1320.3453662021386 
H: 584355 1523.999309115625 1541.3675118093302 1571.323614511702 1562.9134682546871 1468.0064192278394 1425.1111433015967 1592.841476695544 1476.2925499637126 1577.0905896028091 1504.1144050469616 1608.5028698505928 1417.7980413946814 1511.6873449809007 1584.0096589075483 1423.4592241131875 1549.627847759143 1495.4497400029936 1488.6747420462768 1527.4419291056652 1589.950552707903 
S: 584355 1453.4210393119363 1524.893310310864 1392.3318768149977 1433.1719612845113 1347.7789935361004 1441.1917250283543 1461.9428526225083 1413.4013274280535 1338.3446665161753 1449.416989084277 1477.867481198869 1439.3493927771538 1409.6467510422167 1325.4923441658104 1386.0757982800278 1381.3230964508214 1355.9015119200687 1376.949684948179 1486.0809215366958 1455.1138645340598 
H: 584355 1507.748819407626 1434.1842007171867 1544.1773724521656 1606.215492863625 1110.711162023883 1175.145062097622 1741.9466995630419 998.2183164691191 1536.0503116853695 1788.9494354647782 1695.0539519452059 925.7791018623185 1629.979521649986 1305.6581557655227 1105.9035980898109 1113.4969534141087 1429.2126655329862 1729.3066063135886 1540.7587628287388 1983.8231892940519 
S: 584355 782.2575980469074 1132.2313325087218 841.6825652801555 1121.1925617448903 1069.6475986127382 1274.6126729274426 1355.2703155637587 562.0614953270413 1126.3222754948044 1452.0295682562762 1058.3283861982654 1087.026272855535 972.9361214872191 1030.2009031124046 1173.1398202137325 896.6699393051097 912.3067706080699 692.0529648052714 1179.5978477693172 1347.2417220974398 
H: 825496 1522.5248209604201 1423.8547590837163 1411.729246734257 1368.7131462803402 1389.0473998588952 1650.7646026248253 1573.8926754283707 1423.7753322579613 1685.7258905173621 1492.8973278962435 1557.159774854726 1562.8460971954905 1407.8962019980693 1506.6022208920601 1466.9373270410226 1529.1990871701737 1494.7791550222246 1552.4044600980003 1516.1536126342112 1483.4846345858502 
S: 825496 1415.5412386944586 1458.3131787147374 1434.2897020937487 1378.341393872037 1402.7539384380245 1562.3181752017288 1425.796511472001 1334.1667742217514 1594.2729448130372 1439.5597393669045 1356.9166527622272 1451.4128467465225 1358.2816743605815 1403.1927764137965 1358.0545316012312 1402.2873523899489 1390.7496533656297 1414.5598020385996 1470.2020437249819 1363.258895119055 
H: 825496 1115.7132540096031 808.2780982333597 1191.367659589582 1180.0157632581236 994.8098812497075 954.7644243729443 1665.794920744644 1213.2196091622213 1872.3094004333484 1110.5931090918132 1460.4897480024756 991.0223761367931 1452.9960906290698 1623.03147163744 1383.0022984932748 1941.7301531020173 1208.0060396163706 1376.8287150789265 1551.6648265546203 999.0105171915369 
S: 825496 1047.3777520367241 940.1081631016395 728.1986120699157 943.8513217157487 772.4922386478507 901.3086293501588 894.7895238756754 1063.1954180663304 1033.3436550736787 1338.8014266554042 1185.1386013286742 1188.9584735204887 808.7129725078579 1335.8526322895964 1171.1135465903599 917.621789164115 1239.4103643173235 788.1599075704672 1134.4011923368719 812.0922012564348 
H: 627171 1589.3232443824254 1602.1604025023887 1481.4391325136573 1524.8968848777095 1671.4879366217187 1404.673553741787 1556.212925613115 1517.8796911735353 1564.171599816744 1505.3045860535356 1617.8783844869195 1575.115911070511 1405.1845977665062 1532.2277077603258 1518.1390388224772 1577.2121090535938 1486.174226982664 1456.6505264005436 1476.2456283482277 1425.9919874891943 
S: 627171 1411.2510889130774 1401.0433262185356 1377.282406862255 1435.1062198208417 1384.9480699864055 1398.2451739492167 1434.2428876249196 1450.149339039357 1431.5716117497675 1370.7106789654192 1428.2465222337319 1460.486119820855 1412.6944185935315 1372.711178610364 1501.232220178814 1355.61132134062 1434.3283081475108 1450.8858947445033 1451.132622438804 1474.225940048857 
H: 627171 1567.2545715562667 1321.0140737627155 1830.9512028973681 1047.979510602901 902.1711831197823 1063.8849340582851 927.8206621161985 1103.0171617197666 1225.8978747205902 1689.9415577506782 1628.7194528974424 1356.266940177313 1144.9707848797916 1987.6066782723765 1133.4253152871165 1002.7471669517142 1446.568252040904 974.626959459112 1214.898067046121 1051.1218572089122 
S: 627171 933.0970406863225 1257.8823088547035 1038.6334842988879 1363.3822751982696 987.3298312023389 730.8201538501031 1170.4589837386086 916.3746299440096 821.769865802096 1722.9737436486862 1400.2058522704301 1266.9010186037726 1332.6938301656285 903.3282859541114 1157.594374222415 1192.7152459177184 1394.3220343105857 1075.3599347810527 950.6222328431656 1001.136078348073 
H: 128244 1674.5366331813536 1470.0425970759154 1576.7119621084548 1545.0005324608894 1601.953019146935 1465.9128616585747 1584.8788454099126 1569.049507424594 1408.9789474141626 1460.0644120195116 1528.8202365086297 1514.7772810676408 1426.7604509040066 1580.9155883323804 1463.344738768955 1461.5055784393064 1433.3109627219458 1494.697743733989 1474.2079337402279 1441.7212001598607 
S: 128244 1386.8918879366574 1419.4558047111984 1386.704996610036 1548.0788525018288 1386.0417804404144 1425.9308466241362 1403.7905730590821 1475.5769419504086 1405.7105571614086 1405.6403848597838 1430.9227185671423 1432.9635588972228 1344.0416268674358 1541.9300498242906 1350.9164335310431 1366.4275227904136 1416.2026701731174 1417.4120002737939 1489.2312050881237 1398.4809560448316 
H: 128244 1383.165462562542 1111.7695352634978 1222.2679950748593 1776.7027101420786 2165.040917206604 1740.9482740313324 1699.607603198674 1396.5270398614755 1602.847227264731 1043.3065421941449 938.7626484125187 1762.5351276447775 1746.2176490736047 1619.5059224913248 1597.3117920866443 1514.9644462582673 1247.3892784685431 1449.9758412257588 2135.023693492195 1200.7339582507109 
S: 128244 655.4943498634948 1342.410000673035 937.2888985422462 984.4843633725716 1352.3782424248222 1000.7315130770709 1182.3358851415678 1198.6525969770887 1085.778990503369 775.7445664977724 730.4436910058432 1233.4671626658594 833.8471897505942 1140.5890564733963 693.8354170268875 1327.474673414645 1327.4567267788295 1213.27132328973 1095.2997772379488 1289.969677397971 
H: 972311 1634.0011550438949 1604.1627344629328 1521.2629963969055 1596.4643508277172 1546.0785424376334 1408.6049349326265 1543.4418428759739 1567.4509413454302 1487.0996006636467 1517.9326885980988 1400.985773747933 1417.591082747733 1489.6819531594283 1588.485308202005 1703.4889719241241 1424.5759277469576 1494.0401411039563 1449.9149779043096 1561.7235620221231 1613.211321504241 
S: 972311 1493.8504658193917 1506.6140867041136 1394.2440901902105 1439.3684764285176 1429.2736697815792 1356.5767664713935 1454.3881471942111 1426.9133190742687 1512.3645967466343 1389.8894558398508 1354.398773744538 1489.175195402521 1362.1106099778083 1487.1854549439345 1437.820919272475 1427.0413693385938 1478.8018775141427 1395.984385124574 1423.5762483939257 1483.1468908285676 
H: 972311 1455.901672415689 1812.7093055964338 1489.1751947966354 1943.4133260017848 1559.1545040665217 1245.4881244477267 1152.0347101315995 1043.0407917737969 1252.7701573792015 1607.389812591167 1566.6748777844562 1339.2371290840215 1542.230706902133 1664.3013091743887 1518.418668115702 1315.7195848300596 2167.811876112519 1297.1881182076609 2042.1916397950206 1134.4888563291865 
S: 972311 1069.164877542041 1001.2574091093882 1156.7915823624808 1176.4590296157817 1142.6014084379349 764.5048454002556 1049.7385198450413 974.5062107799321 1181.4697630091275 977.2383538072286 1190.4328593538762 929.5311596155864 1453.985053067906 1299.2082149766516 1286.4037012002827 846.6364713151154 1451.497223771326 1522.8898332303993 1108.1315409150484 815.436670273799 
H: 959993 1412.8939410809844 1494.0405265967886 1345.7147116485226 1502.2963831923526 1443.8186161870362 1499.8639203246396 1547.0140958520626 1505.405868017792 1505.6917194518326 1421.3304531899257 1556.7794417578298 1393.5248909612358 1558.6923011793565 1641.2199883045619 1517.160088549716 1609.938151345084 1460.073122756135 1572.0829242023538 1449.5335951752843 1463.0234097864316 
S: 959993 1365.0099677257904 1443.1687052171164 1316.541871514748 1399.8482946292818 1383.3370226535117 1448.5287692555055 1382.474444434289 1401.7056276172827 1499.2097276132704 1405.7273848927282 1419.9425389328605 1340.9710753444845 1375.909078219143 1464.0920733755238 1306.5747790445184 1397.6861494655673 1351.7565540855805 1508.0438707509718 1385.5055993266585 1498.521288485486 
H: 959993 1319.7496088307998 1563.2962141027776 1196.9327032018455 1026.6662915843674 1308.8516740781308 852.6962692184367 1248.5794621193256 1774.0567208368996 883.3975213955022 2000.6404454216586 1131.5558049312615 1616.1601196814506 1425.9208892109737 1927.0210722201346 1497.6451613891095 1301.998114874955 1330.896281918054 1235.3809028700075 1176.5511403821222 1168.1956011965856 
S: 959993 1521.1671031237477 837.997189739709 754.0168364267489 1170.8103706312115 719.6917098885639 942.482668449835 888.4151004088798 849.0838473229028 1211.4428242513181 1259.2623636029052 980.2031540948758 1053.820588198344 1337.4761525865692 1285.7720194306037 1132.9889807337704 1211.7036763601284 989.2867000412365 1083.0002555540182 1071.5129583120272 930.8903518793936 
H: 224789 1482.4397539288047 1565.6074027547957 1689.6099127550976 1637.0230444778801 1427.6303443400307 1578.0143787348854 1341.9106581820738 1480.7117591805556 1595.9939213934103 1465.3417717414131 1452.3731546855095 1482.1161153849973 1537.9879858423685 1560.9178030208882 1583.2476048634403 1460.179902687448 1501.2697445149956 1445.6302267245376 1488.4603534961698 1491.2209665803239 
S: 224789 1382.0665743148477 1360.1556499625253 1357.3960661671456 1467.6980243891383 1428.5935058742077 1387.77040353598 1359.7395549716941 1458.2889844747028 1469.7747442417026 1316.816705852643 1409.3328732647988 1405.571840614722 1402.762202375787 1511.4855347583955 1393.2683745256452 1407.990301651665 1478.1304150671576 1394.0672560249457 1369.4695113895507 1434.2468255839844 
H: 224789 1517.2232904491382 1969.7861642968762 944.6936268535951 1156.2602840167838 979.5742570974969 1563.8438409678124 1605.5562373581092 1209.8190433116408 1472.1603642516452 1205.8990679519982 1119.4656099848287 1297.0086554551049 1649.656149192415 824.0192231951262 1407.282632532592 1467.001916708157 1278.6781456900715 1611.524017757068 2344.113128472242 1163.6865096178378 
S: 224789 979.6005879435054 849.0788155898858 1205.9680965403204 1232.8667531998026 1062.2156164906655 1188.0517048289303 1405.8767439029855 918.5891822982342 789.5380728406899 1541.0538745363401 1488.723593160372 568.18819672603 1066.9312279373912 1357.3136042529236 834.2368280264525 765.0164711797255 881.8280479696484 901.897523668754 1163.3432893343672 1263.0655352872952 
H: 934118 1506.3194831105525 1480.8304903642497 1479.6271641109895 1404.0066588317554 1489.7643053273923 1521.2508223142308 1449.50133671144 1521.6406575339345 1361.384189495002 1555.0863140703502 1501.6361918015505 1510.4423430624956 1494.889258224905 1510.1932087787882 1418.9988411089735 1403.6812570214736 1679.0130708869567 1523.9544637300528 1393.163016488674 1513.2596170605016 
S: 934118 1437.7651232431972 1408.251146594297 1451.1866753413922 1341.9578198952986 1433.8004348296188 1488.8294495336638 1382.6141448026115 1456.6965345812607 1422.181482161664 1386.4066066498883 1423.8667794436685 1407.6697037648544 1494.334698962327 1469.3390034813951 1463.9602527673424 1511.1566104536469 1428.907347392461 1419.9655536701518 1419.725135743145 1376.2921479082106 
H: 934118 1401.6877818547919 1290.4289929635056 1221.4366907435713 1474.5567574809372 889.8485846459004 1588.7913137889527 1120.5321997088708 1390.2296359411478 1536.0686869092406 911.0105218039304 1515.89885656038 1660.0822070603956 1244.2002208345982 1006.4132332370831 830.4734065982897 1195.2053868182104 1116.8149409877162 1588.6655431965355 1847.2611563171677 1281.6899504103894 
S: 934118 1049.6751992140075 1062.3140926253413 1175.969207628089 972.4803374150861 1017.9382971844592 941.7640714792923 951.3720357945131 1197.0723341580401 944.8567121105318 1387.991961996823 1306.7762572233837 1362.7206873791315 911.1935850986904 844.2166416927107 822.6856378775228 906.4967665072317 939.491967089263 1180.7479229099072 1184.1923999035448 1449.8915094944175 
H: 96290 1471.3818635957311 1580.3557808163523 1589.5541814124338 1440.7973134834303 1398.5223565973897 1489.4778019117448 1440.054995866747 1498.813964850841 1554.76773754612 1447.7917106556022 1621.6699341849733 1437.4006544829433 1608.8620961925274 1585.4239843461105 1541.1102576827113 1613.5365065203894 1488.1920205139554 1614.8608187033178 1439.4408333260671 1487.6980714856993 
S: 96290 1416.9821654655639 1432.730506445945 1368.0727443645783 1380.8917953075786 1420.4438336719481 1496.5324225736242 1381.1019184104325 1348.6933503012099 1444.903081101876 1409.7623893302261 1379.6804260456622 1377.6256593251314 1452.9907165024665 1496.1969061274635 1498.989167229997 1446.691820243712 1445.7689063361793 1396.1400442285658 1489.1908749652496 1365.713743643513 
H: 96290 1014.4687555939544 1872.2814456593035 1474.1923834203396 1228.7782064793826 1094.8993549053496 1428.8992548918804 2111.645237139118 1800.334300232601 1937.505646112385 1381.877794544127 1198.5450839376126 1935.1341326195447 965.3155723292015 1439.92803540711 1061.512070490425 1352.3420572300738 978.6004144843166 1258.429277994399 1544.8103916341931 1760.2495425902077 
S: 96290 825.027798542868 1115.485959044276 1115.0721537696022 892.6567505272086 1334.1910215975631 1228.1746068119949 1350.3628260519965 842.5147093910681 1078.920245403957 1051.9991890678664 967.7306717685984 938.4699466972386 648.2780297351993 813.4278798963801 1132.9074358182536 856.8993449681731 1272.8231130701886 1155.0286266432804 1466.8286150989604 983.2682043553034 
H: 524054 1506.0042470281076 1559.5380696914076 1474.220971134046 1550.233526074456 1543.3081538536364 1502.9234574687575 1482.8012128152216 1415.2229837675543 1546.8166450635676 1459.792100913223 1395.140302687877 1547.7103463597794 1416.257934109729 1480.0535142434446 1444.925369834616 1509.6891318271382 1429.5544244156126 1439.7409297716533 1445.8341687287066 1562.8867709048893 
S: 524054 1398.8163640315172 1431.332518852563 1434.9317896490036 1387.5325265404852 1416.6084496971678 1436.182295667203 1407.9673982858162 1365.471682486966 1463.8604341026567 1397.9141211408207 1437.9626499902686 1460.0828936844841 1356.6328157698938 1389.930964131979 1340.3098358114394 1442.0516791093057 1374.9892516951847 1366.4163672065872 1397.7637169622858 1539.7196375267379 
H: 524054 883.5323266409613 823.8561092911503 704.6049574547494 1230.849492478202 1416.9006335981926 1664.2836423496626 1010.4893188747936 799.1939974391806 1765.743672589649 2222.2124058013314 1061.2703503633195 1546.124344281294 1525.446162653596 1548.643748567915 1408.736810578477 2365.7638434515807 1405.4939234329852 1456.804557957758 1295.8120808367219 1442.121629893748 
S: 524054 1335.3412115144865 1211.0221692058144 646.8015556083304 1515.6672545379813 1226.1376069568119 1119.0830540764944 1086.016329561961 1191.2354438220636 651.459764653735 1204.5536111166468 794.9465273468509 932.3979255434272 580.3003426787345 1060.2564850795393 1232.957988852265 1774.356632012949 1013.2025293331393 1052.6095800739506 709.3464021278181 1360.1656103464659 
H: 388287 1450.2375981238986 1556.4912482934867 1432.0240307828424 1436.2951538990517 1463.003257912129 1439.849855883523 1581.238419216909 1546.532425517362 1714.058151103346 1683.9035939139858 1574.1890766419283 1518.860212932255 1532.7050975627676 1631.6989201218346 1499.3530653293344 1560.7193046519085 1438.5100561398347 1645.6764218421945 1508.982908901722 1498.6195845969362 
S: 388287 1367.6940579985846 1454.9235649489035 1359.852052998053 1461.2260142201321 1487.2566105362641 1401.9158603941007 1395.130223574586 1436.2351955550114 1361.5150733667842 1492.574325825105 1393.795842804403 1467.3474511624186 1449.9820700650669 1384.0532304029487 1422.2562136445872 1417.7138536288924 1405.9197178253753 1373.7033340007342 1418.6220535521038 1501.2889767742083 
H: 388287 1216.2275612519172 1531.1833167110378 1572.600294397779 1117.2954309186687 1676.927202749416 1280.3134482293906 1613.1710035988972 1905.0767587089485 1472.5803082439475 2122.190356046141 1005.5162329474052 1435.5454600518958 1220.208826701751 1238.8381497195887 1106.2420413637178 1662.745901259243 1717.5299375169 1574.9364452073462 1219.7646992677917 1389.6692412363009 
S: 388287 759.112266282173 1208.9454832293304 1035.5354316923078 1057.3008530519123 1563.586308509991 833.6893613354362 1200.4011431535812 1049.2292591194273 1634.2664291892627 1072.5517732511053 1413.8116862976608 999.2095278474224 1270.9881680685764 1380.9372720659076 1261.8237184505856 1284.221604442771 1180.9720376632542 1044.686368683799 1114.3524216561398 734.2305799415753 
H: 602909 1457.0158736445244 1598.3917341943197 1449.5212013139742 1594.3317635701128 1419.1268335147115 1463.3276937424698 1516.1910191499492 1522.8310315081535 1469.9998506397287 1649.5899137161327 1546.1407699432627 1529.9421095932225 1539.5554217873553 1388.106093738752 1494.4954141369356 1530.635916180217 1414.1544973443665 1484.079699417792 1516.2567972663023 1383.4451335648387 
S: 602909 1402.0760194945942 1428.9406777183624 1467.712234593418 1337.6105679084903 1327.6775135613443 1354.1763108584375 1398.079939796191 1412.0677120198452 1474.6438250374413 1500.431821096444 1524.9902786251328 1438.112245327667 1414.29687986771 1367.1554908110384 1366.0031839830262 1485.5710624186383 1449.5110248304902 1418.7815879336954 1383.1239248803174 1399.808527829824 
H: 602909 1112.6501790574246 1326.4161730078094 1160.5115758299166 1761.2808981753676 999.0579790204491 1327.2299011677137 1484.9778652657471 1593.0961554234652 1636.7561197248706 1119.041252354904 1492.686062066899 1776.800834913158 886.4759092364467 1394.9022464107877 1564.3627570180092 1641.78186266977 1383.7619729885218 1204.6734795198074 1425.3230762383773 1205.1781245701054 
S: 602909 1263.8092219779123 843.5969135520162 1257.4486512860137 929.8788072391203 899.4098673291018 839.8180589531603 1136.6423832669143 627.1406380198746 1580.4708954652256 861.1804529896297 1105.5844219071698 841.6476765000581 1516.7434285790168 717.2410474861442 1165.1494864507786 1048.832773570031 1066.4445308115046 895.6412959288168 1173.046101302843 1303.3098724187985 
H: 567185 1600.1104731745777 1442.636067384142 1462.3000544209592 1509.535892120165 1535.0775962549342 1538.858201905135 1548.571329133925 1349.5547817477354 1570.6305794015161 1580.2758761833416 1473.6859095788507 1488.7945069083191 1498.5600874609322 1467.2234879876162 1588.2265626333517 1443.5818545278312 1563.4065553844005 1466.518131107652 1431.8435112361728 1450.5825571529947 
S: 567185 1402.2269131106443 1434.2169766652685 1461.2077067689727 1405.8925407749646 1453.0069520864558 1374.2092254944394 1464.695257674229 1330.7374134208442 1385.182611561447 1373.4910635653043 1350.4290743112974 1463.6343504079812 1422.3633277338638 1444.1552448816294 1487.6709106675771 1400.6127020950562 1466.8983231395234 1333.1207738038331 1404.943607270661 1403.5801194596713 
H: 567185 1637.4463139217416 1335.5671083851619 1071.65074950162 2436.267824153953 1435.5145414637939 1969.5592719230012 1601.2200052342662 1070.2361910569684 1413.5874267351896 1436.0288866155392 1413.2509799217567 1607.8741589082842 1705.3375218749745 1384.353501751441 1397.3753019749977 1451.277172692059 1140.1301517577335 1629.6185813620646 1506.4197581348903 1889.6692645924911 
S: 567185 1454.2462891136227 1226.2196467677743 886.0068797049768 1237.107125718876 1191.2810351576047 1018.9370318420641 1214.8929283617572 747.7269487618605 959.0695507164846 1014.0753836768747 992.9168439888471 1525.6104119318193 1049.3860213967303 662.4378868278278 820.4060717448425 1285.91064922406 1506.0222967562443 1461.5754320738918 788.3500582189738 1040.5423738684497 
H: 821480 1431.093488814379 1489.2801989149987 1500.3472959092821 1487.8272137180056 1459.8951711969612 1412.6811577002743 1429.4338516670368 1488.231593439987 1543.0989801782262 1421.7391539847506 1521.2910001196965 1435.8699958709815 1491.6538048122595 1454.1227196435075 1541.0975736225637 1550.8545315322476 1627.941902274524 1457.3344355644235 1411.2696882988446 1383.90112596338 
S: 821480 1372.9059406796591 1402.9720572925517 1452.7403140037857 1427.0493703233499 1498.6309545602846 1346.7131112182217 1418.1475631431663 1427.6419605497333 1483.443556219442 1365.7623340330183 1439.124413371655 1374.2688331231845 1348.6018324937484 1426.5186955338424 1432.3928098124711 1461.042218415584 1429.3520081011793 1417.1173663644784 1450.4361446019668 1359.4615089585657 
H: 821480 1058.3064844236756 1485.9017506211726 1844.5982124368031 1010.1545850669297 1591.1017949706645 1506.2046135431435 976.0197229471373 1285.6639575062131 1165.0581044071664 1708.035975698741 1369.3015760202036 1472.6676010820952 1221.2029251308102 943.3601741695275 904.4986319913394 1304.0927931457823 1245.9683663541423 1335.4402241137732 1128.6466344700143 1015.8528524922287 
S: 821480 718.5067478387803 1163.288787213809 1384.2494773612802 817.5500455104152 1067.1443429246247 909.5694036816573 1149.0476695041439 1026.1143567675392 1416.5605992987676 954.6080028499225 1054.8452310490875 772.4806328305044 627.1813568766302 1220.5042214730483 1324.5874155608435 843.1958034486643 1129.835713461073 456.52636154386124 1031.5299057553632 808.2705326783527 
H: 455782 1442.6917347739306 1551.475908914301 1472.139238691776 1597.2224754975398 1609.7146963015132 1587.2771350394153 1410.8634052975244 1532.0542143228738 1383.7039166073973 1548.902304198111 1399.0380751747366 1381.0315681649565 1495.2380041118447 1516.661188336598 1500.0467898469246 1569.8327365768673 1574.344314277355 1531.7235140890812 1592.217980095774 1524.455746872639 
S: 455782 1404.4922339945847 1443.7909052218897 1350.3075110481775 1398.1815201613663 1416.6588559868683 1422.21653525851 1453.3912498620432 1462.7489215107787 1425.500390892647 1441.9207176082932 1398.0030715693 1410.7078348661505 1427.82009345683 1452.504649631643 1456.7722003304436 1420.2979974195578 1367.708110275304 1399.2034719578314 1415.0784337735581 1451.356444117722 
H: 455782 1829.4196540330988 1288.3967828257319 638.3165440029475 1021.9275159464999 1207.6510096843474 1577.4453850596649 1334.1485066720347 1566.1601469267118 1835.297383167522 1333.6721977879017 922.0771200524654 1802.8055009750544 1884.2722289793628 1534.7943619317598 1792.8353779980514 914.4018712306752 983.1541493076865 1258.0585638397017 1914.3722203565537 2221.8961119376327 
S: 455782 1314.7078704950993 770.7558679651514 589.2695202517126 1099.8165436329969 792.7082809468188 1533.8081026845211 772.4810301637559 810.8347726521919 1132.4432325356931 1355.3945168622122 1017.453773110105 908.8897037480771 1328.485772018089 1307.0180020481823 1339.0322517625202 1270.7143180905555 859.5731840706155 1298.7613313459938 1504.4246709203376 963.6566421992181 
H: 417222 1468.460673317435 1570.659133781814 1388.510393105818 1438.460317015907 1506.8008160542101 1586.0019469241045 1398.6189173242847 1541.6096367628527 1527.0536640682253 1571.3621974638183 1491.914876801966 1446.7005522244617 1639.312770663668 1556.802771345102 1476.5619598046765 1426.9165180821267 1521.5424770407394 1371.8685718827896 1550.159473924616 1515.238292529042 
S: 417222 1421.7414145623047 1387.5916813499682 1372.4551652737734 1396.289746851063 1568.948170062682 1399.3810679340108 1516.7827888696556 1430.8671910881817 1458.3551143926766 1447.9736303518114 1422.6855428007416 1420.4797535365165 1455.6617310427962 1379.4616474888085 1373.2171080981313 1376.2339172444988 1521.9312389903223 1392.2455864304854 1457.2356791863294 1382.7431852364878 
H: 417222 1659.0932304377272 1074.5891794767792 1475.267923697079 1114.9090577859774 1495.1784213412775 1583.9379067073598 1851.747951818304 1630.942818598187 1402.7858032124664 1749.1390274774867 1595.4042823551824 1167.3247546013752 1565.9916512106115 1574.4252665566673 1232.9948466367202 1731.3862743782352 1307.5748777462197 1132.374930525745 1441.3654123282397 1338.9120864008532 
S: 417222 955.3994067073402 1517.5079832543036 707.9963269667494 1442.6783632527886 952.9179140110466 1211.3718186172737 1466.7441364371268 1292.968538897868 1405.091684232503 1180.3412674160872 1194.3911900609437 1244.8372744224173 1198.164439718293 737.9631589663046 1045.7163039607613 1029.02456245356 718.6641126562098 1130.872282264931 863.7723171828671 1032.308056015642 
H: 558800 1494.6895421001325 1501.1924438029248 1458.9205892721948 1545.791783524394 1448.8142080873358 1671.7485691048107 1471.9364293545489 1440.7954526848685 1496.8878680308367 1474.9994884335542 1491.396081128978 1367.0460851616326 1502.9057686746407 1424.8644242251748 1486.4931861116472 1511.3153394101582 1496.8497435004062 1420.2610529858043 1478.7455544588686 1386.734405568918 
S: 558800 1391.728888119559 1384.310317503032 1432.8990574794343 1420.5656072522322 1336.5901046976887 1402.807769751938 1441.9650131432472 1470.477034551449 1456.7850584101348 1399.9113953049455 1447.6859178376367 1428.6746588605208 1486.2497120283936 1426.8579714846219 1377.4075090023014 1427.9203149531652 1464.9499980641601 1401.7982922716521 1418.0273849767148 1385.7333648049644 
H: 558800 1040.1389994759675 1009.9756465135346 1192.004732720473 1572.3434471080413 1749.2484307592235 1416.4953548146955 1013.8669156810089 1245.5232927684137 1979.6811694423623 1747.7211383485555 1584.1834569468765 1240.5599544053039 1435.3369590607567 575.5560973767323 1395.817499728146 1517.0289133993317 1846.4462255263138 2311.935531952242 1328.4406090575442 912.5784881750861 
S: 558800 1325.442489459123 1094.6009215664758 1319.714718309626 888.6050203102326 870.9207554190378 1530.8604107839408 1012.8475124555914 834.0043059334669 892.0052949969223 1426.4228906485625 1453.1579787638304 914.8550863706425 1101.1520486188908 1000.7457960378048 1256.8567535863465 1074.850989511499 1389.745864334501 1261.1162961390112 763.6577956040147 813.340142793785 
H: 273992 1505.9394141308528 1582.8626279493258 1458.4503827179612 1571.037918901441 1470.9931795808773 1446.4419075702053 1746.6046287362412 1594.0859443038069 1455.8435532296417 1438.8484044717027 1583.0639425558206 1431.8821065964894 1466.7794950655255 1521.4268912917955 1509.1061907930707 1437.7999010369738 1460.7687585691356 1394.099581036754 1408.0858472872942 1468.39643778082 
S: 273992 1544.186846579501 1433.763990483553 1399.3025375123514 1386.6043768011036 1466.2213281112774 1412.590131629329 1451.1084829827496 1405.5784578284722 1349.796671357764 1345.974390578083 1410.4485655211142 1361.1452514063012 1352.217216285587 1441.7504136283867 1410.4846455081254 1499.6128354504367 1380.736009129583 1357.6876839715785 1435.0549573557844 1375.8964412663681 
H: 273992 1298.1452687021097 1385.2145916514303 1927.3056950896007 1509.9755658854658 1225.582416186872 1445.64711189725 1549.754617825792 1581.2157797486213 1130.7796264170217 1361.3472145553155 1199.0789430280397 843.2022360034188 1440.1930991307293 1523.3926042244625 1645.55476451534 1294.8038371461553 860.0225093778112 1507.8143313901314 2071.8989494023162 1281.8920610685607 
S: 273992 992.6536553126318 1022.9256665463608 675.1639883276154 968.0783207934168 771.928165918963 727.7883704704738 1354.1456669950207 1313.7636383894587 1024.4025978065822 729.0622064259518 1075.8041365956897 916.7283225950713 991.0353920683804 1462.4254008737864 1540.1465767535 933.1315809893458 883.6841349228725 897.5093673242159 1516.5626546891156 1002.8791136321323 
H: 153677 1490.8527107332536 1541.8716287214231 1399.8230812675363 1496.2088846795205 1421.628644605739 1454.0440060142582 1444.337761814078 1662.0247127439266 1411.9728580667183 1455.6057580151482 1608.5567874771 1424.5186298455085 1425.4492152804369 1546.4210747809066 1520.9193962097763 1526.5031487579631 1465.2340261593922 1439.359704525233 1541.1855879699076 1467.7945778665576 
S: 153677 1339.2578244712806 1357.0765279823418 1378.5502156986947 1405.9960405552515 1391.775763008546 1361.847478452868 1441.4627130240708 1425.7054591035273 1440.4168034721201 1368.4693862427332 1382.9102897488585 1458.9968064644368 1479.963332150603 1496.1444547638887 1415.1547575448374 1410.6513408860596 1422.6268346276324 1350.328172740974 1387.830863830681 1472.3181825169468 
H: 153677 1549.1378776014328 872.1117239028503 1480.2339060123868 1432.7759363159646 1412.308778248177 1082.5034441929351 1288.620649023338 2429.8084077909375 1114.941548679856 937.6369746083475 1602.5196254765326 1342.2725585304713 1230.4522615219153 1210.1510300401417 1343.89310601135 1536.4650055603433 1249.6543144587602 1273.2719770104306 1034.865032294345 981.9149347807414 
S: 153677 1342.9678484160456 852.7373245521177 869.0860236940927 932.4410379011038 1316.0234856044483 1235.9636617306248 1121.9974269810107 1446.4313351554351 1007.5509302462258 1088.2806723449814 1234.9988973492418 1076.9962904558088 915.2162066405078 1280.3513932068004 1256.5208316219725 1227.502765075722 911.1426424211093 1046.458446683171 1058.1644139380085 1077.2857421341055 
H: 753964 1529.6992562497546 1408.7070130374157 1526.2746405006924 1518.831236361758 1530.3985424842374 1353.0913004872257 1500.5926785203958 1365.095902390303 1442.851396429798 1491.7567170330703 1440.7613807108794 1552.3005820527685 1431.232181038969 1469.723626835738 1369.0569103879727 1534.2218611658311 1458.5536278201298 1516.7958244022661 1546.4802360976366 1483.5427077130444 
S: 753964 1385.7992253522866 1400.4000053717493 1388.7781843521375 1425.7962220319037 1363.5450502161793 1389.1924416032268 1419.5435183283237 1373.468866081533 1408.773944018859 1412.7514266735914 1359.1064653503315 1353.1455362489014 1362.0737250640648 1414.9354360926645 1331.3523181222104 1450.1734934645292 1441.6989427416754 1399.5918107350715 1421.0688980907548 1382.9268342923647 
H: 753964 1361.5510562867366 1589.113106002023 1670.7871287689545 1358.6381378114706 1215.5137249685354 1422.6727850273592 1331.7582662587372 1060.842055290345 1732.548798361124 1427.6069142666877 976.1091587289636 988.9173842067676 1138.3036905167849 1532.266977866242 1122.7316869174201 1078.4945571300946 949.8016814803601 1842.1689188011185 1183.1556266680989 1464.0073782957832 
S: 753964 1331.2424219985862 1523.8755130585037 1501.4120898857554 985.1569059333991 1481.8441240067402 607.47455196034 1014.1886255760022 1273.5173560750882 805.532850648617 1162.4743399709066 1574.0886790017223 1229.114710571139 1038.0467130260556 1393.4949597398365 1082.532617776343 1200.0182470509149 1013.3477237242299 1018.7889685463622 755.6656073175722 784.5172444406563 
H: 183783 1446.1997677768609 1491.7466869143911 1467.9349063199488 1452.0039871497888 1608.2870915016192 1455.2834722537273 1429.912524693645 1414.6373324622607 1523.4813642773026 1441.1384908489097 1488.6666973874048 1423.2717135388173 1454.7283426073823 1622.6372935850336 1590.7623652958625 1569.4437736914429 1412.1421057612993 1416.1126756141405 1425.029575974199 1483.9877487236038 
S: 183783 1397.2637928351655 1371.62117086857 1443.86788868324 1415.7694203329218 1335.8743696407064 1439.5569875694819 1386.7393139840794 1354.2078923117144 1434.6393057424916 1365.7701199191565 1431.1374891868422 1367.3305037287137 1443.5826804485332 1410.0893656004937 1414.0547261600036 1368.2316423624443 1420.8903891276316 1452.1725673971885 1367.555367815074 1377.525079824387 
H: 183783 2008.7649667891792 1735.123132256316 1533.1114038684375 1490.876754524827 1273.4942016834905 1333.7680709243575 1407.4729538786792 1335.0208990999602 1256.4515685277916 1693.0802843413446 1846.8443673797362 1043.5626826870507 1312.5705241818075 1858.1642280185276 1592.5376428209477 1669.939455317941 1628.1968949983523 1525.215544726565 1644.7068988914527 1339.2160143182753 
S: 183783 1226.0422995625584 917.6541266455281 1155.6740693612649 1390.7854908402428 888.6762418013319 1055.391835195963 1299.2186773635372 1126.6331010864524 1016.1236482884494 647.9751052834872 1023.7272993851295 727.3617210274448 926.0464926468907 1037.9235185230518 938.2622545493305 990.6984106013986 1260.9676804393298 1058.8219768032156 641.7122216082506 1069.8174004682246 
H: 406167 1544.3521708378896 1611.409953293931 1437.1628226305552 1428.793832219483 1569.3189743260407 1489.7912061306529 1596.4050027340347 1462.8849975155247 1421.4724179658704 1476.0129681193696 1470.0179525722124 1483.2034812082575 1407.3903986045077 1628.8159644025366 1500.9442604359422 1593.959980095332 1534.0929843370368 1519.9223653554584 1456.7436805614811 1452.4701025801462 
S: 406167 1460.799150816182 1387.5018276764065 1382.835667408083 1350.3623044380681 1512.3804067496083 1480.973175796079 1493.9743912050665 1421.9517828276619 1360.483544272298 1403.0824123885266 1372.2086301539257 1413.0861137179747 1467.316914462879 1453.2183196228827 1395.4532834132135 1445.8031750655268 1433.7141151710955 1415.0982493327 1418.744921040555 1455.7283227076077 
H: 406167 1339.11721621738 1420.1961105390133 1729.812568854583 1490.9391278322914 1587.2831146962965 1571.006971523936 1385.7401447591424 1740.267047949865 1342.5781334970106 1021.3425441264432 1931.51993480181 981.9372205588267 1122.0707294400577 878.7745497553024 1780.965158910627 1121.6171306986887 1491.6290052490017 1204.5128360894146 1141.888522308103 1111.1878809022899 
S: 406167 813.6418335659434 696.7984884809146 1419.712165871749 932.2202079654122 1318.1319614385193 1156.999511806917 1054.8942332491247 1231.9140208243361 698.5707694776087 1045.5443050559081 929.5490807323937 1252.7985126535502 1222.8326871297827 743.3476185283744 840.9864929098973 903.2281498068752 947.7272384153348 606.5074741456497 904.4760707540976 1312.3136473689347 
H: 556762 1516.9827898541957 1559.863027305633 1584.6570924395933 1552.4407184511404 1548.2936580851454 1549.3698772141483 1491.9262394502464 1467.692945269882 1503.6419527513865 1537.2474955151454 1418.7708891218074 1600.9232409462218 1520.7539245044973 1490.426909650844 1601.5263278189343 1474.2817803375196 1548.0318111866486 1408.4330659998898 1459.556234037378 1706.172801641888 
S: 556762 1432.7951080360376 1402.7831977842 1389.068214282197 1425.1345267349727 1332.1853354970326 1459.1611453518672 1401.3397548986552 1502.1828817310402 1437.2226856438176 1479.3639611667268 1404.0884501745006 1408.3848029095634 1368.7104388255023 1354.5488665213768 1460.0869779351167 1363.291167018373 1531.4389432215544 1404.522835708264 1458.0951772500885 1463.212631925002 
H: 556762 1585.209694761307 1448.107842261024 1528.0674039792318 1532.0344170859662 1862.4387953245937 1656.4790217547363 1460.4891598419047 1983.8643553251109 1541.2487611786862 1676.202848837573 1055.0242445962078 1559.8370590388445 1115.57862358625 1164.7923347416497 1057.9032338463282 1521.7676879408598 1100.4408526285852 1463.9803861802513 1529.5617563059225 1079.6445217929063 
S: 556762 1220.9684652877331 944.3974762972659 1116.899240475982 673.9501672277916 1266.3656461403311 1010.2885846427397 1220.7717074042034 1491.7880418159514 1218.8591790722155 1227.6628307872306 1290.6194660669166 1202.100179018841 1165.0495485053184 1235.414592753414 1548.6038031307146 1018.5141486218738 1265.7848858772322 727.1371280836532 1246.083667113718 1286.586744931366 
H: 274264 1606.8073844641615 1455.014485234489 1472.8936780056445 1500.0922184759052 1489.6057623935378 1437.7348656210381 1545.9569624529684 1458.8553242979913 1433.6245672000737 1336.4726909907636 1484.9562338708797 1580.8651801209937 1520.9152626516689 1504.6111427890153 1455.806279123675 1452.6712970459937 1489.08866918291 1590.0381330304635 1510.7493472275935 1482.8245870988337 
S: 274264 1509.757343027928 1468.0592633555334 1451.9765087981327 1386.921750594046 1420.6598341409037 1383.03668346305 1487.8156273090065 1562.8136224510781 1355.358524716629 1391.1901399273029 1415.6657242685203 1379.6455787494936 1440.7174970237484 1388.8047679170759 1411.4546223601005 1336.0937310317092 1362.7744137800971 1390.5007981334363 1449.9671447390833 1438.2964929628802 
H: 274264 1626.5219254852616 1612.0941880183477 1406.7401873977599 1290.0324283282512 1263.1200467897966 1126.9762278215164 1633.7901723239572 1316.9126144005586 1087.418608140884 865.2994237333158 1173.1044309002461 1636.5122285499194 1104.6141770425093 912.6074003569846 928.7958352208358 1260.9274356644175 1054.2779684788777 1994.5811369133808 1741.7304960340382 1682.4102979936076 
S: 274264 1077.8318316760362 935.1201978226849 934.7827173408913 1272.877875838115 1321.8918626954917 609.917451409202 1090.4983841362584 918.6181476630657 910.6717543930848 1162.1183176731654 1198.857595132607 1336.5578914595153 823.048621790237 1498.3168774388676 902.6302585923213 842.5992603767664 951.809550639771 1205.172526807434 1126.2440799313842 1193.355493402712 
H: 191155 1378.6125721786054 1465.6478044411856 1469.3855507790922 1635.903583948776 1503.0032807936375 1476.4444027318596 1436.549386953275 1382.1329131860907 1406.8922604577697 1454.138315376537 1632.2850873715347 1648.4363285142076 1492.5418260960828 1475.7616457771442 1497.7165942612503 1615.7277243576204 1578.2798697927185 1569.9709701218403 1506.004330570681 1498.9682686829403 
S: 191155 1362.7936962431995 1476.303463941664 1419.2843760280377 1409.6953788041003 1352.8483478645462 1388.5174163786833 1514.6045132434892 1346.0436408356516 1462.4719728777804 1490.1574000602307 1482.2923818618394 1449.8867331404144 1413.7248584893498 1455.8146432315482 1425.0090001909748 1475.017789451094 1401.104235036133 1401.218356429861 1529.4465713866537 1469.6601582808166 
H: 191155 1889.357521128703 1515.8101063603108 1353.6281007855987 1936.2719957996474 755.9680472469416 1734.5513369137057 1352.1233070627497 1530.2378465915938 1296.263490073642 1127.365524942658 1618.6296506508763 1337.429881108798 1710.4256069687174 1690.9972807715599 1318.7655369839006 1475.9039658160455 1609.7196063442127 1321.231389126461 1752.52930799961 1682.3477805555526 
S: 191155 1205.455523483475 1007.3506547293701 1385.806804234987 1504.9362549594582 1266.3871846404163 860.8203328412035 963.6976878034328 1398.64921333574 927.1499881365581 749.9859671751642 919.2327909515037 1422.8595978702858 1399.6661946003371 1096.2871881332533 1237.74749142211 1175.1766230498283 1070.2711615634648 1381.9819908293855 1020.295827618147 914.7261266713307 
H: 605567 1506.2459021410752 1482.0900885795165 1634.0771501424658 1571.83509086856 1573.274213406359 1460.108221286197 1412.4602954339034 1543.6424643789392 1427.3496208490483 1370.6348451320528 1591.3256967741906 1353.9336666548365 1475.2895916764235 1500.9449746395828 1420.4854216483773 1576.1092816659236 1410.2056251720473 1433.922857656379 1670.9450813994845 1484.0342107423219 
S: 605567 1409.2243568805902 1320.3227886332097 1485.840545209472 1468.7311790042966 1465.9443876608204 1337.286901472654 1393.7473131469712 1462.9712831431866 1348.5274463101887 1440.0746401690608 1363.436162321298 1399.2679722623272 1384.71026216083 1387.9832599969661 1360.939707276858 1438.281230481071 1394.888011417267 1336.1558127392839 1506.1794200839204 1410.2626664674362 
H: 605567 1386.8369276671524 1352.0471617792957 2169.671285398421 1445.7881490874422 1907.1448473713328 1490.584645780687 1936.145067825441 1553.450067151194 1114.4284927912586 1208.4869137871324 1384.1879461936321 1249.9738452661902 1793.7800278080697 1183.9609893327408 1245.717123867405 1227.838461528269 1823.6994700757818 1238.0634456908583 1556.6107299681933 1049.6343829176521 
S: 605567 739.1685450269152 534.4387760254565 1128.213628737741 1010.7848214951846 990.6848414432968 1252.9628664293698 974.9230988886487 1098.2602694833151 658.9180484969625 1147.2451744351924 934.3759797727839 874.0962234766852 874.8647704216185 1219.7914428654028 1413.9213399026714 1210.647765010437 1377.9075330567096 1548.3015739787807 1018.3539118896891 1092.6496877848294 
H: 647342 1498.31813674753 1544.0539106754602 1486.200302593309 1472.7919170513323 1654.542243323061 1484.0683019545013 1455.4821453161865 1585.5951309239615 1454.8217649283652 1676.7707548200888 1535.26450914057 1461.7617132252378 1509.5402036990158 1583.4376412491424 1543.8573990502582 1439.1878921698353 1527.3281422883547 1466.5238014076544 1580.8736126836425 1498.2815353366152 
S: 647342 1403.5100331413987 1434.594546459055 1393.0730303046935 1424.3635652305688 1443.059491750709 1425.8682596124734 1385.747954578877 1448.193728277192 1420.4380800989218 1463.9005013755893 1390.843887785722 1454.9171450937 1557.7305669331417 1382.4156146247537 1442.2875165916732 1343.5789662731938 1355.607565874449 1411.0574793464484 1516.7542151559596 1407.2047421947464 
H: 647342 1125.475481483327 881.0625822608181 1883.0823016820418 1607.3024491759172 1401.8190570668241 1621.6427609906539 1328.0815966013222 1278.8264388401644 1768.7682060798572 1033.0426761899814 1112.4981124719336 1361.9587384707047 1255.6495820820394 1135.6378562562172 1666.4414733605367 1394.1120687879502 1148.9052740280833 1386.705811199852 1319.1070014644513 1150.7340259865846 
S: 647342 1166.8014343961588 1122.089211669443 1414.977794620309 1026.2907604453217 1247.2901893435417 882.7127433430815 989.7573056359599 1408.7463278117375 1018.8794149843218 879.9254778354369 1619.9396686435646 1295.6922831233437 1030.3813935650728 804.8064675891585 1158.8559082374022 804.17647329405 497.8593838848738 1144.902960741629 902.9970985150586 869.8561128722421 
H: 323727 1765.7425853828458 1382.061177986386 1604.936350520149 1482.146598792295 1591.4859126275737 1534.714473112987 1552.6623437816747 1449.7146378868854 1501.0951500313179 1436.008970040536 1586.5539838382474 1457.8965409466466 1426.5486885942353 1577.3972028271 1586.5426819384677 1523.1873079626916 1399.586750876043 1622.3257303776174 1497.9349684104848 1425.226699360567 
S: 323727 1515.6005236679302 1373.7001751122802 1533.6469919382964 1345.3066841780246 1428.1744253792751 1401.9469316731843 1418.8912360045092 1424.747365670727 1373.7711169278668 1299.1649823583305 1450.9558067774303 1493.8929348046386 1384.9117139312962 1461.3868581892482 1379.149705453452 1424.2090314872935 1474.6345081928534 1495.973431055485 1313.0112181238683 1388.832237355419 
H: 323727 2016.1621002863515 2177.485285099963 1444.2435729397027 1207.963099032632 955.4844815241066 2259.5737008902893 1468.9941260412056 1225.7904552201833 1137.8552942124709 1237.8313091008888 1091.7428109239418 831.3517443183838 750.4705914885405 1658.0792770619496 1500.0632528250549 1272.541492604148 2098.9202738680137 1428.9095416371733 1111.4646074418686 1276.1489887059633 
S: 323727 1535.6811444262205 1139.614468064851 762.2584750571546 1131.3010865141048 1212.8629264463636 829.4198633859891 1453.937857318161 699.0769833121019 1138.509189824651 1109.563025848341 986.4387484347712 1071.0539550230117 736.6291289950593 894.2030232760758 1399.8062215752843 764.5799875160593 1122.8138876621051 1369.176971960028 712.2185829858655 1008.3397795242072 
H: 912195 1467.359393178948 1441.7428685793982 1456.1912840554555 1366.472528126222 1530.223964281518 1584.065085428793 1416.0434413361868 1440.8209133156674 1444.1674180903753 1391.7399375561595 1608.9921039791982 1594.362063385657 1594.5050032365652 1502.800672710073 1496.986613659441 1810.1239731814253 1438.7762257053607 1411.2696528049994 1632.3207345025703 1528.7125175495503 
S: 912195 1435.8578332324648 1391.4365592427532 1389.1654377133802 1420.7994211779016 1449.8069792959886 1494.7190819756656 1374.5699738859735 1390.6776780014457 1394.9943117941184 1415.938956977578 1468.7079783651739 1409.6215800716438 1442.978079824503 1356.3543268375806 1341.9715319465722 1469.2176428367302 1429.6332106235193 1413.0842081544508 1451.0385499671618 1392.246008444306 
H: 912195 1214.8991970924424 1545.5719146071408 1270.1818037109997 1265.4207437594296 1347.1678233919922 1149.9019668798664 960.0580444702656 1310.497608341833 1533.519401773361 1125.3759056833046 1502.3201916161627 933.9959315485954 1714.3106169685166 1341.989457585684 1522.6280432087485 1551.9699700970243 1489.8670923397424 1479.4328779889615 1794.5649978910405 2061.509396229968 
S: 912195 891.0033507534274 1332.5024614019449 1088.9133301433494 881.1932345607677 1301.9944629524566 1191.49781031548 735.7277891374772 1178.837620378843 1095.6132070403883 1099.464660322125 1332.2276221297725 799.5246150156248 1108.1814183026256 840.3354560549516 1073.7314488765035 1021.7519553154929 1485.4706714341671 1038.381607829615 1163.516730218134 1275.4133938875318 
H: 766014 1463.1325069396794 1481.237335758356 1473.2126162878185 1490.0565765705744 1593.7473794384985 1458.951107282684 1362.4981196734716 1348.5920459649042 1492.8352828482132 1480.7633473786705 1463.0876570359765 1567.0813527524476 1529.7639935324544 1550.9052189220033 1659.6479304496017 1457.6388567952201 1546.031284482426 1466.683514948644 1609.738745196122 1454.2061071115609 
S: 766014 1433.5249601464661 1447.7641936788268 1338.734409345568 1476.2900066398508 1509.571172619505 1388.738960785677 1370.2160447316785 1427.9118937608266 1393.7859741756565 1380.915597217629 1403.8344509892795 1411.9038482691376 1412.1775373568055 1447.2762799482587 1407.2342887903883 1401.4466395693355 1357.7770022800091 1394.2616401678931 1444.2541424855474 1371.1386888452832 
H: 766014 938.533656240802 1993.177714491466 1073.4512681973285 1020.8457366515481 1252.0698667592728 1277.0852924505164 1126.8613637351077 1276.363581596966 1915.377835205903 778.133748423714 1238.1217409014455 1252.3542328269727 1803.9153689540344 1673.810303608158 1706.149528860891 1772.3555990489926 1636.8486726022077 1569.8366063184303 1453.34590614319 1043.0047947271898 
S: 766014 960.4381462803486 1250.911455820656 1176.8890933159084 1096.95009780241 1118.8846649058446 833.2664473938773 876.2860007200902 737.7677412723455 1224.4058647426286 1047.0980040017491 1587.6877163861425 815.3476709181979 1201.830677394157 1186.934186586173 1340.5935520435678 1075.0170700288152 1031.9377275308416 1081.0854030714231 969.9411772449904 992.3104082639829 
H: 649751 1456.8855662058324 1408.1033852339506 1564.3671399670936 1438.7333827583013 1470.888023984024 1411.31876426589 1566.0008380473068 1506.363655443664 1473.923601227846 1601.72520534492 1600.0981554370244 1484.7044242798395 1388.356917588409 1391.6056885205962 1560.0498146881898 1466.9000184069027 1421.7414358860215 1472.7219835834546 1606.8155421474057 1478.7870038463564 
S: 649751 1420.8223851318128 1339.1506794534378 1434.7684832627858 1418.9879089896344 1340.3419258870372 1366.6235449749402 1405.3729519979197 1375.5206841622244 1431.1300543664697 1417.6630130866306 1455.7639314770588 1417.4843860120814 1438.1516385548066 1356.9403042906945 1365.5352639194055 1344.6714545760387 1443.8485809794013 1362.3262159625835 1425.5010077090622 1461.413807130019 
H: 649751 1937.6754682258527 1633.3960951614881 1600.2863659614165 1363.738661250854 1056.8558482236008 691.972048338135 2047.6684502243081 1639.8938326157117 1125.567918515931 1917.9116113640687 1356.1948873396327 1436.8850772934875 1484.92994463568 1573.5444868703178 1025.723838615062 878.8074495779334 921.3517076687953 1303.8403684609298 1597.1668758928245 1154.6419391108823 
S: 649751 1085.261151350866 651.7317899472401 637.2101535024767 1363.5631321940157 684.3647748657185 746.1206792028007 895.304661551445 981.98104320227 1157.0053925225347 1013.8429591045615 895.7016066780118 813.3595565407605 859.6114651615188 1458.8564074443989 1322.2079493967658 834.3370901888173 1021.2964813082647 1047.8331405578579 1308.365515012165 802.3548201863279 
H: 764485 1377.654001621805 1445.8819984188074 1413.6297371441408 1715.0816368630976 1553.322955215665 1493.6349281862474 1555.2985529400069 1666.3381192933427 1529.8069494720144 1440.0437702151642 1377.0582950505254 1438.2313923261252 1473.1474306234793 1464.5627567153642 1555.6571615224284 1520.46906104066 1554.4805758693594 1471.225149162829 1595.8741807111012 1341.0339700165607 
S: 764485 1379.8478066113196 1418.6960343993999 1403.6688370992872 1434.1440829223025 1371.990889151142 1442.0699244867574 1496.6346779060855 1466.9137240665723 1435.4522878680193 1453.5937075125885 1356.8646328476066 1450.2091014665168 1416.9207980282577 1413.6578257062988 1354.6730806819335 1450.854953494157 1509.1031535094507 1473.1720548967307 1483.328186068322 1337.0661187847747 
H: 764485 1455.0253318845084 2247.276915377709 1078.2785500908426 1602.9958589415394 2066.24205570785 1435.933742883823 788.0106454849893 1339.685518385763 1593.1522996167346 1553.2835989679704 1282.1690428936656 1542.2035809308773 1580.0945253522273 1948.364432731128 1146.178335915019 1628.9713853945339 1482.6690895946147 1658.5098132364424 1178.2346195861621 1195.7842357045574 
S: 764485 809.1936190054564 1106.8268934515797 1251.5341196233846 1293.1100427973172 1257.3092088118528 798.9633735801316 1022.6441241139056 1185.5592269501328 855.9709290907373 914.6991172722481 1340.989470260832 1142.2033101079187 1137.553597076196 1206.4904002755188 1058.386023045935 1083.6292333314402 1458.0828313262668 851.6252932358597 1456.2600505072564 802.0725255201041 
H: 441556 1442.372829961338 1595.6021438064568 1413.851322071274 1448.1820325116614 1501.4312497998426 1487.948807964656 1502.0373371449411 1323.5014147305428 1593.4074023019573 1409.9044216347231 1375.5218545535217 1582.4551836969074 1558.355718706105 1373.447993929728 1694.7290127198303 1599.544231036909 1452.08569935366 1507.3977151589058 1602.2702064850678 1375.0458926607773 
S: 441556 1314.1864771948126 1415.3598074896324 1460.2233103339192 1401.718851525771 1393.2454446458594 1394.9093436072426 1479.5399188487538 1351.9543673308926 1380.2130781686594 1395.4349504563645 1360.359584290243 1369.6766921398594 1445.8392793510131 1423.7085779060867 1484.0887134346747 1459.767928628923 1454.4458379995306 1401.00056318698 1395.060559025673 1419.4161308417342 
H: 441556 845.6364895932488 896.4491829465649 1204.7293726582225 1373.643362791976 1638.7201035531775 1694.487715618959 1473.697031183942 1446.1207481601305 972.2193197147296 1647.137881145311 726.3939158448818 1314.4544218314013 1827.9842116833875 1397.6396208096699 1660.9396851112192 1642.638838701864 1666.9127549390962 1406.7405820682282 1019.5806493266497 1089.109035570417 
S: 441556 683.7333464795244 1045.4766167929974 1100.6054230422683 750.5991147239084 1005.1975170225624 1027.0439555860376 1086.6982559328271 1094.1403661606969 1196.1580511013046 1022.2174722555654 761.3887491199532 999.634377594705 1111.649791385712 983.0381677678816 694.5910124735406 979.0166071753063 864.3352054962547 738.9642088603631 1024.2459262788032 761.3012327830975 
H: 669376 1482.898654388998 1486.7775906323263 1479.0066785821948 1730.8438635051393 1474.825837992277 1429.5056007206852 1456.810809950154 1713.4647217478678 1469.5368798101447 1508.321235650084 1432.4972297027457 1495.954666460408 1589.2902439548295 1453.8868315699215 1425.7874899083129 1442.4073449241387 1391.3953737206334 1543.7354210804408 1396.8833738281935 1484.4357775494034 
S: 669376 1411.5995053662734 1351.2294246209324 1440.4302002725376 1478.8930455419575 1452.0408169540767 1424.2999688776436 1376.777307675642 1482.8796888823874 1408.9593352722698 1385.0640153575575 1396.1762074653504 1373.006497515313 1507.4786018249881 1409.2274112463012 1376.1209039308128 1520.8137693219549 1412.7433885199055 1595.2851157797038 1336.118615676116 1398.4239581960828 
H: 669376 1252.154346689387 953.5358254335765 1137.2525421957127 2441.128177083072 2598.037728385697 1025.1738301972791 1360.1713223084375 1236.3974007322997 831.538294648217 897.9032228620189 1014.4836678403656 2127.8806792973082 939.4525888575844 1385.8078908926896 1811.8416618436074 909.8942875875323 1331.3445734192646 1428.2996240389323 1433.0592710378637 1896.3000054154743 
S: 669376 860.2236379722032 683.2149821936738 1104.669318737 1771.6316683938567 988.6248743990407 1197.5242645931796 999.8698607445249 873.1865481066276 848.0563183744221 1202.1005277323768 1013.6343310262871 869.292510875163 919.3625914977401 759.7023168389117 1034.183576508711 1056.7997224183441 986.6173134960459 1082.840455753931 1086.730870182827 899.6234160414496 
H: 660539 3325.923929420841 3170.592614675716 3182.0853138668344 3360.011182332184 3177.0840614517065 3268.5531842558016 3158.7783544595227 3489.8616647019403 3012.946657575705 3218.4995160500252 3531.7721848781707 3043.1270417550763 3273.844383560562 3472.9273884661743 3112.3981617243753 3033.6217891908273 3383.99663707989 2895.8142371569866 3086.6963135345045 3292.4830716227016 
S: 660539 3119.0951629499655 3079.3460111095183 2769.869414108935 3152.694893184133 3028.4044511794577 3044.796687575238 2978.397097881309 3101.114620254938 2888.373941137376 3097.617098236709 2993.289094839591 3135.3146815926502 3019.517726177447 3049.386380370766 2931.4856177375336 3146.3170785513903 3202.9118844295904 3079.699186409766 3058.371012922036 3089.5746551253455 
H: 660539 2937.1716412134506 2964.041239989564 2362.611916751182 3126.408153012787 3115.3503789706347 2549.42937786695 3705.0847260213263 2298.3224041843796 3426.828968029565 3258.2651536583676 5253.986515662536 3694.7451728115857 3132.969122815855 2520.749397484719 2777.582614276202 3669.991999550446 3353.401684629975 3710.900883537355 1550.1992220804893 4408.590383873077 
S: 660539 3161.4458278622637 2853.3041153841737 2273.870573894916 3026.05412180153 1824.1603982728698 2022.097617132316 2797.7318803456465 2080.583057109246 2980.717728001278 1919.2815615515133 2755.8219280317107 2040.1870970171583 1942.6718786446938 2555.5353712034907 3248.170330824953 2807.0499891300915 2284.9521684712486 2369.218506002768 2059.8214031497414 2977.0065601148967 
H: 184481 3225.7784257198705 3466.0798994203983 3251.6813571086936 3198.7777093753784 3384.0883134011924 3072.217402309827 2891.2749582034185 3396.670785735586 3158.8226823669006 3259.32733392509 2988.617797265022 3448.7180587859693 3026.3347135682343 3122.1084670764635 3149.0499932544167 3132.2840684996813 3299.7552434533864 3256.9053688929853 3061.8647487476446 3097.3807329037036 
S: 184481 3091.4051384340664 3303.854185337017 3192.4333777519932 3043.902871861365 3028.6064481208514 2842.8505350159367 3007.0998605932227 2987.4204434333847 2964.2992230648715 3092.6466983880996 3134.854872205383 2933.7668483521543 2784.1738202384427 3101.1627991622704 3040.2905545288495 2993.2143472804414 3074.912145376136 3016.0421197974215 2974.6774566590034 3145.89926289303 
H: 184481 2389.387095104014 3254.579212857315 3136.024695014576 3424.377952324045 3275.064024414738 3009.5159428801294 2619.521818715967 4932.431150436941 2521.667574110609 2633.34962983442 3190.9114294346823 3814.5585355126495 3021.5413131579844 3982.70072958866 3398.2203693495385 2659.616440895729 1182.463657209848 2988.5430797890763 3329.074679148229 2706.2660129848764 
S: 184481 2293.231862921674 2622.725098350884 1563.1337508814934 2229.8905532433296 1641.344761528467 1482.706206880405 2091.4800732138747 3147.495265913811 1996.49001394447 1655.6746676465477 2352.6989580092195 2241.2970225547265 1998.1956311247702 3615.6835205003194 3060.2621951841347 1982.430814783814 1451.3830606409622 2741.4973509238316 2194.1432614430046 1675.963208918449 
H: 187013 3145.95508017912 3496.571463217248 3141.1541329342404 3190.9015327387647 3332.191158611924 3119.6496096976243 3104.140830261153 3152.300861184662 3333.7401599974214 3172.1839566245353 3208.9249420035694 3257.888462782429 3130.7830418625826 3031.263892978265 3046.2187100754413 3056.981840892405 3644.4626296650104 3299.0485951930605 3092.5967350814644 3311.192022233009 
S: 187013 2916.953024605049 3102.43283668323 2941.995963977073 3106.1795233737244 2942.2001522860714 3130.4331116860662 2989.2196321496967 3120.6006069628384 3295.778926455426 3125.0665592075807 2929.355014539966 3021.184764953523 2889.151625973283 3053.0372790495035 2985.7326651202084 3010.4376393033867 3334.928740687794 2902.17206575196 2987.9530225732087 2935.197971115571 
H: 187013 3460.8890634680756 2762.4102668618307 2847.605757375065 2837.855317719397 3237.417452444527 1413.2497699452622 2916.4673077157613 2380.557562576517 2840.5763593434235 4506.8391330439645 2647.7753683892624 3357.7293558544657 3997.0800218785366 2687.3325572166077 2923.210071903611 2641.5005262863315 2595.3413109924777 2555.05573555002 2714.0094863537674 2713.051413486795 
S: 187013 1490.5195237911612 2771.184300835877 2691.221460065999 2056.664576508081 1841.8406779235736 1742.6881821133445 2090.461616457071 2231.156901396518 1944.2545629634244 2429.3500773271417 2584.7572162256884 2158.40783879643 1917.0376014085582 2077.0507798713224 2816.609829334894 2499.1923977788206 2018.3803246147395 3230.721041924941 2823.1598766240686 2955.019197214542 
H: 120509 3273.574566603623 3121.403266975711 3264.13997479059 3134.0199924238273 3375.6802304419275 3176.0739386381756 3259.710018508157 3292.0993608790113 3158.9265812645767 3378.461331468566 3187.075522751892 3115.3078349089833 3465.3995560830335 3125.5304505330732 3004.181936713692 3164.7128759827992 3152.740221385833 3235.653253650762 3224.4816086382384 3367.574239840922 
S: 120509 3020.1156034172623 2952.221062354217 3154.937729866457 3112.3851827087938 3068.5353764650667 2980.103271164986 3139.246064594554 2843.0508636488235 2930.2924777564776 2894.2814009432122 3074.0704531439887 3141.7048326446375 3061.9787261199162 2965.3188752832834 3000.4086070768276 3063.49895945959 3234.7541279312313 3019.1924026587926 2986.338042103026 3119.9215256771095 
H: 120509 2251.086908742253 2435.483633692207 3455.4048244925725 2981.8234096855317 4399.52352617198 2993.270807799435 2051.2483142875185 1800.9778812939026 3193.238302225966 3175.229662013279 2733.2604627584433 2740.7102519523983 3414.1824877956265 2872.2245921721747 2684.212599855231 2735.8134061894766 3108.0043142782733 4055.2264848123864 3219.028750357036 2076.4162222347227 
S: 120509 2475.2603974158387 1828.159916997921 3379.9477262544356 2375.3842004346366 2584.490399648038 2148.2074917398563 2425.0969480192553 2053.619517320366 1372.1780471329719 2169.584044250827 2588.1073902153703 2909.446091049499 3269.561070554628 2694.998682371191 2069.213090981705 1628.9211037809425 2129.299742923782 2494.401642380011 2118.413802105266 1979.0921052062156 
H: 413745 3050.4892381759682 3116.5400214450024 3114.424889376645 3261.255251260108 2861.3791910684354 3207.370348577423 3348.486127331485 2995.73325479411 3482.384390786573 3315.9610034460916 3348.9982996554113 3243.4566113346937 3378.3507179388416 3064.850192076747 3384.657673661475 2970.1030549847237 3437.3861166631036 3407.971282426081 3076.8728275544677 3119.0329353087936 
S: 413745 2871.468889126811 2957.595439446001 2940.8097226661816 2949.7166497156572 2824.6955731180547 2937.9042359757755 2921.0952838843523 2980.2362822999316 3291.171765945447 2870.2770862021803 2917.0347562353872 2964.4728125909523 2977.545259777714 3061.527685155802 3147.512629375145 3006.8746524892754 2912.4124606856085 3324.4154054096352 3186.209487886046 2984.7057950422827 
H: 413745 2285.9912248628534 3502.588278181096 2680.9338816165573 2003.6984971962245 3331.7393760304412 2227.1175714980764 3580.0961242420926 3465.7611992499537 2951.162605556163 3315.4138535805737 3255.389697554513 2497.2534905418925 2188.0360210440344 2335.6748349590302 3251.1848517887365 3858.1145252111064 2416.102199177874 2253.247570903852 3996.0375270525565 1805.9101547557432 
S: 413745 2433.3584369582627 3035.1618929959072 2501.9491922803522 2450.33185913037 2472.9146057782336 2373.1056894978324 2278.017481631598 3546.3831871876073 3638.519071994688 1940.89702113343 2293.1870938702446 964.9166850339803 2384.2542411297286 1613.844152276625 2620.7235807528928 3000.495179782992 3070.268418138239 2178.8782855737572 1836.2592392669192 2070.913792651026 
H: 293605 3197.945569343878 3196.6980570630517 3692.3467446979844 3124.6446969480467 3037.4237216167885 3012.8994442085395 3285.7562841700164 2948.2659554155534 3069.7277145861203 3123.983319989808 3227.701305168808 3110.4221208562117 3378.1100485545317 3078.804349380199 3221.354583122926 3451.812137581597 3004.4124134139174 3182.613981509891 3142.3082028715294 2959.398852015726 
S: 293605 2940.479068150393 2985.3777090741396 3102.3708288040966 3103.7360242080413 2885.6973847391355 2917.829907120929 3261.9538626750386 2958.33398291019 2957.317879754301 3043.3065233222724 2995.614712390952 3010.332638865612 2977.0340695191667 3010.3041753479642 3034.7430268397748 3099.075676328472 3014.6506207537723 3111.6797108250503 3000.969145955523 3169.439240139556 
H: 293605 1515.6948939965177 2137.805696950686 2396.2603272342953 3676.960604230999 2951.65986908033 3520.7752020740872 2759.586681945392 2770.2597671402627 3196.978839780745 3230.0345804277654 2579.011731769904 2805.29218231688 2228.5464370300338 3498.6069014838977 4923.034692079214 3765.319147930172 4006.716425385695 4008.4916793995235 3384.623628276158 3906.0965500352454 
S: 293605 2547.5483558948604 1912.8382705598765 2661.3251344531764 2876.2557512587205 3019.705262728401 2199.055908507416 2898.6633171599947 2170.087301927851 2331.225183466247 2984.448329854772 2022.0665404973297 2889.1410596952837 2274.1809583065074 2701.66950377145 2660.3989047308396 2278.9483924874394 3170.383757237109 3253.999682208539 2738.4004991988104 3373.370526837874 
H: 954442 3085.00648843045 3599.511263819805 3297.214476165329 3233.4108889627023 2972.49889609413 3093.5651001587203 3083.016761334456 3281.7701568601233 3358.759693389009 3231.9746508604017 3335.366071918411 3110.5421046544634 3052.636201088533 3502.0920122708076 3453.481411396285 3073.502556699664 3028.6165509009156 3076.1568572674682 3000.0626520039 3259.1739366632323 
S: 954442 3088.0606766781684 2960.9961691122485 3130.617785869951 2955.3859420705844 3021.243968245579 3234.357969040722 3005.9093624071625 2970.7780812619258 3143.624348106533 3046.6260706424514 3236.476578420482 3392.9654262805752 2937.2524090064817 3254.0031343067785 3122.9734990410534 3208.827009273647 2959.287813880043 3046.1454512762366 2876.751344326722 3073.88695330429 
H: 954442 3503.6197256253704 3656.6316821209 3362.26408697952 2981.383218453933 3243.8326784905043 3931.568352205066 2465.983604409869 3591.034961224448 2093.8172785703637 2041.0448471200896 4628.679037530577 2740.7559848497367 2263.4270259344225 3092.2847952753173 3195.029246515685 3060.764795056045 3141.734996615373 2476.952308672244 2713.5245280636773 2962.4018675607294 
S: 954442 2438.620847919243 3040.994127119819 2658.8356002362084 2117.5832313309575 2261.8790918340856 2804.4242450954166 2299.077808487102 2674.073037506212 2061.2587305475085 2030.9383394228164 4085.9909987139285 2462.0517871984293 3107.088365107686 2258.6921342680266 2910.736678067391 2316.6993090287033 2862.7518018984038 2537.732673526203 2150.65975189999 2479.417591553975 
H: 714161 3215.3124679074826 3108.778526918764 3268.8835556768813 3492.2496059191717 2948.542531508297 2902.0341582053084 3285.11536804786 3264.2758336823913 3164.113676552355 3097.5482421498073 2964.0122153212747 3399.259000295225 3400.729357737562 3344.9856401862708 3152.8713413980145 3257.136825106795 3100.071193211953 3321.8006410139947 3307.756824531527 3334.6608234727023 
S: 714161 3122.8076570775424 2895.790860072976 2931.6699417964546 3282.277806254694 3076.0443793182094 3025.1950798708426 2976.9649059346025 3081.9237013474517 3015.782159833481 3172.899351376582 3012.4324063505146 3117.4276496681046 3083.6384683440015 3070.5201617462017 2887.933458694574 3206.8651909356417 3025.9555364940757 3153.6375422867986 3137.8533219904452 3179.67726439518 
H: 714161 3006.9053164608563 2732.249601967414 2311.5062344091025 3067.1554657571996 3207.0622860679096 2668.112179478245 2569.8037186672655 3601.135394424993 2376.7312902655344 4326.181470489025 3129.737075088361 3130.890272707575 2736.190371112976 1742.5674420592934 3000.4936823964154 3442.130140228236 2781.9403068779816 3180.47900723134 4698.310375114036 4231.825568221115 
S: 714161 2602.195163538757 2076.007655241918 2018.2540890881323 2110.974449401366 2641.427219752628 1480.031553477256 1690.8116218780985 2607.6062629141525 3228.374355902307 3445.1977121171612 1699.1645319008041 2287.3851652597614 2550.359608610952 2223.567593334284 3014.6251204013265 2425.0018932477456 2558.601598617174 2746.5950451846966 3337.1510498664693 2616.6343938866635 
H: 948444 3089.7408099458157 2941.1455321999283 3398.926304403229 3136.768934517011 3033.224822014043 3231.2712390589313 3163.008652454641 3006.158915957145 3237.5277689989166 2987.770607217344 3284.6838764848712 3151.0948260779237 3245.8371781080905 3486.5137996162716 3210.8727951670926 3131.664559960448 3008.2739077927918 3184.763598316453 3472.124805815164 3191.147281794906 
S: 948444 3099.929989525033 3266.202487876285 3038.0897715239844 2908.527625756131 3126.0372663093513 3049.979921966513 2894.7788308139507 2989.0527248391722 3042.369984560648 3144.8254997592485 3025.4149260588 3090.6323318850455 3065.6778799423746 3096.5525117327907 3090.321655187595 3049.1646610714656 3007.0085572807207 3071.4360551808204 3304.9904181871625 2969.476680612632 
H: 948444 2236.229303616101 3575.536540221792 3143.794850718861 1720.7280643209317 3336.9321516703512 3372.036577557691 2087.038373543101 2096.974001244555 2425.8348199818033 2765.451417039405 3268.5733764626257 2918.7481073803915 3442.0653132043853 1814.9196569747335 2839.3895292083876 2660.304585658666 3247.1107157360548 3372.245978190288 2971.7394132944773 2478.910378782413 
S: 948444 2063.112515024069 1784.8921870310453 3026.0923395229975 1941.24965081184 2840.082474536061 2871.998070959726 2605.2756945995848 2099.8428118241773 2403.092104078703 2532.890741947387 2783.397736916591 2892.8453950354233 2816.587664667078 2982.799664316684 3144.595429303703 2515.0514168126483 2172.128028665904 1588.4871166407568 2402.710394870037 2573.493076348156 
H: 821332 3201.225296776451 3335.63895289412 3203.011336517565 3187.4955650254014 3322.359281984845 3070.7625228759302 3292.295599670051 3290.6124770220276 3456.206666123877 3124.6366364154032 3192.740500941161 3195.3150022283535 3290.451615774605 3322.952857282561 3141.107174166033 3123.1441701596286 2944.671588641923 3237.6785111956087 3137.795058554914 3372.9823091947055 
S: 821332 3130.757633691898 3201.645129919713 2937.2101059392994 3208.197090354884 2818.057405488908 3100.1455012781157 3246.409381679808 3091.7067575532756 2942.3229052553493 3064.4406316824275 3036.479182166154 2976.804113331282 3044.5984156085924 2830.013511964747 2954.845751824679 2866.347565131496 2964.4038266178086 3119.450453515158 3002.1600918656836 3286.3961721490195 
H: 821332 3191.002513373629 3298.153628475138 2853.4084656969953 3666.193521638951 3633.614678774732 2801.6267198824057 3660.119251620171 3186.229625903793 1754.8397723486828 2973.2010549289307 5056.417350399012 2722.7110811264806 2154.50358146951 3004.697765912715 3372.852000742804 2732.053889717232 2963.3069909997134 3596.30603200067 2991.1421944454246 3540.170006484862 
S: 821332 2633.1336401490444 2321.65485505368 2263.3734641685814 2905.3410339023562 2647.1432866837035 2517.499762494035 2915.5672560503335 2858.579167295193 2384.0502457726175 1834.3251039719771 2905.9953857239207 1565.7474110585688 1661.519052593574 2480.713948815202 1728.5518918418682 2830.8931949108373 2207.6155940935087 2640.309051435995 2182.27183273655 3434.07063715866 
H: 894752 3265.064350987992 3173.0962409752055 3155.9122675683934 3148.1540525793293 3262.8266328181744 3196.320315061444 3244.9206720728093 3223.6242364797454 3069.762232621444 3419.6142555703364 3207.9222379317894 3081.4252212795877 3223.5926910546327 3075.7732341361607 3145.8060944237154 3220.030131504687 3365.755359283549 3063.1997943777715 3153.1464048930393 3345.556212970142 
S: 894752 3205.022299748836 3034.1447459412093 3067.5172797940772 2865.6332333152864 3153.7453843789003 3119.172964337427 2975.38611413038 2943.6824066861036 2915.515324029301 3083.147352770404 2949.674891031193 3078.6786769895275 3055.45444265717 3006.3066278368674 2857.739222905601 2962.058969756122 3054.3339893993634 3013.5040043860995 2983.457956761987 2864.655040107477 
H: 894752 3602.87109454405 2228.134776258043 2723.7603346627175 2301.5595968708526 2556.3143057720135 2139.808103825323 3298.7297272984015 3032.922666558267 2797.514690728937 3964.98354730248 2305.1924797375987 2338.3068835010654 3887.8379670677573 3601.296881613543 3443.683453328519 3665.998976054059 2856.9809393406504 3370.841725414786 2538.503181316018 2891.706422026669 
S: 894752 2350.545510340948 2438.968794911855 2565.837671277566 2340.501921036917 2674.785873136187 3219.3078115834223 2831.3861023807335 2302.485239876652 3285.342671830859 2063.257932098413 1588.0095246759795 2456.062040208969 1715.9628211569932 2000.7615620438314 2234.9923134089445 1196.5585389959917 2271.2687327135986 2929.8242130504786 1672.197268204611 2521.584824948907 
H: 460015 3249.2761170829044 3124.4287741381772 3192.365729751685 3285.931773691595 3139.0487097848363 3017.975323339747 3088.8139422108043 2999.217166304659 3476.86463174458 3144.340375889142 3399.9348378455697 3257.554690810374 3011.2388723042095 3243.409969668397 3402.6527918561947 3194.725643284386 3188.387683236744 2924.830847900874 2910.178260506048 3370.384643548208 
S: 460015 3226.8279560526294 3067.3779020526395 3275.219433929555 3030.5418929514462 3084.4928249439004 3158.223649821039 3046.9323655253756 2962.50265032244 3102.6606670436217 2953.7405601848013 2986.2266960590705 3215.5523553187163 3018.0209765611835 3060.249627669721 2971.182403441351 3039.0338436547627 3109.109062806979 3128.375924844193 2986.4106938795267 3247.695653535065 
H: 460015 2263.0221713867436 3355.41248864897 2827.438582820838 2829.7676064200955 2246.0144013104923 2433.090957919635 2866.1664191514633 2640.207200092888 3113.907163364726 3439.381906283583 3765.2432680973 2590.628298280642 3108.1631842905404 4187.629710632611 3704.83492493237 2801.550286423571 2396.4076395057846 3085.766845460996 2638.728886155448 2671.3235064922046 
S: 460015 2077.2836274835945 1677.1420151185364 2392.6299681092946 3658.564090032402 2349.857700578796 2435.1964860732983 2376.5966361140345 2672.0795122187724 2998.4777104661916 2935.7401167228522 2356.2740367240403 2726.439366830248 2017.1046840085014 3222.1931180722218 2396.5107232202063 2724.5714685515613 1725.42705539391 2895.4992218630487 3187.140323438332 2420.2846049244613 
H: 449459 3223.14996998264 3251.6779969513773 3220.555413545863 3221.97949216687 3127.117477173796 3202.0790862771146 3178.9819980726356 3090.8327214270466 3253.222072947001 3215.8738093617185 3069.4704145851138 3535.935861005332 2942.3489368657783 3308.861270400513 3099.96258206202 3289.0023678040134 3081.866830148587 3220.4392105799047 3458.690404750737 3108.5271224430962 
S: 449459 3004.3118579872576 3211.7812095164168 2966.1387356666223 2853.1042532133656 3015.4187244712166 3033.4146913377353 3026.5907320455253 2900.3667682117766 2787.3569634911073 3143.400101811071 3014.8093643019015 3074.186963126723 2942.3489368657783 2959.0613653987966 2974.4280088906544 3047.454986304346 3011.942673647086 3108.403377106426 3254.051448523297 3021.228529405059 
H: 449459 3916.0033890023537 3479.585899141227 2699.366152091538 2898.7009926315104 3052.942896813329 2962.8154619032307 2262.1366032938386 3444.232745492892 2786.0321196639707 2875.9046917715045 2248.647675951703 3267.3575567179396 2358.2383493235448 2863.2023543447403 3853.5136870406927 3127.146601831926 2685.890970577669 4421.971160953945 2358.1623514137955 2381.998288221983 
S: 449459 3432.374361867621 3572.6280415826504 2864.906333842117 2118.551971282796 3185.921044065731 3441.123502666417 2771.8392170776356 1929.2235808707087 2111.797155930197 2018.6076990856782 2176.4300682213743 1771.383065600823 2298.7416812207903 2640.3704378889556 2198.537816110779 2431.384363259826 2009.1691034496805 3957.9651608642685 2361.155716997547 2343.15174890796 
H: 601717 3255.3729229972337 3312.8530143167436 2864.5247255484064 2933.7350077401925 3120.786106009287 2915.9298378737517 3356.738103372231 3157.914065422182 3239.66830547227 3344.1117832472 2912.637584474158 3001.388058459932 3183.8778018607627 3287.084679174211 3040.1732370387354 3431.206385904215 2979.3545340827004 3092.1069316787543 3319.8740023983555 3463.3242251550478 
S: 601717 3237.034991874285 2984.3268536034457 2952.049457446153 3167.746259603647 3051.076648281585 3141.8139331078587 3280.081557920848 3077.4534761562168 3024.3972876310513 3135.422314685078 2982.154464832289 3086.6856496991236 3112.843758127869 2969.298036223293 2865.336536702282 3013.128309632076 3039.8140144497575 2948.027934729771 2958.026478739984 3053.5080080168427 
H: 601717 2565.968140490858 3472.2524910385505 2119.057787285569 2220.56081569155 3431.1698734427123 2492.021010630604 5336.033244238064 3857.716985904264 2733.3860392913134 2668.6904496617067 2913.886097275673 2286.2692937364077 2845.955011970574 3074.652970672009 3200.083240331367 4385.174621889573 2686.82799731282 2321.1845757222964 2835.902887294636 5011.380601077003 
S: 601717 2931.1869892236855 2758.1657651158002 2679.3593420211437 1661.2966136303692 3170.4310534173296 2986.9908841908396 3682.201836663809 3162.510692670937 2757.3633132935074 2200.087425793743 2388.5735156548244 1297.0606358236757 1761.1215341653103 2081.9466368301073 2679.966283518144 2615.6491319641914 2258.3466471027623 2398.82791389133 1934.1314860355913 3030.1457571297515 
H: 820121 3156.40077135399 3065.8690915338157 3404.6887978756067 3113.395850869659 3209.8737026510858 3235.0223113234706 3210.1625138164954 3324.852366298801 3162.828903134768 3131.2115833137746 3235.6819423667175 3040.141399167825 3082.036893414749 3271.229134643011 2962.9758599789975 3073.2682854226646 3359.700002777607 3092.96229929407 3306.2907065878903 3327.295187243912 
S: 820121 3114.054177847484 3051.8226649776066 3083.991250827281 2988.2468813327814 2954.6611165575023 3154.2224999259884 3155.476897364976 3069.15395845269 2989.6938213531757 3084.350393732263 3023.7901147592083 3186.8325877106954 2939.095063039449 3009.2975708397526 2997.504767226632 2983.4328654949336 2993.953337300265 2943.220652134152 3085.8295798228637 2826.411014940399 
H: 820121 3118.150205487225 3944.325053461436 2961.1227111748058 2636.1691774918127 2654.945535375382 3809.9267355564693 3146.2835661839345 4308.950612323396 3464.7360350926106 2835.5722166493806 2529.550452574552 2718.974670302533 3122.9155610765247 1514.0808676005527 2207.7684511278853 2441.2551188541574 3094.975190710848 3380.5798143396855 2798.2175675030935 2879.1379347869965 
S: 820121 2111.1141091519444 1729.5222024852683 1675.2569297657926 2867.191230713993 1969.92396018466 2072.850730021494 3080.3263463262297 2898.1447701633933 3985.3673323102958 2848.7569423113964 2364.387214471143 2202.3425056070864 2140.3037732605612 2020.297886040968 2224.700967320125 2558.601198205014 2767.4062831791916 2156.6957053302353 1892.9980687284212 2652.450393029635 
H: 666945 3119.246878355997 3054.609900257567 3185.0736060644554 3527.6838904135443 3404.812283224196 2884.0987997589064 2839.2949885390008 3326.4523086574422 3369.8703726818553 3248.39447614466 3088.6469610411004 3119.723282951434 3264.906962153295 3025.0533766617573 3274.521304743015 3354.1218659041115 3107.9346987821937 2979.7320965853023 3324.0478539780906 3068.739107019484 
S: 666945 2981.0522715789057 3102.081839735707 3153.2882368281466 3242.795329106631 3101.839034549726 3003.2803756612016 2839.2949885390008 2849.3258277546915 2939.896590207509 3044.169958948355 2951.7829268569712 3041.67714328135 3132.6939549794643 2987.842178546902 3054.885989105773 3092.534226894687 3112.7102547420664 2982.707025536883 3219.222255713426 2971.726543992893 
H: 666945 3565.222598286101 3286.290164860829 3243.8283110204593 2506.717560463983 2061.83237142771 1955.4213382376472 3769.163138456817 3128.036868197823 3242.551510295191 3432.327255816623 2608.5638909780964 4334.18006758846 2834.815267585439 3214.366869558131 2618.5209045818697 3528.700223281261 2195.243902366121 2995.059532959358 2576.7844511778144 2946.246265719842 
S: 666945 2895.7267907597775 2500.5181779484897 2308.23165625325 3249.812049264519 2529.7064783515316 2454.0719709893096 1647.0632305709921 2359.1729185525296 2390.0454394740877 2338.0285958798713 2236.884896075804 2191.888684840271 2252.2994984029065 3183.464514713969 2895.8968152549146 3249.145099646121 2130.131359577409 2394.354210031484 2167.531264534557 2509.8172590424706 
H: 268004 3164.540971819596 3050.818827238261 3190.5235837066925 3236.0098573972505 3343.6863326165517 3200.9424827886464 3234.0823648176793 2960.639408050786 3210.699271380302 3084.788016291081 3125.2473040479804 3166.3313523912416 3077.892051308449 3375.045354933252 3172.1247165308178 3348.795140708342 3048.050118161978 3156.6866875563587 3219.900498484637 3194.2831607086646 
S: 268004 2876.7198910395173 3128.429014997995 3040.251404113106 3016.949662315674 3283.3711477303027 2970.5049262626417 3028.495320261745 3086.34714973894 3059.8433553407503 3000.4548102002655 3006.283551019295 3062.766600752533 3030.0801686838404 3056.6789232165515 3071.3415887472124 3140.629775791366 2940.237002779197 3057.5089425275773 3044.8726190687717 2995.7394418320027 
H: 268004 3678.994078369976 3195.00043946584 3145.5677467232936 1942.3817955595816 4428.559826013571 4610.776490609053 2558.320505952441 2024.340418152298 2520.5668899920856 2155.0378135999085 2560.7731671660804 2125.2362573224864 2452.3170128736933 2619.9197986928893 3152.630531549893 3438.507853910653 4542.941792945357 2659.428695067905 3679.223754826442 2641.401538602306 
S: 268004 3067.6147317400105 2792.868773655687 2983.011747197404 2558.8348251079397 2318.269081721302 2299.8993474281215 2237.5808179911674 2238.870402913751 2015.611879681435 1771.0275898324185 2249.6141488424087 1707.9939368922142 2384.732450960121 2087.2122101172954 1852.4353229916655 3064.280481329254 2391.982115943483 2121.3912124131143 2857.7360453822757 3024.874382397949 
H: 245318 3145.1231989847765 3166.956296380345 3065.04321844992 3232.466384764089 3052.9577625198226 3234.2241018278846 3325.643928973001 3068.915264724951 3228.1704618177364 3483.629228430198 3416.6485636022003 3553.1561407535132 3181.1649230718385 3519.0618723391804 3062.369855983362 3178.9910480037825 3079.2192140419966 3165.2586297021217 3049.7506072759793 2955.6233542289656 
S: 245318 2939.378218293398 2965.142298883728 2979.9058695269227 3024.0214257027997 2972.268773084493 3011.378312973761 3046.748557374729 2852.939093152842 3005.8403165068116 3000.4161670414096 3160.5371921737665 3115.8713874627633 3080.873365606733 3034.319668788201 3089.4190909434024 3183.253224294035 2972.397772938873 2945.7215160493997 2795.486768619087 3039.1815211989488 
H: 245318 3293.7107306040425 3473.8358744207844 3371.207831785162 2880.674681078371 2803.0784410815877 4259.960798531905 4150.27916184927 3382.94256597404 2019.2074333194187 3437.999576501146 3795.0611569310827 2884.6943827131663 2236.726052118078 2759.2149865965152 2867.490330653446 2382.745092122136 3561.63564180777 3008.498911858823 4650.963932474999 2956.7635127799144 
S: 245318 2591.238338441217 2721.7313659402216 1562.3449167392462 2528.000290828472 2192.511081741399 3478.829640990794 2524.2605427822905 2890.7231389651693 2415.8118274703625 2615.430133635067 2665.645640475613 2231.524946518174 2033.9164877315147 2233.814090851131 1539.9718472575537 2805.2413992679094 2855.1258607292098 2348.3417281436527 2276.360523436811 2043.1631210514272 
H: 83188 3318.2414391509947 3250.2120322040796 3312.56986240002 3302.3723323476597 3179.492751213617 3222.1844431861864 3341.5267607475894 3129.8024730309285 2917.7872726933033 3166.463831258564 3240.6798042518017 3358.1940187807913 2900.3483941662844 3427.594354429169 3063.401691377174 3169.564931984307 3213.728347646758 3205.0757403386606 3287.1476336150363 2895.182300725158 
S: 83188 3094.1609361302253 2956.0402653494452 3307.9208434925663 3175.0359228888833 3314.6777291714143 3241.445660316864 3214.49618674759 3146.4467533030133 2900.0019047146016 3112.228622672814 2879.5536761588323 3042.0407667339828 3006.7264136630806 3324.4777360581725 2943.4091612737316 3017.761989826633 3011.534107794148 3296.8348177090884 3038.2260997373915 3065.1686271898798 
H: 83188 3608.691776000153 4164.973825513497 2696.969467997963 3247.692804838622 2746.18914663298 2640.7092562124108 3580.4867653884667 2095.2061155946967 3579.6078989694092 3521.7140332923477 2572.8771030245216 4179.519731885737 2186.810803472086 2674.15008883675 3086.139472687259 2802.158146572247 4119.699104931762 3640.8588836805366 4099.7525848621735 2750.9503116323554 
S: 83188 2634.7636360617407 3205.9918662926293 3973.1441685571276 3081.9881945900133 2319.7308026381334 1846.6055969732515 2652.8138777719573 1303.2698705853243 3032.578196114939 1849.7893501139822 2563.034641714391 2184.0262500099325 2683.0858346068353 3141.169980298388 2047.1932286266538 3252.8038424547303 1792.140499658023 2345.3073878746427 2341.5861526572025 2121.4060536678485 
H: 202389 3201.298076024058 3269.6342633922877 3469.7658830649502 3051.3426551005714 3216.429701274855 2970.0551378022733 2960.0432122101665 3252.7004240911456 2983.9367930217118 3275.718406009693 3343.3534585518396 3071.6331034704813 3094.63663893145 3086.0201410708128 3055.498092864172 3141.512618098325 3237.33623031157 3257.1326496583615 3517.825377274721 3141.2979401088464 
S: 202389 2955.734754235729 2904.653829760985 3082.803095083367 2992.4826756182065 3090.14571881043 3028.4375289234995 2831.8936106690885 3216.207164774314 3117.091517468398 2980.2882571762225 3338.87486808842 3073.5462522792686 3100.3269474611484 3083.3595138420933 2918.2730007512396 3042.355443177223 3042.1204273011194 3077.53705659099 2803.356570072484 3128.64084643392 
H: 202389 3198.0795924311483 2475.136465354133 2401.6388688199827 3738.864683970215 4307.226789000917 2790.4106096805554 3103.1551015746886 3596.828985463093 3034.4304158024397 2409.9521317471654 3217.147654158763 3334.2008613681724 1962.7794627585179 4065.65251907157 3603.972426180418 1693.4888755550949 1873.2944929997766 3380.580740388732 3773.3041923880796 3219.131373736474 
S: 202389 2092.5723615804386 2787.4106832617963 2560.32927021552 2294.4881251797424 2129.0270123331507 2222.3049147586585 2680.5884715464254 2810.4355940677856 2032.8945439155805 2012.349880072526 2413.8300507761314 2235.2018705346845 2516.438533044055 2148.611541907577 3230.9011273839697 3055.69335436779 2040.7278115720615 2792.7336698642403 3708.0696424066805 1991.5535294691165 
H: 331620 3279.455472498096 2969.4003030335416 3332.555977651661 3362.4996661321607 3071.8765460665304 3172.8762201460054 3048.5033540472896 3206.2570093819822 3364.3736978779802 2872.526419447469 3062.7229535110596 3318.263792205349 3018.9860230654976 3352.3869229964553 3263.9396350543125 3370.6985131628644 3293.860848052349 3366.3046932695065 3457.0071485187345 3162.875167166166 
S: 331620 2869.837161557725 2949.826336124376 3186.6974436370388 2923.3346535074857 2921.266592535282 2893.0580853334577 2791.774926457486 3071.320082070808 3114.8165716064595 2910.2369030783907 3008.9232374006324 3291.9349769742503 3012.0369927525344 3088.8266366063294 3100.082127930055 3081.196470031725 3178.114978785242 3231.34498215526 3025.15961561042 2980.9608931201124 
H: 331620 3421.9515741605273 3005.2011866005464 2790.752682615525 2853.4032203404736 3027.2680657416468 2002.9830254912165 2857.5597934102434 2334.883018259232 3483.3000998580123 2419.037070116064 3095.0075147395537 3436.5357833896 2628.174617531721 4541.51492438149 3633.6746385160777 2057.320541280154 2293.073005123765 2636.2378477811562 4155.98513560245 2078.312337215204 
S: 331620 2818.9384931625273 3014.6468956510607 2152.103048531636 2330.292648032551 2569.9047330300536 2901.0381368058984 1898.0155683684088 1965.0740181962847 2803.031380656859 2239.430333753965 2411.7658377548396 2218.8326870065507 2128.18151210056 3116.1994000011305 2096.672714476403 2889.221769252488 1532.2168501851208 2688.415022908076 3013.837984874333 2811.5401165012454 
H: 352110 3062.228609490646 3283.7675654256973 3316.82115171599 3050.1403918310966 3136.5451618925863 3000.820386210183 3227.7944782880254 3385.118076255509 3123.2989094659783 3079.521104414887 3117.903601962887 3166.408497430606 3164.102353210389 3480.6737706363083 3157.5401610843546 3031.2316112094322 3168.200284193185 3014.697946382651 3153.8502696988335 3093.5228676847864 
S: 352110 3212.9135735346003 3222.6608304565057 3035.478361392735 3096.0906745555344 3079.126579286648 2951.934038290786 2919.6158405279616 2835.728726878632 3146.5560100872635 2938.1806138006527 3145.116318717043 2860.431346588845 2995.67098452533 3219.895568526244 3122.1233089929096 3031.7819537299806 2973.571770158467 2958.6771523773778 2949.941773528544 2961.8954302599946 
H: 352110 1912.122650252163 2790.7073866671712 4574.909334288075 3406.965148676453 3249.197414028357 3245.0518762082047 2329.5383904365412 2688.181456827912 2166.428321764309 2896.1122842687137 2835.180047704407 1709.393169708982 2504.036872438951 3887.8277315321016 3635.3807423583357 3413.2877157868747 3210.8959666364904 1676.2088889211227 2822.388054906994 4161.042134646827 
S: 352110 1661.6983501031584 2675.3732545493517 2015.8814873074282 1480.5167017703977 2337.964538958912 2794.5623666167053 3169.2196060710085 2865.830327042478 1761.6133046635005 1832.5675334501468 2727.3981055513436 2042.330358213532 2646.3126060381887 2621.973888137456 2696.568172943631 2103.6683104074355 3462.02581672455 2732.8965164954393 2459.003982329564 1887.3570892884645 
H: 968868 3064.1741098855373 3049.3157905227927 3137.0087971645303 3046.4850210897844 3511.701131171611 3072.997436807929 3166.3620803039885 3141.0707721936674 3288.7107355614044 3077.075641194003 3092.0202928926265 3458.622203769504 3456.9369295164674 3110.7858436783777 3553.3075999932903 3146.008342157186 3291.603409011616 2995.489990149148 3162.983359166474 3225.403175104044 
S: 968868 3059.9031172392965 2843.3966803584376 3053.428268159973 3060.299563586 2975.346942588021 3072.496421604176 2949.5812224747915 3102.2611751094046 3251.2089383630287 2914.4359843440684 3008.934873460138 2979.4156563681204 3033.057915975544 2917.9139036222828 2960.1922150426713 3104.4667501394347 3214.8821615741635 3030.2455557288804 3071.3939668810644 2962.119881531511 
H: 968868 2265.8725117955382 3293.5766705511205 3674.573615339856 2434.3118778654944 2443.3113989874496 3293.0311305013443 3152.0786885275133 2392.967053286013 4981.901300184254 4003.4227251507773 2853.176267389869 2745.7647540936523 2854.0929437882382 3081.997616690527 2161.8271842393237 3942.726748047629 3348.3051194796844 2557.471802929182 3359.196545904477 2882.8030558429195 
S: 968868 1834.2822202715702 2773.1349170013846 2231.534748008522 2150.7327107070855 2346.6757141501203 1833.3917030899586 2112.491615486079 3535.4876287926404 3072.747255993823 3488.8275881129866 2231.404071770879 2691.794304929768 1607.4925108130083 2819.581456500758 2666.5800917328324 1764.6593286480743 2374.276518670733 3409.283434749771 2577.8250651201147 2648.21911341921 
H: 673045 3473.4482649328024 3028.3834389257104 3327.221571493342 3150.8480591327584 3034.9719842728414 3125.4141928854483 3088.7061342363872 3079.4886667275073 3421.64821628805 3093.979193031836 2904.090850610871 3421.4912881498376 3141.786989675199 3092.5511126680462 3229.537230923579 2958.0913163798646 3473.3666518847863 3459.220130878352 3112.606117928853 3236.313103102178 
S: 673045 3066.5231382455872 2855.3262322564874 3019.103687141527 3007.8748933978827 2940.8302000373583 3111.765803573801 3035.865177906225 3032.889262219215 3077.102031034537 2897.9526808246005 2904.823804460879 3058.1140648428873 3042.1889626363063 2940.5592454563334 2942.98587926287 3202.4541207792413 3102.6165547270593 3056.2453618813493 2954.251276582113 3032.1391646645266 
H: 673045 2651.689679342483 2901.2290172960566 2399.9707201755436 3112.058768732887 3057.050158471665 3912.2619634851785 2304.6436690017754 2797.76402974707 3425.494877613623 2671.056960491845 2698.162162542875 1926.988779775117 3931.892310986317 2354.951083394351 2905.8582581389414 2948.8750986345453 2284.0074705506754 1900.2071230601655 2364.875376067044 2842.233524956976 
S: 673045 3119.2845674810214 2265.675482228368 2625.525557160582 1788.0576818281743 2706.108604215329 3097.2612322447408 1750.832353411353 3118.8858593577993 2542.519929198809 1815.777932478037 1259.8098833452295 1907.55054545389 2687.630607695695 1540.9560446444466 3506.960123729029 2539.5903108648654 3310.5839477982113 1565.5665978404409 2261.12218116635 2499.068960551112 
H: 951249 3127.778833718032 3118.395954750838 3341.6936809471936 3064.173537437642 3383.8800370031213 3137.817100280978 3220.9313744154138 3095.502777817392 3409.7085641493027 3143.3253969542643 3217.8054713563897 3019.4532127534776 3290.348872916244 3589.9666953427163 3170.2466419206585 3322.2940695599145 3281.966254079745 3248.173246976318 3185.637273972273 3398.2918593974036 
S: 951249 2829.982010062571 3183.6029227053405 2996.4204907429557 3018.854654638511 3131.0241892866397 2976.1372362058473 2996.557863294221 3137.3602866018446 2935.172054941906 3153.581158080168 3110.566154817251 3138.310930371523 3083.8364235926742 3412.9335252636324 3116.6701163638186 3173.806924554733 3067.66908569255 3105.2859405993922 3049.405742376706 3094.397481963853 
H: 951249 1827.5819422455045 4249.909111839125 2968.460896096062 3234.6835766711724 3911.4350220292013 3628.882081387078 3638.305355382928 3691.5296650222467 3844.7807651000367 3133.8041263599885 3843.325131117255 1931.2377722283527 3279.482526000048 3360.9443839786522 3293.700919001537 3830.718068353757 2743.0675437953946 4310.023778094084 3004.6890865168853 3193.9928654790383 
S: 951249 1776.2247882046233 2322.3436653738613 1632.537209375868 2118.972245985718 3531.1674242605272 3285.846779760953 2625.118155899249 1599.6396983370346 3392.8061928197417 2849.3777029839575 3102.6519266115406 2297.432349232492 2383.496188234575 2905.0124214465473 2152.952082913267 3223.298939984522 1712.9494369668585 3425.700160044523 2799.310212134889 2963.6612622997336 
H: 258509 3058.540073231236 3516.8206733913817 3179.934057021774 3006.697057131414 3417.5871908500476 3152.9008435218357 3306.6401064940287 3258.1926729098227 3462.8440475609727 3507.149415458776 3419.5054284885105 3345.5265270405143 3144.3667668796966 3057.6672467009726 3464.2355080365896 3149.6217299578702 3271.054474702232 3311.2740076232585 3180.2431144781435 3188.3038291630724 
S: 258509 2949.718830974747 3127.507638444877 2842.234360593181 3055.462463802071 3083.20180396759 2936.8128963765885 3083.8965794729756 3074.5188657871663 3104.9831255494073 3131.2099057137316 3077.7544255625558 2957.7893105421736 3136.4529826275043 2901.3837134663404 3310.99106224361 3041.184385110254 3094.6661981434213 3167.9949085642943 3088.1885754597956 2979.1687968798706 
H: 258509 2076.265395212933 3908.5846945046824 2732.271072381761 3072.534549710539 3345.0420562375502 2409.9960611144834 2610.8420580280454 3455.369103594458 3092.7950755131255 3585.557981055363 3441.9826367954756 2668.429712429727 2225.5566718579016 2558.690118963773 3440.0610727994103 2788.297926203554 3091.66529559886 3093.6552057616173 2691.900091508686 2295.621887109872 
S: 258509 2048.355330859124 3174.280336581249 2317.8642280616446 2259.285793641168 2718.3832885393076 2431.246214098961 2628.023169081764 2240.1769164074212 1743.4747896216336 2200.6970980195624 3369.906589721084 1853.185769801973 2933.525135790336 2379.3696395102875 1598.1810453632888 3227.292225437897 3737.032727610496 2679.5804494338695 1872.8749086376292 2272.028454330156 
H: 966819 3214.452808895141 3347.6451374224803 3380.104233346516 3124.095558116325 2996.197267300396 3428.6776187280334 3126.2869498626465 3020.4437872883877 3074.238889401549 3160.229874684018 3485.115527228033 3019.5925434334454 3048.3124921579565 3032.5948792899458 3088.800750340523 3345.3175440877944 3064.0578361643306 3065.828308279978 3337.263382299632 3019.21971451895 
S: 966819 3037.5661481045195 3206.4640543636165 3008.36704547864 3071.4648582740438 2938.242487151569 3107.837443576419 2935.5982155008023 3042.8789335170586 3147.9285848965214 2792.938303532061 3144.5605726897065 3257.5560626133483 3051.568715354608 2897.7319205399344 3077.3830092147555 2970.842518718921 3040.9707553771423 3032.561339739701 3056.6680556427195 3236.30110439683 
H: 966819 2351.5042466371283 2847.978429578706 3267.7863134239547 2587.229419970126 2379.12428282881 3242.1494973793365 4128.973742271211 3070.2880652746044 3390.937987093045 3047.3329456370557 3697.4390895051483 2604.113006530503 3982.2892256155137 2545.2096231326987 3705.9828808245024 1608.1672580241834 3911.1419866036485 2386.624610616568 2405.2151481469787 2780.5230971369265 
S: 966819 2023.8541375088384 2270.8647586027496 3205.6305379045275 2869.318673360715 2126.0307125703343 2723.030670654474 2350.827721052791 2803.265921219833 1683.9019335628159 2245.511933234951 3146.872786810668 2266.026581003283 2404.927367167281 1626.6116123373345 2319.611140588658 2967.927442408708 2862.0299737005626 2016.2340206884164 2734.917575574441 2234.1633116768003 
H: 706670 3233.0552274179545 3408.584860497915 3270.103531103323 3086.5894546334084 3306.189684242058 3286.303878003973 3089.0133995511587 3191.83433451168 3171.2594069158117 3021.2917222947935 2923.5272955610344 3360.894335238668 3014.564224053122 3108.061114189738 3410.444298578932 3102.601274443965 3285.0998540001424 3482.3750703708597 3127.7917206901584 3473.2834583536132 
S: 706670 3167.719654774597 2972.239490223892 2924.1509759640185 3187.3301889432787 3148.5427397802155 3117.7094703185494 2971.4342403808264 3087.341910751392 2958.098845862884 3157.333214574989 3035.423154959662 3115.6097311117583 3122.433707671668 3018.4293142443016 2924.9549621393817 3084.039714288782 3042.6177686586766 3024.1188990085075 2860.6318619630238 3369.392683334731 
H: 706670 3650.4255962087464 3183.369491945685 3563.703775607017 3543.9293606062897 3212.554693060309 3042.502356620564 2347.515865446887 3556.868945173818 2257.3775849604717 3785.8586611327164 2736.8419177204055 3785.295709672211 2300.709765361041 2746.3962374587904 2951.9003367137407 2275.8761284260277 3472.996635116561 3307.050791672394 2752.697870777042 4220.446195234949 
S: 706670 2255.2628458490235 2434.3749569457277 2237.3341250375347 1867.6482667414546 2164.982753907587 2299.801659586313 2265.217421440629 2490.480381131186 2984.925822476941 2577.123191036611 2016.4349660491116 3471.9205031719516 1869.3078897758933 2359.9283818917406 2582.6963227927426 2361.0351197827395 3064.510656588814 2283.2836888250145 2667.2842798841284 2703.7878551700915 
H: 794762 3073.1327772032955 3094.4952789475074 2922.8821921139925 3191.187631544288 3021.573199373263 3052.5245644581564 3183.409234422013 3012.989153267342 3528.076323581616 3466.0869335817906 2958.827836339042 2918.53028256619 3128.3190898809758 3183.015922439295 3289.2635388786935 3240.014354893549 3427.447813492367 3105.0393537324985 3140.373375725933 3018.972980595492 
S: 794762 3046.646655087429 3086.0444792742132 2831.388957792024 2995.1837102425166 3360.695769060865 3027.9363180543205 3125.2062290600206 3090.78830231799 3157.198894901084 3134.9520387379284 2831.5931191979653 2800.1591586993945 3161.90014523327 2956.0302788829827 3024.468929704827 3128.7831282397215 3107.0949710375635 3191.3270019173574 2939.201995576928 2842.2428154509093 
H: 794762 2700.2854365513313 2343.1667388655064 2328.2774734803834 2887.113303263476 2202.56193680601 3363.813488481809 2272.655642947919 2770.4445894666783 4302.484591220036 5748.635871153955 2865.905438320073 3190.4184831623534 4754.369469840884 2843.1636450945675 3508.1357604206437 3388.5455351529463 3767.2428035160274 3331.924595931963 2177.5190923760224 2591.5461607035218 
S: 794762 2262.990246493889 2575.469467811731 2968.3067043282795 1929.3683760419763 2528.4487397857306 2346.0075197950937 2758.224770628693 2589.73557438867 4091.3247926004688 2659.8323807836496 1808.1971445688166 2124.400122119411 3203.9055088287437 3189.723082106762 2960.9794653069584 2526.336543963362 2593.8779616664024 1666.106735629899 2239.9241375863753 2981.0159406039083 
H: 564081 3381.4791944418457 3125.2229832884395 3414.565217561032 3206.9978596029664 3526.6129168161 3157.687889283028 3208.7784790496357 3288.253328188836 3240.54522553887 3189.7141839457286 3626.4107239863797 3219.043976623427 3417.1821457956403 3033.599136136455 3581.1474369573784 3119.870222937057 3201.1601366372433 3241.4937659181946 3396.7985041117086 3102.979938831122 
S: 564081 3135.078611028117 2991.9019083908292 3009.6687982251833 2932.477619645899 3150.4151767018184 3214.4703577395535 3096.996950094702 3093.94566396618 2988.650667724236 3007.255936483785 2966.8165586254195 3011.3903127041094 3103.6100076758303 2947.0142469096145 3038.1546752993954 3108.1997505883896 3216.675633909626 2839.975162723187 2861.199437987671 3202.637259836521 
H: 564081 1883.1199253611555 4556.201703868178 2704.6002584539774 3339.9974741418 3260.437523633312 3283.4847696779134 2372.6273727650923 2785.6703953189235 1956.7915925150885 2167.517610938717 3037.6703077271595 3141.9570960020537 3087.424611248872 1934.7665192077927 3225.9724433754195 3606.337642602086 3073.5196464599744 3177.194933616418 3061.395798551324 3359.7483036369213 
S: 564081 2715.6523837222726 2306.9153452605537 1576.5272527402806 2808.766470148217 2206.3339860142128 3119.6403416104267 2729.8848322411945 2007.703667385134 2096.7607810646855 1685.739505352058 2319.502302267073 1923.1207687320307 2652.6243839354283 2684.2556225077665 2565.5158265459486 1742.5793048217051 2920.2764250690598 2201.5308175883356 2747.1976673121817 2324.877042269805 
H: 326726 3188.456570358386 3565.8337788511994 3143.5570027711015 3212.907710765621 2940.680741038372 3344.111812263147 3254.796010657674 3018.082279060783 3290.3835562906715 3289.890018114928 3233.2273399196824 3220.3663877510407 3259.867336349652 3745.3023727275745 2855.3486151379834 3316.178375605603 3447.8074303604194 3232.341025367089 3533.739628005552 3465.436134984023 
S: 326726 3136.409331233433 3258.080645948432 3023.921650793871 3071.930448240194 3029.4593168652054 3062.212868078662 2998.490517645304 3070.898936818392 3061.1921600178007 3056.1507616823897 3008.822603612397 2905.4427555141597 2915.7414075304914 3014.1322615471895 3125.085401115592 2913.629567007088 2987.9225316941356 3043.8276827247923 3242.3971042836038 3211.7577958985153 
H: 326726 3792.3101277641035 2708.4549612540727 2983.0759543710974 3379.907194096018 3714.1083031002763 3033.7988019119575 1925.5448098581744 3473.375381850561 2352.5884807534144 3907.634459451792 4302.963450144372 1817.114361617518 3119.0551514909944 2335.6064656859394 3387.168602451728 4230.621044413752 3090.4876880323804 3560.9210919776874 3021.427608941546 4282.504332536152 
S: 326726 3128.6851224649636 2001.3293535260013 2635.454186707387 2865.375765376285 2995.3062175725745 3336.72512415095 1744.6147996990364 1989.2943920297216 2235.0149507111555 2747.174879003009 2478.673110208101 1889.5013416183451 2423.8286265855354 2049.362255233756 2655.3217087615135 2955.942249619597 2488.930500578117 2773.3859539413284 2305.4736029434857 2986.2001431724407 
H: 829718 3280.4564190811197 3452.7659491769764 3302.0968529273578 3346.996673584413 3550.439403514171 3616.560217773849 3137.9827830430786 3248.3202604518156 2983.0539997652622 2965.695529122357 3280.3374760752235 3368.3321496689487 3064.0710939284463 2984.7760447226688 2912.695055161117 3373.492545649579 3149.008014257701 3333.4068283530564 3255.1226461560245 3034.100561123378 
S: 829718 2960.378083557373 3105.950107376083 3150.1091805168357 3089.155991068803 3121.7732111656533 3013.0233600125553 3057.6227395151336 2841.622123174059 3099.7662875387896 2987.914839590962 2968.3268531777453 3144.7064574677997 3134.4219757685605 2982.7067110794496 2834.006528228485 3066.3849419195426 3390.9984512798133 3019.598466259797 2845.43107723892 3005.612818941282 
H: 829718 2649.895994744907 4805.884161706098 2285.9479860946276 2205.505259105695 3623.564374726087 4863.856705374034 2449.4121832976416 2874.45777642633 2775.5750768590246 2187.4762240161667 2947.022383330673 2754.05876838043 4560.677925769384 3587.6873627797036 3878.3781675448618 3505.247986874583 3330.761548603403 3227.1489453970903 2155.048889619243 2129.943927382415 
S: 829718 2376.513906857598 3091.3328357415076 1835.6041781895049 2537.657023579996 2714.0563585312184 2236.285254997842 1936.1399505060137 2498.1503554955016 2720.708288101078 3153.349530772334 2149.5305945475584 1898.676669180128 2218.328799102585 2586.3548358057446 3203.809249144377 2077.687854601219 2457.269608472264 2125.8077939082896 2497.154766924991 1554.3724512286287 
H: 927530 3038.006152335759 3489.7235914078537 3308.3793214668144 3058.081418132469 3475.4508112275234 3219.2018719597045 3519.1458007857964 3432.4733216534414 3436.5176767298467 3177.7592758028622 3341.677346115088 3004.3503309352895 3054.9297415628253 3108.6711355697107 3260.1611767688055 3145.667904408015 3137.326015543974 3013.8695359542476 3081.621806687854 2929.6421574022197 
S: 927530 2927.9919457288674 3020.945056385827 3288.2923372145456 2954.8039251702535 3175.485001687739 3127.85866079955 2961.7107629573366 3207.232691876014 2977.0203273029356 2935.484587023509 3278.8620170807303 2866.00968730847 3080.998532019167 3118.7063955906565 3021.0238089636646 3042.8601378990566 3128.7403518957303 3109.192886679929 3173.8645950609794 2915.167992770496 
H: 927530 3331.1169143069856 2907.199637927893 3117.129347387589 2307.892971864271 2619.5315782164366 3137.328508498999 3303.595807937046 2551.072009234887 2842.9818616129405 2208.124082653297 3302.1451061469925 2451.166767707874 3112.6292181081367 4527.8246900822805 3165.3835099244343 2918.280751042311 3337.694888606224 3533.9996920541275 2716.2462035789167 3414.3247415055903 
S: 927530 1757.7757441284566 2490.155902543522 1759.6063455133085 1758.7432880052668 2416.7644578803474 2822.4290592540165 1879.7293463399828 2504.9545928198354 2132.975811467803 2211.5770084433584 1740.3252596078291 2046.2049003264672 1993.8188369802706 2147.205131466065 2865.632093731708 2857.690828750043 2234.690444572916 2670.6249303023765 2535.9347242646877 2661.8873997724786 
H: 387868 3244.4521518404026 2987.6710870526917 3354.622928895157 2992.7423940797426 3208.961139326462 3231.4454886558196 3507.1841541008416 3056.9470649643517 3314.531664495084 3283.320925868413 3437.726921688543 3043.7684053717917 3137.2112549871695 3321.5580963554407 3276.229100866314 2942.424700769013 3136.3599496646075 3189.1032218834066 3194.9075852601336 3240.7520079872525 
S: 387868 3142.114241175198 2895.047625479814 3185.6195571610733 3000.128813232719 3117.2419488017267 3062.5848743935226 2820.7291276641013 3058.7035871514577 2927.697571515373 3047.4729534449216 2881.163798840403 2920.6973912338976 3164.997000071826 3190.382258794633 2992.793652337042 3102.877618240637 2848.610547417536 2963.9048804871727 3027.66408305061 3006.6026630784263 
H: 387868 2229.2719180344243 2422.040657578866 3070.5932227571416 3552.6882531205238 2010.8239755979891 3764.8420683304544 2538.3786595549427 3411.68036774082 2443.6238903615827 2754.8802323179166 3514.396288603958 1981.6691536886765 4226.441665090792 2562.3891945023415 2062.6141345341807 3304.7848372888598 2885.127597849102 2762.641507295731 2334.7275549843284 3164.168621800808 
S: 387868 1768.1475340788256 2599.667391568184 2376.3996977864117 2450.514731260912 3040.801333667681 2867.593909253862 2093.9731160541533 2114.763646268599 2832.882257610032 2205.1701749033796 2861.990765003894 3546.334114516004 2437.989139177583 1947.8999282796867 2046.7910693648344 2151.6991659143882 1804.3879042454905 2565.8684967196136 2181.8384125653015 3637.595054104891 
H: 772135 3191.4282570237915 3091.635783432126 3346.65217987346 3160.455959778711 3277.2863202992157 3092.8585750513703 3190.949724878657 3200.2444782470116 3118.5277870962605 3047.2201617543215 3271.1489599912084 2954.6431946893817 3142.8084583701275 3478.704432574904 3421.8966890230154 3116.1206591769187 3061.2202728608445 3078.0406072254273 3118.8884721442246 3119.7179584280702 
S: 772135 2918.0569948636094 2885.638897906364 3092.1735934439535 3005.5443709191554 2975.422307298322 2892.4961454739832 3125.007652596255 2878.933410207239 2961.935643876301 3100.330772224429 2987.5931602368755 2874.9913718065986 3152.5151084570302 3099.0474684569776 2964.9530325261726 2893.1317643184943 2945.2915102637703 3007.9599121635706 3068.073184424575 3075.435785515956 
H: 772135 2258.6244235079353 3252.514055600164 3633.146383410654 2836.862013623478 3494.406002528265 3910.1750615535134 2756.6728366308726 2608.5930116494906 3377.5679010835715 2547.875288248074 3003.364231741321 2836.5610352790727 2984.6911618704976 2909.198552680097 3140.419478518648 3268.8722191009947 4295.972970132874 2653.1181703648954 3026.5713766995264 2389.9004476436353 
S: 772135 1605.290656736645 2869.0077548606146 2131.2372053804415 1875.499038388231 2289.5424311348706 1840.4749114363437 3507.4578332130404 2772.1430729031654 2798.6710377060235 3232.8968917519724 2456.5445333973316 1927.8311466545565 2554.4594344976426 1933.1611373412065 2502.4395176774906 2109.804620779254 2683.121117212648 2074.9545755345857 2138.5576738796008 2522.9025673816463 
H: 769481 3372.9052225647315 3155.9505227156733 3046.171784645807 3411.432776553191 3491.434081790338 3274.2066976536785 3199.6956594463854 3314.3951570325557 2894.922624052267 3166.548525452346 3528.7505103184817 3046.782744618189 3197.3987021755424 3168.8419962159637 3104.0691055149273 3232.8268458759303 3216.5251361222595 3197.4707073547565 2915.1610628522835 3046.636983170595 
S: 769481 2918.389667345779 3128.2014446762487 2917.879895271026 3278.670717301673 2974.8820703936167 3013.684670069978 3169.7620952258294 3151.598854549596 2892.3581707511375 2911.572061979626 3141.1141070548642 3167.5061780484757 2928.757254563574 3158.7891532272465 2896.484784747787 2975.742974129621 3030.2071288833686 3125.8622466085503 3001.6293199745205 2927.861369200614 
H: 769481 3551.5723841139925 3420.116981793498 2368.920412253137 2261.4254705571275 3442.150365520799 3105.3036829270586 2367.1644847615307 3630.3854324978543 3133.7128276991953 2321.288952873063 2659.067549356406 3893.0747841750836 3234.1144376995035 2089.327110798662 3419.8018254016406 1738.0188959505115 2483.205186561913 2068.3959611412347 2623.037460861425 2058.8102660062486 
S: 769481 1783.186313558517 1829.4884588389443 2201.8309832641025 2350.5211834186066 2313.2501444237364 2318.8973994474545 3030.665269920462 2354.6749314686085 2255.50995330093 1850.2822153848806 1467.0367598697037 1728.3469539231935 2180.351312332779 3596.5906033855194 2136.6624570934755 2248.0899513273544 2160.802913228484 2570.098601199048 1617.472665918573 2323.333655364797 
H: 717054 3187.7198828474443 3014.786125641374 3132.703593463288 3111.8285096650065 3226.7803395615447 3153.3791427465926 3338.1331213162593 3303.4302410460423 3272.813359118473 3198.3681363295555 3080.2729564587853 3544.3961971015237 3295.5523138319177 3222.2866855407447 3274.3684160369676 3375.1465848882062 3088.297344652442 3298.006088453118 3132.1703683262535 2930.8502495894154 
S: 717054 3075.208421177679 2994.050939493299 3226.7196892223105 2986.801851674412 3042.8893801316976 2969.883169151778 3075.210844730861 3080.86035102997 3220.529701209846 3020.958149669779 3048.5375131105616 3255.9069155484535 3103.33966879639 3188.5870643764324 2969.512807305501 3040.9708394600434 3070.35527316638 3119.9808466799545 3101.464660404504 2863.999694740312 
H: 717054 1438.206583881345 3174.644676258474 3088.2940111945095 3281.961952444468 2844.0290211816796 3100.2339131657927 2550.3485962764 3528.817276184186 3475.0654225042913 2504.3661838564312 2783.446761039861 3198.9340627594065 4409.928395948153 4080.176894885337 2720.3395155067146 2821.729610755047 2817.441369138162 3507.2644912321316 2993.184314343459 3620.1476709534068 
S: 717054 1755.037944626265 3080.2165535021095 2473.090000526928 2063.630258439545 2564.1734965927235 2648.3111840835163 2705.3707002040014 3231.8990925416897 3309.0707857467414 2418.159726138518 2145.798852447766 3140.1415438486565 2961.0432033697384 2465.8583547091994 1825.4689153888494 3227.296480212852 2558.0096330682154 2726.3452482008984 1411.960679264039 1998.252898276763 
H: 622986 3030.9479742089525 3369.0603504681717 3295.192649763552 2881.8539913005147 3154.9235221869585 3188.403134732417 3376.1244344770207 3035.1733578157064 3095.0538068755523 3431.489124309283 3208.789524124552 3135.6182183586116 3334.999727717341 2909.0475089414767 2890.9478492609646 3338.6631982306944 3299.7507702974835 3106.958910663682 3041.2713714466286 3146.509923763304 
S: 622986 3063.6142759471663 2862.0263756649438 2920.3521511487247 2906.601205088784 3043.497587116909 3051.3536834772 3250.540305102383 3234.0181622107566 3117.119893789358 3312.2295890728997 3071.3650647218697 3385.4911443578553 3007.263035022352 2956.5498877591253 2822.126058797586 2912.05367273643 3095.812718615014 2862.028803318671 2944.1086959120903 3116.795867388793 
H: 622986 2703.7187303804194 3072.030322433208 2365.5904858316267 3168.1462684872913 3309.47807517049 3230.7744579963423 3590.5371444703565 2337.809462594294 3306.7486566310336 4414.185277974008 3555.0453304759562 3237.9378074497868 2567.889124469111 3916.306222517456 2301.5770306479453 2961.7560911365326 3059.16852707046 3151.4648474351484 1690.5341408891616 2954.380061916602 
S: 622986 1559.2647346049507 2721.5827154114127 2190.8607952614084 2160.9134742571787 3149.9777819397423 4039.1303503485 2422.109939940229 2442.7247384235925 3051.8240999290997 2914.954342939776 2421.282180679673 2305.228044889996 2784.3163567912484 1829.4245156935594 2692.514338939493 2339.0143533190117 3106.2635492572863 2483.8593316742576 2514.9740177350964 2372.0634278126527 
H: 733303 3581.7055402031674 2903.570056917446 3441.4643057388694 3447.9435245967943 2912.0853202020353 2962.487191540813 3438.7231321862755 3062.7278265702857 3242.701207491502 3023.3884771163794 3277.622350792303 3319.174690288955 3127.320210228416 3258.7848455869494 3616.097255103345 3100.3138285269197 3498.0230075485015 3263.1800781261113 3393.036065812967 3129.754563178859 
S: 733303 3086.905230035089 2904.6847612067368 2831.6785049307387 3130.4520231897 3093.6899459612305 3261.1933420795544 3093.3624986834775 3069.438100872727 3159.199741350785 2832.9084896583795 3125.5726969585708 2952.0378624832188 2925.0166415575827 3122.5886628243265 3242.017068219579 3113.9245399438782 3337.6645928031794 3166.860998972381 2893.768564744929 3089.994038274191 
H: 733303 3677.3552472508986 2372.823099905223 2727.3684019338093 3101.8135350495054 2289.1443779579513 4391.616074165033 3178.027607742608 3035.8402531469624 2745.0511085895537 1947.1168965601364 4170.081198574374 2064.1991615458323 3962.6166881289287 2719.4112781844356 2863.382231694379 3226.667869226026 2363.6962657020704 2531.9567411581374 2124.439697158369 4241.065350096685 
S: 733303 2616.0941241312976 2412.1735644358923 1826.4758465864033 3270.726918913556 944.4229366273055 2232.306714066603 2501.980509536605 2789.6617963806907 1773.825069561988 1432.719427675295 2102.1537356974713 2095.4029202772094 3019.7666379962093 2771.520734633912 1836.7221160991799 3102.23572721212 2495.233846759252 2781.4712803038574 2223.451150725263 2116.842459317686 
H: 301866 2831.5060311466646 3168.5144852540266 3164.062625299379 3128.1726650430146 3278.1817447247176 3119.134920384068 3395.016382748022 2973.935935474248 3154.0618483529156 3207.0444130993146 3094.467705678356 3118.436378097685 3228.121163197984 3382.55278194051 2950.046049349732 3346.1925796071937 3306.878694027405 3106.1601869177675 3207.6016788257402 3172.6014821333115 
S: 301866 2965.548425090913 2881.607594654702 2889.6155464426074 3049.098252286505 3020.7488577327163 2963.3442537757883 3132.9139225278927 2880.9216017771055 3099.9443484735757 3070.034227976713 2807.2020227948824 2820.848353737585 2851.9337976590496 3087.9600209770647 3015.5834352872876 3022.189610799569 3080.599777452006 2937.496151610735 3053.464354435325 2996.316695794959 
H: 301866 3114.6306132185464 3940.5106174603507 2195.9082263157557 3493.343307748869 3621.1676867288834 2515.132302734035 2442.778161684734 2599.1716226102494 3425.680394427767 2661.4771043671617 2948.7301660405506 3974.5611859261576 2344.7569461836124 3524.512958111346 2460.376639104246 3001.229664662446 3720.0178573232065 2301.259093103256 2967.201201106726 2043.385828488994 
S: 301866 2998.1184907126526 2721.4391794444664 2824.727142187995 2541.883142466554 2129.3127818143034 2930.045298394444 2756.052787311025 2122.678642207074 2751.116422524437 2698.565470594049 2119.406783064799 3017.0606947985902 2218.450468252091 2476.308971290008 1744.7862339952292 2349.121584336733 2148.6304394479625 2515.6614918382134 1654.961642137525 2765.0956408009197 
H: 425745 3247.384376789276 3207.7808613660036 3253.17022288889 2990.378295919521 3337.2234762297603 3068.9245076670986 2827.7433883202707 3265.4589873814853 3206.2752825480047 3122.1383562565807 3157.9878116139844 3159.6578082097135 3240.654857754712 3007.007943892973 3259.7975708606914 3146.532258193558 3127.6535235921624 3194.231144062763 3223.1552092981638 3686.927430605385 
S: 425745 2881.131530598727 2956.5040851552 2994.0815626824265 2956.7079462592174 2981.4272721147136 2989.011548009482 3123.272958941083 3145.894603022076 3006.22327512867 2974.1165549829475 3084.037893672945 2851.926691102592 3161.414074065625 2969.7923893243355 3075.853836054798 2972.3748554794515 2899.2803182849243 2939.083705343219 3011.0658520118322 3256.6644233750258 
H: 425745 2739.970155718356 2849.1973402927633 4164.71178718522 2866.464711261079 4115.905791012039 4217.305882817462 1650.8686503201195 2113.3723862651054 3489.7238495209067 4112.015952170239 5287.113281432211 4131.870371907655 3344.334600598825 3636.977614798905 2632.2907645855953 2727.422748348722 2507.329316936364 2942.1160669854808 4286.0685740560375 3483.227931049502 
S: 425745 2103.979559199974 2286.6851444115005 2583.5806812947462 2147.8822949812543 2145.4066212065854 2248.2620163084266 1479.7246938411781 2233.636731387024 2402.0848203082564 2916.6862261603164 2666.1133702569696 3388.0263047414996 2913.882609205723 2235.7137845363 2222.696843892631 3530.4166674879198 2464.651680506188 2021.0370002251955 1883.181031330773 2003.3213091690175 
H: 662239 3013.57703008185 3071.045759882593 3013.787138081741 3162.160315793539 3125.541815851926 3094.0808576700797 3253.150182824371 2965.562379540606 3248.8035778788326 3745.505679786445 2905.3638305877853 3186.573580672527 2901.3526389527815 3206.1226649812734 3158.4346742894086 3306.0250511073436 3187.9290111098567 3116.0875372016517 3336.25331023644 2980.0353723292924 
S: 662239 2884.3379199143324 3008.695787324853 2927.3495722152866 3060.70646831506 3045.1040226916225 3249.545997003832 3317.8535453848003 2879.0193635655696 2948.17622411423 3024.005471294528 2899.3284839840067 2909.6149764350666 2940.9541395649007 2950.1353725503773 3104.015996023241 3167.282198870633 3179.173254727485 3122.1611442711837 2993.9947403939773 2993.0018813707966 
H: 662239 3499.724816392079 4606.6612195741145 2845.4863353329315 2893.0500890350404 2769.688240057416 3343.281566564314 2819.6352532405226 3677.265384646799 2006.660365460202 4158.898403088107 2274.0389741871945 1708.4329364608411 2788.6275316842725 2477.1253511021823 2768.428354543614 2713.898927543206 2720.9714766197 2529.013034882827 3124.51162147336 2153.376409728272 
S: 662239 3069.227854113628 1778.3529333202678 2936.1517090624775 2249.3996506008025 2407.2847342086084 2696.87752006552 2105.9162365129614 2788.2161765237506 2575.2371619425257 3322.346885317073 1787.8253397363414 1572.7898745947432 2350.1905385335763 1675.264919985465 2312.576268658888 2718.75184903876 1925.7033945401536 2362.813354582853 2467.518074669575 1534.738471671056 
H: 969806 3298.9660126584986 3404.2526318015316 3359.9196529622704 3387.4724027973375 2974.3677060730147 3250.83241395278 3477.2804234252408 3168.703351396403 3358.712063779048 3193.1534675974 3411.2601165715696 3191.3543146604075 3370.6751575454805 3058.4407267236015 3412.042522569698 3165.203434314813 3045.9653002930595 3462.690592360213 3146.44691671142 3212.4740834058753 
S: 969806 3109.5578886526655 2995.4939046482523 2880.520445190914 3129.520788716089 2904.883536054491 3137.046589185738 3060.3520517395855 2979.73784498083 3134.4822558891615 3068.5060626925147 2980.575049945025 3148.4191816795937 3325.1946673929674 3078.0139375731133 3261.143683359044 2924.206949024973 2996.0553893906067 3241.443176200986 3061.276030699944 3219.200464550361 
H: 969806 2595.003612935609 2544.9986792856625 3937.896374980987 3686.218104262312 2609.5275796171545 3932.709447734369 2949.2495811623457 3498.3752170319126 4452.754166562369 3673.2643402181593 2439.7043853703603 3426.2266507231675 3138.7212256818407 2899.961786858665 2862.2669103301723 3264.185939795635 2513.442919357071 2393.6088039099914 2018.9390256990393 2447.5689958884545 
S: 969806 2429.365990458617 3200.173879629013 2313.486093561763 2892.1044314076994 2750.164601290166 4021.364787016352 2474.217344415657 2289.940474340362 2198.1936617442047 2058.0009543022297 1379.7622897412384 2167.769027597569 1716.6984652413826 1949.5795765035016 2025.4622836323906 3489.0565414253792 1523.9770886765712 1609.3214780643787 2744.294604172101 2091.7166636353077 
H: 464593 2979.1920410728376 3129.621216180475 3348.148737533045 3181.5279012735255 3182.114065259671 3034.631457053557 3115.2210474808076 3326.6932476266925 3198.6422058932653 3301.8787109648497 3489.8260753331924 3189.5724908876573 3244.131897710892 3301.9168414439373 2980.0419950659534 3049.7647513366915 3409.236455338066 3210.12932974293 3361.333810745341 3206.5248724425505 
S: 464593 3095.8954175390973 3238.5988835925286 2948.2835664333293 3089.9145597147312 3005.8505686889 3028.44283747234 3360.12773147681 2982.213487248264 3070.5756361413614 3121.4801789278777 3085.887855758555 3027.0531033203774 3027.5945066905456 2948.8087801097545 3192.6816340103132 2944.9223779825375 2864.57168970133 2996.442230977315 3358.217739098127 3031.936625336123 
H: 464593 2913.221768094157 3406.0480275766004 3629.7307898796466 2882.7732201581416 1988.1282355475937 3488.423370042344 3903.461202397969 2275.068678258344 4459.480928739742 2461.3946822199855 3242.4628604335817 2755.8388185559106 2467.7561150008073 3657.630874585561 3491.389602167153 2855.211401595979 2691.9888577838933 4254.312575309298 3719.1158369859972 2470.0213870467064 
S: 464593 1760.8004445404893 2512.5128717036946 2416.408183147226 2883.208443593417 1837.7283464921143 3446.190572133829 3932.3397920925167 2630.1977719021174 2665.5154345482574 1573.6562049402917 2475.2636957906266 2278.3157204231666 1515.4684985406345 1923.5778837892756 2407.4696561855135 2606.5930557752645 3319.414478238872 2864.985196995728 2555.0409789755117 2853.630584972123 
H: 975107 3172.8655079589694 3113.885668009432 3152.9533774061892 3048.0309318354975 3163.1984351129213 3187.0984147085164 3241.579306069185 3118.2989278475143 3092.216695617501 3165.207628496083 3626.5002606457283 3082.7204048798094 3200.9364807360494 3417.021860095047 3201.377919742661 3163.244964004464 3174.8329142674543 3264.3169273665917 2930.049564864466 3019.341893519602 
S: 975107 3138.9161652690077 2902.772920271648 3082.6230168423886 3049.4178430470783 2893.88094476092 3171.727948530479 3245.438864920061 2990.9843578717346 2929.1539023467953 2840.4321402654195 3080.7043191595344 3102.6214016602894 2999.0832512244606 3103.76110963514 3105.8289467873165 3233.6157048814807 3150.8778177902445 3224.040256714327 3027.3018318428185 2925.7411925544006 
H: 975107 2474.7992228797516 3979.8325535168474 3396.762123371554 2832.5846732189316 2035.3679974578008 4289.409919551979 4068.6215009289203 3877.5953516902073 3066.033448673391 3260.9781250179744 3863.9104063007035 3195.9572048061023 2431.4604029587736 2872.282863616852 3824.570777200062 2389.310063714108 2029.1483735347429 4148.3570934393665 3466.2927997450447 2336.2327193313713 
S: 975107 2850.058798652621 3891.9078612059498 2756.3095899419336 2139.5489519199728 2154.1782632358722 2696.6537138579715 2723.0773130411444 1976.480647203693 2699.397438328099 2187.4844077922417 2966.896129485234 2696.399610837675 2488.101059884569 1973.2887893761183 2437.917823467003 2215.7172470737305 2647.5841821014787 3068.9134775864704 2149.5578944024046 2138.865795165492 
H: 125227 3193.607747639909 3183.4526363781056 3129.393396228114 3094.5158916942164 3299.00280791695 3284.8690339530376 3341.566622785241 3271.0846529091527 3591.6407830939506 3553.3067718800626 3144.643252627033 3069.9262321957654 3357.052551418053 3036.072551446368 3195.406795946075 3129.1315844164537 3095.5469618255856 2951.374758036976 3271.702163536075 2960.612760035832 
S: 125227 3200.176413652115 2902.290465600095 3003.8970734305913 3195.5586648980902 3135.572684939024 2956.319674005645 3009.953473466807 3034.7961768693435 3101.406822019425 3258.235912922916 2891.469693602698 3013.3460213489716 3033.9366236746146 3178.9835537365025 3143.181888860002 3005.4902923311915 3097.3526760396403 3048.6602083160924 2949.106529570817 3041.814001674081 
H: 125227 2668.491275225425 2990.246820471976 3688.569247513477 4855.63772615812 4233.773807758217 3262.948550006916 2390.205300146476 1966.8230679627559 3474.4860787004745 2514.7296106985145 2595.2350494098514 3626.2173519041426 3169.867423782307 2972.1370136444357 2564.1269549158114 2269.4505832262885 2419.654826097587 2261.4461417905272 2316.0042931387625 2277.4309682840235 
S: 125227 2166.4350811175277 2536.662691230988 1934.8209084720008 2655.1157117076 3030.9848364742916 2332.079035329763 2387.6716197473647 1865.1573458014664 2511.952117715643 3440.1487879626757 2341.6391371563113 3097.6220337847603 3311.8372468239986 1714.2233441082976 1513.3334250380285 2403.877218928744 3750.407937181153 2713.8714931213026 1383.7577493320457 2775.9638127012904 
H: 421166 3263.63314941194 3346.0517461913046 3498.350460427502 3305.837742773642 3055.4742485508064 3378.259501872979 3169.6764855372785 3392.1251195019895 3119.9170961075997 3260.449074998274 3135.5456809377956 3190.748222370344 3025.5797469660342 2986.404640237414 3140.1869271820124 3073.4095873810033 3375.0210703565026 3325.755401333165 3050.405527816962 3181.9638410188622 
S: 421166 3224.4939239130276 3220.782467259427 3260.2492030979565 2871.992658292267 3063.4560307975794 3076.9923933230366 2907.2518977329482 3107.930301554512 3107.8290845191314 3227.7708185511347 3071.5015121825936 3025.152795788639 2886.975925002184 3072.027615437731 3026.863542197588 3016.50103574402 2972.5662351563155 3002.254987557452 3011.5113823504153 3022.4348350189725 
H: 421166 2162.4246864646534 2750.7731834866886 2957.701332857003 3820.344056946119 2309.3627892905843 2601.8326540622 2700.067605009357 2211.0025411929214 2548.846693668562 2736.964810699785 2545.7124301422296 3864.0574447402546 2494.5279204718204 3385.6157337961126 2088.847567241651 5030.833612664161 3977.4694405911973 2334.934422099722 3177.1915847177092 3445.9602384739464 
S: 421166 3402.1864847693837 2918.9321287617377 3608.638703799357 1653.3103246633875 2282.878245475312 2982.4958199180915 2546.787779466963 2628.590124361708 3330.4505854964827 2244.9675849504933 2997.287321517007 2902.381257930211 2246.7490323115976 2167.9140885449724 2477.346088512851 3176.777760613851 2625.802153940947 2083.747658792881 2300.2904578636803 3405.841002807583 
H: 173649 3042.9457893193303 3079.3835451598443 3190.6823915172436 3300.2305000551696 3217.5496720753345 3265.3075775573925 3492.5304725632686 3040.343185843992 3053.1725424489714 2999.3965153681756 3144.7972036991055 3110.448371415691 3164.312784559576 3246.180394367329 3530.8587310446424 3248.7731108395337 3200.4014527643803 3093.563578369829 3122.7704016028088 3166.7781796189947 
S: 173649 3066.6952844272937 3119.0669482748967 2837.670393764037 2962.902782259239 3084.448179859742 3286.514342252935 3290.7248423435703 3207.169522233659 3014.0059859138664 2960.3234895398555 3034.0811319311683 2828.9511451895364 2996.893243555201 3132.5922417558904 3032.6568352831077 2984.6660239993853 3072.851513407686 2946.3389242131016 2957.218618244422 3006.0161511693846 
H: 173649 2774.8549361415858 2840.889615578602 2495.0348523982325 4287.592144553588 2820.6900486267004 2687.201003656332 2430.259784142774 1719.810109685713 4194.341338341741 2427.320694582708 2330.465718540599 3262.6185103759544 3459.9237862461882 2060.897124057741 2975.573831930894 3464.291844774091 3606.82035743519 2659.4758533697914 3212.3718145945463 2667.1989424195963 
S: 173649 2966.412994926731 2623.103708758421 1879.724745110365 3649.426713965475 1847.3943069589545 2987.1999513297105 3083.2276913177334 1530.1918163370635 1399.5616735801357 2217.1559343095446 3119.887215513051 2630.06882000379 2551.997888809262 1434.385692204276 2231.9977297072483 3234.6632690847982 1592.2707409359082 1962.3792677822069 2646.8905739655975 3839.7958129978642 
H: 758683 2949.575380373519 3372.529137063328 3341.7831139085965 3392.8128055411676 2835.762006278388 3354.332843484757 3201.3412379491506 3329.550544451117 3201.553421773147 2874.6964313251337 3216.193863533318 2997.585025943882 3029.0679078655517 3461.597953436599 3159.4771610731464 3400.248775653202 3247.744375954282 3373.869880830526 3079.979611734636 3162.797930800034 
S: 758683 2995.9049456554812 3114.208465893106 2957.3226242917162 2985.8626938517605 2835.762006278388 3078.30248211905 3275.070564449025 3224.495024560432 2958.140596207373 2916.142361491623 3031.918286761323 3042.845290080648 3177.4705895641814 2882.520139272389 3102.9083513682044 3000.8320316307427 2950.157352271711 3143.9166686430135 3145.4282900564613 3036.263689276891 
H: 758683 2487.6380578106027 1941.8030967587817 2498.7839502367383 3320.1191169089598 3576.4006561172387 3861.3988815084977 2899.8675425678607 4362.921248576505 2280.5443963222024 2125.422620384869 2756.3516895649227 2705.7752391539434 2237.11649088965 3704.629697826154 4591.557072889459 4180.785407920723 3693.658667543573 2602.1108087216894 2184.9565290789574 2319.8006279172 
S: 758683 2705.4110394257855 3370.158640483963 2669.0703344120907 2107.140088944012 2213.96424117537 3159.4812120985307 2440.920345172946 2852.199138028847 2201.7557834540103 2091.7266999178196 1836.6915211065427 1734.2224249115454 2714.633781846455 3883.784017828945 3074.6633358521976 2365.1861843669017 2505.209136220374 2163.5466792572724 2747.1512539814094 2391.5541354885736 
H: 430695 3235.816131608499 3024.132488403965 3142.5396176119425 3158.5650792054817 3456.9350868000097 3242.6595064142743 2864.019808211917 3157.946820234159 3371.5779222998303 3130.8980389068906 2899.8876712002975 3067.846459876878 3125.234101893135 3170.428136428532 3070.3019996857356 3194.553373189133 3159.7098441991834 3426.0771088085044 3363.3470424228794 3065.3169806693477 
S: 430695 2913.298992273393 2799.368153962882 2901.27517299231 2953.573060680508 3383.1141117374627 2878.269117658812 2942.111335782458 2944.1283598203477 3250.229223037615 2934.866077646178 2964.4301711284006 2834.034176546448 3067.5384542821735 2877.7703326396813 2945.945681498109 2816.7526677422097 3100.6363835955817 3160.2795935007807 3051.1956935120033 3110.74626184824 
H: 430695 2600.183750252876 2846.1455204321883 2525.857119624767 2387.3443568911434 3727.221965528921 2948.2236549744084 3076.350975175713 2721.9737395361853 3048.232755728245 1637.923806337294 2807.239917354048 2857.660998629898 3124.669996489529 2338.6344672091936 2046.6821661932024 2868.2811224585107 2739.2935211016056 3341.9143430159215 2253.003180667202 3836.7571844373106 
S: 430695 3009.0294495365815 2418.300456215353 1843.3146372833473 1966.3258962675147 2781.245490029823 2399.3820750874165 2333.6307019286637 2803.010459178301 3284.725662105457 2214.760430148621 2155.729771968707 2191.7395326838246 2311.319459148637 2206.331370071186 2376.8820133440186 2946.9272503012517 2212.056583307487 3999.1974864893223 2112.609644631525 3048.331038364889 
H: 7772 6506.356298649055 6765.7876847079715 6116.659755871688 6727.638676215223 6345.838539088122 5796.766033846624 6690.995293214788 6784.238296430834 6653.322083794737 6846.681980143818 6477.6671729284135 6340.124966390824 6421.18921349633 6364.735182265789 6481.731269029486 6365.682848450725 6702.057905817436 6329.772497402207 6876.11913150323 6342.332112659632 
S: 7772 6256.140770241576 6266.4319525288365 6235.256186319402 6898.576322449691 5787.686475778136 6082.633859093698 6372.708697501971 6550.027742642213 6420.736466193415 6750.731143860789 6199.993870356065 6172.184038125494 6398.358212515368 5772.5968797814685 6265.821679108781 6891.0152099418565 6183.296141155749 6276.826869484328 6184.872887374022 6099.162037382217 
H: 7772 4171.005292199431 5022.531673928971 5864.5694132212475 6752.529763669093 5427.160149493177 5636.947172810187 5932.242727223682 9062.281761268907 8061.752986187079 4999.762433459276 8628.877555891228 3856.27053840695 5366.197931810151 7038.144325761646 5814.088239884061 8171.907284557506 7282.166302222839 7344.519252988088 6611.247071356664 6532.136071819458 
S: 7772 4890.974371340168 5903.858731970654 4832.621381882513 6499.070146280094 4469.614384905885 6460.280355020097 6199.904429411079 6869.113088120651 3947.607793783522 3840.8783931348403 5919.498338905489 5610.435708359817 6033.476781010323 7005.653477610679 4656.6794185582075 6560.590644742687 7248.1421200769055 5045.947164933336 3818.9859262125137 4687.881526891589 
H: 69688 6659.814702325264 6419.335913375724 6629.560919157194 6862.73766858924 6745.018751464456 6799.3067526334935 6793.49925970278 6406.581281044949 6212.218225155479 7179.884635957012 6830.848476949501 6692.255440353452 6731.35069734156 6357.377298665552 6175.774711507676 6607.223810117462 6143.749894926381 7087.6247709229165 6138.050479309087 6414.656630034137 
S: 69688 6758.536242465969 6189.477968066156 6491.623012488807 6119.70208802215 6358.15890977825 6121.106688709138 6481.339683801545 6102.124493697795 6378.816560600056 6410.809277764154 6355.928535949449 6521.903871244399 6326.658702917094 6111.3528188403825 6173.489776075372 6127.721446013882 6143.26021939268 6182.9221010664105 6438.456731717527 6059.973741537727 
H: 69688 5826.635311268189 7187.926070712822 3159.4479634570916 6510.07404665907 7117.988114121965 7144.837597028225 6795.913884998783 6999.406996127479 6734.462861329355 3136.7143179685618 7192.871197382519 7700.61567237548 7365.61551186758 6340.230832210068 5938.886510095315 5901.073762411095 5086.361060935346 6335.614804447703 4710.829854892371 5849.752524438056 
S: 69688 5078.9052072793365 3777.963957021409 3408.942542456933 4490.3126041833675 5284.097601833532 6588.446068911333 4193.474399132723 4379.056425091245 4266.554385796154 2992.2575437655446 6576.449638091516 4018.802503245918 4975.9258489020285 7408.242102014262 4035.337531333682 5677.352786962399 4837.525026239741 6409.566322494885 3784.3146887073467 4094.4949175933025 
H: 378796 7028.314313044901 6028.307268551833 5801.506380821236 6906.806345291558 6298.663311804651 5957.334590013978 6696.218248667332 6445.92714649349 6963.455641241417 6346.1227155649885 6996.49536624103 7099.2748882405085 6989.294768124242 7231.501943499687 6268.503574123638 6313.070812889456 6781.331197159071 6441.48153785028 6420.2747261656905 6456.983147830315 
S: 378796 6558.233009537728 6174.553218330746 6331.5537454369205 6484.058918864921 6392.429645326542 5908.363476090142 6299.591031032139 6309.341744998613 6724.854022485223 6255.691585575202 6128.141864072073 6652.503924996227 6451.378091741998 6643.015651009616 6115.797785702694 6413.086003620519 6567.539751165188 6795.63244077279 6039.6327949617325 5836.284908869156 
H: 378796 6470.063254214078 7828.319903383476 5763.324202653021 7913.612610522691 7115.100477170672 5614.316565264203 6495.909547040076 5874.614216983109 7451.872670057288 4865.774743656535 5301.436887491214 7600.668954650399 4330.348254749797 7198.056308943285 4011.078281049354 6774.305592178149 2938.9063595817656 8638.04195019296 7285.071000717669 7556.760557592139 
S: 378796 6607.489960050086 5201.162742120562 4976.570882287868 4805.42940544633 4790.584017223813 5164.636170109465 7083.8086908894575 5288.851871785219 4090.666796931653 3988.374536101011 5580.361201894997 4345.944542286714 3850.9672084368644 5258.592376020766 5282.290767781741 5837.610758588781 4157.06382080473 6036.229683489378 5171.368235807233 5301.00918631734 
H: 48020 7126.952598134193 6266.310017997356 6783.8302217782 6177.212692545653 6560.364900359658 6689.949094573805 6693.912298992368 6085.483913294186 6336.066922097314 6713.397528815681 6501.616712658468 6724.726262671876 6354.58162417925 7049.978844227321 6820.439858878839 6693.783937978705 6700.930656185617 6610.783971801951 7364.369119197222 6810.488696966456 
S: 48020 7169.8477736349705 6135.670144047376 6319.013624354675 6395.710861944528 6548.199926470226 6210.3920831960695 6125.201183872752 6033.473797426715 6107.064323310065 6214.424629620967 6454.428440934744 6368.490285009413 6437.443058454164 5996.147588814383 6727.04824650879 6520.79637578269 6513.469782754285 7065.658818152148 6134.8797953515295 6458.174015193558 
H: 48020 5002.650741416661 7599.912220812532 7789.986183171911 4945.774783298395 6477.605358028836 6718.2953021075255 4299.168057314546 5434.392670145311 5646.4632213007135 6889.688494452182 6058.845767060938 5837.424205902588 8805.37948501072 5125.025479971512 9038.38060759718 7868.008485869912 5373.849987475828 7630.517057280389 5994.629746486066 9260.00315814515 
S: 48020 4101.490719833784 4944.101078772933 6114.885091803708 3799.1200183481624 5930.718879018431 3397.616115305885 4750.014939193294 5103.866268830571 4628.823416495045 4345.550536796474 4880.075328089571 5932.388950125481 6675.700221603106 5871.132717113973 7111.151577350067 6345.756766548335 3443.122740603774 6945.8880949840395 5067.076268965827 6383.947832284774 
H: 717228 6761.299250420743 7240.059500484817 6848.668699567175 6104.617719156848 6634.122785953968 6412.21427945642 6464.766994315445 7019.449196474722 6087.423795363231 7360.244375633769 7224.994337424808 6310.96587930667 6410.3362366027295 7226.220013163633 6195.335817652706 6607.354660189806 6423.056736352799 6324.240174771817 6808.5115598932325 7144.517060632689 
S: 717228 6725.110500671763 6671.641815084453 6816.08053681521 6373.007746230857 6406.733379540594 6590.441219948756 6259.7690444607015 6534.966757163888 5969.360514124604 6330.849516242293 7268.256991444679 5769.9821208783205 6363.437530531776 6211.932585910518 6276.388143907295 6111.5250271365785 6167.584223357416 6680.763647247982 6175.219281328039 6860.510062903685 
H: 717228 6792.772953808043 7716.744256315436 6404.054468978 6990.96671506577 5835.731138731551 7805.748522728609 6149.312729038785 6861.197011751882 6462.111274849818 6619.807773585541 9095.150851185666 5662.623589088647 5287.829149659468 5289.577054657328 5896.2678359369465 6957.007541330575 4906.854657597081 7918.042367405967 5829.3056007541845 7858.308418670769 
S: 717228 6792.33131662742 5875.737990778239 4948.116173146167 5633.198176738335 5261.546729193381 5176.856664006696 4419.189163828305 6555.828484309083 3960.3561327814446 4335.251351706078 6907.458575231459 5693.002747345897 5845.701802235459 3053.1697165418973 5274.9190575528455 4775.878449569639 4773.64301103244 7129.547068580618 4392.505994811333 4643.180065743071 
H: 405106 7099.706903504783 6570.897114498177 6873.999615452066 7158.886930956759 6853.3275956600655 7201.052472898928 6438.090985472892 7295.179967890176 6272.706164468568 6193.038836255016 7178.833038688924 6621.655688797111 6519.454226062666 6687.7358283483645 6324.34602163759 6131.567337694393 6693.935504806038 7017.417351763197 6712.414366909763 6579.507336664039 
S: 405106 6193.6439780293 6255.632497428482 6574.991605129645 6279.402271434929 6357.226275031759 6392.416822399007 6401.746582632391 6840.625849132206 6224.6212627021005 6480.982457595052 6233.04531520551 6111.201009676591 6520.451798252625 5885.236594166714 6025.118694401999 6128.55040664243 6677.613988806683 6121.637737599114 6325.1830024551455 6873.904286495961 
H: 405106 4761.0088143902 5535.805226214616 4878.119548955371 7575.9534216470565 5375.902404539528 4955.695475341003 7955.129234089896 8397.061629691485 4900.015454843513 5349.603973823552 6358.581424360584 6660.573004110087 8471.817264158628 6088.654135026634 5529.897662198575 8120.889983098311 3311.9219165211566 6393.030433924832 5025.0748057012825 3512.8145569900767 
S: 405106 4466.858615213362 5373.094849193272 4801.661530364409 4779.259797055188 4696.002377265081 5589.41891202747 6141.676198148108 6921.893904927227 4799.952713102802 4969.989470484307 5734.795500918921 4805.938171321309 6749.673736465539 4652.153338899053 4562.117040969665 7316.0813269608 4176.910017950042 4638.73044733592 4781.658485361976 6606.410435524679 
H: 497816 6092.042050116035 6314.372426237294 6583.054892274733 6958.453145594 6440.678814607006 6386.571706774598 6242.547619134382 6851.729179003375 6525.349789421288 6723.77674937835 6953.555769040972 6429.4760474889345 6452.327736255706 6675.3277567727055 6527.164763641865 6785.55165005445 6794.110245361158 6846.0074389503325 6563.731696094893 6469.716494610602 
S: 497816 5858.993005651917 6396.000258675772 6194.678906798719 6409.984518288356 6082.337164551377 6738.973308645738 5963.658905646788 6619.468756535512 6321.988634091313 6512.959305748803 6234.678418451295 6117.77017666765 6334.080239249331 6572.74922736015 6413.107789436243 6219.059499374611 6717.697873189998 6129.783391691831 6418.451424499135 6110.665695344373 
H: 497816 7331.4565608373405 5639.290712668124 5834.713625109763 6712.226724285181 4881.076684549494 6762.932312154509 4553.603047511305 9846.86142198767 6309.27219106671 3768.334689615894 4199.497659663205 4818.504250314999 8088.548986352291 5160.845986487924 3074.034881049333 4550.457741224347 7039.57913165948 9034.21966848075 6165.798162297035 6607.372581064725 
S: 497816 4604.73280111996 4909.997040006145 4245.816479059581 6835.225442718772 2841.1693386278935 5365.0136243467105 5533.636292093264 5981.2657567528 4357.6833142767855 5012.98016471678 6601.532116932176 4636.803099978054 7527.226627993156 6250.4284807456515 2673.310717127074 4187.205553681718 6099.956803252755 5703.2869870750055 4919.7054410467335 5063.421440474491 
H: 822071 6459.606263591317 6639.930521808689 6846.264134316829 6553.708701851293 6424.144032595265 6496.004682685326 6876.84161331454 6678.011065685965 6368.8687536283405 6233.956788653396 6590.398115675738 6677.232240398944 6428.989651628557 6640.553673798128 6178.417298597657 6650.758121161125 6363.6781641381085 7192.635216726701 6965.276545820372 6850.1010482450965 
S: 822071 6383.97897008271 6241.54091293466 6362.024021898366 6271.744578499819 5938.45271137035 6469.35858544433 6437.674340482228 6307.22189380199 6266.524552623014 6005.145822851634 6068.396124199523 6163.735106972202 6467.9418380455645 6244.913947192598 6240.386243802647 6260.622039046583 6551.096172624142 6688.683941203552 6565.168881922407 6369.62196090024 
H: 822071 6375.932172477391 6488.330520593474 8845.51200998581 5031.913002470424 5479.087849120501 8432.597185787568 6533.318801095388 4813.579169013883 5579.795650055127 7784.709451619458 7619.52067209783 5380.0359948019195 7161.041851530464 7067.497211388362 6670.688908568393 6775.541428924548 6550.943992669679 9832.776596654205 6838.380895267887 3900.239716021957 
S: 822071 6145.979344187222 6130.610636501928 6060.441962482525 5142.818798735758 4000.8515003624575 4841.163648675258 3516.8288964359126 6433.215598622145 4211.711210674231 6958.472689469847 5539.989468946044 6435.0882725818665 5015.806975060331 4346.543886290744 5410.919096766902 4052.277256631243 5340.897938246696 5507.047849240847 7191.290844228803 3873.647410012689 
H: 359475 7086.790997724146 6203.4333047935515 6164.478210570791 6275.684538016772 6404.812958573106 6742.283724205473 6546.734983872736 6377.836473388905 6857.196043985159 6500.789457543937 6406.902166031271 6493.304101958132 5933.783353939355 6800.642587037779 6414.8323282895435 6775.2105499155405 6778.327132260352 6236.026742372219 6334.694857526243 7198.930350024994 
S: 359475 6010.071054446003 6409.495182634435 6397.095469414137 6560.1379499031655 6352.6803679889545 6198.652001641634 6503.11106931346 6052.706305029305 6321.93360397635 6670.9627255490495 5808.743090095019 6162.110065151898 6177.731266659563 6543.022115605284 6122.150164700809 6179.861067599628 6347.09770320832 6045.781718599311 6426.692502305775 6750.969958346338 
H: 359475 5072.1651301554475 5340.061446658415 5797.956061051313 7742.844899347125 5594.818633011488 7817.81125259247 5148.435303010893 5861.723159749672 6148.936453442708 6752.36810180638 5044.686016764299 7460.259243334951 7553.447443410702 7077.2397736312005 6809.081877068023 6438.319336511193 5275.302509642895 4928.856307511531 9139.779614646088 5864.641274427704 
S: 359475 3866.853960494114 5209.609138039026 8221.656229931008 7363.31265678391 5112.496697203553 6247.802859130861 4510.259069442869 7082.488093648676 4882.718407680572 6252.950699974513 5191.270247857224 6044.814873218647 6454.540716172779 6558.380393947087 5397.3470215055195 6107.9600274657 6320.565086277473 6009.6165444255275 4344.449278082093 8233.250615317516 
H: 67578 6797.948251803568 6346.659472107405 6212.96973103926 6486.663825173301 6767.497709755163 6331.481315155532 6179.523884937583 7011.877899189403 6329.17404416505 7238.4375805989 6307.190566838559 6281.695170158339 6465.892403505244 6992.901670794673 6925.653804682812 6530.673236132923 6315.027374534938 6489.382725541027 6837.774130828023 6737.723507131192 
S: 67578 6158.45547554681 6360.61261116585 6534.804225864303 6734.782995127941 6236.760495021443 6361.978138195219 6150.518384737927 6410.832695986327 6367.719875787618 6396.680019316375 6556.682396814711 6575.304481913776 6003.989809365003 6710.848218825177 6301.7200734717935 6676.348591014154 6567.680104938928 6258.099941554319 6215.707482663601 6625.9026505419415 
H: 67578 6555.594655724373 4978.254925608953 6301.915354585436 5620.078983333054 8512.0426268873 4214.385756781462 7379.058369759198 6166.462076160123 4638.4958635133735 9295.968643490562 3502.0147349244066 6982.778018840876 4587.954442853648 5127.17866545687 6994.883758933097 7407.15050540159 6664.3514781193 6762.244563999652 5030.00178673442 6362.972674631369 
S: 67578 4431.482473387969 3219.7303102204655 4103.348501779317 5929.957630083894 5809.682619549674 3341.6258162923027 6740.369218046911 3892.043744326028 3621.706847092547 6314.363388511298 4958.222738954516 4185.581350935693 2667.37733954846 3941.158689951106 5148.55881301813 4937.252408970563 5466.371370488368 6408.677991194438 3962.2741109510507 5426.32320218524 
H: 579559 6667.283016788284 6541.473066362064 6467.93894533945 6751.50609889881 7049.526180961595 6904.14785141473 6952.736751322632 6290.881020555419 6511.431732822959 6713.708124382068 7453.831656656121 6469.5135339721555 6425.347726937385 7241.209835908216 6587.482405530644 6492.318186899159 6584.9133565223865 7279.488232743307 7234.013569422056 6901.939440391563 
S: 579559 6575.13041128065 6442.06835554347 6508.36494191875 6692.852475226048 6263.186626638332 6306.030110330317 6439.433675817828 6071.058739031885 6313.015859954474 6708.895321940331 6284.211452547988 6476.275122357614 6234.5686065618565 6690.675581411513 6345.408785212367 5826.642979033978 6303.249325612269 6006.010468358474 6601.324773564063 6369.612263164053 
H: 579559 6727.527870308218 5767.446418929972 6622.67461602396 7670.404422848672 7919.17861053471 8393.434994488976 6203.595317953725 5739.538969107424 6349.364503067606 6102.835445654049 6427.16415385897 4997.854293183737 6806.809556745558 6785.403689001308 5885.2101540453195 7574.040718131917 6339.113273257225 5199.895689380207 7088.877193759151 5708.846814455892 
S: 579559 6684.9388619311485 2878.584996865789 7215.950537088984 5787.621155214198 7660.032279961667 6074.537989667653 5335.40216978517 4296.377377092861 5673.720152005932 5938.270266549845 6074.755921115778 4688.161474937872 6385.8998673460765 6076.721549533954 4697.993335935673 5328.911257968442 4708.630048125532 6061.738373184947 5773.910984801705 6141.0443405825745 
H: 538877 6182.705287845677 7069.182214229498 6531.740851325541 6774.629840488322 6626.59733102633 6351.874854609468 6598.905482991301 6632.270364183324 6903.816093804703 6353.671009090387 6976.067526614008 6556.043058294999 6955.376815631207 7836.173513387717 7312.410752094913 6824.650053359239 6433.794888108496 6732.603677015962 6339.517188866569 7043.573540922868 
S: 538877 6375.981214811053 6510.355000789654 6109.57943851729 6590.34182587263 6216.825322247308 6354.42604815768 6221.411675512797 6101.621532472504 6442.399195473996 6126.354820932369 6604.525867973018 6103.002311477753 6688.38768224671 6925.200617087036 6653.456381883921 6799.735433382118 6106.074274606758 6120.474248755205 6199.446656435576 6310.168220984652 
H: 538877 5803.06900916607 4104.59280637643 8377.970941963466 5808.853970590293 3438.7410727814618 5339.47647228778 7616.001657075517 6121.532185913011 5349.8867065468585 6571.597777884321 4893.508832137067 6458.227771301403 7098.525451152173 7008.383762143941 4598.572917625631 4027.3046950104135 4686.063052283048 5748.010258256828 6605.214342414175 5990.102514480128 
S: 538877 5436.658562115731 5038.365630154889 6668.122581430172 5128.056067130208 4063.904131754261 3985.3644259459247 5852.073526622774 3219.363256925673 5348.569957813465 4561.9048172988805 4568.316925713724 5689.687458794047 7095.86963432442 5775.201385091067 3835.2438788263194 3169.4810870032893 2788.510814650359 4358.758859901287 4936.812034424792 5246.392450763537 
H: 73238 6375.92511670475 6855.393996452247 6239.308002278752 7224.180918927301 6702.681675091305 6492.206122397782 6515.421013747808 6324.476996072621 6851.684900155744 7265.783326876932 6553.18485241782 6506.670148982982 6344.6345302323425 7148.088752853457 7393.247318774473 7049.760383528704 6894.639307168787 7573.315242892367 6166.977000260117 7268.633070241719 
S: 73238 6370.347323216159 6458.675491400093 6227.441323387348 6454.92316584956 6455.373890559866 6873.292383983516 6142.189507000269 6231.762611926388 6126.210385277041 6507.394156267958 6370.420329557729 6536.571674333992 6283.756547108919 6448.74945666582 6315.087378374295 6407.362887548981 6410.146976186684 6862.298948440995 6036.738201536956 6917.932042425707 
H: 73238 6264.001860673029 4412.808136325822 3901.0991837477604 7203.876253006452 6353.659639201484 7153.091215925271 5931.357790022981 5062.133555581612 6016.825923045992 5685.93373406527 7731.858155833401 5864.143304792224 4654.604155826367 5463.427650654687 6322.868073176843 6125.979135564945 8158.430245162657 9379.67050756389 8662.88056286458 6848.046617096694 
S: 73238 6399.348535465358 4397.779954666312 5681.708525927171 6330.106589045418 5887.066644669274 4670.724640994881 6370.051304184926 5541.822647919148 3487.653456202646 6239.057523641675 5325.480193276675 4460.305201399398 6291.569900033411 4026.298458124391 3815.648331684674 5579.991121994204 5065.433374473956 6843.329285279401 5844.537508242029 4282.7088842531475 
H: 771363 6868.747680173553 6388.650777778968 6576.005072932115 7877.247899659936 6014.035862295666 6717.213421984018 6413.159419131952 6572.98855757792 6400.3841638672575 7363.025623881702 6579.8215507805935 6623.527891813401 6961.85143319778 6677.449524766579 6507.612521173288 6890.613636628256 6399.709203848203 6565.181193462712 6406.973245955076 7086.863543288675 
S: 771363 6458.666013035135 6354.743754784355 6305.499588958966 7195.794239578267 6406.434744818595 6028.1625196407085 6427.066184074262 6462.213244815733 6065.434007336026 6817.7568295675665 5937.726768811011 6417.318098261343 6292.404421083981 6178.376900885875 6656.107190480549 6182.039339556697 6128.764563572171 6249.581427945957 5921.75015929291 6587.558483209478 
H: 771363 9866.190990292258 6803.743000183101 5847.724716823599 7668.4852951077455 4361.987742270656 8478.854539889531 7603.345514917027 7462.29879708626 6703.551213159717 5577.486968644995 6364.89335626366 7167.660428617692 7005.128112991724 4989.579859262389 5209.406708975288 6822.155370499338 7222.446820650947 5197.490535620479 5283.551271459633 6821.811013787973 
S: 771363 6378.569631906417 5042.1929056113195 6088.138853671266 7083.345007581228 2932.952258762523 5559.093332648542 6986.608863894675 3346.5996083549903 4821.869157535869 5103.022148360677 5142.6623837714105 4618.3293219676425 4663.5485344758235 4672.584527770394 5205.959328977884 5726.578390387615 5530.938172306069 5189.552075709958 5820.312669247988 5672.075234331432 
H: 567435 6628.07347237638 6218.582459328579 7092.537722491045 6570.557160958227 6305.55335097726 6846.910805690669 6754.169076045464 6302.8087664780805 6810.184095107095 6864.178086627792 6656.100526362359 7306.2944499417235 6691.851139600446 6576.462199202388 7175.608526098819 6557.823164020529 6722.228259379473 6526.706484088291 6365.709567678461 6426.9637662209225 
S: 567435 6602.8149745792925 6482.1291263206085 6467.086491218664 6355.95885587668 6900.62050019301 6146.8060025694085 6103.465826588762 6553.21009112611 6007.606719183305 6160.484167273644 6274.505910859074 6431.493757567165 6250.362474844151 6110.096780434625 6086.538372062382 6310.385445800694 6738.761525958641 6868.409175971373 6085.87051347665 6492.39640561506 
H: 567435 5561.132804955288 6479.26401235188 4480.22497044848 5766.77444360948 4268.643810470189 8758.174719713865 5849.593330554727 8300.799597782947 5198.1228515030925 8094.286210297055 7136.16308411789 6625.363674626312 8631.026350993034 7411.178057254764 4141.021890959129 5889.717623763241 6815.109220140587 8077.143833309501 6255.001714500815 9095.202057345112 
S: 567435 4204.004345199696 6073.813613037311 4203.919990272864 5687.667931803099 4624.635580688144 6585.183075163792 3757.0849475122263 3790.2627451093244 5637.32603424921 5063.3271494658575 5216.300105340053 5834.607393595978 6139.708890928975 5720.376095616482 3047.896166757738 3586.879795686593 5357.694293709769 6305.2895440107795 3862.225923778932 6343.153292656893 
H: 412307 7126.8628486991565 6737.937574849977 6721.875042493109 7142.810575247671 6182.092281737689 6843.507302235941 6350.131566395828 7430.628549672697 6557.111304881671 6858.895197192361 6606.939971317437 6804.577367508982 6910.445679657519 6863.525355688419 6354.8457675755 7399.804323321162 6997.674455191795 6686.229398645317 7199.027026605712 6259.644736420384 
S: 412307 6942.092790397651 6415.903430280352 6126.6514955860275 6079.876047625657 6179.878506509067 6819.126809222136 6524.994972476633 6558.160493964464 5996.047765369163 6586.470378542369 6365.742026862809 5829.51047198376 6752.77763132536 6240.139246925656 6368.999624738719 6320.870742703948 6454.532125414114 6423.420375107871 6629.705863452013 6120.311952539636 
H: 412307 5156.295702285784 5801.128355191338 6562.19030185296 8187.996478335062 4828.8938226776145 4977.140398148531 4980.51564960951 6790.297332544957 5514.017949923047 7084.332845828802 4341.234146724289 5887.411900592861 6544.026857700212 7950.874782098858 3847.0144752285855 3244.6166205317295 8547.195348935884 6088.79440667688 6644.9528115970115 5630.849609695592 
S: 412307 4621.904047499027 4252.729966860772 6688.269834350952 6485.917095364478 3892.094948980022 4978.546805428724 4821.883691914637 4486.399821020839 8663.83308164366 6200.144241211103 4747.1493524940315 6458.5949829370065 6675.466384123707 5507.662016543252 3953.9451276079285 4848.59866452964 7139.319739760607 5645.334269020517 4271.409246816683 5055.241633785481 
H: 481037 6396.677754427376 6649.257274544227 6531.536283886099 6757.35835379135 6319.893840317383 7105.621143749729 6529.88947554614 7233.801348329226 7308.705363644858 6278.116132719239 6509.309318170323 6766.454344211454 6746.6260288816675 6464.897702007047 6291.904429185698 6890.1318353891065 7403.413132474429 6658.25645843375 6644.855666986584 6817.07068343507 
S: 481037 6064.473325612815 6297.053127919441 6600.812892407063 6635.067000076573 6403.157344214824 6245.270007733338 6185.3662376935845 6541.931355853801 6808.730490630969 6386.4410159458075 5926.198305858497 6657.272207481849 6268.877250851982 6724.6411330566425 6077.1642074088595 6197.952429633524 6674.291174624987 6405.2472239789695 6562.447953201152 6082.827618932041 
H: 481037 8096.284796671008 3447.3377257318 6501.02773813603 2723.6219492743253 6480.051573032572 3993.0965663264055 4128.3073699196775 6466.356327815718 6241.929320367074 5253.3050982606765 6057.837459553171 6568.340595650436 7251.300488260017 7680.876379182521 5253.848901094463 6391.232963455619 6906.30309524913 8673.19199874034 6689.4563984631195 7471.7135962937755 
S: 481037 5347.058489780724 4033.579986042179 4163.565461966889 4769.115357649534 8044.874314155967 5959.369636337807 4584.325868484978 6105.055230356543 6905.807206977552 6006.006752221442 4165.696601343215 6211.286687820841 5958.643289542294 7073.081820372104 6170.881149309937 6704.280665233963 5586.087101428546 3734.935250547068 5168.795006585456 6071.267565294536 
H: 493584 6602.380432567162 6633.064882019819 7060.833432121071 6283.538943443939 6705.349556127941 6275.149135277959 6380.976279979161 7580.505197722689 6924.578195078762 7039.545527375529 6811.63508969564 6181.290784306266 6367.367604050517 6648.210513806792 6092.930793239488 7307.568938170801 6518.643622682298 7060.410129335816 6527.587802303629 6995.298768970566 
S: 493584 6285.497849905312 6598.0673414399225 6591.106531814429 6300.455656526177 6587.96185055055 6323.2457670268595 6507.7982910006585 6870.308727640193 6191.8655125096075 6397.464754275302 6737.970011518762 5897.164131134127 6092.1592634566505 6870.9599611740805 6356.354525459905 7047.165012057482 6780.469741622291 6670.351297273957 6489.676385029113 6239.66622753403 
H: 493584 6840.7010560167 6917.35169030354 10028.94068870545 5871.262860046923 6919.822621368149 6112.730136846239 7458.18732423995 6452.692784073143 7379.851494895462 6186.834799534683 6665.252554073694 6391.66272980013 4125.348429064845 6472.945539237284 5354.4687265307075 9955.577299076516 8076.781735199999 7097.0772244763775 7750.809997981853 8495.022326391594 
S: 493584 3658.3373870263636 4766.377656799768 9092.100897654427 6727.047794979053 3481.848147575307 5157.656611248576 6534.678224880852 5621.760547151917 5373.764229397355 4752.662740411696 4744.243924988985 5625.264623393527 4124.2349370222355 4246.606781327545 4788.467732045255 6387.084626655221 5448.960774328155 4045.960680244111 6901.998257578438 6876.5544211795495 
H: 101975 6593.240186307058 7025.958684661797 6475.027949074943 6752.2687652576315 6232.052225736613 6440.21949658111 6455.767361935813 7298.809645459088 6429.085921400058 6321.804152548157 6704.36923999998 6223.429257401563 6034.859967078503 6932.506983155593 6897.473017043403 6367.100866643986 6749.453481685711 7193.249216972615 6213.305751703237 6478.852780176635 
S: 101975 6036.198334102754 6467.002400959526 6242.072836556837 6692.509968476334 6053.707289122876 6154.070338484333 6438.872866506739 6356.59311680159 5895.543327352785 6291.263599053329 6670.766325079204 6104.974333050806 6176.9445278027015 6831.018564201502 6633.17286479489 5945.518826138621 6314.004996553764 6648.090936292837 6152.017904838373 6147.611244358314 
H: 101975 4913.3535650696695 6039.523179724911 5343.228864069696 6595.67174401452 6500.83754547254 5924.577532378183 8109.023199482744 4391.643868978064 4790.926986513838 8739.723569939337 4220.296401464628 8791.18084921066 7241.932379428199 6082.940423809643 6487.582784326247 4388.646124401383 7923.542933020651 6141.054125851572 6645.433902986697 6413.125504473039 
S: 101975 3593.7221636537993 4969.915418814766 5939.003644243267 5112.132319515177 5469.065702199038 5927.970504689078 5298.642043645951 4251.495575963032 4502.509107342993 5957.858915587576 5077.601521933844 6569.711560423305 8023.544558817896 5819.121316291239 4646.868519943088 3026.054241568752 5786.108505913168 4946.895395840203 4737.997524387628 5426.97254392892 
H: 409370 6474.151574668434 6697.189962462865 5992.737539954389 6546.273570464221 7339.026537956616 6282.160367541181 6777.226934674925 6905.46563812856 6366.934774775175 6649.027782376315 6867.314683175045 6798.400946853192 6460.354161739772 7540.527600327062 6622.805637472889 7250.471988291959 6268.054723638278 6826.108792154388 7131.274635423157 6029.9960989302 
S: 409370 6371.437557421321 6295.0132202810355 6046.32937245605 6409.845970881782 6475.229515329202 6279.053779550744 6173.93636722722 6630.996887158038 6292.165506746425 6757.596270249582 6929.434974124584 6332.382715770692 6643.177947557643 6508.931715550055 6400.295105045549 6753.886895759508 6619.26109651234 6394.563598263702 6422.242142376153 6784.971133136389 
H: 409370 6328.921885982884 5765.517591564384 5606.2566430225215 6807.026919423627 7059.90139858435 4487.952135729129 6017.345977034948 5592.597255096427 6278.7183001283 4587.095454476853 6255.860364357339 8563.436552127923 7819.2214818776165 8579.768018163546 7152.421958681567 7564.3985201148125 7422.726653029604 6021.566051826609 4487.8774548817055 4884.514215643139 
S: 409370 6634.955499001823 4085.8961469512833 3270.372016737813 5138.9471535977655 5348.416752951293 4648.78337300694 4447.760388056436 5213.443004762711 5606.858405816984 4763.585397038693 4147.581713891044 5255.298101033427 7117.22401229103 4367.03215410351 5584.327573106464 7146.33024752398 4745.892105795884 4362.634959392707 5922.773816370891 3366.5144082988686 
H: 420465 6290.648260259487 6278.437641445908 6445.768295826991 6663.591582418774 6532.985118903808 6635.4612757312225 6609.128566542989 6697.942847945379 6158.432133152102 6389.550782030259 6010.542368820128 6363.777197003809 6351.654456003754 6221.13912260414 6199.907498346463 6681.950367688391 7121.132170456444 6327.452611427172 6321.789576015209 7247.377064471513 
S: 420465 6338.700478174988 6383.787142931683 6168.291809926332 6305.927456883219 6884.6323344788025 6876.111220020774 6867.85800979836 6258.600090205569 6181.758720100915 6272.997279353221 6439.288577015499 6030.233997337455 6327.567450859698 6336.133606944017 6910.400627225048 6473.789855281408 6509.169686018142 6313.091026923034 6390.555282217899 6859.23500275239 
H: 420465 5246.589907256738 5719.049967202458 6555.955003517757 8631.26153388541 5819.752956781468 4633.979846369845 7235.553503719883 4703.478391453226 4864.768480971194 4077.6727545097137 5222.860576161578 6429.783279575275 6445.2134687427 5867.96744495635 6588.420474392099 6662.499931904935 8052.633507320625 7417.793875076179 6651.616317603267 4896.9984209413315 
S: 420465 4135.932162489597 6037.47634714183 4651.9807943244505 7937.147554225981 4558.6616630998005 5414.846099712582 5645.032027603156 4610.205427942354 6325.513165901636 4408.358860051135 3670.2175133935816 6815.583975502248 2711.6568108732886 3889.4089304184345 3252.3161441382076 6522.014984207292 6026.427226580133 7554.351035680845 6082.50856738689 6251.987500810955 
H: 555594 7130.698485771413 6143.993963452358 6782.322356867604 6478.296823540273 6518.000102024149 6713.763448140956 6367.471783232443 6390.744291686647 6672.954204255957 6571.625793112406 6897.429188273045 6089.093530066251 6440.994636550602 6621.76768009287 6826.882847792949 6206.656379767434 6811.569406882637 6848.972518042756 7296.087205938053 6672.448427573325 
S: 555594 6924.562623393804 5926.992569222185 6601.50701493299 6187.008301955943 6228.557029620964 6355.934230839146 6357.659497337124 6290.491303110298 6424.86825901779 6302.393880977308 6148.43349307951 5891.178493056881 5907.666465677061 6784.903018137431 6260.245669473906 6779.689065827907 6099.001662095377 6415.010377956642 6705.625342381855 5873.886739866912 
H: 555594 5029.050847094475 8785.29270209234 5101.666815499358 6445.985686408317 6146.611592200432 7650.204357238418 4535.188584241951 3882.0609535783615 6472.403435908039 5844.50790410976 7556.871372276279 5425.103800142211 7694.575779699597 8446.475869103086 6396.407721419667 6010.634617560805 6643.176645286422 6482.744815892995 7315.880838647835 5322.98535055297 
S: 555594 4867.804533657036 4462.564161143458 6490.7561329801765 4713.903301774452 5522.551373117813 5710.538352035445 6283.809183551978 4209.427753362678 4503.035972802314 4771.18772813727 5784.348689336764 4605.650743355076 5758.5066862894855 8759.622332983834 6666.39787073009 4160.253366427206 5338.668496830019 5577.415683733275 5402.642748221071 3960.9765469031063 
H: 765338 6150.462389387727 6814.263702937075 6622.933868533118 6574.772520342382 7028.9405855231425 6538.132458337326 6356.921578763908 6760.573885046889 6222.459499521903 7513.326844770707 6213.441296131016 6870.304072842386 7241.781395311514 6491.38209736268 6665.317686714544 6122.347251973146 6349.454734145592 6281.895629781763 7218.540207437707 6330.564897630237 
S: 765338 6302.100058460838 6159.005943595853 6393.330276493422 6291.710808351469 6804.897778641554 6269.100421570447 6352.133187909836 6452.046445968679 6056.705605637046 6717.296902692522 6102.844477272232 6537.115566790564 6306.7520557495145 6171.698299715434 6358.911337156043 6000.785146553872 6419.930893532615 6068.013708155749 6033.1716004225855 6652.72536735291 
H: 765338 3999.700240446454 9297.210136901653 4943.226075642333 5410.305520516656 5210.645784810424 5154.1059919603995 5155.779928496662 6261.973164622741 9913.249515544545 8471.458349884835 4674.177838409226 10435.834231878327 3883.7351969333163 6804.327318306984 6087.7208239990105 4587.1771531378545 6579.665082137235 7521.424705545783 5641.03634628841 4355.192636847253 
S: 765338 4670.845244289033 5525.687595533142 5495.792367490198 4687.4301952663745 6684.983293324285 6298.611792097477 4407.591461843927 3951.989223373765 3801.6041911892776 5566.337090366119 4726.5611590696435 6413.055411048423 4500.067611170039 5419.2378929933575 6536.776699881081 6021.009167031833 5427.970928514804 4510.7152948436515 7204.389455472637 3047.725842171772 
H: 367191 6433.022709158985 6664.653070027853 7383.426648364042 6355.8337331965395 6313.758380670899 6779.340494037551 6633.723400802308 7115.711262709985 6223.483416199617 6123.159915170595 6036.569381954991 6565.502058130032 6531.389591654773 6474.835698561573 6770.537181374334 6903.753392605474 6551.955536789373 6703.7236705002815 7322.7827026835575 6652.308795650718 
S: 367191 6228.836512603357 6399.506404503689 6301.330128948798 6179.717504248533 6665.69160763791 6995.603298791887 6006.428223813177 6735.950224764118 5985.48912698201 6104.837218301893 6281.794221786245 6309.9570542106285 6252.271705400168 6647.036583488547 6410.126949328021 6114.522352423426 6072.429435953415 6616.303617643372 6733.916027672618 6363.734682857829 
H: 367191 7666.796054645959 8455.60495658063 5391.914065948052 6204.35861306389 7628.41165329618 7248.39894648864 6941.730390826964 8481.216474991334 5743.780397720966 5543.5404870937855 7329.204319086557 5887.1726949102485 5013.392489982233 4942.402185544085 6250.499621202073 5511.9878709781415 5127.507901072976 6451.325730328505 5864.015113525577 5926.515483794554 
S: 367191 4305.828885636262 8224.655905328835 6726.480847192172 5521.486891084704 5833.866698398549 5811.680994138842 5188.783265132931 5219.382305947372 4720.593882967295 4619.337381467511 4603.417778031777 5321.066141595528 4358.1992821118565 4632.78137503031 4404.4708302657955 7145.746405072082 4969.7518582682305 3653.064816596931 5393.472445488905 4611.57149952668 
H: 287144 6298.102017382632 6815.309897905335 6795.729913139546 6293.6082736616245 6982.6284143578505 6267.8277186649475 6475.184178736058 6244.63796134739 6368.275477340618 6003.323625847757 7187.260916208443 6416.049155641096 6477.4874488970345 6823.9511160975135 6514.874068387135 6918.050490394141 6729.480007747873 7721.425550609781 7560.16996856771 7060.052701046363 
S: 287144 6421.8774193790905 6524.702678644172 6454.885181439887 6129.828795705345 6854.049968936894 6492.790654743421 6452.905076757774 5831.099138573546 6369.384568346459 6142.310652380026 6509.9939338020895 6736.463621372924 6200.501857661254 6474.357145958428 6317.958672102338 6506.5577815122215 6085.634491683475 6689.362872786819 7101.327095959547 6238.072003220684 
H: 287144 8440.493013070518 5505.1759649329715 4281.023932334448 6315.462909581922 5591.301486600179 8533.245786496744 5564.567757345873 4364.633377250639 7889.4377513743875 7501.6481023770175 9188.89330961335 8008.927082335708 7279.560604582189 7153.1991788045625 4784.655709886271 6298.7796536505875 7482.036876179032 7508.17404527163 7565.070666953282 8444.144518959936 
S: 287144 4140.305460587333 4123.569792854101 5913.748117875272 5109.319526782839 5946.778740694232 6740.639894672449 3578.2657690528376 3069.711443443297 6005.169727662661 6300.008140947037 7438.893359955722 7883.008441903136 5833.33562984258 7169.670293469885 3514.092377487476 4600.857884664894 4263.293258948836 5567.365511400951 6189.8146271934065 5734.127935452946 
H: 596925 6256.1506075516345 7199.4223564587055 6835.8713870836245 6960.2584011269255 6064.538376669208 6926.939235903817 6323.361581861995 6639.677915057472 6804.900985918954 6503.181032664149 6572.015950582699 6428.907496956202 6296.411787963797 6830.2161895908175 6368.354967264071 6535.1662027973 6768.143625242493 6319.755506004358 6725.515502842981 7969.552693138007 
S: 596925 5980.7953905054055 6404.430088423356 6450.043864230652 6758.279189478386 5808.08054852321 6431.438239516727 6451.132347918107 6653.519633406109 5999.981039847219 6440.975258141313 6772.550547574116 5988.367871289436 6382.9801108785705 6190.71986824492 6247.56028611496 6295.854909452297 6448.098292304008 6014.674079070723 6274.141935647068 6513.658838878525 
H: 596925 4974.710032339623 6624.744392143708 7650.470008319134 9663.090211449775 6769.451190809614 6798.068130948319 5459.57110564606 9379.87672103913 5277.927805701175 10015.789353425962 2821.313333535732 9557.342056569716 5119.509424420069 4838.400807987051 6343.520312117652 4484.3514788821185 8037.083381077045 4645.988346575617 6483.814109620663 6849.085888298714 
S: 596925 3978.9076799330905 6218.65168037478 6357.3458095026035 7847.323740866935 7207.510472122443 5147.791989041124 6038.683419918854 6766.0922408785755 5364.62574046551 9652.077677681516 1933.4251934810366 5266.261168119328 4194.983219936158 2546.0520592947123 3759.376226639116 4668.807343896478 6367.859392035875 4803.413086173335 6764.076085798382 5411.61244210678 
H: 464892 6118.6584229883365 6850.521626153801 6389.110629524489 6210.107885414145 6442.149857502331 6909.235199352281 6694.850594963503 6872.368729356807 6594.819888822755 5906.062962947625 6491.182506327223 6724.500771511437 6900.908415729458 6737.308219075616 6488.608907087876 6947.290220458038 6021.617732431206 6378.6562049078675 6021.031099915082 6781.21048569331 
S: 464892 6442.244497287617 6265.315544186585 6445.62319279407 6244.660782326511 6270.745213400882 6078.5683093011185 6009.938195931707 6878.65756933842 6473.284814802858 5909.788192419869 6261.937723124438 6569.35933837761 6544.598284288334 6362.654249179394 6088.952003730437 6461.680887000326 6373.036312819966 6657.125417051324 6413.999242862235 6716.689480722017 
H: 464892 5803.658060568167 5380.821222111451 8064.676805503414 4209.4008577019795 7148.3128980769925 5419.796699885199 7799.042327393676 5948.188786538492 6628.991328158542 4721.322380649353 7788.231340621557 5786.336411235057 4007.653990926987 5306.701506584338 7248.045750796218 6350.272119315157 5417.337413748486 7163.3986386611305 4944.59282514134 5885.53713601581 
S: 464892 3841.136886037287 4521.025753489812 5925.391989736137 5966.220896740076 5766.764572097868 3570.3282041120774 4413.508875744665 5342.970178913703 5742.847886752725 5713.1921341040215 5462.327430076297 5410.966612341183 5445.847762323374 4609.497259550155 3872.4129357543047 5352.037355139694 5971.657829901079 6305.349890491128 5821.286972690959 4879.062986364117 
H: 431069 6437.689490386567 6869.506429408915 6385.124300626456 6616.7758489128155 7483.558178655781 6899.171612193065 7016.82468874148 6976.305867320853 6799.441577720882 6780.4681830801055 6660.874280580308 6910.039190557229 6507.4574766400565 6940.883809506699 6462.87578958737 6751.1505732355445 6606.729686610795 7103.252848970252 6495.85647419501 6698.7387690835785 
S: 431069 6604.3280828697725 6107.987312972167 6485.588954906586 6315.648842582539 7020.494054659417 6437.105213478461 5999.639118013634 6612.918363509705 6616.966413610073 6403.217781034504 6102.825148770077 6140.61710555417 6004.774649458907 5819.902099646552 6171.530031608004 6141.377889266446 6526.097870593839 6568.853306324142 6114.718123358233 5884.457339201561 
H: 431069 6511.176361100388 4876.11229233912 8090.708447781189 4480.182333397394 9248.352010363986 5061.333334626895 4511.763658366413 5593.125254788617 4991.993751118752 6606.760871274233 5898.389508984205 8201.321841889552 6703.826687092956 6128.291029084999 6451.161616770146 7983.961384301904 6114.287918471445 8864.304060417335 5297.654028233204 7493.819039001345 
S: 431069 5910.84165392031 4457.778366983846 5340.480096337586 6899.132293966997 6964.4018319253555 5624.108925574015 5889.566930401988 6797.562719089661 5288.113890892131 7892.704980153719 5213.172466178946 6212.9996522791835 4437.922329623999 5253.684920662931 6349.031914665952 4258.299675516297 5980.35306225879 5144.219095268548 3640.051295459065 6555.837912247656 
H: 192052 6131.757802752162 6384.4357163147515 6899.980704206775 6808.433390509989 6705.91522200998 6428.480244815786 6623.076785265811 6598.597542272446 6263.307115014344 6419.446502185547 6961.79175065071 6496.553143163083 8007.343559105163 6215.811037805285 6546.720925398841 6495.901708096898 7042.390748463302 6359.224546899537 6505.466036691267 6472.16009937134 
S: 192052 6627.479594359431 6622.636187108152 5951.581359298455 6012.508231495881 6670.17013872902 6007.914597957298 6736.890117745683 5803.73707678043 5921.509814199836 6153.7605414420605 6279.1580940720405 6515.918316745281 6856.086618479692 6452.494640512033 5985.372438069194 6503.097130968415 6279.121216735389 6160.276766184707 6428.186741179077 6140.536792448564 
H: 192052 8169.195056980635 4816.448415273016 4981.666334287951 5801.335109945974 4665.076225594774 6972.12055958301 6654.126722931966 7148.605862080063 6460.013284764239 4721.210719431295 6112.006863410602 5823.275978161507 6518.498531328008 4718.903250926867 4968.067374120012 6641.419790440207 7555.126186877247 8022.029265120778 8753.397088651896 7606.601945243244 
S: 192052 7935.234688343626 4816.62405822947 5148.722444321997 5093.940199796249 2555.8607674832306 5551.552311097678 5445.713309545312 5778.106597369642 6243.836140783477 5788.757576604609 4448.409115128352 4750.786082267493 4775.014836730576 4847.612373942073 7637.506357804153 4786.735018733379 5551.443209146658 4846.232917501204 5561.150265172992 7714.957030338334 
H: 356735 6696.165961620475 6803.940630332912 6833.642493671499 7167.993695558733 7231.2698569775175 6832.633274938543 7015.835362405457 7062.198154310355 6568.7978707364655 7077.21173460636 6271.58365736484 6792.545364707163 6629.251056156036 6604.549250469409 6445.070841523416 6161.053296181585 6306.66484085913 6579.118790001308 7026.338857524494 6782.033458497194 
S: 356735 6900.448577901688 6200.912789937214 6209.332200954688 6324.4251672443 6527.82996740773 6234.053626978368 6507.524629729406 6353.498157397167 6777.460864693484 6353.156927759699 6393.953574313845 6579.904669098044 6597.15730158697 6304.9861844087845 6446.070592048031 6476.997932855492 5965.544910487632 6055.840866823286 6441.750224337931 6179.355632215347 
H: 356735 8883.690874945974 7057.66772261278 6820.897739647062 8918.822623347924 5624.88920818264 6256.8783972398205 4841.123737125914 8269.902257396237 6094.921406855524 7187.004284157539 6320.789470212193 4911.028157414987 5201.933080157498 6105.495088179871 8585.70199157325 5001.251979478618 6142.891156623542 6055.416857242707 8344.542980082077 6627.467761658712 
S: 356735 4908.919606998475 5616.973651982011 5927.161479417978 6257.48733867962 4610.65426432582 3695.0487789922763 4742.061550837329 4860.631519700406 4694.660288473062 4934.790378520799 4528.233845166653 5256.607907323972 4257.039729846911 6459.339440041891 5452.401797621777 5738.942746576177 5258.295523681361 5080.468361405393 8350.631007461257 6520.881047385404 
H: 795667 6787.722261217114 6622.923370399507 6308.610000585095 6209.540581401449 7160.851282403243 6852.0266851345405 6842.411711756075 7071.068631774401 6006.531190159387 6966.560462724835 6690.1759618640235 6225.262529353989 7409.42513955795 7086.781463514222 6546.921277731567 6777.9498965659195 6977.462267340876 6399.921826021743 6943.116302408257 6111.902118206174 
S: 795667 6466.467094155928 6359.946212667884 5793.252647388197 6217.451511535898 7165.298349295269 6602.340925160536 6497.060018576728 6738.833509882002 6498.593921457778 6303.465641611157 6658.684498520274 6751.428054448406 6287.050527339203 5838.488346173283 5997.637744734301 6183.860431454601 6281.222242274378 6364.959394184356 5952.187619624438 6080.271141150476 
H: 795667 6541.722659486272 6126.850120249714 6385.8503621158125 5756.495462035035 9678.256060818185 4968.4154519701615 5782.867289786304 8601.203382654725 6109.234194820452 4907.673356856 8208.17285850052 5202.849626824217 3653.1560092755963 5612.5594936272555 8413.69270261365 10147.1829521892 5256.502104320729 5854.419708868586 6539.694419664749 4806.71328153428 
S: 795667 4859.813580666437 4917.367851811937 5553.866805134582 5615.46579814927 7686.970733432801 5984.320022186643 4511.655271384726 3882.426713450716 3978.2367140164556 4011.2477792332575 5305.306976938165 5593.920332276084 3653.190347186132 5601.889274736808 6720.643024930512 7703.433419499826 3860.171035135513 6049.60697549424 7929.0101265308795 5776.143267987393 
H: 311325 6042.858179531713 6158.658933598539 6820.886365004322 7062.245468291091 6381.040304638532 6879.340379289636 6803.046107709025 6899.759570370927 6417.01956498972 6741.9897516660285 6614.104711585874 6071.426936684769 7241.613992155141 7612.230774487024 7206.052499261633 6506.57687940511 7152.572043725186 6108.248277702883 6451.8727827880275 7162.882523317017 
S: 311325 6438.886313881686 6524.948914637205 6417.646070940962 6032.08564840505 6729.750686399995 6395.088009572387 6379.6181461548695 6436.354898287697 6317.872093124249 6484.693514444355 6322.436462244119 6183.544167621694 6388.830046683005 6914.714068719949 6114.926885722825 6326.19281341562 6066.747191581088 6521.8986074464465 6163.1173161488005 6605.615853318168 
H: 311325 3787.7475866410437 5178.6535029159 5266.287183214499 7456.845418710984 6614.485089609344 7945.763557770933 7509.322267926843 7937.004399492647 6468.828182959294 4518.412224625875 5590.304073253117 6385.628471521671 7221.748055390837 4585.197717827726 6066.458814808756 8021.297718217258 7298.832231950904 7216.959131640665 4571.267079818502 5751.212949882269 
S: 311325 3569.0126158225335 5345.957516327809 5675.983818383743 5182.9398397321465 6448.073862899905 8333.223263399832 5710.54873428581 5801.366610777465 4027.472366030545 4579.508472598886 5588.828689915242 3056.8787333034934 4898.937957654971 3986.6160949291207 5130.489110607872 3872.0261102743025 5628.195800973554 6454.761617301919 4952.7178959259945 7032.276558384005 
H: 428270 6805.820191332936 6809.272031943436 6536.451168212166 6553.478783598018 6863.443516767845 6678.227730638434 7057.086972064005 6186.25924769205 6403.268259888443 6421.731196079096 6862.402478007791 6361.872367944721 6675.908032901187 6596.783823607743 6889.534056392368 6896.457933438983 6435.518902381621 7119.6370809260015 6527.9815356122745 6058.663966226064 
S: 428270 6607.140599759692 6433.601168077436 6020.323582556639 6652.892733929186 6216.375666671122 6504.40480450979 6562.535479020883 6273.568569080767 6580.794320004852 6018.87131697495 6366.5164385487815 6356.947027373338 6810.991032260262 6280.76384889625 6339.481716382402 6360.034093978472 6440.893610024549 6156.670697759721 6088.332754181545 6369.202284980471 
H: 428270 5271.1186053935335 4325.012500522859 7184.340470773396 5059.614597167753 8130.005643042847 7443.456068793533 8253.85916811244 5063.342250863076 7480.2228390079235 4760.266487868558 7942.6135588134675 6879.534585659323 5461.819052372037 6983.675923349538 8210.98262332557 4254.530326862903 8830.870332388433 6566.7459180442775 8366.87343430249 5086.315886734982 
S: 428270 5612.002496913634 3633.5735208340448 5774.846066222322 5576.40139674096 7178.1658488372495 7142.118081628705 4494.945583937965 6091.8929739557425 7226.070171791059 4258.988043713895 8714.075487165645 5735.585763440523 6162.334019122648 5244.288617936166 7634.608750015714 4877.60603183704 5230.19854051713 4824.705924173139 6878.962952129574 3873.1073965594965 
H: 499654 6489.891016604448 6394.218320734023 6487.896987392164 6522.498796261081 6889.489396684707 6842.572010129614 6363.6189214294245 6915.617136969302 6403.483060962811 6819.898660006058 6358.891129404868 6702.874455407589 6689.210713302615 6215.044476999267 6529.067594187457 6602.104170702817 6743.942479469675 6368.904779931565 6228.612338385185 6351.643981111761 
S: 499654 6322.449303202723 6572.373670756714 6478.5585300688535 6384.804571292639 6527.533111020948 6656.505796620532 6816.238477266619 6593.51601391641 6338.665027063318 6583.350379565914 6057.038423745291 6789.118903431567 6033.084840116098 6352.632405398794 6430.102394014701 6172.006935123705 6275.707310579786 6290.220680895283 6873.5994133471295 6307.246140067639 
H: 499654 7172.130805478517 5349.060853193157 6676.639846391197 5483.538166828296 6385.006530428224 6697.053819402742 7250.0959425122355 6233.053578630645 5975.325299904105 6211.052451581663 5792.198578497308 5697.957212624037 5344.899495534292 7522.451079930067 6874.915761710916 5511.766163280654 3876.047642533376 7562.779965784341 6804.925377602567 4623.66636523493 
S: 499654 5585.348857820256 6303.576572473064 3456.6626654372844 3069.645553390285 4088.7560072535657 6931.477975963008 6705.775645411312 4802.816731711832 6637.227798522997 5988.126172494639 5284.70866198861 7187.44891397806 7309.500526059872 4442.499788321501 6719.750938821151 3973.005899787358 3981.920816481128 4984.115967603772 7599.433342583589 6575.780310317401 
H: 932737 6782.197157809162 6803.822048730152 6601.508715258406 6679.003716523348 6306.653180782958 6321.276322526711 6359.524037590342 6781.200611544522 6433.60463160522 6564.155792767823 6469.239895889312 6743.062867741828 6710.652254630577 7547.588260728372 6298.358467367737 7360.956281032771 6306.136266541156 6780.869504549607 6863.70079908961 6595.391864003734 
S: 932737 6248.401394386333 6718.269445178892 6216.505473437635 6618.8237513146905 6072.567663386208 6568.295854752624 6523.398295541427 6144.033753092489 6368.160568522912 6307.295607639649 6166.392299648733 6664.266771874851 6236.848898392446 6496.456245005611 6129.179621065209 6781.315224467202 6302.185751971146 6086.186225642359 6492.18237409134 6481.556137006686 
H: 932737 5709.192231102673 5307.100371985401 7320.231866816271 7963.453710015849 6666.990266015298 7541.338401991041 5470.1169774037335 8115.507333049584 6328.444849904244 7715.90674234677 5404.839842361315 7222.070854216426 6294.4911189273125 6251.255358057288 3739.2282331617726 8626.699522225601 6939.282988044546 9070.906949586588 6180.1076445976 5662.9749774993425 
S: 932737 5110.542832739392 6283.064609057589 5753.074689388729 6345.570214208574 6062.6592205900315 5040.819529839198 5088.9726253475865 6921.189079716282 5344.72747967521 5356.002008849609 4708.523558920287 6491.530094013768 4654.027677638637 3893.1285993708243 4847.3016827583815 6395.111352894918 4085.7191807185386 8609.291579788924 6181.548349403311 4328.39707423001 
H: 210748 7079.939818983178 6731.845169364311 6444.9351939242615 6484.942425240248 6578.041766566676 6730.445970226455 6493.154894013272 6635.2576609122925 6740.476837574307 6510.875095261723 6910.055719799684 6649.745224753887 6174.853996166068 6385.767527281255 6889.700607560379 6605.618911295759 6352.419112409488 6480.985206344667 6579.49063774924 6674.992179689303 
S: 210748 6024.904681555264 6274.580039865389 6515.154168752183 6258.573220891122 6186.121948696881 6846.810796666507 6189.887026353391 6334.979284933149 6619.964631082409 6297.485661228476 6426.20954698249 6970.730706254041 5974.198607350153 6602.497292682761 6555.362063824978 5789.883864006191 6219.338652976706 6363.906293811722 6017.176534972999 6779.542737108915 
H: 210748 9544.34255254154 4575.79000393677 10215.642838742831 7166.429961877195 7133.603620635971 6453.221162765484 5508.700817445405 7059.627995646237 7286.373746024925 6496.215720785356 6362.56155788005 4536.867090706788 4795.50129969385 5932.770193279261 7697.361665668486 6131.862414588844 6226.776687165641 5351.447424236003 4030.088285667557 7752.4985197883525 
S: 210748 6682.489383940497 5071.262739775498 4669.3181766993675 3856.3727637362963 5074.452826141658 5367.365325614461 5444.676762900878 4543.542147113509 4541.816035678802 3718.975363011534 6086.492022831967 4637.228964578533 4590.76390646841 3952.481078077812 4235.576267662333 4851.573350027332 3629.3697404866807 2824.153818633209 4029.8965145067955 5292.454414620855 
H: 210456 6435.973426330993 6877.4070677952195 6733.130764830811 7252.134491730162 6457.504724288669 7007.601221765319 6723.152616895707 6643.260439754449 8349.378576670993 6658.488351741856 6522.200852433575 7177.347340763236 6796.71841324181 6386.43021884251 6552.204677827948 6447.748728997133 6910.237902094423 7021.726495649065 6944.9189247603435 6453.070439085967 
S: 210456 6536.288531046378 6480.403655063814 5931.23713296775 6421.440962786733 6361.920213420347 6211.181294450318 6317.6247394525635 6585.433960665925 6366.42965828393 5815.845392552918 6282.945337534871 6598.138150120118 6640.585322457305 6527.660145778701 6454.812526115351 6000.456976900837 6344.436455723406 6175.841589800717 6190.958442924697 6310.3142686744195 
H: 210456 7007.139088147123 7476.997117969251 5702.633479611847 3613.4087085920414 7463.838693162309 8284.840339292787 5818.542384771839 7329.5427868656 5651.4599516836615 5630.686061910034 7345.467523519399 6212.204705457764 3613.38265373977 5802.81315718778 8418.688644015441 8175.386108747267 4566.6255704990945 10313.690919099268 5751.095895140331 4527.756061223381 
S: 210456 7955.58017344292 6528.448045166642 5187.245438780022 4703.467570869026 5759.964051601919 5238.6107165067415 6409.928296520657 6153.684768064994 7215.687304867169 4787.295016181308 6882.192702706117 5317.934988086039 4495.665319225264 3918.468305427082 9251.52624669836 6838.767365625604 4568.884474475726 6890.587328424184 4095.2438207340842 4408.573966389408 
H: 806798 6552.032494804807 6799.050201264464 6756.72026983754 6627.352379119693 6604.074780541661 6558.768473505241 6409.039534592184 7069.956149963136 6944.414965626426 6846.653378711186 6252.38685900103 6051.092767875228 6366.734705332487 7026.023277526209 6888.071584244312 7150.606482421914 6312.0140355342555 6880.235125009373 6002.760640174331 6279.059360993579 
S: 806798 6164.548466309337 6414.925538678509 6667.321508823237 6148.686962259468 6071.917928003549 6276.2321727010285 6014.453942129574 6212.700813555095 6490.424838748532 6529.837900320598 6460.573988249966 6533.937668813722 6110.641589558846 6597.569004744417 6678.724431610524 6481.833513525999 6532.154572915156 6563.449220928123 6066.965676583544 6643.996670992379 
H: 806798 5911.18826164876 4427.3738122074155 6389.405559119667 5442.772217934107 6125.6318966280805 5899.82175213817 7073.17936036398 6507.980595825375 8249.70721722359 6789.029193708874 7729.374493936995 6572.9847975334205 6085.6666372655845 7771.465097937982 6169.839483032233 6019.627212472318 4365.312008474724 7582.295845819891 8745.394820981852 9499.2692851311 
S: 806798 5240.55668586892 7035.8609295111555 5479.630919626771 7058.574958413386 5071.872650174323 5351.68158380306 5824.283938179014 6432.968167120395 6434.964734441919 5572.586793424696 8497.624357108194 6327.974949284191 5248.834798458847 5988.879073752016 3899.3893885260773 4669.447348271193 7532.218478524238 6632.017262802843 5675.613416757412 3090.041567942908 
H: 699668 6609.9728112420025 6678.833603852562 6347.301989809376 6489.734770448033 6494.947298943836 6687.39449623191 7509.169485280502 6800.956137439113 6551.892105578463 6956.833584774119 6469.047041189576 6093.289817826136 6293.320210163555 6424.251443629921 6447.426391105807 6274.466916037634 6416.6050302284075 6512.909500817396 6540.039248804533 6404.585984362629 
S: 699668 5852.0568711179285 6666.860296070808 6750.344086815449 6220.308762389362 6076.800896150006 5797.533600978309 6472.093372045355 6804.899455364298 6050.2547091542965 6358.255972363162 6609.436696725466 6207.690582094818 6324.62012555997 6614.043302205969 6028.182564907874 6122.759364328911 6010.693072613122 6094.128310248517 6133.576289642399 6827.048835660243 
H: 699668 8294.898940377165 7088.741710414253 7681.939919993504 7265.804568156666 6768.188975038648 5487.1801489255495 6076.814406727532 5961.634410889663 8903.866629890172 5634.750050763815 5597.969338954517 4897.643473896954 5553.456090826679 5495.472640674295 6961.241709137454 8097.326940188048 6696.827953756689 6902.97387584912 5836.284573594769 6669.778220402645 
S: 699668 4716.162649854443 2994.7672836349752 3224.1454485536324 5486.692038257394 5561.664264490171 2768.3445288870184 3561.664364337564 5823.78181209987 4645.3980469652915 4163.222496604261 3654.283197869115 4890.910224060057 4827.9049608898085 5633.348439503923 6912.963246267314 6370.653727522923 5751.421384222169 2808.362308699052 4956.562573281668 5352.304730898782 
H: 630769 6908.594199085029 7272.294073339484 6809.695712768606 6606.7081409327 6929.975178215629 6598.457633349409 6487.590531986097 6422.186847515433 6284.150376246809 6392.921040754561 7389.478420381079 6124.992659039972 6458.813679366963 6162.06899358882 6042.862263915894 6470.90183158913 6444.847600204515 6679.677934753179 6281.968283541265 6247.516691710862 
S: 630769 6543.457228064023 6579.1477978901785 6904.595773647067 6462.442030229401 6129.304180816438 6091.123723150859 6482.450181108354 6410.172977736777 6284.11001443146 6618.500270575121 6596.382382441727 6433.530097958761 6117.948013545893 6390.871657141034 6304.256478159523 6134.286203388843 6277.92366122518 6473.842223067082 6753.737796792941 6158.17907452161 
H: 630769 5768.399081339189 6512.160584196032 6107.135599038254 7992.47051625776 4833.497561526865 5740.964255598469 5099.001283766223 5490.962273772727 4890.777037841259 4225.713319174359 5738.290559679986 11331.226193243894 5036.797850002292 6390.829145170521 6884.3246262864695 6845.208336643121 5652.787965667654 4298.049784085754 4336.670901669991 5337.939177763469 
S: 630769 5882.116455645737 4352.436561401201 6028.035282613759 5610.76062228153 5522.585718649516 4443.035638624887 4960.862474414236 6613.046877134805 3866.047508313946 4934.349493890753 4957.063605280392 3627.624527287268 4342.628228792869 6962.057335415536 4756.658979039715 4217.941897699695 5932.931287892617 3679.50818392541 4594.649101747974 4240.642424895155 
H: 381668 7498.85523915706 6465.997128771087 6137.905716773017 7128.064953317607 6437.254804319422 5806.604256945614 6571.895661724561 6786.789118362406 6753.781471945701 6709.404411069803 6567.516259036903 6493.225546789864 6575.2432235746455 6780.493846700497 6500.175083121344 6976.23202723733 6786.490161425365 6489.840120678646 6732.640264380632 6695.979116657193 
S: 381668 6576.958593375649 5829.866181460145 6429.975713202772 6354.194080166421 6385.969730098343 5806.604256945614 6821.2607043365015 5988.56280834949 6548.888801170687 6171.629572960117 6550.253818130755 6104.800811540254 6067.728416227357 6736.140921746282 6305.705724270647 6657.184070170364 6985.25612079443 6613.007454853512 6508.1233310940925 6661.697819220939 
H: 381668 6050.793641149625 5674.433778138437 7359.971269816193 5301.92294737549 6869.800185801358 4998.84124008014 5183.008210993938 5213.979335564542 7838.1620891361645 4712.014778404772 6011.511647104712 5086.855717028581 6706.425041994644 9017.598046926156 4295.088540109722 6650.064508006386 5973.018957968275 7028.248391337837 6532.248061596921 4929.331543364262 
S: 381668 5637.604574316459 6410.502831813583 4340.779760775427 6647.344968554097 5455.738947244918 4738.254242599289 5475.049797320483 4579.68391857566 6861.554161157077 4480.6087540906965 5659.746052389204 6246.577901031453 6368.675256626625 6586.834088952059 4716.484912254153 4644.482200734482 6593.078401982986 3500.9850169843517 5511.265264914087 5527.978680350959 
H: 810408 6536.128302211424 6547.616236225313 6314.108411753589 6200.1765845408045 7092.279426263922 6285.715681685503 7329.956786736806 6617.415024555783 6636.222370225294 6463.578536743458 6173.905857991954 6531.484603116415 6993.541568447304 7121.215237503209 7120.231566956722 6554.262314422949 6829.253869517202 7120.603595506444 6181.486406935934 7110.381097977675 
S: 810408 6304.948538827819 6422.274512955749 6234.370483767137 6491.459919388397 6432.466328823593 6052.343277886143 6800.835498046346 6006.316876720818 6569.045657488521 6157.398610333093 6348.630551150809 6527.45300204975 6748.939575947869 6261.158629102884 6464.4652111435325 6309.505111678417 6629.211732155978 6662.748021629216 6526.52647009908 6537.442891261568 
H: 810408 6864.940186549163 7301.327526557562 6633.126238841429 6122.9341302174425 4500.217185291967 6465.754105595829 6429.140702470925 7338.287563515116 6382.89891477602 6440.862527379045 5574.029860297081 6548.489054305724 5827.859024844794 6708.434999023724 7961.900390629861 7203.853668694733 7343.797219050852 3763.0600976540227 6042.512194919483 7253.379598683797 
S: 810408 6541.609829333522 5954.951609163581 4069.9748079022024 5845.716035162743 5657.7544448718145 5158.651435297844 4254.143157871605 4440.179568584962 4220.325684382218 3441.753830906778 4486.6611296367 4756.4788337642985 6485.197754036146 6209.504953433583 4973.503826094033 2515.0095553451997 4610.526454168693 1953.7714716964192 6955.277965057988 6223.104458882196 
H: 441624 6213.599824168138 6980.552658163965 6646.808703374858 6766.218776354775 6404.111852251975 6325.851848559945 7008.083685081517 7107.83703147154 6935.9671267531485 6200.293868212182 6430.372601287682 6720.630991046745 6690.215114827245 6852.955170413324 5959.70772562612 6854.388449436274 7192.4093855322035 7193.879341528584 6678.937059948278 6596.743599137364 
S: 441624 5945.912622401811 6069.785009525158 6760.944998553525 6663.719148739845 6151.338832954812 6325.6638578795855 6488.069052582852 6354.510975611228 6464.913102589964 6224.391309427409 6152.957497542304 6524.617515482008 6273.955583760795 6421.991959784698 6248.145764895131 6606.637042125906 6510.2975197705355 6700.575172625742 6397.631664694299 6073.032112958328 
H: 441624 3481.626082803669 8425.517183516838 4669.730889616351 4912.232177737723 4799.906479726793 6445.874487081683 7397.64908662297 6422.9954429245645 8123.280688514137 5375.6097363157305 4292.935263158207 3423.225251666726 6813.291994268443 9712.317817662528 9608.953559931015 5619.597515723395 7737.67681556007 7915.526248365299 4515.654478134947 6588.3743157110275 
S: 441624 4210.7693183238525 4252.867221064493 5452.128737135124 4284.2888595302275 4424.816096150818 6820.2488184094145 6187.585907352317 6368.191642654055 6305.579760286732 6454.853650882389 5383.186071228488 3735.6011429333753 5161.705429297682 7840.741887803292 5545.446602581447 4654.245634346434 3973.297856727302 4487.973437482866 3499.605310586768 6126.858936775296 
H: 655393 6047.909962121576 7059.49976998173 6529.164079183672 6699.0543244117225 6351.229155638187 6631.430809928152 6085.560635913235 6904.061725169817 6806.822335897056 6504.474323308506 6373.196482878244 6634.401927757921 6862.444524189654 6965.404271620985 6772.260951155366 6257.271237416906 6834.112447806244 6820.228209038559 6129.532397745537 6214.328535677416 
S: 655393 6273.0219669078715 6784.442860054254 6138.797182168104 6242.142739799888 6350.272681617493 6436.788020293853 6080.661963160916 6326.777116770815 6821.006530636635 6663.401704544303 6130.422195971364 6557.5629576015635 6756.778545709534 6334.4786711135785 6379.979094957838 6288.78304268938 6313.417065926818 6011.476589868222 6082.146801105122 6495.421066876015 
H: 655393 9365.832698408361 3312.088880706828 5406.043928950402 6639.775947704166 7297.70366198119 8461.263218167842 6141.473786925728 7575.6077563904755 10189.816321007755 4781.263627365695 5432.972615082517 10201.098165539544 4736.01229447265 7461.453749404293 10781.515122651068 3683.3711371624167 8962.901177285512 2686.114684315391 7708.759411166357 10102.383236278836 
S: 655393 5595.957360950563 6465.523070743457 5175.128351687475 5630.826413227667 4479.74659135466 6080.669059324382 5336.883897385625 5872.929332535809 6151.934235787524 4781.697446452571 3751.0565407746044 7428.658932417404 4428.694097519025 5976.192100494245 6462.819893279495 4953.721523658667 6473.955475356987 4992.581717258869 6967.543668269406 9381.359289308482 
H: 362119 6763.751918943433 6324.292690713591 6953.538322986892 6701.845832434517 6732.971423538736 6983.6382266417995 6518.786812254025 6151.053149926007 6953.901322519051 7012.640394536792 7111.208116416071 6836.481861539183 7353.228531878511 6304.884404480317 6792.075952405597 6670.19269455262 6004.47450213439 6594.371876300644 6199.577759584485 6700.480580253875 
S: 362119 6424.527994194198 6418.71831268133 6855.634535542408 6732.046375102065 6246.487659248884 6245.64179976859 6328.638444623302 6279.577528155007 6294.179138705078 6151.785340715366 6746.110056884206 6753.759425454973 6517.429976617255 6375.31093262636 6401.784840578882 6921.956197364715 6303.161544136811 6381.880983386342 6311.654699414411 6200.607053628288 
H: 362119 5833.3970464203285 5153.394450326251 6702.823798056072 7006.252847444304 8495.32104881907 5947.933704944088 6247.508930151475 6884.820489600806 6384.9788502255215 7450.322964830672 10011.290370844452 5258.2031401684735 6019.898448015899 6709.665614162392 8207.122622295134 5684.79730624332 7102.115432613818 5685.120031878686 6737.77841682383 7443.805026499269 
S: 362119 6446.373491195361 4434.171154305982 6047.578737349362 4884.882025083278 6498.444019443101 3961.018076793018 4983.40304899671 5480.873618480643 5161.989075150804 4649.905159662975 7259.992715727619 4450.718718941057 3292.3729176531033 4858.669784255955 6122.269789015104 5351.897249501464 5756.208702072678 5341.995745031041 5967.268162521625 4688.547358214838 
H: 635815 7518.653225142993 6440.482230478154 6461.968114534271 6328.899392479028 6490.779321646543 6231.253403600135 6201.31993290096 6494.043367593133 6713.551743668026 6532.829918405586 7032.129466328834 7770.605728692343 6859.36967938887 6872.2180154726075 6417.887271857455 6293.233312271084 6597.85947510272 6416.963780052236 6999.811035356863 6307.5816634470575 
S: 635815 6833.192386156614 6258.526250512386 6499.90690017875 5801.266078587582 6716.039800307411 6197.734155456895 6200.371921812464 6820.232337798841 6406.268434409245 6352.627308893522 6365.08893931978 7105.793059114755 6104.616859489622 6166.979097093396 6432.199216782393 6058.245975057955 6490.040674240968 6020.581410138695 6817.648869583309 6267.38384961906 
H: 635815 7201.708926470845 6722.209753918962 5565.265793584031 6422.871816258914 5685.549295906241 7451.271069885422 7433.653486168316 6179.2433718271495 6593.630481156508 5210.62661802829 5136.155402493447 7991.635686457966 7924.513976328337 5425.569744993985 5062.492011529448 5691.267652503977 6238.573682951743 3872.5930337861537 4498.779664750248 9028.330159861962 
S: 635815 4154.356595162047 5566.291139132363 5376.701456001528 5356.83872526777 4725.40237252484 6386.243274507115 6897.547666287715 4649.070642606888 6593.823929791808 2743.4593447373295 4949.3886543735525 5610.1393235640335 5304.257609972393 4412.988507771155 4036.4397627007065 5283.008397287602 7487.930068375 4255.422910716686 4289.147519158743 5209.527404224253 
H: 216 6964.7761026885055 6960.249174029313 6761.932116677803 6972.76234857461 6633.732500214442 6812.486871580839 6177.239627102921 6109.560308054284 6521.387814340578 6757.595716795792 6204.858560194698 6592.543078308128 6339.421536436153 6582.716027001917 6592.346807416433 6850.751667764955 6217.823647043517 6817.972300917869 6451.849530682999 6406.791289711905 
S: 216 6324.276775153134 6297.634661472675 6595.702648093741 5836.432889822885 6259.6419335641285 6409.9370704563535 6089.913252605646 6255.002737549241 6482.246006309576 6227.17458277705 6338.50016758146 6186.497801386916 5983.275483518447 6335.234262160262 6764.006209333846 6320.519245897539 6215.552896266246 6213.902162736084 6412.277839146479 6717.34018643692 
H: 216 6191.2554847514275 7998.234992167329 8485.530882838832 9239.474946507726 9127.433606561639 7542.303068331571 3101.7969456485666 5704.107981722631 3914.200617990445 6149.641863056938 5614.087389616473 8583.703029988912 7451.198047485756 7460.13217081842 8568.359186223166 4560.307045084716 3763.008105869384 7842.678197526087 5378.693861141868 5547.090824689936 
S: 216 5265.5815460772765 6304.465665385548 6081.997722151153 6224.557539832189 7235.933260975411 4928.186469818052 4421.084867093828 5675.59719465452 3836.336912379764 5920.879846777636 5385.6048055816855 5569.522255937377 5173.583875896582 3918.246235888043 5838.640196889838 5799.445075547137 5183.340707727162 5902.5856152216875 3920.903978929319 6062.373734840224 
H: 849257 6547.765207735905 6504.218058030419 6876.9764283936765 6815.635675601542 6307.720121060167 6413.0194553245055 7196.960136401195 6417.097029327215 7124.610081544595 5900.684174537951 6670.580454796542 6770.029688336042 6318.243811348905 6642.123280924447 6303.602916042238 6447.142594667779 7407.796664056016 6714.4562231660975 7064.86751352127 6263.62549448155 
S: 849257 6509.145639719409 5910.088771719633 6182.0716803655605 6513.043010865003 5792.728323813127 6547.4774335520015 6125.919498005682 6317.571647858304 6093.278279138076 5952.253277626639 6403.865000887394 6473.912002747227 6145.814364708865 6003.38142995997 5963.190768091773 6387.720172935656 6621.668543796663 6387.629548538982 6085.01956519843 6655.227621295999 
H: 849257 4889.250830745887 7244.359348111651 7253.598734470969 7505.650174295692 6011.11532481226 6613.586100081607 5078.3736499908955 6715.073976266811 7546.467010749737 6869.817963820509 4219.6752840196505 5021.8991308773875 5823.3107435346255 9014.174770399493 9925.964784410198 6952.311589814873 4703.818659647589 6059.4045308372415 5837.770670687083 6495.588711134073 
S: 849257 6116.340365724307 7435.943681349796 6147.426987551285 6842.599214036821 4175.571401552882 4400.7544384749035 5325.85003771895 5331.646766731556 5264.442713214791 4425.085187168779 7816.991311389657 3145.350103687842 4057.6871673226146 6081.012145296816 8393.476888526093 6059.484155863183 2596.590500573374 4472.254881261523 6330.4036661985665 5641.785545732581 
H: 883150 6689.19371917055 6244.494927334264 7138.029371477076 6692.380592638493 6954.072817688842 6081.564227167075 7059.978429616172 6102.700732223599 6448.10197313546 6730.196314473845 6463.026813524321 6399.77832133931 6380.255556924503 6347.934312848045 6573.836991033233 7136.822126648073 6699.283793311533 6822.853692723621 6693.587714300903 7011.788640113412 
S: 883150 6010.249748716581 6062.396923974129 6386.257543605466 6510.699263379034 6105.617220727268 6184.012449461886 6428.395364571303 6316.0990739070485 6138.614890334082 5987.004315490861 6558.114558712046 6399.83527240573 6608.028180906022 6023.649242686008 6574.5590355870145 7123.3357340897055 6245.8176047223105 6838.633424659123 6104.636163367469 7301.25771337999 
H: 883150 5747.696279935511 5134.281302899415 4427.04272168653 5826.172335849944 5358.065270629174 7979.757905583016 5233.061142104469 6531.553026911768 6729.911591070475 6573.794580060343 6454.798704324838 4207.70237919994 7894.267777356401 6235.299233507564 5976.085179391961 10035.667290359475 5118.444411810669 5015.9519714829685 5186.67188720097 8577.233325151754 
S: 883150 4506.78857239251 3261.633839882134 4551.095370403358 4112.955355947251 5914.599573979722 5114.871087151762 6019.045116998745 5742.282061710801 6118.467357006228 6138.468795213198 4807.769207211419 3997.5704175835003 5432.123493470368 6354.966213149094 4337.505887975841 7973.092500124102 4591.84365624792 5898.073406797659 4924.805684131776 6652.146484265546 
H: 929219 6528.932578219597 6624.678660348039 6758.331380729177 6453.921295015668 6589.916283922892 7241.508558764314 6101.011799314719 6627.988980737329 6797.362675745238 7477.000404106719 6356.825903467289 6621.2157773401905 7409.296182227921 6795.250601968866 6792.648139053065 6202.978441753703 6761.582628804833 6611.633269502436 6350.165660187867 6276.614539764785 
S: 929219 5977.0656224733575 6406.211248226572 6435.308845640193 6134.269035984883 6583.969768455526 6394.346838975231 6101.195302580978 6510.76681613928 6182.6954861723025 6481.875664165335 6032.360207033013 6217.538999517656 6747.554089376369 6141.327424677849 6168.128546404366 6153.2867760741965 5726.830847582888 6305.845122790265 6323.336376561635 6323.669509557967 
H: 929219 7102.409631264076 8314.50956257632 6976.812293787863 6710.425950822435 4777.115773158899 5840.178635884987 8745.807481024287 5553.609732263876 5381.008663170958 6678.7916404807565 4458.6086792962105 4982.39959721582 8644.739829841761 6508.365286440887 5193.1084672177385 4671.939215866153 4398.501796331188 8318.375539501558 5002.305053821155 6867.665381193635 
S: 929219 6306.159215749832 4930.982013121179 3732.337598306578 4268.475197370814 7273.0069889485 5569.612079933898 5262.050226375037 5341.073941089589 7207.799401371465 6922.486458451585 3449.852079074382 6088.689429368217 5898.321883271518 3587.085392202172 4403.895309273088 6664.107338964569 4188.950073063371 7805.808800413874 3647.6271403259548 4791.594256797404 
