H: 430201 367.5445209975047 354.1711610058707 375.50198017268553 363.01537021513025 371.31843580356366 360.2711560432318 404.77235033333136 367.282714831828 360.31595944569966 354.63578359534847 355.7175637395365 360.71583157924806 339.45985830869034 403.04393407997304 361.4362443643018 395.0016055833092 350.7407693630604 369.77471149902476 369.0605246015807 372.6843329835637 
S: 430201 367.5445209975047 354.1711610058707 375.59978966464996 363.01537021513025 371.31843580356366 360.2711560432318 404.77235033333136 367.282714831828 360.31595944569966 354.63578359534847 355.7175637395365 360.71583157924806 339.45985830869034 403.04393407997304 361.4362443643018 395.0016055833092 350.7407693630604 369.77471149902476 369.0605246015807 372.6843329835637 
H: 430201 123.17383870076397 118.05705366862362 125.1999298882167 126.74713779469896 125.30485847108578 120.09038534774393 135.5224193168123 123.72259207626608 120.10531981523313 121.51802145958841 119.10394177530033 120.238610526416 120.9724135687549 134.3479780266577 124.80882208782832 131.66720186110294 118.60859038238723 125.63347869502724 123.02017486719349 124.2281109945213 
S: 430201 123.17383870076397 118.05705366862362 125.1999298882167 126.74713779469896 125.30485847108578 120.09038534774393 135.5224193168123 123.72259207626608 120.10531981523313 121.51802145958841 119.10394177530033 120.238610526416 120.9724135687549 134.3479780266577 124.80882208782832 131.66720186110294 118.60859038238723 125.63347869502724 123.02017486719349 124.2281109945213 
H: 347651 365.5716787789628 385.6802824432737 362.81878308192427 350.1555454588811 406.13211499567404 379.1154471814723 370.6816422945327 373.251036281493 370.24069496031103 371.9895050021964 358.4624050260584 335.9396268698231 375.4615602461587 364.23320781854716 390.2411054623024 335.7572684732236 379.8720329638575 373.37495776838 362.4933958969988 364.0079200774021 
S: 347651 365.58994078384444 385.6802824432737 362.81878308192427 350.1555454588811 406.13211499567404 379.1154471814723 370.6816422945327 373.251036281493 370.2186855536743 371.9895050021964 358.4624050260584 336.0826641074245 375.4615602461587 364.23320781854716 390.2411054623024 335.7572684732236 379.8720329638575 373.4340250425119 362.5196449506205 364.0079200774021 
H: 347651 123.11067972783604 129.17423496366055 120.93959436064137 116.71851515296035 135.37737166522467 128.31675291884477 123.56054743151098 127.69992735495339 126.97626621488236 124.91322260154955 119.54280565846281 113.99878166785136 125.54103695556222 121.41106927284902 130.0803684874341 115.02416573388307 126.6240109879526 124.45831925612674 121.56001808286568 121.77546869608825 
S: 347651 123.11067972783604 129.17423496366055 120.93959436064137 116.71851515296035 135.37737166522467 128.31675291884477 123.56054743151098 127.69992735495339 126.97626621488236 124.91322260154955 119.54280565846281 113.99878166785136 125.54103695556222 121.41106927284902 130.0803684874341 115.02416573388307 126.6240109879526 124.45831925612674 121.56001808286568 121.77546869608825 
H: 22201 369.74929177035074 368.95296196775246 379.65242277925626 381.12687062773296 361.76604962905276 378.4459593453535 358.07709807483656 355.35269654612847 368.87029465679495 352.5395216538488 368.3993897892723 414.27445443193847 382.88679736296 388.72194805273125 357.6673591465304 360.58489114837806 374.0872704018592 346.3267984676931 372.7478286823182 369.6992734811212 
S: 22201 369.74929177035074 368.95296196775246 379.65242277925626 381.12687062773296 361.76604962905276 378.4459593453535 358.07709807483656 355.35269654612847 368.87029465679495 352.5395216538488 368.3993897892723 414.27445443193847 382.88679736296 388.72194805273125 357.6673591465304 360.58489114837806 374.0872704018592 347.324047660438 372.7478286823182 369.6992734811212 
H: 22201 128.85011905318785 125.97641472918623 127.41156598237414 127.04229020924443 120.58868320968413 128.36998612632703 120.72718861976274 120.02375954347734 123.11084370094405 118.99883515116237 122.89328463504565 138.09148481064616 127.62893245432004 130.56806037157597 119.22245304884346 120.19496371612611 125.04205207226259 125.58839305977693 124.8486783461256 126.35081816787337 
S: 22201 128.85011905318785 125.97641472918623 127.41156598237414 127.04229020924443 120.58868320968413 128.36998612632703 120.72718861976274 120.02375954347734 123.11084370094405 118.99883515116237 122.89328463504565 138.09148481064616 127.62893245432004 130.56806037157597 119.22245304884346 120.19496371612611 125.04205207226259 125.58839305977693 124.8486783461256 126.35081816787337 
H: 166355 368.76221145054757 381.1994935912092 385.49225906889785 366.9550005800362 380.3193873096842 351.25670904127367 367.67129469242184 372.4643011719592 362.4263507631447 358.50392897505606 351.6618948316676 364.51547006439125 348.0341144811286 371.9132108478677 351.90100527113594 367.8965661242852 354.80318091322107 391.6399505540656 362.3036592338094 352.37003538556576 
S: 166355 368.76221145054757 381.1994935912092 385.49225906889785 366.9550005800362 380.3193873096842 351.2499627246104 367.67129469242184 372.4643011719592 362.4263507631447 358.50392897505606 351.6618948316676 364.51547006439125 348.0341144811286 371.9132108478677 351.90100527113594 367.8965661242852 354.89425295102666 391.6399505540656 362.35043667955034 352.36840533366177 
H: 166355 128.06734616494666 127.06649786373642 128.4974196896327 122.31833352667877 126.77312910322794 122.84815484457869 127.93968556021454 125.2741011096239 125.41757026648908 121.17909526779584 121.07514837794814 124.35435527739165 116.01137149370969 123.97107028262252 118.99071967510537 126.72218958324868 120.34575903666926 130.54665018468856 123.38044739636804 120.67889452177133 
S: 166355 128.06734616494666 127.06649786373642 128.4974196896327 122.31833352667877 126.77312910322794 122.84815484457869 127.93968556021454 125.2741011096239 125.41757026648908 121.17909526779584 121.07514837794814 124.35435527739165 116.01137149370969 123.97107028262252 118.99071967510537 126.72218958324868 120.34575903666926 130.54665018468856 123.38044739636804 120.67889452177133 
H: 987982 357.6111964374211 367.03465161218867 378.1192579543563 361.9729671085538 387.52779172009195 352.4690311849936 345.42559868417004 365.61986284582065 332.83779889506854 367.6271037069713 391.0665165387189 379.51585249400233 375.623973775953 369.97470887511645 354.71489859572915 387.32444412634885 365.67169243148794 356.006773244452 385.34355073782535 360.85760836909 
S: 987982 357.6111964374211 367.03465161218867 378.1192579543563 362.00981778561675 387.52779172009195 352.4690311849936 345.44171404364016 365.61986284582065 332.83779889506854 367.6271037069713 391.0665165387189 379.51585249400233 375.623973775953 369.97470887511645 354.71489859572915 387.32444412634885 365.67169243148794 356.006773244452 385.34355073782535 360.85760836909 
H: 987982 122.3043063248915 122.52228500437455 127.5872503912124 122.42139746638428 129.17593057336396 118.04306397723238 120.31839083201002 121.87328761527365 111.58321091256833 124.64516577236077 131.46915744607878 128.3069581812696 126.7478661133428 123.32490295837216 118.23829953190983 129.21197593509675 122.50013161010489 118.66892441481744 128.44785024594182 120.28586945636332 
S: 987982 122.3043063248915 122.52228500437455 127.5872503912124 122.42139746638428 129.17593057336396 118.04306397723238 120.31839083201002 121.87328761527365 111.58321091256833 124.64516577236077 131.46915744607878 128.3069581812696 126.7478661133428 123.32490295837216 118.23829953190983 129.21197593509675 122.50013161010489 118.66892441481744 128.44785024594182 120.28586945636332 
H: 947663 366.91545717847447 370.78087323573806 358.30532282881484 354.2512814500609 364.7244233602413 349.14731943914455 363.55129314319555 389.34826187181403 367.39831023582366 332.04739659787225 377.86298341217173 347.4773014706668 355.822105899853 363.486981429169 404.07822456910145 367.0564244031804 378.7615049079964 360.0842299603483 379.02158221450173 390.2962179826628 
S: 947663 366.91545717847447 370.78087323573806 358.30532282881484 354.342717549999 364.85056352513527 349.14731943914455 363.57506086042906 389.34826187181403 367.39831023582366 332.1010907622368 377.86298341217173 347.4773014706668 355.8367286989911 363.486981429169 404.07822456910145 367.0564244031805 378.7615049079964 360.0842299603483 379.02158221450173 390.2962179826628 
H: 947663 124.68156552928329 123.5936244119126 119.87722559481239 118.9799366285832 128.9226536630114 116.39697951498023 123.04859677202661 130.29747905243093 122.46610341194123 117.0192934328858 127.53295899414273 117.01915643143897 122.69222779562182 121.16232714305647 134.6927415230339 122.35214146772681 126.47694819913293 120.96331484246097 126.87738444316308 131.48070533620287 
S: 947663 124.68156552928329 123.5936244119126 119.87722559481239 118.9799366285832 128.9226536630114 116.39697951498023 123.04859677202661 130.29747905243093 122.46610341194123 117.0192934328858 127.53295899414273 117.01915643143897 122.69222779562182 121.16232714305647 134.6927415230339 122.35214146772681 126.47694819913293 120.96331484246097 126.87738444316308 131.48070533620287 
H: 580803 374.06117217781554 330.5818807585949 324.2082594882712 354.6745241099869 385.1801436696535 358.80462967847484 387.45430800380666 370.59396111612807 379.1532063342363 351.067134263392 364.9302224250721 363.3499089317921 361.95131425146025 368.0499173929966 372.81412224151103 374.1781177375116 350.6796415050765 367.5880093593794 374.14363222420644 393.7605003932619 
S: 580803 374.06117217781554 330.6682824719807 324.2082594882712 354.6745241099869 385.1801436696535 358.80462967847484 387.45430800380666 370.6579123455363 379.1532063342363 351.067134263392 364.9302224250721 363.3499089317921 361.95131425146025 368.0499173929966 372.81412224151103 374.1781177375116 350.6986195533756 367.5880093593794 374.14363222420644 393.7605003932619 
H: 580803 124.74473709309531 117.55559419931154 109.11513015868142 118.48695708713632 128.44963370729639 119.60154322615826 131.3845276079701 126.18455641069633 130.0333383141166 118.97624579913044 122.34523368688352 121.66839537634436 120.6504380838202 122.68330579766558 127.14474675744762 126.45482216139811 122.35725938953773 122.95533557718386 126.23277371994115 132.13716063283903 
S: 580803 124.74473709309531 117.55559419931154 109.11513015868142 118.48695708713632 128.44963370729639 119.60154322615826 131.3845276079701 126.18455641069633 130.0333383141166 118.97624579913044 122.34523368688352 121.66839537634436 120.6504380838202 122.68330579766558 127.14474675744762 126.45482216139811 122.35725938953773 122.95533557718386 126.23277371994115 132.13716063283903 
H: 462815 383.2650136173752 378.78868477943405 346.2033802025921 379.833931116458 368.76714614844525 384.12425921488307 342.3227712255661 361.40535487707507 379.90245734541094 350.8098666913872 369.7342387622768 419.828658887221 368.11862865656224 383.882360434827 355.8783862472914 337.4363313050197 361.82285204160536 400.20554820166154 383.3046619597268 343.71340437656886 
S: 462815 383.2650136173752 378.78868477943405 346.2033802025921 379.833931116458 368.76714614844525 384.12425921488307 342.38415064542255 361.40535487707507 379.90245734541094 350.8098666913872 369.7342387622768 419.828658887221 368.11862865656224 383.8823604348269 355.8783862472914 337.4363313050197 361.82285204160536 400.20554820166154 383.3046619597268 343.71340437656886 
H: 462815 127.75500453912515 126.26289492647805 115.58077798916767 128.53939947319884 126.17498129816113 128.04141973829425 117.14546740671592 124.43598366492195 126.63415244847035 119.9422440763127 127.01700988630647 139.94288629574044 126.17740772307533 127.96078681160905 119.08139446490082 117.55797620024835 120.60761734720185 133.65760568162156 127.76822065324232 115.07491795169027 
S: 462815 127.75500453912515 126.26289492647805 115.58077798916767 128.53939947319884 126.17498129816113 128.04141973829425 117.14546740671592 124.43598366492195 126.63415244847035 119.9422440763127 127.01700988630647 139.94288629574044 126.17740772307533 127.96078681160905 119.08139446490082 117.55797620024835 120.60761734720185 133.65760568162156 127.76822065324232 115.07491795169027 
H: 801079 363.92619336942295 384.0412590860293 348.0600082305317 370.1089288521907 379.55325658676406 365.56475356952797 377.72961380604045 351.00179639035423 365.8036849828878 370.82276581966465 388.15356057404875 376.31864949469576 366.47869264860526 363.82153405641003 368.6256954127238 377.9036268374472 376.9615942853902 356.0258028715551 374.88225728326455 385.8614143086653 
S: 801079 363.9340886689918 384.0412590860293 348.0600082305317 370.1089288521907 379.55325658676406 365.56475356952797 377.82296612765384 351.00179639035423 365.8545272347653 370.82276581966465 388.15356057404875 376.31864949469576 366.47869264860526 363.82153405641003 368.6256954127238 378.0231968129924 376.9615942853902 356.0258028715551 374.88225728326455 385.86141430866525 
H: 801079 125.2026220506406 128.01375302867643 116.19245074426448 123.78090850362058 126.51775219558807 121.85491785650929 126.54863524238547 117.00059879678464 121.95150907825514 123.63556075737282 129.82252341204452 125.43954983156529 122.93619459578952 121.27384468546997 123.76463764633334 133.21567576651583 127.36879230412843 120.62679420824712 125.37613627459886 128.82636280240763 
S: 801079 125.2026220506406 128.01375302867643 116.19245074426448 123.78090850362058 126.51775219558807 121.85491785650929 126.54863524238547 117.00059879678464 121.95150907825514 123.63556075737282 129.82252341204452 125.43954983156529 122.93619459578952 121.27384468546997 123.76463764633334 133.21567576651574 127.36879230412843 120.62679420824712 125.37613627459886 128.82636280240763 
H: 273760 352.30274712133263 385.1463815657246 376.7051474155604 355.2872753020425 386.1480903964937 386.9877964561569 358.3675934399813 353.2976855079152 374.3826809127693 340.4037295128923 373.24261299763106 383.841515291314 355.624590842374 367.4117455410084 357.7203712832281 366.77228251491607 360.9279629635852 381.42060544166407 364.20997919998746 370.61527491643164 
S: 273760 352.30274712133263 385.1463815657246 376.7051474155604 355.2872753020425 386.1480903964937 386.9877964561569 358.3675934399813 353.2976855079152 374.3826809127693 340.4037295128923 373.24261299763106 383.841515291314 355.624590842374 367.4117455410084 357.7203712832281 366.77228251491607 360.9279629635852 381.42060544166407 364.20997919998746 370.61527491643164 
H: 273760 118.24959601088126 130.02157427283882 126.93375870689255 118.42909176734757 128.71603013216452 129.73423782555636 119.59798652505154 117.78648044517018 124.79422697092318 118.22374146414117 127.4591830032101 129.59349908738275 120.18129415147722 124.77177160768706 120.41451408980977 122.25742750497216 120.30932098786172 127.67846380372384 121.40332639999589 124.69975944183906 
S: 273760 118.24959601088126 130.02157427283882 126.93375870689255 118.42909176734757 128.71603013216452 129.73423782555636 119.59798652505154 117.78648044517018 124.79422697092318 118.22374146414117 127.4591830032101 129.59349908738275 120.18129415147722 124.77177160768706 120.41451408980977 122.25742750497216 120.30932098786172 127.67846380372384 121.40332639999589 124.69975944183906 
H: 741389 371.44727129194473 365.5236439168971 367.8265558991061 350.40093263773326 354.61833008348367 361.8910782629864 353.6474835696141 387.4083583107436 380.6783610733525 324.0093477427841 376.08368682542823 373.97290799345933 367.98161601273745 371.6358542297369 347.23751981118 377.5882033420963 358.4079964153515 370.4311783301606 373.65413987175623 361.4041735353256 
S: 741389 371.44727129194473 365.6127946824613 367.8265558991061 350.40093263773326 354.61833008348367 361.8910782629864 353.6474835696141 387.4083583107436 380.6783610733525 324.70646487659246 376.08368682542823 373.97290799345933 367.98161601273745 371.6358542297369 347.23751981118 377.5882033420963 358.4079964153515 370.4311783301606 373.6541398717563 361.4041735353256 
H: 741389 127.2345896563989 123.42369976692767 122.60885196636882 121.42065197747736 118.52271963000321 120.63035942099549 117.8824945232048 130.28719312611312 128.31612571914044 121.01047522238822 127.59343804501079 124.65763599781977 122.66053867091254 124.24021676965602 118.00981930867835 126.13257927801257 119.46933213845051 127.36593001790318 124.55137995725212 125.48393696783724 
S: 741389 127.2345896563989 123.42369976692767 122.60885196636882 121.42065197747736 118.52271963000321 120.63035942099549 117.8824945232048 130.28719312611312 128.31612571914044 121.01047522238822 127.59343804501079 124.65763599781977 122.66053867091254 124.24021676965602 118.00981930867835 126.13257927801257 119.46933213845051 127.36593001790318 124.55137995725212 125.48393696783724 
H: 504388 355.7256012573597 361.7797226645848 380.1694059298416 363.77773255951536 359.2125152612529 378.31562723024933 367.2012699469842 360.15906524944796 349.4153206370488 395.42945363390237 372.9226256016101 356.4730098914878 393.47136004086366 369.9471459928358 367.20661666948666 363.4936251883604 359.91999909752263 365.1228313642855 378.80510642409416 356.21751225748756 
S: 504388 355.73897745508907 361.7797226645848 380.1694059298416 363.77773255951536 359.2125152612529 378.31562723024933 367.2012699469842 360.15906524944796 349.4153206370488 395.42945363390237 372.9226256016101 356.4730098914878 393.48343659775 369.9471459928358 367.20661666948666 363.4936251883604 359.91999909752263 365.1228313642855 378.80510642409416 356.21751225748756 
H: 504388 123.18478270260971 120.59324088819494 128.7620624471731 123.04957571970618 119.73750508708434 126.1412294405053 122.58224152690516 120.63160004323454 116.47177354568304 131.95549491705225 125.33761538407308 120.65996782419498 135.1139415651825 125.55208589778523 123.27510747321668 121.16454172945345 120.50162287113164 122.74656488701676 127.02243607684566 120.98837602127935 
S: 504388 123.18478270260971 120.59324088819494 128.7620624471731 123.04957571970618 119.73750508708434 126.1412294405053 122.58224152690516 120.63160004323454 116.47177354568304 131.95549491705225 125.33761538407308 120.65996782419498 135.1139415651825 125.55208589778523 123.27510747321668 121.16454172945345 120.50162287113164 122.74656488701676 127.02243607684566 120.98837602127935 
H: 516507 353.33422806437903 364.1519999326021 353.15823262263876 359.92913601098013 384.1646840019262 383.2094665213533 362.3750879360904 376.01515152853875 350.6436397452436 370.2356479773489 366.3096081543468 317.4546722856334 383.8731784102115 356.84343131472843 374.6492249877959 370.4052483853909 345.37874781278333 352.27523467284436 385.552702992089 372.10754142106896 
S: 516507 353.33422806437903 364.1519999326021 353.15823262263876 359.92913601098013 384.1646840019262 383.2094665213533 362.3750879360904 376.01515152853875 350.6436397452436 370.2356479773489 366.3096081543468 317.46590333352714 383.8731784102115 356.84343131472843 374.6492249877959 370.4052483853909 345.37874781278333 352.27523467284436 385.552702992089 372.10754142106896 
H: 516507 117.77807602145975 124.88777914371565 117.71941087421291 121.48608516937777 129.68411256778262 127.73648884045102 121.09300547700255 125.3383838428464 120.94542321910109 123.41188265911629 126.45178363783499 115.04249829424572 127.9577261367373 118.94781043824284 124.88307499593193 123.46841612846363 115.12624927092772 117.42507822428142 130.09881140982407 124.03584714035642 
S: 516507 117.77807602145975 124.88777914371565 117.71941087421291 121.48608516937777 129.68411256778262 127.73648884045102 121.09300547700255 125.3383838428464 120.94542321910109 123.41188265911629 126.45178363783499 115.04249829424572 127.9577261367373 118.94781043824284 124.88307499593193 123.46841612846363 115.12624927092772 117.42507822428142 130.09881140982407 124.03584714035642 
H: 303562 372.36788994615057 343.15871219045925 384.6076158170227 340.75329119544824 354.9783327141846 373.8866806595129 390.0906910374612 346.92994707107465 389.9838770672053 349.23197441654264 377.3742155992964 390.3516353300081 331.9717959090549 380.2409640940706 369.44428999397417 361.0871694186347 386.0993849544598 333.9120671559976 395.62116493693975 364.05092037273147 
S: 303562 372.36788994615057 343.15871219045925 384.6076158170227 340.75329119544824 354.9783327141846 373.8866806595129 390.0906910374612 346.92994707107465 389.9838770672053 349.23197441654264 377.3742155992964 390.3516353300081 331.9897046878002 380.2409640940706 369.48426851870465 361.0871694186347 386.0993849544598 334.2112368779688 395.62116493693975 364.05092037273147 
H: 303562 125.49846527917575 114.38623739681978 128.23790400172413 113.58443039848285 122.19402668676746 124.6288935531709 132.32164690520952 115.64331569035835 130.5802383937645 116.4106581388475 125.93539159508389 132.71983488578533 120.615370696597 126.74698803135692 127.46148495979072 121.92988634893244 128.69979498481985 113.7071943140038 131.87372164564667 121.46034751197973 
S: 303562 125.49846527917575 114.38623739681978 128.23790400172413 113.58443039848285 122.19402668676746 124.6288935531709 132.32164690520952 115.64331569035835 130.5802383937645 116.4106581388475 125.93539159508389 132.71983488578533 120.615370696597 126.74698803135692 127.46148495979072 121.92988634893244 128.69979498481985 113.7071943140038 131.87372164564667 121.46034751197973 
H: 192979 368.0074216894668 395.64568094242406 381.9225000149421 369.9962127864439 371.2044435473185 370.525997994539 377.48348924376444 344.7260728541325 359.6679087899177 364.58743290152415 374.1076511804676 362.6418160456964 341.6591029083679 368.5318243369818 380.42954955004456 396.9808492538044 367.92042430536065 379.2315765887579 394.48962908073776 337.02900081674784 
S: 192979 368.0074216894668 395.64568094242406 381.9225000149421 370.06397438241015 371.2044435473185 370.525997994539 377.48348924376444 344.7260728541325 359.6679087899177 364.58743290152415 374.1076511804676 362.6418160456964 341.6591029083679 368.5318243369818 380.47538072973975 396.9808492538044 368.00032356395707 379.4620100718623 394.48962908073776 337.02900081674784 
H: 192979 125.39688321528621 131.88189364747478 127.30750000498071 129.61315582347416 126.63600423036492 123.50866599817977 125.82782974792157 116.0165408208037 120.92032554727318 123.46617760395618 124.70255039348933 123.06092012618132 116.30225608889864 123.26744030333023 132.2827736488267 132.80613764098254 124.40150024642169 134.03260176549267 131.49654302691266 115.90824615643469 
S: 192979 125.39688321528621 131.88189364747478 127.30750000498071 129.61315582347413 126.63600423036492 123.50866599817977 125.82782974792157 116.0165408208037 120.92032554727318 123.46617760395618 124.70255039348933 123.06092012618132 116.30225608889864 123.26744030333023 132.2827736488267 132.80613764098254 124.40150024642169 134.03260176549267 131.49654302691266 115.90824615643469 
H: 137568 352.4238927031579 372.3211355615287 367.5050476783398 364.7735501598036 378.65164842126876 341.2978950952024 350.86641122507234 353.48860743151636 386.3052406541849 352.38008087586627 378.8039790435428 373.62524326574584 397.80503431233234 370.54254963223997 352.82930747290214 365.6067850796686 384.6424809628092 373.75845361285917 344.194488429978 346.1558639508139 
S: 137568 352.4238927031579 372.42534498005693 367.56066529060877 364.7735501598036 378.65164842126876 341.2978950952024 350.86641122507234 353.48860743151636 386.3355231176964 352.38008087586627 378.8039790435428 373.62524326574584 397.80503431233234 370.54254963223997 352.82930747290214 365.6067850796686 384.6424809628092 373.75845361285917 344.194488429978 346.1558639508139 
H: 137568 117.58698529755252 125.07338358879889 123.69576680478963 121.7502493511157 126.21721614042285 116.91427440486747 117.03402618181224 122.91578090498653 129.15298754813918 117.68801564672277 126.26799301451439 126.9099060761391 133.6485634989201 124.17789784344158 119.96768976106947 121.86892835988941 128.7167146181182 124.62506391345497 114.731496143326 120.30104733559061 
S: 137568 117.58698529755252 125.07338358879889 123.69576680478963 121.7502493511157 126.21721614042285 116.91427440486747 117.03402618181224 122.91578090498653 129.15298754813918 117.68801564672277 126.26799301451439 126.9099060761391 133.6485634989201 124.17789784344158 119.96768976106947 121.86892835988941 128.7167146181182 124.62506391345497 114.731496143326 120.30104733559061 
H: 771596 373.657466963785 352.68595138265 364.7076413916425 382.43516452953867 380.0006901346858 385.1184054896156 362.5023578902811 368.38733456063284 357.63497740757776 334.3201837234876 367.33243794266434 365.9636360857267 375.09350645901213 348.85484295116174 356.2961277258833 339.7289427163521 382.49703195104206 360.9034848648189 389.2103961703653 366.35435131766064 
S: 771596 373.657466963785 352.68595138265 364.7076413916425 382.43516452953867 380.0949356913725 385.1184054896156 362.5023578902811 368.38733456063284 357.63497740757776 334.3201837234876 367.33243794266434 365.9636360857267 375.09350645901213 348.85484295116174 356.2961277258833 339.7289427163521 382.49703195104206 360.9034848648189 389.2103961703653 366.35435131766064 
H: 771596 125.40156873717518 117.56198379421666 124.38758852968759 127.47838817651298 128.57086511551972 130.26235987495778 120.83411929676029 122.79577818687767 119.21165913585932 112.75916929611499 122.44414598088821 125.59721354100643 125.61595353644468 119.56782908643704 118.95019811577447 113.40485850557587 127.4990106503473 120.30116162160631 129.73679872345517 122.11811710588691 
S: 771596 125.40156873717518 117.56198379421666 124.38758852968759 127.47838817651298 128.57086511551972 130.26235987495778 120.83411929676029 122.79577818687767 119.21165913585932 112.75916929611499 122.44414598088821 125.59721354100643 125.61595353644468 119.56782908643704 118.95019811577447 113.40485850557587 127.4990106503473 120.30116162160631 129.73679872345517 122.11811710588691 
H: 874734 388.3650567812496 373.10227558941364 365.61866195345834 371.3780804884801 365.7142942525761 377.15582920431166 353.7343518471855 367.3308558937094 366.47983133766564 378.97897210710613 362.0128500495595 358.2360742819692 328.17096763346444 370.59023068886853 375.34006197440624 365.21961859581506 374.6993215967241 364.211780601803 351.02413123446934 357.7058990429136 
S: 874734 388.3650567812496 373.10227558941364 365.61866195345834 371.3780804884801 365.7142942525761 377.15582920431166 353.7343518471855 367.3308558937094 366.47983133766564 378.97897210710613 362.0128500495595 358.2360742819692 328.3189155885042 370.59023068886864 375.3400619744061 365.43122369523564 374.6993215967241 364.211780601803 351.01382035600403 357.7058990429136 
H: 874734 130.01214592333983 124.36742519647125 123.52692569615179 124.29969548333385 123.93509143251123 125.71860973477054 123.08369815234981 122.53526626972767 122.15994377922179 132.03981348353162 120.78420140423356 123.76603039719285 120.64011303094209 123.54050801550022 125.36804572513367 128.42003973437792 126.22656501736208 121.64273351967711 123.12096415421034 119.2352996809713 
S: 874734 130.01214592333983 124.36742519647125 123.52692569615179 124.29969548333385 123.93509143251123 125.71860973477054 123.08369815234981 122.53526626972767 122.15994377922179 132.03981348353162 120.78420140423356 123.76603039719285 120.64011303094209 123.54050801550022 125.36804572513367 128.42003973437792 126.22656501736208 121.64273351967711 123.12096415421034 119.2352996809713 
H: 887520 340.1413553191917 376.5127959210273 379.3661818194255 359.2061007820087 375.38453016386234 349.25604086472754 376.8083340102036 366.0619891560537 360.96703617154736 382.71855101451536 374.5988361005059 378.9026701128718 350.5972197705869 352.34320139591665 359.0521650926874 344.62076333339905 369.6925365906082 323.877750573492 366.7720744464736 332.9741396441942 
S: 887520 340.1413553191917 376.5127959210273 379.3661818194255 359.2061007820087 375.38453016386234 349.25604086472754 376.8083340102036 366.0619891560537 360.96703617154736 382.71855101451536 374.5988361005059 378.9026701128718 350.5972197705869 352.3983243145329 359.0521650926874 344.62076333339905 369.6925365906082 323.877750573492 366.7720744464736 332.9741396441942 
H: 887520 117.98926703559832 126.69069829300891 126.7440159530047 123.53825443408113 126.47425439087414 123.65578792005877 125.60277800340135 122.02066305201775 120.46839135541134 127.78044555145672 126.44167196632044 126.91896116828696 118.03916652629398 124.11024543809027 120.24929341959306 118.40140549209389 127.9648811656272 118.87432658547229 122.91553351900889 113.01956949906787 
S: 887520 117.98926703559832 126.69069829300891 126.7440159530047 123.53825443408113 126.47425439087414 123.65578792005877 125.60277800340135 122.02066305201775 120.46839135541134 127.78044555145672 126.44167196632044 126.91896116828696 118.03916652629398 124.11024543809027 120.24929341959306 118.40140549209389 127.9648811656272 118.87432658547229 122.91553351900889 113.01956949906787 
H: 546862 392.62411461283835 352.48341223491366 389.6465540942697 369.17846541847376 353.30193079957047 362.2589859002233 354.5111524615662 368.9266550080865 378.65050222431927 371.13668324269 368.7539819021773 389.0644587959038 367.6528276206041 377.1938934839939 365.69694855368965 398.7306281015632 367.9605563945864 350.1292201845963 359.7418091323662 356.9584381109791 
S: 546862 392.62411461283835 352.48341223491366 389.6465540942697 369.17846541847376 353.30193079957047 362.2589859002233 354.5111524615662 368.9266550080865 378.65050222431927 371.13668324269 368.7539819021773 389.0644587959038 367.6528276206041 377.1938934839939 365.69694855368965 398.7306281015632 367.9605563945864 350.1292201845963 359.7418091323662 356.9584381109791 
H: 546862 135.7669960350052 119.32593000057122 130.8940864734713 127.98522788846763 117.7673102665237 120.75299530007442 120.868074212488 122.97555166936228 126.21683407477313 124.06837332144532 123.65379474693124 129.68815293196795 122.55094254020142 127.74337191547536 121.89898285122996 132.91020936718795 123.9388282121649 121.52740237038134 120.85307356459037 119.77822968239204 
S: 546862 135.7669960350052 119.32593000057122 130.8940864734713 127.98522788846763 117.7673102665237 120.75299530007442 120.868074212488 122.97555166936228 126.21683407477313 124.06837332144532 123.65379474693124 129.68815293196795 122.55094254020142 127.74337191547536 121.89898285122996 132.91020936718795 123.9388282121649 121.52740237038134 120.85307356459037 119.77822968239204 
H: 879572 333.72462509787596 370.14448350706084 361.0711522272173 387.07457660416003 368.16068260134745 384.31618751156725 366.70208297613516 390.11507809619343 376.4304742623316 361.7523591898729 363.7834888820046 379.38158711361746 377.0460403262777 360.8863244616064 377.05767994809116 370.5485969204065 382.7204487279858 378.76491024019964 357.4373880943084 370.8783742870607 
S: 879572 333.72462509787596 370.15103915986765 361.130425816114 387.07457660416003 368.16068260134745 384.31618751156725 366.7432163168994 390.11507809619343 376.4304742623316 361.7523591898729 363.7834888820046 379.38158711361746 377.0460403262777 360.8863244616064 377.05767994809116 370.7134167984387 382.7204487279858 378.76491024019964 357.44835079767046 370.8783742870607 
H: 879572 119.77621737155854 127.7779255997829 120.3570507424059 129.02485886805343 123.58837081060292 128.10539583718904 122.51594351298262 132.07904721654958 129.61015226306094 121.06770942472792 121.46622139530061 126.46052903787249 126.61825373656735 121.3522928626309 128.51636885304458 124.17334778259486 127.57348290932865 126.25497008006653 128.18956656217128 123.62612476235363 
S: 879572 119.77621737155854 127.7779255997829 120.3570507424059 129.02485886805343 123.58837081060292 128.10539583718904 122.51594351298262 132.07904721654958 129.61015226306094 121.06770942472792 121.46622139530061 126.46052903787249 126.61825373656735 121.3522928626309 128.51636885304458 124.17334778259486 127.57348290932865 126.25497008006653 128.18956656217128 123.62612476235363 
H: 309478 379.2771742258621 359.51461540018306 387.71049925817243 374.33056696204784 333.6735968296908 356.0633565783239 372.79973509440674 397.1141811962817 371.6492142141783 343.0457326043954 382.002358700942 368.63468680506105 378.27882397846975 375.9126233643611 349.5186112866585 363.99265884906094 357.4465913952909 370.90376138617796 373.2996431666116 360.8174246778947 
S: 309478 379.2771742258621 359.51461540018306 387.71049925817243 374.33056696204784 333.87921720241854 356.0633565783239 372.79973509440674 397.1141811962817 371.6776681373007 343.0457326043954 382.002358700942 368.63468680506105 378.27882397846975 375.9126233643611 349.5347948979074 363.99265884906094 357.4465913952909 370.90376138617796 373.2996431666116 360.8174246778947 
H: 309478 126.59306827245175 120.57373664107945 129.35371959410924 125.3721397383461 121.86070164297321 119.3358254278109 124.70473868578057 132.93854453816695 124.15142780238426 116.65762117103127 128.63924475377556 122.87822893502035 126.36054419032084 126.29539465206896 119.98776727142004 121.57370242374566 124.15662381617153 123.63458712872605 124.43321438887065 120.81423719113329 
S: 309478 126.59306827245175 120.57373664107945 129.35371959410924 125.3721397383461 121.86070164297321 119.3358254278109 124.70473868578057 132.93854453816695 124.15142780238426 116.65762117103127 128.63924475377556 122.87822893502035 126.36054419032084 126.29539465206896 119.98776727142004 121.57370242374566 124.15662381617153 123.63458712872605 124.43321438887065 120.81423719113329 
H: 636846 376.87283889368774 380.5583110530429 386.7442732161079 374.62122817759763 363.01741580331344 354.29652375097965 358.39634485192386 377.5158111479544 358.0922357129747 365.08351450024867 403.867190081083 369.9768916120094 377.93717077102394 415.542508672245 364.59786697336307 384.3497915898836 361.2592140577904 381.2948895980844 351.20408018480794 369.0956342383409 
S: 636846 376.87283889368774 380.5583110530429 386.7442732161079 374.62122817759763 363.01741580331344 354.29652375097965 358.39634485192386 377.5158111479544 358.0922357129747 365.08351450024867 403.867190081083 370.0084696749559 377.93717077102394 415.542508672245 364.59786697336307 384.34979158988347 361.2592140577904 381.2948895980844 351.20408018480794 369.0956342383409 
H: 636846 125.97779576688396 127.22495889976034 129.76470972639584 125.19608998158616 121.95192370786671 118.09884125032653 119.55481925534703 125.83860371598486 120.21414009121338 121.69450483341618 134.62239669369433 123.82810974470357 127.36851243383029 138.51416955741493 121.53262232445434 128.15513930661317 120.41973801926349 127.09829653269485 117.06802672826944 123.03187807944693 
S: 636846 125.97779576688396 127.22495889976034 129.76470972639584 125.19608998158616 121.95192370786671 118.09884125032653 119.55481925534703 125.83860371598486 120.21414009121338 121.69450483341618 134.62239669369433 123.82810974470357 127.36851243383029 138.51416955741493 121.53262232445434 128.15513930661317 120.41973801926349 127.09829653269485 117.06802672826944 123.03187807944693 
H: 678657 339.08702215775236 367.8975113500817 360.1808788614278 377.4429570228548 362.27099624650606 380.34867548753266 375.58392544589435 373.5296528395278 388.302674227899 377.8522280153826 367.258932007231 378.2410613776699 371.18879308134126 367.0161034621954 378.4898568868697 363.14052365328354 395.44555464060994 395.2844068337114 382.327555790151 365.37801191782876 
S: 678657 339.08702215775236 367.915347736334 360.1808788614278 377.7654801070258 362.27099624650606 380.34867548753266 375.58392544589435 373.5545515820867 388.302674227899 377.8522280153826 367.258932007231 378.2410613776699 371.18879308134126 367.0161034621954 378.4898568868697 363.14052365328354 395.44555464060994 395.2844068337114 382.327555790151 365.37801191782876 
H: 678657 113.66193591356152 124.15290722215833 120.06029295380927 129.07239358345905 120.75699874883533 128.80444069638907 125.65445774770383 127.44832723577352 129.43422474263298 126.45163623945534 122.80331780713638 126.08035379255656 123.72959769378043 123.76453534976417 128.07069449001574 121.04684121776127 131.81518488020345 134.68533440712233 128.97515272091792 122.24924794266957 
S: 678657 113.66193591356152 124.15290722215833 120.06029295380927 129.07239358345905 120.75699874883533 128.80444069638907 125.65445774770383 127.44832723577352 129.43422474263298 126.45163623945534 122.80331780713638 126.08035379255656 123.72959769378043 123.76453534976417 128.07069449001574 121.04684121776127 131.81518488020345 134.68533440712233 128.97515272091792 122.24924794266957 
H: 158091 354.23455034531634 332.6745456777669 384.58952547800146 363.56393832963386 367.15684701013066 349.805820645716 361.95344108023295 374.99088608264736 370.4268715416104 392.16399078514155 358.19834622109823 385.787566168222 358.78589419029447 354.79890736418776 381.3808282295354 375.8758962727254 367.565878155963 384.88770895188236 387.99394835538726 372.8493180787758 
S: 158091 354.23455034531634 332.6745456777669 384.58952547800146 363.56393832963386 367.15684701013066 349.805820645716 361.95344108023295 374.99088608264736 370.4268715416104 392.16399078514155 358.19834622109823 385.78756616822204 358.81735693127774 356.5227883013477 381.3808282295354 375.8758962727254 367.565878155963 384.88770895188236 387.99394835538726 372.8493180787758 
H: 158091 118.07818344843871 111.21870539576022 128.5491769605536 121.38499378386483 126.42165406474965 119.48688697995652 121.45613195307016 125.77329240229406 125.11215612493936 131.95767622799184 121.31944607170928 128.7031839691047 124.54043549789444 128.54728821716247 127.46650601196167 125.61020670468794 122.96753552244114 129.5401104415394 130.5628312270391 125.68360076384502 
S: 158091 118.07818344843871 111.21870539576022 128.5491769605536 121.38499378386483 126.42165406474965 119.48688697995652 121.45613195307016 125.77329240229406 125.11215612493936 131.95767622799184 121.31944607170928 128.7031839691047 124.54043549789444 128.54728821716247 127.46650601196167 125.61020670468794 122.96753552244114 129.5401104415394 130.5628312270391 125.68360076384502 
H: 683613 350.7073734392215 352.3672663441356 358.2636663357342 347.6805049961743 358.9862353004951 363.0314609547004 380.42269832221206 366.3782841602429 371.39454566543185 381.36147244489393 349.3061130110734 367.9211032567803 375.0307621050243 371.29058960487583 358.2724551627533 375.12153672635304 374.7416740249742 348.98839091795526 353.7178452291162 391.1357005493476 
S: 683613 350.7073734392215 352.3672663441356 358.2636663357342 347.79629786343656 359.10325959374205 363.14438029013667 380.42269832221206 366.3782841602429 371.39454566543185 381.36147244489393 349.3061130110734 367.9211032567803 375.0307621050243 371.2905896048759 358.2724551627533 375.12153672635304 374.7416740249742 348.98839091795526 353.7178452291162 391.1357005493476 
H: 683613 118.9222599925396 117.45575544804525 120.28147437391223 122.66378843302806 121.37398203014132 122.78532029803354 126.8516742174965 122.22549326654578 123.7981818884775 127.18454454734183 117.77219339516523 123.85316620243917 126.87103000188178 123.76352986829207 119.42415172091776 126.17989595341356 124.91389134165806 117.74653639842717 120.80951029549287 131.35622841484766 
S: 683613 118.9222599925396 117.45575544804525 120.28147437391223 122.66378843302806 121.37398203014132 122.78532029803354 126.8516742174965 122.22549326654578 123.7981818884775 127.18454454734183 117.77219339516523 123.85316620243917 126.87103000188178 123.76352986829207 119.42415172091776 126.17989595341356 124.91389134165806 117.74653639842717 120.80951029549287 131.35622841484766 
H: 946892 395.11685430581196 360.447379620788 382.1629219278617 349.20952666766203 319.68355989284777 349.8083466064029 335.2860102159508 368.7539937103589 383.1968509694927 344.21786051720494 364.13021745602805 322.1625812777595 370.577205924253 385.64875562722375 378.8798610129306 355.32908034997513 350.62283369984243 379.7272578887205 390.4725762417005 378.2826546590413 
S: 946892 395.11685430581196 360.447379620788 382.1629219278617 349.20952666766203 319.71954399744703 349.8083466064029 335.2860102159508 368.7539937103589 383.1968509694927 344.21786051720494 364.13021745602805 322.1625812777595 370.577205924253 385.64875562722375 378.91068344917755 355.32908034997513 350.62283369984243 379.7272578887205 390.4725762417005 378.2826546590413 
H: 946892 131.7945523667236 120.37543669715984 128.89398428395117 118.32961212266837 113.65227878098905 116.60278220213439 115.40779398669522 123.27220967643967 129.70992250462203 117.36731788205024 125.16146839522098 115.97603255973647 125.6372292281786 128.5495852090747 128.48187294938228 118.44302678332492 119.05092856395515 126.57575262957359 133.97320976634407 126.09421821968061 
S: 946892 131.7945523667236 120.37543669715984 128.89398428395117 118.32961212266837 113.65227878098905 116.60278220213439 115.40779398669522 123.27220967643967 129.70992250462203 117.36731788205024 125.16146839522098 115.97603255973647 125.6372292281786 128.5495852090747 128.48187294938228 118.44302678332492 119.05092856395515 126.57575262957359 133.97320976634407 126.09421821968061 
H: 816119 364.09807921582177 378.33729623708535 371.52422457470317 348.4792036457859 350.2417340497719 392.9589569587552 376.6230049993546 363.9113715175492 375.8922248049407 337.948786165131 365.82245282055635 371.53308902755526 355.60031674404473 379.87289583817113 377.5142110605588 366.62193640718436 388.6610875010122 371.9229816414592 393.57307364034347 329.4454749210241 
S: 816119 364.09807921582177 378.33729623708535 371.52422457470317 348.4792036457859 350.2417340497719 392.9589569587552 376.6230049993546 363.9113715175492 375.8922248049407 337.948786165131 365.82245282055635 371.53308902755526 355.60031674404473 379.87289583817113 377.5142110605588 366.62193640718436 388.6610875010122 371.9229816414592 393.57307364034347 329.897457326102 
H: 816119 122.18176234477599 126.11243207902847 124.55791363490927 119.14140473520796 123.6738907507551 131.0362913985163 127.34834446665919 121.40569122598099 129.23629989220564 120.23402571028616 123.6592485144088 123.84436300918513 120.49933422197283 128.84220088089015 125.83807035351943 122.71652605151935 131.0826567422585 124.1382878448168 131.19102454678108 117.60792643131899 
S: 816119 122.18176234477599 126.11243207902847 124.55791363490927 119.14140473520796 123.6738907507551 131.0362913985163 127.34834446665919 121.40569122598099 129.23629989220564 120.23402571028616 123.6592485144088 123.84436300918513 120.49933422197283 128.84220088089015 125.83807035351943 122.71652605151935 131.0826567422585 124.1382878448168 131.19102454678108 117.60792643131899 
H: 367846 386.67015465459224 346.4286247183786 353.20604832033223 380.3180484327141 363.6288845328369 389.7626775930041 352.2768190317157 364.66785430115084 377.4173452324408 378.74564077587735 379.2418287328719 364.956519902679 374.6508302047089 353.71096759621133 359.1385935465476 380.8774868901159 337.6229237015048 356.2239948103653 360.06284017824055 370.45156301820384 
S: 367846 386.67015465459224 346.4877177967452 353.20604832033223 380.3180484327141 363.6288845328369 390.0233039831833 352.2768190317157 364.66785430115084 377.4173452324408 378.74564077587735 379.2418287328719 364.956519902679 374.6508302047089 353.71096759621133 359.1418595027387 380.8774868901159 337.67067329385713 356.2239948103653 360.06284017824055 370.45156301820384 
H: 367846 133.5729681067952 117.91321974726701 119.90117363987231 127.17231524516293 121.29062052543536 131.1305402811601 119.92284646050686 121.5559514337169 127.26438860349965 127.82472782301885 127.03737965990311 122.73659935502704 126.37025069420316 117.90365586540386 126.06684314416384 127.03991854129198 117.0485483924284 119.31990660389793 120.21184564484531 123.48385433940133 
S: 367846 133.5729681067952 117.91321974726701 119.90117363987231 127.17231524516293 121.29062052543536 131.1305402811601 119.92284646050686 121.5559514337169 127.26438860349965 127.82472782301885 127.03737965990311 122.73659935502704 126.37025069420316 117.90365586540386 126.06684314416384 127.03991854129198 117.0485483924284 119.31990660389793 120.21184564484531 123.48385433940133 
H: 286716 360.5478872352429 372.01313662819945 354.7314130430219 360.0507093264813 370.78910581591975 365.3758818272531 370.3546353779347 375.58491188654307 333.02186156973943 357.23523321160775 363.13999006128074 354.3383519552017 377.25923766413905 356.18148234519913 393.0154139901771 373.8532563702714 364.21261028333936 367.72325758966724 352.3547961691342 378.84373352205404 
S: 286716 360.5478872352429 372.01313662819945 354.7314130430219 360.0904318618679 370.78910581591975 365.3758818272531 370.3546353779347 375.58491188654307 333.0743338891092 357.23523321160775 363.13999006128074 354.3383519552017 377.25923766413905 356.18148234519913 393.0154139901771 373.90399632288313 364.21261028333936 367.72325758966724 352.3547961691342 378.84373352205404 
H: 286716 120.85348192748113 124.7137109419539 119.67313255266951 120.64783180710715 123.59636860530651 121.79196060908441 125.66072961482044 125.60811068979862 119.47991672443887 119.07841107053589 121.04666335376017 118.81438860422402 127.01968247584578 125.97605832959584 132.7613552631807 129.55469350429598 123.88842570324 124.28274120932633 117.45159872304492 127.25290013974465 
S: 286716 120.85348192748113 124.7137109419539 119.67313255266951 120.64783180710715 123.59636860530651 121.79196060908441 125.66072961482044 125.60811068979862 119.47991672443887 119.07841107053589 121.04666335376017 118.81438860422402 127.01968247584578 125.97605832959584 132.7613552631807 129.55469350429598 123.88842570324 124.28274120932633 117.45159872304492 127.25290013974465 
H: 507512 355.9408203453625 354.4608294101508 377.8302616978977 354.59441411024636 374.8877240120513 367.83121883226187 376.1668736714048 363.5667245337156 381.96381328994795 360.4974461706227 372.9009810272727 352.49170521347884 363.8713605470835 363.4867466089732 366.19990780405067 373.06408160083004 359.39803294686203 369.0056375743286 353.88452505909385 355.1555923430807 
S: 507512 355.9408203453625 354.4608294101508 377.8302616978977 354.59441411024636 374.8877240120513 367.83121883226187 376.1668736714048 363.5667245337156 381.96381328994795 360.4974461706227 372.9009810272727 352.49170521347884 363.8713605470835 363.4867466089732 366.19990780405067 373.06408160083004 359.5002369337157 369.0056375743286 353.88452505909385 355.1555923430807 
H: 507512 119.36382743017067 118.15360980338367 126.87755583979228 119.47643284718825 125.20283060411586 122.6104062774207 125.38895789046822 121.75117062621747 128.1366136307781 123.3534913591789 124.44243150135148 117.49723507115961 121.2904535156946 123.32962698299646 122.82272597373513 124.45121878259798 123.03559777330283 123.2757517617566 118.36133444509686 119.21693583410631 
S: 507512 119.36382743017067 118.15360980338367 126.87755583979228 119.47643284718825 125.20283060411586 122.6104062774207 125.38895789046822 121.75117062621747 128.1366136307781 123.3534913591789 124.44243150135148 117.49723507115961 121.2904535156946 123.32962698299646 122.82272597373513 124.45121878259798 123.03559777330283 123.2757517617566 118.36133444509686 119.21693583410631 
H: 89724 350.34598247596443 375.74054337243456 361.04617465947206 394.5662053297218 350.3464534500215 350.3798570845143 369.4332736891665 394.4494388181357 352.0350118831814 347.20456391781806 330.9448925125898 318.4980971881729 355.7982753920134 379.78435425543086 356.1594441505158 362.63928188741363 384.61738122549684 356.4846510225432 364.0125809341611 368.5445268799654 
S: 89724 350.34980927103743 375.74054337243456 361.04617465947206 394.5662053297218 350.3464534500215 350.65875924506673 369.4332736891665 394.4494388181357 352.0350118831814 347.20456391781806 330.5532248122354 318.5633317847292 355.7982753920134 379.78435425543086 356.1594441505158 362.63928188741363 384.61738122549684 356.4846510225432 364.0125809341611 368.5445268799654 
H: 89724 121.10064475157658 125.24684779081167 120.34872488649077 132.90153244992436 116.78215115000711 121.73360610718952 123.14442456305551 135.3891845881329 119.29287583118263 117.53049194127523 122.96687826816117 114.45309597643998 118.59942513067122 126.59478475181032 123.07398191117308 120.879760629138 128.40600292973616 119.57933265310166 121.54172496572191 122.84817562665522 
S: 89724 121.10064475157658 125.24684779081167 120.34872488649077 132.90153244992436 116.78215115000711 121.73360610718952 123.14442456305551 135.3891845881329 119.29287583118263 117.53049194127523 122.98990578867814 114.45309597643998 118.59942513067122 126.59478475181032 123.07398191117308 120.879760629138 128.40600292973616 119.57933265310166 121.54172496572191 122.84817562665522 
H: 497894 374.16589198856906 359.4802371169315 345.6452153866234 362.7297103261592 348.95845419355163 375.91750389137326 364.73934095969065 388.6766130969136 354.4173130259122 361.11276237403564 353.5098158924926 382.0880216640196 356.7941171963664 367.6904180404518 378.67563327590267 377.7793436554152 374.4139214580123 367.2563144666444 378.66121866483405 338.2483672092894 
S: 497894 374.16589198856906 359.4802371169315 345.6452153866234 362.7297103261592 348.95845419355163 375.91750389137326 364.73934095969065 388.6766130969136 354.5272326153743 361.11276237403564 353.5098158924926 382.0880216640196 356.7941171963664 367.6904180404518 378.67563327590267 377.7793436554152 374.4139214580123 367.2563144666444 378.66121866483405 338.2483672092894 
H: 497894 125.07121395124098 119.82674570564393 115.21507179554122 120.90990344205301 116.31948473118385 125.50156687992971 125.10355042233397 129.8614878848635 124.16025549911512 125.06410417943648 121.82401952677709 127.74260947068237 119.76630048414401 122.56347268015064 126.6272095905635 126.64894273778746 124.80464048600432 123.58160435116677 126.76270088480489 118.0117972029458 
S: 497894 125.07121395124098 119.82674570564393 115.21507179554122 120.90990344205301 116.31948473118385 125.50156687992971 125.10355042233397 129.8614878848635 124.16025549911512 125.06410417943648 121.82401952677709 127.74260947068237 119.76630048414401 122.56347268015064 126.6272095905635 126.64894273778746 124.80464048600432 123.58160435116677 126.76270088480489 118.0117972029458 
H: 280209 332.15107420691146 365.36463654600055 351.06111964419927 354.88653151377105 366.1642405904454 396.4968684662115 361.47566484314694 360.8109441043954 363.12874219104964 371.7723851531477 358.4919753583104 356.2013958465289 382.09253702082606 352.5316440510295 351.75527866275223 376.17712357271216 344.0998987622544 367.4982586002441 373.5018571061134 370.4695905757085 
S: 280209 332.15107420691146 365.36463654600055 351.0831144160148 354.88653151377105 366.1642405904454 396.49686846621137 361.47566484314694 360.8109441043954 363.12874219104964 371.7723851531477 358.4919753583104 356.2013958465289 382.09253702082606 352.5316440510295 351.75527866275223 376.17712357271216 344.23153373149023 367.7699154957001 373.5018571061134 370.4695905757085 
H: 280209 116.96761249321949 123.00799617174088 119.31086362260159 118.67631633136753 122.05474686348181 132.1656228220706 122.70448370177667 120.27031470146508 121.0429140636832 123.92412838438258 122.08984376152124 128.9614875416391 130.47796630869527 117.51054801700981 123.61730869030237 125.3923745242375 119.95836224021086 128.7224633935847 125.16398603861623 123.53529993381586 
S: 280209 116.96761249321949 123.00799617174088 119.31086362260159 118.67631633136753 122.05474686348181 132.1656228220706 122.70448370177667 120.27031470146508 121.0429140636832 123.92412838438258 122.08984376152124 128.96148754163912 130.47796630869527 117.51054801700981 123.61730869030237 125.3923745242375 119.95836224021086 128.7224633935847 125.16398603861623 123.53529993381586 
H: 703815 380.76957781996254 376.47110756653257 337.6904197650016 399.15706612619954 390.54134676352385 372.3692483986394 388.02615095790776 385.28467085447073 364.51700324603735 396.53989282891746 355.9649866301577 377.7336912631854 338.9947859978287 347.6968708046699 382.0713469995622 363.41155372858464 375.16106536821724 381.8296812196902 371.8747188957535 357.3885815532129 
S: 703815 380.76957781996254 376.2398414870854 337.6904197650016 399.15844178755896 390.54134676352385 372.3692483986394 388.02615095790776 385.34219943686657 364.51700324603735 396.53989282891746 355.9649866301577 377.7336912631854 339.051096978765 347.6968708046699 382.0713469995622 363.41155372858464 375.16106536821724 381.8296812196902 371.8747188957535 357.3885815532129 
H: 703815 127.07318338964376 126.01196212896014 112.77701618245806 134.15399276848115 130.18044892117467 125.72381458421005 129.79961367974468 129.0378812830979 122.1126366181669 132.17996427630567 123.00136625877528 127.26069979083239 118.19186088716476 120.11299900702072 128.76598531209058 121.13718457619494 128.90253662087332 127.27656040656349 123.99546156276432 119.29161349487484 
S: 703815 127.07318338964376 126.01196212896014 112.77701618245806 134.15399276848115 130.18044892117467 125.72381458421005 129.79961367974468 129.0378812830979 122.1126366181669 132.17996427630567 123.00136625877528 127.26069979083239 118.19186088716476 120.11299900702072 128.76598531209058 121.13718457619494 128.90253662087332 127.27656040656349 123.99546156276432 119.29161349487484 
H: 840547 361.3319260808881 388.262321442058 383.26995595706364 367.7044362690534 371.23925155202545 361.9519907715531 360.4614291933137 391.9435633152791 383.5687498340209 358.8262772772961 352.48032203205406 359.600409713348 367.83378129116767 372.1003331841244 379.1652840103963 335.5409689329299 358.726075319005 373.59276821417643 339.5504479776286 392.31220567942955 
S: 840547 361.3319260808881 388.262321442058 383.26995595706364 367.7044362690534 371.23925155202545 361.9519907715531 360.4614291933137 391.9435633152791 383.5687498340209 358.8262772772961 352.48032203205406 359.600409713348 367.83378129116767 372.1003331841244 379.1652840103963 335.92948334875905 358.726075319005 373.59276821417643 339.5504479776286 392.31220567942955 
H: 840547 122.77442989247652 130.2744972800343 128.07854859679264 122.56814542301784 124.85824959342445 120.85594950649634 120.95800594238854 131.279048808562 129.0943433675161 119.60875909243207 117.50179500395369 119.9029064207024 126.03724447038167 124.03344439470803 127.01578171664977 119.10242870580626 122.86059527878379 124.97251561851556 115.89194473995832 131.40610969242525 
S: 840547 122.77442989247652 130.2744972800343 128.07854859679264 122.56814542301784 124.85824959342445 120.85594950649634 120.95800594238854 131.279048808562 129.0943433675161 119.60875909243207 117.50179500395369 119.9029064207024 126.03724447038167 124.03344439470803 127.01578171664977 119.10242870580626 122.86059527878379 124.97251561851556 115.89194473995832 131.40610969242525 
H: 739178 377.1213502067949 337.6062984213659 355.70686006601403 349.3337837984181 371.99476851586064 372.09442388876033 344.880132388128 358.85693908327374 353.5075856642287 342.46278022652695 388.04045744415134 380.762572901067 365.24773358501 357.6325795398847 362.8581361909087 380.4727151452368 349.53765193440483 379.7718333909934 383.8455519302707 370.0578804032241 
S: 739178 377.1213502067949 337.64148615238344 355.70686006601403 349.3337837984181 371.99476851586064 372.09442388876033 344.880132388128 358.8569390832738 353.5075856642287 342.4873555738965 388.0522663621501 380.65614073140165 365.24773358501 357.6325795398847 362.8581361909087 380.4727151452368 349.53765193440483 379.7718333909934 383.8455519302707 370.0578804032241 
H: 739178 125.70711673559839 120.51329414363278 118.568953355338 116.44459459947277 123.99825617195359 124.30026189975216 116.34438620230436 119.6189796944246 118.97716359682333 123.21607850533177 138.89186459339155 127.03320042614249 121.74924452833659 119.21085984662814 121.1347431437545 127.11229410537132 121.53732660077925 126.86431529475475 127.94851731009017 124.55572397591034 
S: 739178 125.70711673559839 120.51329414363278 118.568953355338 116.44459459947277 123.99825617195359 124.30026189975216 116.34438620230436 119.6189796944246 118.97716359682333 123.21607850533177 138.89186459339155 127.03320042614249 121.74924452833659 119.21085984662814 121.1347431437545 127.11229410537132 121.53732660077925 126.86431529475475 127.94851731009017 124.55572397591034 
H: 871214 354.1784528315986 357.27906596341154 344.72068360090447 360.4638372923041 338.2642839475449 379.93739194850684 344.5415618756371 310.11560630239046 361.2289640116422 383.8277768606836 382.28039181677104 361.8685219178067 365.0206453627867 392.1601112795181 362.21637970321325 377.73210411561513 362.2765793893796 376.7380718531787 344.69272151097465 392.8999642458217 
S: 871214 354.1784528315986 357.27906596341154 344.72068360090447 360.4638372923041 338.464734222747 379.93739194850684 344.5415618756371 310.3784115414397 361.2289640116422 383.8277768606836 382.28039181677104 361.9270733349152 365.0206453627867 392.1601112795181 362.21637970321325 377.78116827184385 362.2765793893796 376.7380718531787 344.9411115816912 392.8999642458217 
H: 871214 118.33410741781852 119.09302198780388 115.51542587228495 120.66533179400707 121.41688879373265 126.64579731616892 115.16231807548378 112.57269363134453 123.85113629891019 127.94259228689457 127.4267972722571 121.95135056755663 123.51640950976635 132.78984544983408 120.73879323440435 126.82461455711501 122.03110600220835 126.17719183537722 122.19864286184048 132.46960542377303 
S: 871214 118.33410741781852 119.09302198780388 115.51542587228495 120.66533179400707 121.4297188875213 126.64579731616892 115.16231807548378 112.57269363134453 123.85113629891019 127.94259228689457 127.4267972722571 121.95135056755663 123.51640950976635 132.78984544983408 120.73879323440435 126.82461455711501 122.03110600220835 126.17719183537722 122.19864286184048 132.46960542377303 
H: 156331 359.76612924301054 386.3577267154822 371.96476099360683 374.6224354508706 355.3086558400541 374.52391267442806 352.6386431163529 370.89647000084744 364.096254379568 339.63881443389823 357.99904892140927 344.42962026189144 361.0198825592199 386.37319980984483 334.10737517547483 369.24792779973365 386.5274356067477 332.1245428656199 366.62787760958764 358.0988679618978 
S: 156331 359.76612924301054 386.3577267154822 371.96476099360683 374.6224354508706 355.3086558400541 374.57687823554323 352.6386431163529 370.89647000084744 364.096254379568 339.6835691768775 357.99904892140927 344.42962026189144 361.0198825592199 386.37319980984483 334.10737517547483 369.24792779973365 386.5274356067477 332.1245428656199 366.62787760958764 358.0988679618978 
H: 156331 120.11246944848884 128.95282597048083 124.23195149680276 125.0291455077538 120.5368110472404 124.85895941184778 117.63174514354894 124.34645517279723 122.76668148447239 123.57658125461002 119.33301630713646 119.52288650215553 127.41608918713099 128.79106660328165 111.66290941624993 123.87053150645103 129.3157162560449 114.4787392597445 122.82759731418153 119.36628932063277 
S: 156331 120.11246944848884 128.95282597048083 124.23195149680276 125.0291455077538 120.5368110472404 124.85895941184778 117.63174514354894 124.34645517279723 122.76668148447239 123.57658125461002 119.33301630713646 119.52288650215553 127.41608918713099 128.79106660328165 111.66290941624993 123.87053150645103 129.3157162560449 114.4787392597445 122.82759731418153 119.36628932063277 
H: 713984 360.3658129877903 367.42160540915756 392.43092670487636 350.61537234693617 378.83648739217756 370.20236120252986 383.88269610037247 357.45615238034793 366.4445901035746 368.6099728952162 375.24833473749794 366.9721717724082 347.7411750870914 357.9984330943358 373.3929961111036 375.28377300486875 347.55143053483073 372.940230626865 355.08085187879067 353.02967069543604 
S: 713984 360.3658129877903 367.42160540915756 392.50971220425373 350.61537234693617 378.83648739217756 370.20236120252986 383.88269610037247 357.45615238034793 366.4445901035746 368.6099728952162 375.24833473749794 366.9721717724082 347.7411750870914 357.9984330943358 373.40629470775406 375.28377300486875 347.55143053483073 372.940230626865 355.08085187879067 353.02967069543604 
H: 713984 120.45760133734984 130.097112522431 135.5494161627548 120.05267067452655 126.72479716458662 125.21148320605423 132.95044486367985 119.84161891814058 122.1481967011915 125.20295797058772 125.96660659145202 123.45863057670277 117.39871888756787 121.36077160178014 125.06381352978035 128.62710276619657 117.71994733973317 124.31341020895509 118.36028395959679 122.53608633103137 
S: 713984 120.45760133734984 130.097112522431 135.5494161627548 120.05267067452655 126.72479716458662 125.21148320605423 132.95044486367985 119.84161891814058 122.1481967011915 125.20295797058772 125.96660659145202 123.45863057670277 117.39871888756787 121.36077160178014 125.06381352978035 128.62710276619657 117.71994733973317 124.31341020895509 118.36028395959679 122.53608633103137 
H: 739379 354.49967976317913 381.9837655338555 337.5647446285959 376.2061508738097 401.58560510111505 357.1755114709893 337.85902844687377 358.83088387827775 379.4432742707975 352.0250669027673 381.6111338824157 365.7683409762668 333.7281453272276 365.2111419334654 387.95077710818947 346.7596149716336 368.0215055418822 402.140399192687 361.5395807359284 368.52812862468875 
S: 739379 354.49967976317913 381.9837655338555 337.5647446285959 376.2061508738097 401.58560510111505 357.1755114709893 337.85902844687377 358.83088387827775 379.4432742707975 352.0250669027673 381.6111338824157 365.7683409762668 333.7281453272276 365.2111419334654 387.95077710818947 346.7596149716336 368.0215055418822 402.140399192687 361.5395807359284 368.52812862468875 
H: 739379 118.16655992105977 129.5048644081838 120.81029752076097 126.00842921101385 134.66870898794087 124.77532448299857 118.17177027501566 119.61029462609261 126.48109142359921 117.34168896758928 127.4080824310982 123.31337331897356 115.41250216236901 121.73704731115521 129.3169257027298 116.84205506718129 126.06445311960023 134.7282056608927 120.51319357864291 122.84270954156288 
S: 739379 118.16655992105977 129.5048644081838 120.81029752076097 126.00842921101385 134.66870898794087 124.77532448299857 118.17177027501566 119.61029462609261 126.48109142359921 117.34168896758928 127.4080824310982 123.31337331897356 115.41250216236901 121.73704731115521 129.3169257027298 116.84205506718129 126.06445311960023 134.7282056608927 120.51319357864291 122.84270954156288 
H: 32960 387.07611089095536 391.3303830359592 366.4555636804795 380.0648998585061 360.0562605608576 379.07923627061285 354.3165414228193 339.63427715631786 361.9824076372174 367.3755287460598 370.8758606166712 351.66038930252836 376.67559570500174 375.62616255697293 361.1152087391548 365.191659219743 332.0661230454971 379.8961574060874 367.9645506352803 345.35975087245504 
S: 32960 387.07611089095536 391.3760602602843 366.4555636804795 380.0648998585061 360.05626056085754 379.07923627061285 354.3165414228193 339.63427715631786 361.9824076372174 367.3755287460598 370.8758606166712 351.66038930252836 376.67559570500174 375.6261625569729 361.1152087391548 365.191659219743 332.1998283507563 379.8961574060874 367.9645506352803 345.35975087245504 
H: 32960 129.02537029698522 132.12619563703464 123.28411844003536 127.70204143985245 120.80067311777499 126.35974542353772 127.4098014069507 114.11930238701207 120.6608025457391 123.98780295921333 125.93100146309209 117.22012976750948 125.55853190166724 125.2087208523245 121.37607223211826 122.74209405648479 121.40404513771563 128.91860372483325 123.58040502306946 119.6446049647552 
S: 32960 129.02537029698522 132.12619563703464 123.28411844003536 127.70204143985245 120.80067311777499 126.35974542353772 127.4098014069507 114.11930238701207 120.6608025457391 123.98780295921333 125.93100146309209 117.22012976750948 125.55853190166724 125.2087208523245 121.37607223211826 122.74209405648479 121.40404513771563 128.91860372483325 123.58040502306946 119.6446049647552 
H: 753539 384.46312464363683 368.5644111646851 350.6776357481936 379.74063062183444 385.27900897747486 372.19395422792303 391.8567878903047 370.5609208114445 353.922603479274 363.04700921260985 348.40876603982497 345.9838843789682 339.8163823799 343.6306252661816 389.58960102089264 378.59583204077285 378.54262056444145 360.993936893108 397.6790028177222 356.3323712332239 
S: 753539 384.46312464363683 368.5644111646851 350.6776357481936 379.74063062183444 385.3460015010884 372.19395422792303 391.8567878903047 370.5609208114445 353.922603479274 363.04700921260985 348.46610365657085 345.9838843789682 339.94241326683795 343.6458163006019 389.58960102089264 378.59583204077285 378.54262056444145 360.993936893108 397.6790028177222 356.3323712332239 
H: 753539 128.1543748812124 125.53071317180707 116.98385636677304 126.5802102072781 129.93280489611584 125.7879461637991 130.61892929676821 123.52030693714809 120.04863676481789 121.56093600714343 126.56202501482204 115.46954740363478 121.55725513671173 124.9579621969354 130.64623389422113 126.52854462505421 126.42820841922243 120.7370288731224 132.75711145230838 120.96457045123657 
S: 753539 128.1543748812124 125.53071317180707 116.98385636677304 126.5802102072781 129.93280489611584 125.7879461637991 130.61892929676821 123.52030693714809 120.04863676481789 121.56093600714343 126.56202501482204 115.46954740363478 121.55725513671173 124.9579621969354 130.64623389422113 126.52854462505421 126.42820841922243 120.7370288731224 132.75711145230838 120.96457045123657 
H: 369107 368.1704413569274 368.6857174866318 372.80112406122197 376.3153475054319 381.2475671378937 380.03748035554855 343.4329583812731 375.15306145363473 363.4139047223435 348.94251852315415 364.5608548671846 378.7627985012674 366.28664897434896 369.59487873175163 354.23051801377716 374.3427538887928 376.2674846233118 400.3972085429009 357.16747739027164 374.8802531761611 
S: 369107 368.1704413569274 368.6857174866318 372.80112406122197 376.3153475054319 381.2475671378937 380.03748035554855 343.4329583812731 375.15306145363473 363.41390472234355 349.0787980748995 364.5608548671846 378.7627985012674 366.28664897434896 369.5948787317517 354.23051801377716 374.3427538887928 376.2674846233118 400.3972085429009 357.16747739027164 374.8802531761611 
H: 369107 122.72348045230925 122.89523916221076 124.26704135374052 125.43844916847728 127.0825223792979 126.67916011851622 114.47765279375774 125.76033154571932 121.13796824078123 121.25349341781201 121.5202849557282 126.92834115961062 123.82090680351686 123.25306444397339 119.6980250995292 124.81823114720518 126.9262566096155 133.46573618096707 121.10686640773515 127.01070247769461 
S: 369107 122.72348045230925 122.89523916221076 124.26704135374052 125.43844916847728 127.0825223792979 126.67916011851622 114.47765279375774 125.76033154571932 121.13796824078123 121.25349341781201 121.5202849557282 126.92834115961062 123.82090680351686 123.25306444397339 119.6980250995292 124.81823114720518 126.9262566096155 133.46573618096707 121.10686640773515 127.01070247769461 
H: 722179 336.7335623696147 357.85075530079104 375.6066125986051 374.9479953729566 384.9980467951138 379.8037017463486 362.5834674465366 374.6021041858468 362.9021388728464 343.7472227541981 368.30791238485506 349.95050939299506 383.55503435920616 378.78226329234275 363.64597215949595 371.51955477636005 367.4319358527649 388.3729426685837 352.86283734643104 387.1263845620833 
S: 722179 336.7335623696147 357.85075530079104 375.6066125986051 374.9479953729566 384.9980467951138 379.8037017463486 362.59433874453276 374.6021041858468 362.9021388728464 343.7472227541981 368.30791238485506 349.9523696991832 383.55503435920616 378.91694879131 363.64597215949595 371.51955477636005 367.4319358527649 388.3729426685837 352.86283734643104 387.1263845620833 
H: 722179 112.2445207898715 125.94462479419215 127.94420186519775 128.0975132362837 128.9181530530511 127.33509272815081 121.17607348487914 124.86736806194894 123.9766523186795 115.89509221011525 124.1576044182251 119.71823309729143 127.85167811973538 132.38453517547242 121.5436282141165 123.83985159211996 122.47731195092165 129.4576475561947 121.73287816840673 129.04212818736116 
S: 722179 112.2445207898715 125.94462479419215 127.94420186519775 128.0975132362837 128.9181530530511 127.33509272815081 121.17607348487914 124.86736806194894 123.9766523186795 115.89509221011525 124.1576044182251 119.71823309729143 127.85167811973538 132.38453517547242 121.5436282141165 123.83985159211996 122.47731195092165 129.4576475561947 121.73287816840673 129.04212818736116 
H: 899057 363.51359804036673 362.7701707994351 366.6098470807162 394.935299052458 389.93106113809 366.0248692787879 366.80829774465826 373.5609031359789 381.4005783805871 411.1115769273724 362.7754371305015 354.9892818510028 354.3093732680817 373.7416826718144 356.01520779846595 356.2077221124329 359.36452124981594 341.1753220037036 378.5314695385191 376.71240782072647 
S: 899057 363.51359804036673 362.7701707994351 366.6098470807162 394.935299052458 389.93106113809 366.0248692787879 366.8332871480775 373.5609031359789 381.4005783805871 411.1115769273724 362.7754371305015 354.9892818510028 354.3093732680817 373.7416826718144 356.01520779846595 356.2634256626247 359.36452124981594 341.1753220037036 378.583812744856 376.71240782072647 
H: 899057 121.1711993467889 120.9233902664783 124.97228240760452 131.64509968415283 131.32561349470208 122.00828975959597 122.82228252585683 124.52030104532642 129.6701979580753 137.5865301711509 120.9251457101671 118.32976061700101 124.23374813845787 124.58056089060476 119.12981758873103 120.26485882161428 120.56435688860833 114.2581864445896 129.11225344571503 125.57080260690884 
S: 899057 121.1711993467889 120.9233902664783 124.97228240760452 131.64509968415283 131.32561349470208 122.00828975959597 122.82228252585683 124.52030104532642 129.6701979580753 137.5865301711509 120.9251457101671 118.32976061700101 124.23374813845787 124.58056089060476 119.12981758873103 120.26485882161428 120.56435688860833 114.2581864445896 129.11225344571503 125.57080260690884 
H: 120769 370.77623769624824 379.3635720374683 363.25544292037074 395.3199983573011 388.5254847257567 383.5516105280882 403.8498949520242 395.72937001925897 356.54424806188075 368.17272928089034 353.81087465844917 363.7351798050142 342.48341566691187 353.19978139393675 382.26688689613786 353.5599035982169 356.0390051858082 374.51697104968594 373.4339026094243 361.3265273902475 
S: 120769 370.77623769624824 379.3635720374683 363.2554429203705 395.3199983573011 388.5254847257567 383.5516105280882 403.8498949520242 395.72937001925897 356.54424806188075 368.17272928089034 353.81087465844917 363.74292420854357 342.48341566691187 353.19978139393675 382.26688689613786 353.5771718074682 356.0390051858082 374.51697104968594 373.4339026094243 361.3265273902475 
H: 120769 124.61631329075115 127.35667513774726 121.08514764012364 131.77333278576708 129.66641847124168 127.85053684269616 135.32388757653916 131.94825889727974 119.12519709522672 123.77815084330143 117.93695821948302 121.95363481110819 118.49135841731274 118.042388415939 127.42229563204599 118.38502240997546 124.27887562126303 124.83899034989521 128.1631100320243 122.79204173565948 
S: 120769 124.61631329075115 127.35667513774726 121.08514764012364 131.77333278576708 129.66641847124168 127.85053684269616 135.32388757653916 131.94825889727974 119.12519709522672 123.77815084330143 117.93695821948302 121.95363481110819 118.49135841731274 118.042388415939 127.42229563204599 118.38502240997546 124.27887562126303 124.83899034989521 128.1631100320243 122.79204173565948 
H: 118471 390.17333215498985 367.7629259924315 369.9164920285517 354.49234738231706 356.0723524526307 348.46145073052605 354.9959011769242 362.8873449620648 364.5948206471835 369.4236938173432 366.5626067815876 357.8997692540228 364.8722886282626 355.91363762063344 360.30196141505763 388.72913968388076 359.96774379256846 368.7977421545239 334.0215174527141 366.1414085275074 
S: 118471 390.17333215498985 367.7629259924315 369.9164920285517 354.49234738231706 356.0723524526307 348.46145073052605 354.9959011769242 362.8873449620648 364.5948206471835 369.4236938173432 366.55415567469583 357.8997692540228 364.8722886282626 356.2438258294319 360.30196141505763 388.72913968388076 359.96774379256846 368.7977421545239 334.07683104004354 366.1414085275074 
H: 118471 130.05777738499663 122.58764199747715 123.87726900076044 118.62116515121696 122.45981676112808 116.1538169101754 118.33196705897474 121.49747574569385 121.53160688239443 124.27545382174272 125.02175800960633 119.77010500387472 121.7532851675952 120.93456997418625 121.07415685984301 129.57544788026138 120.32337015329102 123.15463329202349 123.58146257449948 122.04713617583582 
S: 118471 130.05777738499663 122.58764199747715 123.87726900076044 118.62116515121696 122.45981676112808 116.1538169101754 118.33196705897474 121.49747574569385 121.53160688239443 124.27545382174272 125.02175800960633 119.77010500387472 121.7532851675952 120.93456997418625 121.07415685984301 129.57544788026138 120.32337015329102 123.15463329202349 123.58146257449948 122.04713617583582 
H: 740452 390.3830087903081 345.6873803064491 364.24657647296505 332.88807749047305 355.8255437582371 383.5759825128942 377.84421050677395 377.3605071349777 357.9866940209799 350.00449318211946 363.2919769651714 360.90237819422794 378.3824574342347 368.3045362896332 371.65505794125596 352.45281833041827 359.0377523679269 350.655816843403 376.04098749564713 369.5352803193953 
S: 740452 390.3830087903081 345.6873803064491 364.24657647296505 334.2258705209876 355.8255437582371 383.5759825128942 377.84421050677395 377.3605071349777 357.9866940209799 350.00449318211946 363.2919769651714 360.9507778958305 378.3824574342347 368.3045362896332 371.65505794125596 352.45281833041827 359.0377523679269 350.655816843403 376.04098749564713 369.5352803193953 
H: 740452 130.4465628163062 115.38344123750043 121.41552549098843 121.0564228324545 118.60851458607908 127.85866083763138 126.67380456279632 125.78683571165925 119.5715261548642 116.68548563311849 122.16590666249088 131.34469976736705 126.12748581141163 122.76817876321118 124.44129315531487 120.65012893699553 124.07678648681683 120.1508980499274 126.2901320275078 123.17842677313175 
S: 740452 130.4465628163062 115.38344123750043 121.41552549098843 121.0564228324545 118.60851458607908 127.85866083763138 126.67380456279632 125.78683571165925 119.5715261548642 116.68548563311849 122.16590666249088 131.34469976736705 126.12748581141163 122.76817876321118 124.44129315531487 120.65012893699553 124.07678648681683 120.1508980499274 126.2901320275078 123.17842677313175 
H: 407159 352.71365858788533 386.5365592020455 377.1265770037057 367.86303581985925 365.30844327974086 371.7032115580769 372.94981140469116 384.1740693125877 375.74239111950266 359.822208534941 364.3213672243562 365.87882598084485 364.5266572587326 365.30080790681205 376.2905574557665 389.42332167673965 360.8169558013205 350.84060500367775 348.07749505256146 358.84191961725725 
S: 407159 352.768416165487 386.5365592020455 377.1265770037057 367.8873626809098 365.30844327974086 371.7032115580769 372.94981140469116 384.1740693125877 375.74239111950266 359.822208534941 364.36216744362855 365.87882598084485 364.5266572587326 365.30080790681205 376.2905574557665 389.42332167673965 360.8169558013205 350.84060500367775 348.07749505256146 358.84191961725725 
H: 407159 124.3341532390441 130.73327879063427 127.68305052653523 125.88043859063177 121.93852907506225 123.90107051935892 126.29031964374198 132.62578580308787 125.40175045762145 119.94073617831371 128.72396809484854 121.95960866028166 122.3800164215011 121.76693596893728 125.4301858185888 130.0621633157319 123.29269610683906 118.67320794643699 118.53424164994156 120.62616071038394 
S: 407159 124.3341532390441 130.73327879063427 127.68305052653523 125.88043859063177 121.93852907506225 123.90107051935892 126.29031964374198 132.62578580308787 125.40175045762145 119.94073617831371 128.72396809484854 121.95960866028166 122.3800164215011 121.76693596893728 125.4301858185888 130.0621633157319 123.29269610683906 118.67320794643699 118.53424164994156 120.62616071038394 
H: 334164 760.5063589341285 790.136202259703 760.2299524580003 742.9592426076297 703.2803151699837 729.3730463530512 733.7265290675324 720.9823681716359 709.1320238606985 766.3513860473552 737.5127356061422 761.1877675776483 749.0606570490952 697.3829957610108 699.7487956562877 813.5716975398193 745.3813794639104 726.5984189274562 708.7827644140335 765.2489000469802 
S: 334164 760.5063589341285 790.136202259703 760.2442202810087 742.9592426076297 703.3033841400413 729.4063408738153 733.7265290675324 721.1117554547102 709.1320238606985 766.3513860473552 737.5127356061422 761.1877675776483 749.0606570490952 697.3829957610108 699.7487956562877 813.5716975398193 745.3813794639104 726.5984189274562 708.7827644140335 765.2489000469802 
H: 334164 254.36856327543828 265.5480617556786 254.62084801628203 256.32578840995876 245.7021025942939 250.27157886293008 244.5885854191071 243.48912739582423 237.76464022232008 256.2116102235749 250.70354853655385 256.99076178182685 249.93089678595894 234.5695956931509 238.46448983371562 271.8558418680206 248.97341038146217 242.30587533673247 237.17403343727065 255.08296668232717 
S: 334164 254.36856327543828 265.5480617556786 254.62084801628203 256.32578840995876 245.7021025942939 250.27157886293008 244.5885854191071 243.48912739582423 237.76464022232008 256.2116102235749 250.70354853655385 256.99076178182685 249.93089678595894 234.5695956931509 238.46448983371562 271.8558418680206 248.97341038146217 242.30587533673247 237.17403343727065 255.08296668232717 
H: 320507 696.2942470302067 761.391703304064 748.5692296048777 721.6727225845784 733.8211755976505 746.7306763842295 727.1592847814044 750.3875534096491 729.6946491724244 743.9737177144218 724.6239181777403 739.3380542452037 725.1593995997374 732.202788293219 742.605683975986 723.5771682633156 729.3084780082706 760.5841241872439 702.8538991026387 732.6952778916474 
S: 320507 696.3155882770811 761.391703304064 748.6861329243354 721.6970039070368 733.8211755976505 746.7306763842295 727.1592847814044 750.4031073266226 729.6946491724244 743.9737177144218 724.6239181777403 739.3380542452037 725.1593995997374 732.202788293219 742.605683975986 723.5771682633156 729.3084780082706 760.5841241872439 702.8694965929599 732.6952778916474 
H: 320507 236.90384864916996 256.445349226445 259.76702307009873 242.70192768873642 246.88858328979893 250.47755891221033 246.76177814955105 251.22596882185343 243.26802286500597 247.99123923814093 244.79514162067954 248.7460740391241 243.01281802611274 244.77302862990405 253.1007941477596 241.19238942110556 243.10282600275676 254.31563733478438 252.5072464707098 250.29792574202764 
S: 320507 236.90384864916996 256.445349226445 259.76702307009873 242.70192768873642 246.88858328979893 250.47755891221033 246.76177814955105 251.22596882185343 243.26802286500597 247.99123923814093 244.79514162067954 248.7460740391241 243.01281802611274 244.77302862990405 253.1007941477596 241.19238942110556 243.10282600275676 254.31563733478438 252.5072464707098 250.29792574202764 
H: 678850 739.6808993065282 752.2154103598631 724.6487738143759 739.1422329802601 753.3438608706778 770.9839811198834 755.1730165912865 706.8768793326154 746.4997435444084 748.7085543645022 735.0817082293945 722.6901656365999 703.1462396734564 744.979967312746 724.7750346165504 744.5273934555237 724.9796265848444 780.6802698911057 737.3583219245163 771.0262480415313 
S: 678850 739.6808993065282 752.2154103598631 724.6487738143759 739.1422329802601 753.3438608706778 771.0065548716268 755.1730165912865 706.9036156592485 746.4997435444084 748.7085543645022 735.0817082293945 722.6901656365999 703.1462396734564 744.979967312746 724.7750346165504 744.5273934555237 724.9796265848444 780.6802698911057 737.3583219245163 771.0262480415313 
H: 678850 247.7477455553264 254.32916176582285 241.617154276697 246.4991407506414 257.30512742495716 258.0226666460463 252.4134209672249 245.95548716124873 249.7506547309802 251.08880370039157 246.06076238696664 240.89672187886703 237.71878378681697 248.46687217125904 242.2236246862318 257.7497077312093 242.06012016357818 261.2077488974672 246.80098791000668 257.0087493471768 
S: 678850 247.7477455553264 254.32916176582285 241.617154276697 246.4991407506414 257.30512742495716 258.0226666460463 252.4134209672249 245.95548716124873 249.7506547309802 251.08880370039157 246.06076238696664 240.89672187886703 237.71878378681697 248.46687217125904 242.2236246862318 257.7497077312093 242.06012016357818 261.2077488974672 246.80098791000668 257.0087493471768 
H: 377391 734.6573981968859 741.9486934602193 745.6905329988239 745.4068069717 724.1952822688519 739.1829374470412 752.9326650400765 759.8283342248332 726.6322296585166 714.4725429293485 757.963541631739 762.2958823270062 781.5437068811857 728.5830576893994 749.181465693297 707.514017398702 764.4043763688675 750.0279903244925 749.855920540039 730.6825164423676 
S: 377391 734.6573981968859 741.9486934602194 745.6905329988239 745.4068069717 724.1952822688519 739.2208722287426 752.9326650400765 759.8283342248332 726.6322296585165 714.3776870468553 757.963541631739 762.2958823270062 781.5467949283392 728.5830576893994 749.181465693297 707.514017398702 764.4043763688675 750.0279903244925 749.8733907257443 730.6825164423676 
H: 377391 252.3206036941404 247.661769263194 248.88310892666735 251.99736356660873 244.1112284163045 252.8299309827775 250.97755501335874 261.60988661784864 242.21074321950562 252.28232524116194 252.69941948006854 255.976397246141 264.2809393446719 244.14116065799269 259.04354924974865 235.83800579956724 254.8014587896224 254.44603100209136 249.95779690858132 243.56083881412238 
S: 377391 252.3206036941404 247.661769263194 248.88310892666735 251.99736356660873 244.1112284163045 252.8299309827775 250.97755501335874 261.60988661784864 242.21074321950562 252.28232524116194 252.69941948006854 255.976397246141 264.2809393446719 244.14116065799269 259.04354924974865 235.83800579956724 254.8014587896224 254.44603100209136 249.95779690858132 243.56083881412238 
H: 39138 714.5585515941885 759.9717093883858 725.1762656065983 770.1176844310617 747.1778809828211 740.1887482087681 726.1095941932201 678.1991065648997 707.8497799912698 745.3531473292455 713.9917542055432 735.5490762632919 724.4194513142912 719.1446367992576 749.0002621601656 716.2650005204567 757.2235186161495 728.4675514542099 775.5157181245143 767.1003787633323 
S: 39138 714.554841026092 759.9717093883858 725.1762656065983 770.1176844310617 747.1778809828211 740.1887482087681 726.1095941932201 678.1991065648997 707.8497799912698 745.3531473292455 714.2249512959635 735.5677403530626 724.4194513142912 719.1446367992576 749.0002621601656 716.2650005204567 757.2235186161495 728.4675514542099 775.5157181245143 767.1003787633323 
H: 39138 243.796733272242 253.32390312946205 245.16319781042222 257.64687981181015 250.74769556189835 254.40862531364016 245.17618438899544 241.71565000094526 236.0571952060782 249.7699685869421 259.84528219375784 247.07640399139424 241.4805340327515 245.5312458213111 256.18161814968886 238.75500017348568 252.4434519528644 242.82251715140296 259.9011510564076 258.97515390504475 
S: 39138 243.796733272242 253.32390312946205 245.16319781042222 257.64687981181015 250.74769556189835 254.40862531364016 245.17618438899544 241.71565000094526 236.0571952060782 249.7699685869421 259.84528219375784 247.07640399139424 241.4805340327515 245.5312458213111 256.18161814968886 238.75500017348568 252.4434519528644 242.82251715140296 259.9011510564076 258.97515390504475 
H: 400107 659.2600727998182 740.851280929801 728.6105115992397 727.4247401323291 727.7583214819158 770.6211136496145 781.8564456357094 722.7541688137717 740.6903321527168 668.5997119957901 759.6621551468509 772.4988913496545 743.871526900106 725.7900713621178 732.325284991193 725.6757256691624 692.8794010308424 752.0631963821512 720.5419905676661 674.0134619686764 
S: 400107 661.6101092647468 740.8539608997087 728.6105115992397 727.4398147692782 727.8440727712326 770.6211136496145 781.8564456357094 722.7541688137717 740.6903321527168 668.5997119957901 759.6621551468509 772.4988913496545 743.871526900106 725.7900713621178 732.4114873105561 725.6757256691624 692.8794010308424 752.0631963821512 720.5419905676661 674.0526776139809 
H: 400107 241.78941545573676 249.2669629324323 242.8701705330801 254.938779779059 248.30397192539323 257.8297963147355 260.61881521190315 246.01270699020378 247.48383792469366 231.8567910480585 253.22071838228322 259.5870126606555 249.05324691125776 246.09730404055827 245.3468158160299 242.56907227123287 234.73736558953655 252.28698571710248 240.20180560388732 237.63576209634593 
S: 400107 241.78941545573676 249.2669629324323 242.8701705330801 254.938779779059 248.30397192539323 257.8297963147355 260.61881521190315 246.01270699020378 247.48383792469366 231.8567910480585 253.22071838228322 259.5870126606555 249.05324691125776 246.09730404055827 245.3468158160299 242.56907227123287 234.73736558953655 252.28698571710248 240.20180560388732 237.63576209634593 
H: 728625 772.4344361675393 775.4422569474675 728.2537506832044 740.7748312018487 750.6658446647465 743.6049359018718 748.9082717903188 773.4627399266644 681.0000084372849 738.9934265898033 750.3650715676421 733.9639741281773 743.8376095426881 730.0673614320348 778.8270851447292 720.4079682826599 738.3864350810787 744.0562625752766 722.4772960712537 752.7532969314212 
S: 728625 772.4344361675393 775.4422569474675 728.2537506832044 740.7748312018487 750.6658446647465 743.6049359018718 748.9082717903188 773.4627399266644 681.0000084372849 738.9934265898033 750.3650715676421 733.9639741281773 743.8376095426881 730.0673614320348 778.8270851447292 720.4079682826599 738.3864350810787 744.249756277662 722.7105475612823 752.7532969314212 
H: 728625 257.4781453891799 260.18566004370206 250.98068381565696 254.77987200833905 250.94811781994053 249.6017758454414 250.10464372579705 259.4839250713001 235.54838596392798 248.98643862825327 250.97273937358318 248.12739101681626 248.1451072463179 244.29108551256016 259.6090283815764 241.81380305595664 251.5191727478079 252.94409662673544 246.87480521443277 253.02802562189657 
S: 728625 257.4781453891799 260.18566004370206 250.98068381565696 254.77987200833905 250.94811781994053 249.6017758454414 250.10464372579705 259.4839250713001 235.54838596392798 248.98643862825327 250.97273937358318 248.12739101681626 248.1451072463179 244.29108551256016 259.6090283815764 241.81380305595664 251.5191727478079 252.94409662673544 246.87480521443277 253.02802562189657 
H: 443757 698.4443226069529 717.6400388224562 682.5041793805486 715.4274226542171 768.489989846011 731.5798504477193 732.1734751628612 746.8128399367899 725.5700717713901 720.1228588894238 754.684784976169 721.2668276845436 756.8095531079767 734.0732266327134 740.1737938236844 732.5330401364504 751.3790965196729 734.272515504171 696.7300797110712 746.9920583723248 
S: 443757 698.4744970883054 717.682482691514 682.5041793805486 715.4274226542171 768.489989846011 731.5798504477193 732.1734751628612 746.8128399367899 725.5700717713901 720.1228588894238 754.684784976169 721.2668276845436 756.8095531079767 734.0732266327134 740.1737938236844 732.5927792551045 751.3790965196729 734.272515504171 696.7300797110712 746.9920583723248 
H: 443757 245.37567753423895 242.9057034907067 232.9351616911188 242.9525801939002 263.85057670461424 244.36774329400467 244.0578250542871 251.2103914243772 244.72851894898218 241.4934152152215 251.89002027904684 244.0247586379181 253.4927365371359 245.65755786111393 246.72459794122827 247.26802543423503 250.45969883989113 249.3177806793004 236.03472045175425 249.19527851160979 
S: 443757 245.37567753423895 242.9057034907067 232.9351616911188 242.9525801939002 263.85057670461424 244.36774329400467 244.0578250542871 251.2103914243772 244.72851894898218 241.4934152152215 251.89002027904684 244.0247586379181 253.4927365371359 245.65755786111393 246.72459794122827 247.26802543423503 250.45969883989113 249.3177806793004 236.03472045175425 249.19527851160979 
H: 502105 720.4014728651711 738.2885780910466 784.6671585152656 736.7365920377192 696.5538853704403 752.9102997937658 710.8323322577697 710.8741397811905 695.0094204638851 713.7593162464864 750.1307689165651 720.4074065754774 713.3140772643635 749.8302144244341 709.6986534179548 725.4762664331132 745.3797553566976 721.6794736576475 717.708891544739 719.3000849427783 
S: 502105 720.4014728651713 738.2912157076593 784.6671585152656 736.7365920377192 696.5538853704403 752.9197140918886 710.8323322577697 710.8741397811905 695.0629945356941 713.7593162464864 750.1307689165651 720.4602003926257 713.3140772643635 749.8302144244341 709.6986534179548 725.4762664331132 745.3797553566976 721.6794736576475 717.708891544739 719.3000849427783 
H: 502105 240.13382428839023 248.49621702210615 261.5557195050885 245.57886401257318 235.5637834152656 254.63229854212886 237.58135610264674 240.6153087147783 242.30279130409625 242.65841767235128 250.9466994113014 246.20062626295746 243.9862213827105 249.9434048081443 237.93155808109495 241.82542214437143 248.59705613931501 243.2400318863097 240.07014511288125 239.76669498092602 
S: 502105 240.13382428839023 248.49621702210615 261.5557195050885 245.57886401257318 235.5637834152656 254.63229854212886 237.58135610264674 240.6153087147783 242.30279130409625 242.65841767235128 250.9466994113014 246.20062626295746 243.9862213827105 249.9434048081443 237.93155808109495 241.82542214437143 248.59705613931501 243.2400318863097 240.07014511288125 239.76669498092602 
H: 232423 751.5507165471481 769.8044011617902 770.3367409791472 717.192579480706 719.4762638193196 747.8111914740911 745.2610694743166 712.7847432432682 712.3081840577871 738.7405494188939 737.329036512257 756.836889662897 744.7247577371445 760.3969653039323 737.8325715931476 756.9830849530731 734.817848203988 756.6679318282276 765.770098185109 750.8386479461594 
S: 232423 751.5507165471481 769.8044011617902 770.3367409791472 717.192579480706 719.4762638193196 747.8111914740911 745.2610694743166 712.8553512355918 712.3081840577871 738.7405494188939 737.329036512257 756.8731635519887 744.7247577371445 760.3969653039323 737.8325715931476 756.9830849530731 734.817848203988 756.6679318282276 765.770098185109 750.8386479461594 
H: 232423 252.13485532094742 257.62966581783576 258.36550693231305 241.9187698317371 241.39469803276808 251.5887089501797 256.0741611330556 249.3070250677119 241.88469696832124 248.53377411452016 245.77634550408558 257.95168351169104 249.04888584566842 259.7311900464918 246.09723102196355 252.66375420735613 246.41042129710576 252.45513714709287 255.25669939503618 253.24914576789863 
S: 232423 252.13485532094742 257.62966581783576 258.36550693231305 241.9187698317371 241.39469803276808 251.5887089501797 256.0741611330556 249.3070250677119 241.88469696832124 248.53377411452016 245.77634550408558 257.95168351169104 249.04888584566842 259.7311900464918 246.09723102196355 252.66375420735613 246.41042129710576 252.45513714709287 255.25669939503618 253.24914576789863 
H: 337207 768.2242010583618 744.9302214487432 772.7502176196513 723.3872894319533 737.8312170342472 753.2725343998786 756.0436409846895 756.1972519382385 734.3305585106453 714.3645703775901 726.9988674805151 762.4337510038722 760.0892846680042 747.4381761461395 742.2295509329596 765.2969136350597 719.4223908758142 689.5338484666415 749.9702746697868 631.390979104985 
S: 337207 768.2242010583618 744.9302214487432 772.7502176196513 723.3872894319533 737.8312170342472 753.2725343998786 756.0436409846895 756.1972519382385 734.3305585106453 714.3645703775901 727.0114816738768 762.4337510038722 760.0892846680042 747.4984603641037 742.2295509329596 765.2969136350597 719.4223908758142 689.5338484666415 749.9702746697868 631.3399509406446 
H: 337207 256.83744838406403 252.34983142392014 257.58340587321703 244.93281878808037 246.0364332836183 255.15089850276075 252.47549894677405 255.41521651127866 245.63561787998944 238.6731104906663 242.36267621262544 254.81582299357427 255.02305727264078 249.87909328262018 248.12686666067538 256.03242716642234 241.17265497968822 238.1616406305231 250.37058544141138 218.12916725728866 
S: 337207 256.83744838406403 252.34983142392014 257.58340587321703 244.93281878808037 246.0364332836183 255.15089850276075 252.47549894677405 255.41521651127866 245.63561787998944 238.6731104906663 242.36267621262544 254.81582299357427 255.02305727264078 249.87909328262018 248.12686666067538 256.03242716642234 241.17265497968822 238.1616406305231 250.37058544141138 218.8763810155212 
H: 379659 751.1277023699491 746.4392889783404 733.2535855340458 739.5706899242017 741.9957911612664 746.008504441668 784.1944162408772 738.0884591304991 700.7406292059276 759.8379872594885 733.673782934859 746.5986865418365 701.394080335576 743.9419957197726 729.4615707684626 773.428513178441 756.427623177117 753.7891730723499 752.2847005292866 781.9489082749828 
S: 379659 751.1277023699491 746.4392889783404 733.2634337139096 739.5706899242017 742.1558602947177 746.008504441668 784.1944162408772 738.0884591304991 700.7406292059276 759.8379872594885 733.673782934859 746.5986865418365 701.394080335576 743.9419957197726 729.5186819646543 773.428513178441 756.427623177117 753.7891730723499 752.2847005292866 781.9489082749828 
H: 379659 250.37590078998292 251.1456976150975 249.30028059887613 258.76849193608723 257.868126030479 249.29066427525208 261.3981387469591 248.2198471149673 233.58020973530896 255.01643123844593 250.26089424282733 248.86622884727888 236.29980980851968 250.41329987715693 251.32424062146097 257.80950439281355 254.12270776305712 251.37025785434307 256.7143374559635 260.8632196542648 
S: 379659 250.37590078998292 251.1456976150975 249.30028059887613 258.76849193608723 257.868126030479 249.29066427525208 261.3981387469591 248.2198471149673 233.58020973530896 255.01643123844593 250.26089424282733 248.86622884727888 236.29980980851968 250.41329987715693 251.32424062146097 257.80950439281355 254.12270776305712 251.37025785434307 256.7143374559635 260.8632196542648 
H: 728871 765.8250191508615 750.8821530395525 704.0407635236414 741.1775618222383 639.3061918934882 672.978487256085 736.1282944687764 728.5093830265679 731.3523153192386 753.6993176813735 773.6619066319771 776.1653358125262 766.6453404512628 738.0996223799585 724.5581543610094 701.0408776799273 749.5626897553514 744.4085829561667 723.9338902689142 743.2546518801512 
S: 728871 765.825019150862 750.8821530395525 704.0407635236414 741.1775618222383 639.424577039019 673.0242428233502 736.1282944687764 728.5093830265679 731.3523153192386 753.6993176813735 773.6619066319771 776.1653358125262 766.6453404512628 738.0996223799588 724.5581543610094 701.0408776799273 749.5626897553514 744.4085829561667 723.9338902689142 743.2546518801512 
H: 728871 256.53936715821817 251.69640908602133 243.161941044667 247.8568196366352 232.72547083423058 233.15611496464624 245.37609815625885 244.63987431223742 243.7841051064129 253.392441505049 257.88730221065924 259.02504468962906 255.70101786589183 247.84699055859656 244.0175993791367 233.86153288220615 252.41689119985256 248.13619431872232 245.89329998103474 247.78700901765066 
S: 728871 256.53936715821817 251.69640908602133 243.161941044667 247.8568196366352 232.72547083423058 233.15611496464624 245.37609815625885 244.63987431223742 243.7841051064129 253.392441505049 257.88730221065924 259.02504468962906 255.70101786589183 247.84699055859656 244.0175993791367 233.86153288220615 252.41689119985256 248.13619431872232 245.89329998103474 247.78700901765066 
H: 612897 717.9582299414566 749.0870302272579 750.843475655052 722.9391305637707 722.278767829256 705.2684393283965 711.4208076568688 764.7512627857514 720.0043070678481 744.2313006340078 703.5951684009198 707.0920753891347 756.521888534205 725.9449667867101 751.778750118473 752.0878987308387 754.1594540488222 714.9182170300728 745.1099966501108 721.2450188408335 
S: 612897 717.9582299414566 749.0870302272579 750.843475655052 722.9391305637707 722.278767829256 705.5133141252444 711.4208076568688 764.7512627857514 720.2258375191466 744.2313006340078 703.5951684009198 707.0928860685069 756.521888534205 725.9507705722758 751.778750118473 752.0878987308387 754.159454048822 714.9182170300728 745.120440333501 721.2450188408335 
H: 612897 239.78535845227412 250.06608412947088 251.64687819973415 248.49283948871496 242.6620391042864 245.23522537672858 243.31349855920647 254.91708759525054 247.50015317911573 249.97445474292178 234.56568574612308 238.53633766099156 253.11375096733684 245.25983775354544 252.17617515465892 253.50949279756452 251.38648468294068 238.30607234335793 250.05414286475997 241.8647268378249 
S: 612897 239.78535845227412 250.06608412947088 251.64687819973415 248.49283948871496 242.6620391042864 245.23522537672858 243.31349855920647 254.91708759525054 247.50015317911573 249.97445474292178 234.56568574612308 238.53633766099156 253.11375096733684 245.25983775354544 252.17617515465892 253.50949279756452 251.38648468294068 238.30607234335793 250.05414286475997 241.8647268378249 
H: 748475 746.1671755999793 758.5863973589683 749.7949393124883 741.6891218129151 711.7552510333195 714.32500165541 717.8490680566935 761.471129470041 734.3572537990156 749.7782739608456 728.2193282871012 737.1511321111633 730.4849107397358 755.6533903067455 746.3962656776347 743.1085479721148 738.9056227096065 714.478404266759 737.9713472001392 706.5298094648475 
S: 748475 746.1671755999793 758.5863973589683 749.7949393124883 741.6891218129151 711.7758852423972 714.3784501402653 717.8576188638372 761.471129470041 734.3572537990156 749.7782739608456 728.2193282871012 737.2691711948487 730.4849107397358 755.6533903067455 746.3962656776347 743.1085479721148 738.9056227096065 714.478404266759 737.9713472001392 706.5746529136582 
H: 748475 255.18488798771676 252.86213245298958 255.3096321218461 250.3626707480688 244.40577453571586 251.7679233519771 247.42234664431626 253.8237098233467 249.64295629989397 251.57252104648927 243.1688408846928 249.76809681556054 243.49497024657862 253.0785069249346 251.01842471500916 247.70284932403828 246.30187423653578 238.175670300701 247.2405270840241 241.53076262581536 
S: 748475 255.18488798771676 252.86213245298958 255.3096321218461 250.3626707480688 244.40577453571586 251.7679233519771 247.42234664431626 253.8237098233467 249.64295629989397 251.57252104648927 243.1688408846928 249.76809681556054 243.49497024657862 253.0785069249346 251.01842471500916 247.70284932403828 246.30187423653578 238.175670300701 247.2405270840241 241.53076262581536 
H: 463071 772.5731236828392 724.4543225516607 736.9952684699741 725.6149506559066 736.0966299955094 777.0113028764911 715.574826146165 739.0268983436656 756.7518384627193 698.7564550286249 723.3286040129902 687.2525386391246 729.1732390667822 742.6282165830082 741.0778659835258 779.815191826278 686.6205397020555 746.8947611708817 749.5691729938306 710.7093143818558 
S: 463071 772.5731236828392 724.4543225516607 736.9952684699741 725.6149506559066 736.0966299955094 777.0113028764911 715.5770896386639 739.0268983436656 756.7518384627193 698.9221659751194 723.3286040129902 687.5603371380477 729.1867071362337 742.6282165830082 741.088393327246 779.815191826278 687.165206376863 746.8947611708817 749.5691729938306 710.7093143818558 
H: 463071 258.0951976845217 245.67702786659217 251.45069312322786 243.82319254851063 246.11943914834683 259.0037676254973 240.6229606407462 246.34229944788848 253.06929865945713 245.15890033370212 244.33052085707857 238.37744586969276 246.55479718044478 253.43585135969343 252.94528841336893 259.9383972754261 238.2647006224835 248.96492039029394 250.0311445487205 237.26311511612028 
S: 463071 258.0951976845217 245.67702786659217 251.45069312322786 243.82319254851063 246.11943914834683 259.0037676254973 240.6229606407462 246.34229944788848 253.06929865945713 245.15890033370212 244.33052085707857 238.37744586969276 246.55479718044478 253.43585135969343 252.94528841336893 259.9383972754261 238.2647006224835 248.96492039029394 250.0311445487205 237.26311511612028 
H: 134274 746.6897132815553 751.2096673097896 677.4013660542564 681.5792265884138 710.0765013764427 765.5763363960011 698.2824807971696 739.7992564892602 725.3677310342786 723.3032037300422 719.2147169227883 710.2867952615085 745.2970836879132 725.4500658541316 750.7769161640041 727.6806326850777 693.1838884752942 732.6970793999712 749.1146161191855 749.1672598684161 
S: 134274 746.6897132815553 751.2222334938101 677.5958621393255 681.6677502897434 710.0765013764427 765.5763363960011 698.2824807971696 739.7992564892602 725.3846294177322 723.2897729131031 719.2147169227883 710.3110273034653 745.2970836879132 725.4500658541316 750.7769161640041 727.7617501924619 693.1838884752942 732.6970793999712 749.1146161191855 749.1672598684161 
H: 134274 251.67696014435305 250.40322243659682 247.53692629208211 242.4013183734941 238.49159790060358 260.67715781542324 246.87331420653808 246.7192765971855 251.0054119183721 249.59679346463275 239.98434773587218 254.26627760288372 251.751611614971 244.91691144077805 251.37546048672385 252.7187810074449 237.88263995123097 246.13968545981206 249.70487203972846 249.72241995613896 
S: 134274 251.67696014435305 250.40322243659682 247.53692629208211 242.4013183734941 238.49159790060358 260.67715781542324 246.87331420653808 246.7192765971855 251.0054119183721 249.59679346463275 239.98434773587218 254.26627760288372 251.751611614971 244.91691144077805 251.37546048672385 252.7187810074449 237.88263995123097 246.13968545981206 249.70487203972846 249.72241995613896 
H: 554727 718.5291787738979 755.5256687404433 742.6503754834342 748.6965136430155 777.6127286087642 733.6268394372213 739.580325413335 731.9546625935117 726.5139718416336 714.2347531200911 797.0188304517636 764.4970119515867 680.9417063976978 707.9468616061945 714.0063516026132 734.8834215756956 681.5434877570733 742.0966153228359 713.9402782106756 722.2066752545855 
S: 554727 718.5813784615591 755.5256687404433 742.6503754834342 748.6965136430155 777.6127286087642 733.6268394372213 739.580325413335 731.9546625935117 726.9627831290607 714.2347531200911 797.0188304517636 764.4970119515867 681.0185561627617 707.9468616061945 714.0063516026132 734.9466170725871 681.7132042735652 742.0966153228359 713.9402782106756 722.2066752545855 
H: 554727 244.8708740266977 251.84188958014832 247.55703539288461 249.56550454767185 261.407429336204 246.0304205848892 246.86718495161628 248.64792061127693 249.58200486121842 239.75803795158336 269.0242025610447 254.83233731719517 241.43502524038183 237.0188402018298 242.37647805427227 246.2420904455368 250.32092457816933 248.01349460284226 239.5834396529032 243.15822947825308 
S: 554727 244.8708740266977 251.84188958014832 247.55703539288461 249.56550454767185 261.407429336204 246.0304205848892 246.86718495161628 248.64792061127693 249.58200486121842 239.75803795158336 269.0242025610447 254.83233731719517 241.43502524038183 237.0188402018298 242.37647805427227 246.2420904455368 250.32092457816933 248.01349460284226 239.5834396529032 243.15822947825308 
H: 48448 747.5234838694204 781.8191094298489 707.3672980560817 759.9323616722278 769.7699519093936 754.3406318903159 735.6597126931149 705.2465174396862 764.7425812867856 751.5455417461919 738.3979002329716 725.6723487848149 734.4495410981478 749.2166258956856 766.4830912266199 694.940715527819 711.8354422176666 730.6295476644075 738.6455911929579 732.3705657588796 
S: 48448 747.5234838694204 781.8393501439842 707.3672980560817 759.9323616722278 769.7699519093936 754.3406318903159 735.6597126931149 705.4139995963216 764.7425812867856 751.5455417461919 738.3979002329716 725.6723487848149 734.4495410981478 749.2166258956856 766.4830912266199 694.9789688584798 711.8354422176666 730.6295476644075 738.6455911929579 732.3705657588796 
H: 48448 249.1975749103685 265.9010738117362 245.83154414566286 253.9264280129733 256.58998396979786 251.44687729677204 245.6531190546878 250.53533693133858 255.12399833791574 251.06991075267842 246.1326334109906 248.02323667980852 247.22651478514217 250.52926110321172 256.9818946731277 239.46537585503344 237.27848073922218 247.59811559351473 246.21519706431937 244.27368375790675 
S: 48448 249.1975749103685 265.9010738117362 245.83154414566286 253.9264280129733 256.58998396979786 251.44687729677204 245.6531190546878 250.53533693133858 255.12399833791574 251.06991075267842 246.1326334109906 248.02323667980852 247.22651478514217 250.52926110321172 256.9818946731277 239.46537585503344 237.27848073922218 247.59811559351473 246.21519706431937 244.27368375790675 
H: 716347 726.4403665984293 727.6629897063414 759.9018439805283 751.9267495411539 761.3780470583591 735.4611107206769 694.2089924737983 706.4416995389926 733.2422150532362 737.2717710694857 752.996629997921 710.6903392927903 721.4545222578242 726.7994342908223 713.9340069895683 735.2115581720113 660.3403786306981 728.4989824101896 741.8504427300367 695.0808555613702 
S: 716347 726.4403665984293 727.6629897063414 759.9018439805283 751.9267495411539 761.3780470583591 735.725703056509 694.5271256999998 706.4416995389926 733.2422150532362 737.2717710694857 752.996629997921 710.6903392927903 721.4545222578242 726.7994342908223 713.9340069895683 735.2115581720113 660.8433901214914 728.4989824101896 741.8504427300367 695.3490774381349 
H: 716347 246.13616375024878 243.16324664175937 255.63283576950968 250.78816770846532 254.59122595677746 256.3112221389429 250.75507022651294 235.88224899531284 244.59664905421448 245.83530318783912 251.6799371318495 240.71821813573195 243.18748767729355 246.0503042427109 241.70947393881085 245.61636670086247 240.69863647774926 245.24483902229315 250.70564695748243 253.22429047011752 
S: 716347 246.13616375024878 243.16324664175937 255.63283576950968 250.78816770846532 254.59122595677746 256.3112221389429 250.75507022651294 235.88224899531284 244.59664905421448 245.83530318783912 251.6799371318495 240.71821813573195 243.18748767729355 246.0503042427109 241.70947393881085 245.61636670086247 240.69863647774926 245.24483902229315 250.70564695748243 253.22429047011752 
H: 910500 739.6419404657986 741.2604984186676 743.12112077622 735.2732679390965 728.9937456881779 729.809545312096 758.8174356486815 766.7477624730989 729.2927512133455 740.9142472904124 760.055209546129 749.8798436560394 721.2919792407882 753.2646604773877 727.4858650233227 766.6728388229196 767.0142711332543 695.5665277868129 739.7342517737086 731.3673487061358 
S: 910500 739.6419404657986 741.2604984186676 743.12112077622 735.2732679390965 728.9937456881779 729.809545312096 758.8174356486815 766.7477624730989 729.3233869521822 740.9142472904124 760.055209546129 749.8798436560394 721.2919792407882 753.2646604773877 727.5306308272055 766.6728388229196 767.0142711332543 695.5665277868129 739.7342517737086 731.3977797962614 
H: 910500 246.64992771971163 250.12773457943288 251.0410536377464 245.17601054355364 249.04639281756315 243.2698484373654 252.93914521622733 257.1980324633491 252.92258141346406 248.7861621537809 254.54866525288514 249.96741695295884 240.74255860890457 251.08822015912924 259.0721506446949 257.9333293832069 264.6684420252122 246.9337837292701 246.59942105397144 244.33825267341314 
S: 910500 246.64992771971163 250.12773457943288 251.0410536377464 245.17601054355364 249.04639281756315 243.2698484373654 252.93914521622733 257.1980324633491 252.92258141346406 248.7861621537809 254.54866525288514 249.96741695295884 240.74255860890457 251.08822015912924 259.0721506446949 257.9333293832069 264.6684420252122 246.9337837292701 246.59942105397144 244.33825267341314 
H: 170863 739.4939438623518 707.6160308444917 757.5694198676717 768.4496585140762 746.2217692146389 727.9355877046464 694.2215552426413 766.5322955430422 766.7119701150244 734.6263619524664 765.2550780545971 726.3362573485136 726.7187282102321 734.6657935743998 735.0733892424641 732.0561935370301 654.3172145410176 768.2309929800405 772.6081183858468 736.6201859540897 
S: 170863 739.4939438623518 707.6160308444917 757.5694198676717 768.4496585140762 746.2217692146389 727.939691804836 694.2390911126705 766.5921249297016 766.7119701150244 734.6263619524664 765.2550780545971 726.332098761469 726.7187282102321 734.6657935743998 735.0733892424641 732.0561935370301 654.6958909136702 768.2309929800405 772.6081183858468 736.6201859540897 
H: 170863 250.73202474359533 235.87201028149707 257.86582650386873 260.51502779044256 255.75786956089377 242.81921324390527 238.21842178755688 257.74313261901744 258.5626375653636 246.14360614350605 256.00932769615633 250.81357910917038 243.7089163843439 251.79320124177252 248.45442745197857 251.36697628045468 238.35407800877445 256.0769976600133 257.5360394619488 245.5400619846969 
S: 170863 250.73202474359533 235.87201028149707 257.86582650386873 260.51502779044256 255.75786956089377 242.81921324390527 238.21842178755688 257.74313261901744 258.5626375653636 246.14360614350605 256.00932769615633 250.81357910917038 243.7089163843439 251.79320124177252 248.45442745197857 251.36697628045468 238.35407800877445 256.0769976600133 257.5360394619488 245.5400619846969 
H: 217475 746.307579611083 696.435242775202 698.0101548973148 755.6613365883143 728.3486171445626 732.4596506645363 726.0019759077138 727.9307715754517 751.4927105175932 726.6073742435395 768.7155586670453 719.6535523489824 743.3714531945628 768.3873277788714 747.5580109675004 738.8495503193309 749.1089227657591 754.455989597105 736.3797116921207 730.2923464880135 
S: 217475 746.307579611083 696.435242775202 698.0002925916295 755.6613365883143 728.3486171445626 732.468016480343 726.0019759077138 728.0043378684961 751.4927105175932 726.7074443442377 768.7155586670453 719.6535523489824 743.3714531945628 768.3873277788714 747.5580109675004 738.8495503193309 749.1089227657591 754.455989597105 736.3797116921207 730.2923464880135 
H: 217475 252.04987435374437 238.67235353792012 239.8940727155093 252.1235450457756 242.78287238152114 250.31615068464527 246.28472547093511 244.2895040177379 251.4651800597618 248.02093459258379 257.08516155652086 245.13921752715035 248.1918191439084 256.1291092596237 250.15260897234447 247.31154330268808 249.81421720854257 253.52797866216835 248.66537928000463 244.82704382835243 
S: 217475 252.04987435374437 238.67235353792012 239.8940727155093 252.1235450457756 242.78287238152114 250.31615068464527 246.28472547093511 244.2895040177379 251.4651800597618 248.02093459258379 257.08516155652086 245.13921752715035 248.1918191439084 256.1291092596237 250.15260897234447 247.31154330268808 249.81421720854257 253.52797866216835 248.66537928000463 244.82704382835243 
H: 588271 732.7751146404997 749.734145024709 698.943309469719 769.994437135687 721.0760339968833 695.1889115157626 722.7023651485827 738.5351508368934 756.4699092167573 761.8986549108233 715.9576965076617 744.7327219925281 786.1577646457565 725.9069830647244 758.1512458633213 744.56060193846 714.9530888682261 770.6551335535823 680.3367450023682 743.9436573669145 
S: 588271 732.7751146404997 749.734145024709 698.943309469719 769.994437135687 721.0760339968833 695.1889115157626 722.7023651485827 738.5351508368934 756.5019097170039 761.8986549108233 715.9576965076617 744.7327219925281 786.1577646457565 725.9069830647244 758.1512458633213 744.56060193846 714.9530888682261 770.6551335535823 680.5894431972404 743.9436573669145 
H: 588271 244.54764012833152 249.98479926295258 233.39068515596026 257.14291575029546 243.04756429077423 237.46461225442704 241.6324459770465 256.65381470089056 253.353688753837 253.96621830360803 238.6525655025541 249.70809240784973 262.9928510439139 243.25675183507457 253.00582855506482 250.89510514796837 244.1688236537524 257.6322965289546 241.37819257994815 251.40896798576608 
S: 588271 244.54764012833152 249.98479926295258 233.39068515596026 257.14291575029546 243.04756429077423 237.46461225442704 241.6324459770465 256.65381470089056 253.353688753837 253.96621830360803 238.6525655025541 249.70809240784973 262.9928510439139 243.25675183507457 253.00582855506482 250.89510514796837 244.1688236537524 257.6322965289546 241.37819257994815 251.40896798576608 
H: 731779 791.6779532378488 734.2526066529715 746.6630955938305 711.2007967088592 701.3218615414863 757.5921875212745 748.3918242982967 781.964507477658 718.9785111655544 726.5329841533962 786.1022158149525 754.6611433991037 740.3118152677748 716.6936146104059 759.0034248539949 753.1974094353786 743.1610730530467 709.8444186890299 743.0557228556975 732.9353997899999 
S: 731779 791.6779532378488 734.2526066529715 746.6630955938305 711.2007967088592 701.3218615414863 757.5921875212745 748.3918242982965 782.1148197839661 718.9785111655546 726.5329841533962 786.1022158149525 754.6611433991037 740.3118152677748 716.6936146104059 759.0070716895706 753.1974094353786 743.1610730530467 709.8444186890299 743.0557228556975 733.0387765927895 
H: 731779 265.28880979131964 245.0382241768305 248.88769853127704 237.4851537668236 243.05177085276426 253.36247536735436 249.4639414327655 264.41169934156983 239.74418437473884 242.46247525369094 262.0340719383177 251.5537144663682 248.27733147647265 249.04262139236957 257.4193313925023 255.37972664719607 248.20868063139662 237.3793453529106 248.27035363215452 257.6178452337061 
S: 731779 265.28880979131964 245.0382241768305 248.88769853127704 237.4851537668236 243.05177085276426 253.36247536735436 249.4639414327655 264.41169934156983 239.74418437473884 242.46247525369094 262.0340719383177 251.5537144663682 248.27733147647265 249.04262139236957 257.4193313925023 255.37972664719607 248.20868063139662 237.3793453529106 248.27035363215452 257.6178452337061 
H: 183929 730.2508033467648 747.7999002868388 757.6243781716023 770.5029691344168 729.6063709041853 749.9588757038408 751.0128405622464 707.6181186676896 723.2400843516444 734.3469617855475 758.8069851011151 739.5186111506401 734.1982177439759 752.1882982151124 706.3753465832309 713.287903582558 708.8914061067245 756.1738150770921 778.4007562669569 715.8271613468982 
S: 183929 730.252843567321 747.9744154526724 757.6243781716023 770.5029691344168 729.6063709041853 749.9588757038408 751.0128405622464 707.6181186676896 723.2400843516444 734.5363828093646 758.8069851011151 739.5186111506401 734.1982177439759 752.1882982151124 706.3753465832309 713.287903582558 708.8914061067245 756.1738150770921 778.4007562669569 715.8271613468982 
H: 183929 251.79635633554724 258.25372908848 252.5414593905343 257.3760481758001 245.6856450935304 252.8313467265509 251.48463359657802 238.4754411666411 241.08002811721505 254.77899950198778 253.86831559014192 247.99396386412394 249.49882921564463 256.7175170967859 237.78798528317893 243.69035917825354 236.29713536890853 252.70715382121435 260.06628484118863 240.70275270602775 
S: 183929 251.79635633554724 258.25372908848 252.5414593905343 257.3760481758001 245.6856450935304 252.8313467265509 251.48463359657802 238.4754411666411 241.08002811721505 254.77899950198778 253.86831559014192 247.99396386412394 249.49882921564463 256.7175170967859 237.78798528317893 243.69035917825354 236.29713536890853 252.70715382121435 260.06628484118863 240.70275270602775 
H: 115629 794.3207104607976 705.0206416430727 731.0808851761124 767.974622054518 762.8794395888249 725.4017844531018 697.800305666247 734.4703553743 746.9262784981612 754.4802507256411 724.0918372862476 749.914272559468 724.513393928733 725.7171473712294 743.1536283560409 710.7520028804425 676.3243734541908 745.5194343713922 711.0150421422101 759.6077342444693 
S: 115629 794.3207104607976 705.0206416430727 731.0808851761124 767.974622054518 762.8794395888249 725.4017844531018 697.8133214199461 734.5091998685061 746.9262784981612 754.5923787897647 724.0805553012143 749.914272559468 724.513393928733 725.7171473712294 743.156834055835 710.7520028804425 676.3243734541908 745.5194343713922 711.0150421422101 759.6077342444693 
H: 115629 264.77357015359945 236.8808193269097 245.06361545543427 256.7831722252951 257.15658910926896 242.0077313944408 244.21394016332428 247.32730700176265 249.03390745391394 254.12159488973452 250.4857622402463 249.97142418648957 248.14153183903392 242.97705970081782 253.16942996082588 236.91733429348054 225.44145781806364 248.5064781237975 237.40701738488062 253.20257808149006 
S: 115629 264.77357015359945 236.8808193269097 245.06361545543427 256.7831722252951 257.15658910926896 242.0077313944408 244.21394016332428 247.32730700176265 249.03390745391394 254.12159488973452 250.4857622402463 249.97142418648957 248.14153183903392 242.97705970081782 253.16942996082588 236.91733429348054 225.44145781806364 248.5064781237975 237.40701738488062 253.20257808149006 
H: 943743 773.110096116308 706.685620603231 707.9427005368236 692.0446552140035 755.8611900237188 730.7731870365708 730.6606341885326 748.9142817457314 749.3892493097023 718.0262137883445 729.9106604745655 763.1008315225237 738.4313940478669 700.5503423428819 757.5696060279988 717.3216001759321 723.7456124052578 732.2238859316749 715.5294278326762 707.4586646503275 
S: 943743 773.110096116308 706.685620603231 707.9438093162286 692.0508788514927 755.8611900237188 730.7882169746455 730.6606341885326 748.9142817457314 749.3892493097023 718.0262137883445 729.9106604745655 763.1008315225237 738.4313940478669 700.5512596702301 757.5696060279988 717.3216001759321 723.8228472436055 732.2238859316752 715.5294278326762 707.4586646503275 
H: 943743 257.7033653721028 235.75521337899517 244.78385018962766 237.82199217971439 251.9537300079063 245.86581425455097 246.08978814080612 249.90650108377537 251.3022373714137 246.51868885349435 246.15439987908044 254.55830938775472 248.9715887494406 239.85584988905703 254.67102324366735 243.40489446829042 252.4416783102552 244.76608290673667 241.90684179128644 238.75302832044173 
S: 943743 257.7033653721028 235.75521337899517 244.78385018962766 237.82199217971439 251.9537300079063 245.86581425455097 246.08978814080612 249.90650108377537 251.3022373714137 246.51868885349435 246.15439987908044 254.55830938775472 248.9715887494406 239.85584988905703 254.67102324366735 243.40489446829042 252.4416783102552 244.76608290673667 241.90684179128644 238.75302832044173 
H: 150839 698.5456136945256 761.862463875455 777.1226449520948 744.9424941262911 788.4872092617115 775.7913855488698 728.0816393861904 744.6514470583653 765.0891807496785 696.3325785084579 792.401461635563 734.5298297272915 732.770462099267 737.5889978768457 699.2825842500414 743.6937701045558 765.4463983289612 733.1608735332227 775.5502841038281 748.969951493083 
S: 150839 698.7008400819606 761.862463875455 777.1226449520948 744.9424941262911 788.4872092617115 775.7913855488698 728.0816393861904 744.6514470583653 765.0891807496785 696.3325785084579 792.401461635563 734.5298297272915 732.770462099267 737.5889978768457 699.2825842500414 743.6937701045558 765.4463983289612 733.1608735332227 775.5502841038281 748.969951493083 
H: 150839 244.43832459031623 258.1507452170751 259.04088165069857 248.31416470876357 262.81941967560016 264.37863268418073 243.54013933917065 248.88120311461603 255.7447809160878 234.91491090588366 264.749131762908 254.0216290457948 244.2568206997559 245.86299929228196 245.75358450859076 252.66253014128367 256.9176737437827 246.755502255643 258.70329149198153 250.0352467864014 
S: 150839 244.43832459031623 258.1507452170751 259.04088165069857 248.31416470876357 262.81941967560016 264.37863268418073 243.54013933917065 248.88120311461603 255.7447809160878 234.91491090588366 264.749131762908 254.0216290457948 244.2568206997559 245.86299929228196 245.75358450859076 252.66253014128367 256.9176737437827 246.755502255643 258.70329149198153 250.0352467864014 
H: 693241 765.1867537468081 727.3303465429163 716.9941954232 737.4838242614395 758.7648756780601 740.7502983062611 747.5799833182978 753.6627628141895 748.6668979350331 756.7291647295278 769.4605616747947 734.7464666746181 722.4717202345641 724.3205822401894 755.0303273005991 703.5651052870778 781.8335112845077 653.6199946466598 757.7862972103031 768.9802372626751 
S: 693241 765.1867537468081 727.3303465429163 716.9941954232 737.4838242614395 758.7648756780601 740.7502983062611 747.5799833182978 753.6627628141895 748.6668979350331 756.7291647295278 769.4605616747947 734.7464666746185 722.4717202345641 724.3205822401894 755.0303273005991 703.562311770732 781.8335112845077 654.0349319050569 757.7862972103031 768.9802372626751 
H: 693241 255.06225124893618 250.85120606419179 238.99806514106675 246.11852388056838 255.3947015214171 247.39469774067197 249.31695994020697 254.53775345655487 249.82070784704345 252.24305490984264 256.48685389159857 244.91548889153952 240.82390674485487 241.76551770909947 252.32726986227266 253.06045745645514 260.6865708875323 236.38744660358557 258.4639791224367 257.7863605473503 
S: 693241 255.06225124893618 250.85120606419179 238.99806514106675 246.11852388056838 255.3947015214171 247.39469774067197 249.31695994020697 254.53775345655487 249.82070784704345 252.24305490984264 256.48685389159857 244.91548889153952 240.82390674485487 241.76551770909947 252.32726986227266 253.06045745645514 260.6865708875323 236.38744660358557 258.4639791224367 257.7863605473503 
H: 243272 729.8715446108491 717.9302627634754 741.0750259420118 717.3306601573834 737.2899108909153 746.4805532028137 685.3079603007841 751.6366317610953 748.2974219699024 754.5249349368394 758.1665999414301 726.4634192560027 703.8869176972942 756.183015408016 764.8326918774478 775.747247843393 771.8528977858848 709.3870125544308 739.4112593029221 748.7922360307513 
S: 243272 729.8715446108491 717.9302627634754 741.0750259420118 717.3306601573834 737.2899108909153 746.4805532028137 685.3596864367478 751.6366317610953 748.2974219699024 754.5249349368394 758.16659994143 726.4634192560027 703.8869176972942 756.183015408016 764.832691877448 775.747247843393 771.8528977858848 709.3870125544308 739.4112593029221 748.7922360307513 
H: 243272 243.60766031426354 239.84739983358486 247.13976614674723 239.11022005246127 245.76330363030507 249.18910686605244 241.59266361338683 255.5899659369317 249.43247398996772 252.82336286500484 253.82183848254886 244.76249386198725 245.1481494074534 254.24158013796642 255.01179898351813 258.5824159477979 257.74260720485415 236.46233751814376 249.8360446172018 250.44563431327842 
S: 243272 243.60766031426354 239.84739983358486 247.13976614674723 239.11022005246127 245.76330363030507 249.18910686605244 241.59266361338683 255.5899659369317 249.43247398996772 252.82336286500484 253.82183848254886 244.76249386198725 245.1481494074534 254.24158013796642 255.01179898351813 258.5824159477979 257.74260720485415 236.46233751814376 249.8360446172018 250.44563431327842 
H: 844092 738.5867861820119 734.8330603813857 780.3496538306562 735.9936487755502 751.4700031483177 736.13317302293 721.2886814764038 728.887877221104 730.4890716042299 756.0446376868247 719.7225786399404 681.8517030826919 739.2986837228456 737.6351149837469 707.3989738603227 765.2445389719987 758.0622934914177 777.1486200106373 744.2282686242568 701.6908749145738 
S: 844092 738.5867861820119 734.8555562739334 780.3496538306562 736.0220663042708 751.4700031483177 736.13317302293 721.2886814764038 728.887877221104 730.4890716042299 756.0554064874038 719.7225786399404 681.9327448631698 739.2986837228456 737.6351149837469 707.3989738603227 765.2445389719987 758.0622934914177 777.1486200106373 744.2282686242568 701.6908749145738 
H: 844092 248.4505273699583 254.24669140349215 263.81395705785235 248.96473382664456 251.17052709044196 250.96742731885104 240.4295604921347 245.2812479795811 244.63241716467726 265.18859243260636 242.33949457286204 245.2035784771723 247.96991473611337 246.34300025310807 236.5055260478358 255.08151299066623 255.3650483381761 259.04954000354564 248.07608954141904 233.8969583048578 
S: 844092 248.4505273699583 254.2466914034921 263.81395705785235 248.96473382664456 251.17052709044196 250.96742731885104 240.4295604921347 245.2812479795811 244.63241716467726 265.18859243260636 242.33949457286204 245.2035784771723 247.96991473611337 246.34300025310807 236.5055260478358 255.08151299066623 255.3650483381761 259.04954000354564 248.07608954141904 233.8969583048578 
H: 875902 768.9680184085341 661.1873622350853 745.2506631153326 783.4638543120204 764.872893609444 763.8158705522477 716.0728937835372 719.0516738532928 749.9763044762038 752.986096858949 734.0423744497409 712.7156006023994 760.87427116767 716.6898283011122 762.0384666096875 744.8117795804529 740.5267070447642 762.8722404199448 738.8976549965023 747.8497307251091 
S: 875902 768.9680184085341 661.1873622350853 745.2676925306968 783.4638543120204 764.872893609444 763.8158705522477 716.0728937835372 719.0516738532928 749.9763044762038 752.986096858949 734.0423744497409 712.7156006023994 760.87427116767 716.6898283011122 762.0384666096875 744.8117795804529 740.5267070447642 762.8722404199448 738.8976549965023 747.8497307251091 
H: 875902 258.7240093666 228.40546222452738 249.4009852103762 262.8672432991159 255.26430499416287 254.60529018408292 238.69096459451328 241.73669084022748 249.9921014920682 253.10991352924142 245.07650150553607 239.2152948018117 254.74466713898192 240.46258189575906 256.7048988724632 250.4098411282171 246.8422356815879 254.29074680664834 256.450034698715 250.73423432779484 
S: 875902 258.7240093666 228.40546222452738 249.4009852103762 262.8672432991159 255.26430499416287 254.60529018408292 238.69096459451328 241.73669084022748 249.9921014920682 253.10991352924142 245.07650150553607 239.2152948018117 254.74466713898192 240.46258189575906 256.7048988724632 250.4098411282171 246.8422356815879 254.29074680664834 256.450034698715 250.73423432779484 
H: 503507 720.8211258515911 754.93577091628 711.8930821930476 753.9156742132438 767.1945864147742 693.2423296021599 732.3048438177199 738.5037382994682 699.0953364581292 728.0637227310435 717.5167768331692 735.6424947342986 705.2472946944133 761.1755842434535 755.2594320587563 772.3890594818472 765.6147956271708 737.2622620115759 727.9628633604477 749.1022071730507 
S: 503507 720.8211258515911 754.93577091628 711.8930821930476 753.9156742132438 767.1945864147742 693.2423296021599 732.3048438177199 738.5037382994682 699.0953364581292 728.0637227310435 717.4812612826191 735.6424947342986 705.2715373516359 761.1755842434535 755.2594320587563 772.3890594818472 765.6147956271708 737.2622620115759 728.0685444101689 749.1022071730507 
H: 503507 241.07163597345402 251.7054207759079 239.17020764418822 251.30522473774792 255.7315288049246 235.96547339757697 245.73836495749484 255.927884645727 235.30483117154643 244.8229291439261 260.0027855305442 245.33724838309 247.0207010467929 253.7251947478178 251.75314401958548 258.1083004509422 257.29664222063013 248.56876995216984 253.75446429094777 251.0188913732113 
S: 503507 241.07163597345402 251.7054207759079 239.17020764418822 251.30522473774792 255.7315288049246 235.96547339757697 245.73836495749484 255.927884645727 235.30483117154643 244.8229291439261 260.0027855305442 245.33724838309 247.02070104679282 253.7251947478178 251.75314401958548 258.1083004509422 257.29664222063013 248.56876995216984 253.75446429094777 251.0188913732113 
H: 772426 711.2184031702567 717.4996332342067 687.8214894728962 765.893310113052 719.4388749688807 788.3537916581694 749.693634551343 731.8706144880825 749.9178456893834 771.7584478671341 749.0610578791334 740.6032632871007 657.6229541559892 768.108945525164 719.9234417841957 713.6064169012175 753.6839798037411 733.0049962478325 750.9910732817362 719.532808566103 
S: 772426 711.2184031702567 717.5172102204646 687.8214894728962 765.893310113052 719.4388749688807 788.3537916581694 749.693634551343 731.8706144880825 749.9209387778898 771.7584478671341 749.0610578791334 740.6032632871007 657.6808838417525 768.108945525164 719.9234417841957 713.6381281978064 753.6839798037411 733.0049962478325 751.0933658660689 719.532808566103 
H: 772426 238.11250740629322 250.49273202261352 245.48828852375294 258.4723424118411 244.90597107240418 262.78459721939 250.08792361849973 246.09471333353665 253.22195528370239 257.25281595571164 251.1358496334442 250.8988094865701 240.32573308138433 257.0374536684559 239.97448059473166 244.21842874921907 257.30606682546824 248.99857158567076 253.20575874572913 240.35928231587434 
S: 772426 238.11250740629322 250.49273202261352 245.48828852375294 258.4723424118411 244.90597107240418 262.78459721939 250.08792361849973 246.09471333353665 253.22195528370239 257.25281595571164 251.1358496334442 250.8988094865701 240.32573308138433 257.0374536684559 239.97448059473166 244.21842874921907 257.30606682546824 248.99857158567076 253.20575874572913 240.35928231587434 
H: 647293 700.9528833911609 766.9009107143532 731.9937568521282 769.2952374762239 756.4745737409299 713.6122158443671 711.2067207749056 728.2397183075966 746.4368502524719 753.9937780516233 763.6426821744166 732.8222422842997 768.7444738593916 744.8586990286028 775.5205581788484 729.2870212801533 735.5418070129516 714.368010935781 747.1443577830939 739.8749537391857 
S: 647293 700.9528833911609 766.9009107143532 731.9937568521282 769.335113793751 756.4745737409299 713.6122158443671 711.2067207749056 728.2630291810958 746.4368502524719 753.9937780516233 763.6426821744166 732.8222422842997 768.7444738593916 744.8586990286028 775.5205581788484 729.2870212801533 735.5907653654297 714.368010935781 747.1443577830939 739.8749537391857 
H: 647293 251.72479788660215 257.35217109459 245.16397090708185 264.5072369605017 252.56911006565633 243.3872911557491 237.0689069249687 242.8132206496445 250.39595637618382 252.30611299984398 255.20105579851287 245.304188209566 258.09435389467205 250.03161291852643 259.93954108732555 245.08760583490525 256.22430203797904 239.71686577387814 251.19591084560787 249.38145807462192 
S: 647293 251.72479788660215 257.35217109459 245.16397090708185 264.5072369605017 252.56911006565633 243.3872911557491 237.0689069249687 242.8132206496445 250.39595637618382 252.30611299984398 255.20105579851287 245.304188209566 258.09435389467205 250.03161291852643 259.93954108732555 245.08760583490525 256.22430203797904 239.71686577387814 251.19591084560787 249.38145807462192 
H: 499219 775.7930588681365 771.5838709150473 733.8990958293048 747.4770629358669 747.937382551724 742.0118907136086 736.5597938597871 778.1654148918371 742.9863905943845 702.6815290582183 750.4314987884518 740.5732073055748 770.8666513421496 777.6179683196286 778.1127838583936 703.9449253818694 732.1610741188558 696.6279986407184 708.2473947647561 689.7716524397075 
S: 499219 775.7930588681365 771.5838709150473 733.8990958293048 747.4770629358669 747.937382551724 742.0118907136086 736.5597938597871 778.1654148918371 743.0812330249571 702.6815290582183 750.4314987884518 740.5732073055748 770.8666513421496 777.6179683196286 778.1127838583936 703.9449253818694 732.1610741188558 696.6279986407184 708.2473947647561 689.7716524397075 
H: 499219 262.44082381709194 257.1946236383493 245.88412652030894 249.15902097862235 249.3124608505751 247.94139240522625 245.60169324447062 259.3884716306126 258.0679984492466 246.30958291929326 263.0500749526228 246.85773576852506 258.0171816534713 259.20598943987613 260.31407436222906 234.97769031124704 244.05369137295204 238.00193957844138 237.39031898287374 232.45652881184273 
S: 499219 262.44082381709194 257.1946236383493 245.88412652030894 249.15902097862235 249.3124608505751 247.94139240522625 245.60169324447062 259.3884716306126 258.0679984492466 246.30958291929326 263.0500749526228 246.85773576852506 258.0171816534713 259.20598943987613 260.31407436222906 234.97769031124704 244.05369137295204 238.00193957844138 237.39031898287374 232.45652881184273 
H: 936147 724.0027451144102 717.6641074212846 778.7961498182806 784.9527825770917 727.2718172892966 756.9048637545127 731.6567184372965 725.3404838193956 739.9526291074673 783.4734665772787 705.4227028538202 733.7533302175866 698.1554952818321 756.4839702695909 701.0249276728015 708.337863205413 730.7061750246407 726.099990156488 763.3763262664002 743.4829245523749 
S: 936147 724.0027451144102 717.6641074212846 778.7961498182806 784.9527825770917 727.2718172892966 756.9048637545127 731.6567184372965 725.3404838193956 739.9526291074673 783.4734665772787 705.426871980034 733.7533302175866 698.1554952818321 756.4839702695909 701.0249276728015 708.337863205413 730.7061750246407 726.1524863652224 763.3763262664002 743.4829245523749 
H: 936147 243.46425069164795 239.30511721516285 261.8665135553223 262.5624048941535 243.12022192019316 252.94372004450523 251.60793432480833 241.93910214358976 247.48710938295795 261.28154067225455 248.42091903024874 247.5130791924662 241.83172183917324 253.35905381764806 233.6749758909342 237.71759682273512 244.5890130806031 252.3189016212951 255.1490573960369 249.26823450459418 
S: 936147 243.46425069164795 239.30511721516285 261.8665135553223 262.5624048941535 243.12022192019316 252.94372004450523 251.60793432480833 241.93910214358976 247.48710938295795 261.28154067225455 248.42091903024874 247.5130791924662 241.83172183917324 253.35905381764806 233.6749758909342 237.71759682273512 244.5890130806031 252.3189016212951 255.1490573960369 249.26823450459418 
H: 476754 740.824440634018 719.9723577877193 705.654201182145 724.5393495135055 754.9734753524355 776.3788039320324 716.0764514431133 774.2774823187642 750.2470215764569 742.2000321043688 742.7507782648365 706.3396939033314 758.5304804028799 727.1248548821567 731.6054387885164 710.2604243522933 753.8626482223201 726.970347874166 720.9539935968677 782.6026381197764 
S: 476754 740.824440634018 719.9723577877193 705.759632457707 724.5393495135055 754.9734753524355 776.4621002221073 716.0824359224922 774.2774823187642 750.2470215764569 742.2000321043688 742.8449651700255 706.3396939033314 758.5304804028799 727.1248548821567 731.6054387885164 710.2604243522933 753.8626482223201 726.970347874166 720.9539935968677 782.6026381197764 
H: 476754 247.42186147391726 246.89273830275576 253.80259145108522 243.56163298687846 251.95606349222317 264.8485673707971 248.72349828891456 258.29564658836813 255.29217327396879 248.01461724891368 253.85702849684563 235.44656463444417 254.36270507260053 243.29177182862173 244.42882993506007 236.75347478409768 251.77476512630537 242.32344929138878 246.54027551905293 260.8675460399255 
S: 476754 247.42186147391726 246.89273830275576 253.80259145108522 243.56163298687846 251.95606349222317 264.84856737079696 248.72349828891456 258.29564658836813 255.29217327396879 248.01461724891368 253.85702849684563 235.44656463444417 254.36270507260053 243.29177182862173 244.42882993506007 236.75347478409768 251.77476512630537 242.32344929138878 246.54027551905293 260.8675460399255 
H: 962077 741.5978260849073 738.2683485166364 735.5775924760787 729.0194445156011 729.2382048265414 713.9392737415847 722.4859781501743 729.8199723469106 722.124621369878 757.8228799964894 741.7897213622841 741.5468841042568 721.6370544317435 749.6889300675257 687.1902880357625 746.5748528904147 741.8356917559672 742.8374469907048 697.6085913519311 721.6549966644735 
S: 962077 741.5978260849073 738.2683485166364 735.5775924760787 729.0194445156011 729.2382048265414 713.9392737415847 722.4859781501743 729.8199723469106 722.124621369878 757.8228799964894 741.7897213622841 741.5468841042568 721.6370544317435 749.6889300675257 687.1902880357625 746.5748528904147 741.8356917559672 742.8374469907048 697.6085913519311 721.6549966644735 
H: 962077 248.3051200226984 246.46919203841597 245.19253082535954 243.06851024512738 245.2479890374978 241.6152790943304 249.6684109316022 243.273324115637 240.70820712329308 253.30995414121455 247.95693151703455 247.18229470141895 240.84330195236896 250.71112204389007 232.86622989713604 251.23387092615536 247.27856391865575 250.16597870727185 238.22658905204966 243.22572627625985 
S: 962077 248.3051200226984 246.46919203841597 245.19253082535954 243.06851024512738 245.2479890374978 241.6152790943304 249.6684109316022 243.273324115637 240.70820712329308 253.30995414121455 247.95693151703455 247.18229470141895 240.84330195236896 250.71112204389007 232.86622989713604 251.23387092615536 247.27856391865575 250.16597870727185 238.22658905204966 243.22572627625985 
H: 242757 727.9213697623798 768.7189581323178 742.4900077086022 762.9004270261714 741.9076609726667 739.9472133059247 751.5963858213197 740.8487443198326 759.9891077667011 725.9284137227887 762.586760977839 739.6138962739855 719.2622772169027 739.0605712978008 753.4654298641929 749.5717105765915 713.1169041611028 673.2160560950903 729.2709508291734 747.0316626572892 
S: 242757 727.9213697623798 768.7189581323178 742.504903701773 762.9004270261714 741.9076609726667 739.9472133059247 751.5963858213197 740.8487443198326 759.9891077667011 725.9284137227887 762.586760977839 739.6138962739855 719.2622772169027 739.0605712978008 753.4654298641929 749.5717105765915 713.1169041611028 673.4202625247278 729.2709508291734 747.0316626572892 
H: 242757 242.64045658745977 256.23965271077253 248.3400613119301 254.8445220906245 251.23706726130166 249.78735947795195 250.73975081979134 249.55329575316952 254.54479449174113 242.8937214432341 254.82132627449786 247.2627204863709 241.8776944826633 247.0972003030389 251.4235370565821 251.58981784855388 239.08472107186887 234.65490880363276 246.08866641712675 250.1139648048206 
S: 242757 242.64045658745977 256.23965271077253 248.3400613119301 254.8445220906245 251.23706726130166 249.78735947795195 250.73975081979134 249.55329575316952 254.54479449174113 242.8937214432341 254.82132627449786 247.2627204863709 241.8776944826633 247.0972003030389 251.4235370565821 251.58981784855388 239.08472107186887 234.65490880363276 246.08866641712675 250.1139648048206 
H: 752923 749.8598928883522 743.0688643710066 719.7703249328606 790.0506153947792 707.9043749921126 680.6042286867442 712.9919512830282 719.076248125174 789.6205536171997 664.1017520790875 753.9680812628168 738.5856640343503 745.3064110462551 743.1402831201368 709.9084634465125 722.2198413404826 756.770969311973 740.8856553832104 740.3629302545472 774.0826741353958 
S: 752923 749.8598928883522 743.0688643710066 719.7703249328606 790.0506153947792 707.9043749921126 680.6042286867442 712.9919512830282 719.076248125174 789.6205536171997 661.7572300844166 753.9680812628168 738.5856640343503 745.3064110462551 743.1402831201368 709.986887415872 722.2198413404826 756.825641190156 740.8856553832104 740.3629302545472 774.0826741353958 
H: 752923 252.9445966420442 247.7276468641232 246.07558864618855 269.40773741769317 237.2049116468688 242.8383829805686 237.66684701366833 244.32117935861086 263.23951663328074 237.54670073841206 254.22897127307527 246.19522134478333 248.4354703487519 248.4575239221987 245.09392365604558 241.7183230423415 258.8338856586665 247.8029957207566 251.02187077484203 258.0275580451323 
S: 752923 252.9445966420442 247.7276468641232 246.07558864618855 269.40773741769317 237.2049116468688 242.8383829805686 237.66684701366833 244.32117935861086 263.23951663328074 237.63692219770815 254.22897127307527 246.19522134478333 248.4354703487519 248.4575239221987 245.09392365604558 241.7183230423415 258.8338856586665 247.8029957207566 251.02187077484203 258.0275580451323 
H: 515719 711.4807765177129 710.1316794654997 710.672534667798 765.2377523428421 756.0535505383655 701.5772587743206 773.542844828642 742.202955048824 738.9202031257277 729.0371810720533 699.1387713447235 758.7109454963467 729.5496177819954 780.7111705592686 777.1792159854762 729.2161343504275 733.9662843005367 725.1836320642677 753.8536971226604 712.6128485180966 
S: 515719 711.4894955574421 710.1316794654997 710.6987587977977 765.2377523428421 756.0535505383655 701.6552876819792 773.542844828642 742.202955048824 738.9202031257277 729.0371810720533 699.1387713447235 758.7109454963467 729.5496177819954 780.7111705592686 777.1792159854762 729.2344973715196 733.9662843005367 725.1836320642677 753.8536971226604 712.6128485180966 
H: 515719 248.44703864053162 236.71055982183327 241.4927439066849 255.36332910109724 253.65645585049953 249.3009912034154 257.9087340784473 247.73964810556217 246.3067343752423 246.381868560146 244.3446713160126 253.9769086378782 250.77982132048948 260.2370568530898 260.6905185663409 248.56733461048066 244.65542810017917 243.3478042419421 251.28456570755338 239.49147561972552 
S: 515719 248.44703864053162 236.71055982183327 241.4927439066849 255.36332910109724 253.65645585049953 249.3009912034154 257.9087340784473 247.73964810556217 246.3067343752423 246.381868560146 244.3446713160126 253.9769086378782 250.77982132048948 260.2370568530898 260.6905185663409 248.56733461048066 244.65542810017917 243.3478042419421 251.28456570755338 239.49147561972552 
H: 180246 758.5694106010403 752.6994201460641 754.2182915019705 733.4348507414287 714.3738373362905 731.9007660533995 722.4206210053696 725.6182489361729 726.2712542352641 784.125372166778 764.8925272737547 731.5435500497701 734.7022650572628 727.7024211228634 711.6187619082599 751.8786413890592 781.8909637415004 755.8326944327151 763.8182324725619 757.0738021548204 
S: 180246 758.5694106010403 752.6994201460641 754.2182915019705 733.4348507414287 714.4361867772307 731.9007660533995 722.4206210053696 725.6182489361729 726.2712542352641 784.125372166778 764.8822824174332 731.5435500497701 734.7022650572628 727.7024211228634 711.6805681558683 751.8786413890592 781.8909637415004 755.8326944327151 763.8182324725619 757.0738021548204 
H: 180246 255.40857055115234 253.1554072080328 251.40609716732342 248.2441738432869 248.31237485525637 244.64936359158028 240.82989463364126 241.8727496453906 246.87448443827455 261.37512405559266 261.239713060326 254.27340349824595 247.10323466980515 244.5358621000519 243.58322388780635 250.6262137963531 261.0998362682746 253.80361778714115 255.3625067504295 253.30296139097598 
S: 180246 255.40857055115234 253.1554072080328 251.40609716732342 248.2441738432869 248.31237485525637 244.64936359158028 240.82989463364126 241.8727496453906 246.87448443827455 261.37512405559266 261.239713060326 254.27340349824595 247.10323466980515 244.5358621000519 243.58322388780635 250.6262137963531 261.0998362682746 253.80361778714115 255.3625067504295 253.30296139097598 
H: 973879 725.3020096973754 788.4368545355728 750.2718224359427 760.2152727560826 741.1438339948104 699.9648095791451 728.3377371470785 707.3865184878564 729.8043200586521 736.3574385238633 746.8009153692404 736.3054833005111 739.2968812847041 758.5080990582723 770.8991418358997 788.6291743395083 728.0848741277973 701.7230915141804 727.2460514677041 731.2518078111594 
S: 973879 725.4821685743786 788.4368545355728 750.2563535557753 760.2152727560826 741.1438339948104 700.0194285933311 728.3377371470785 707.5466609337766 729.8043200586521 736.3676462007082 746.8009153692404 736.3054833005111 739.2968812847041 758.5080990582723 770.8991418358997 788.6291743395083 728.0848741277973 701.7230915141804 727.2460514677041 731.2518078111594 
H: 973879 254.0316632431846 266.56377716991165 253.06004488019008 254.90504444763175 247.89907999791365 245.17048212313415 245.93103862032257 250.33382052586109 243.26810668621766 251.5783012825393 248.93363845641323 246.1497717092008 246.4737776563121 253.05481516698606 256.96638061196654 262.87639144650296 243.847236381329 235.79688558950588 242.41535048923478 244.5141548096386 
S: 973879 254.0316632431846 266.56377716991165 253.06004488019008 254.90504444763175 247.89907999791365 245.17048212313415 245.93103862032257 250.33382052586109 243.26810668621766 251.5783012825393 248.93363845641323 246.1497717092008 246.4737776563121 253.05481516698606 256.96638061196654 262.87639144650296 243.847236381329 235.79688558950588 242.41535048923478 244.5141548096386 
H: 806301 709.3844303059097 735.9127963790933 755.4809992651385 721.3384689589042 735.1280044228546 735.1807764003687 743.1947885381143 770.4104805029688 706.9545034484729 698.1860991825463 707.2818288726937 732.430903264063 722.1665224267393 755.8121504579029 716.1609274852428 760.2492010278922 725.7045543223328 726.8723183039982 745.9290990341984 768.6099906614494 
S: 806301 709.3844303059097 735.9127963790933 755.4809992651385 721.3384689589042 735.1280044228546 735.1807764003687 743.1947885381143 770.4104805029688 706.9545034484729 698.3196103938958 707.3550056824005 732.430903264063 722.1665224267393 755.8121504579029 716.1609274852428 760.2492010278922 725.7045543223328 726.8723183039982 745.9290990341984 768.6099906614494 
H: 806301 245.18572454160616 245.30426545969817 252.14388338071365 245.35350046898398 245.04266814095143 245.06025880012234 250.58086814976258 257.65278075375636 236.42731897986602 246.35545160898917 242.6830950462228 244.7022677068457 241.36569734191679 252.3347058144023 240.95945678350424 253.96153740188566 243.0573959944578 251.40857804342946 248.70323632046612 256.20333022048334 
S: 806301 245.18572454160616 245.30426545969817 252.14388338071365 245.35350046898398 245.04266814095143 245.06025880012234 250.58086814976258 257.65278075375636 236.42731897986602 246.35545160898917 242.6830950462228 244.7022677068457 241.36569734191679 252.3347058144023 240.95945678350424 253.96153740188566 243.0573959944578 251.40857804342946 248.70323632046612 256.20333022048334 
H: 284149 730.9734762306638 757.1240691739545 707.7816663439118 746.7794484577363 694.9628394541767 754.6752569713616 719.8710311268031 754.0712314434908 739.1668396337084 772.9243549242414 739.9452475159693 752.463450516601 736.6741590718855 762.9866542037827 720.2731529369665 732.1125747753077 743.3179435664968 708.83005561524 725.812170666799 717.8969560722231 
S: 284149 730.9734762306638 757.1240691739545 707.7816663439118 746.7794484577363 694.9628394541767 754.6752569713616 719.8710311268031 754.0712314434908 739.1668396337084 772.9609365710829 739.9452475159693 752.463450516601 736.6741590718855 762.9866542037827 720.2731529369665 732.1125747753077 743.3179435664968 708.83005561524 725.812170666799 717.8969560722231 
H: 284149 243.65782541022168 252.3746897246516 240.70192670723912 250.42555060218095 234.50016474279195 251.62701177116486 242.78847546223975 252.90334536672572 246.3889465445693 257.89225668635106 246.64841583865635 263.0435524020887 248.9661582284253 257.2329998590777 240.09105097898873 244.21384165170247 257.11963571012734 236.53321259308254 244.41790743554316 242.5903133975098 
S: 284149 243.65782541022168 252.3746897246516 240.70192670723912 250.42555060218095 234.50016474279195 251.62701177116486 242.78847546223975 252.90334536672572 246.3889465445693 257.89225668635106 246.64841583865635 263.0435524020887 248.9661582284253 257.2329998590777 240.09105097898873 244.21384165170247 257.11963571012734 236.53321259308254 244.41790743554316 242.5903133975098 
H: 11494 773.1353825068587 756.6851805156051 751.9261570861023 736.929376825054 734.0976033852313 766.0403523196235 773.4057931976876 734.6354560915634 727.0665916244801 762.863267581619 740.5470011889485 715.3087903821677 786.9122602603054 748.5753510105328 725.2831029702063 719.7802786556799 718.4790179701802 745.1229542271698 716.6535980071908 761.33860765574 
S: 11494 773.1145065955858 756.6851805156051 751.9261570861023 736.929376825054 734.0976033852313 766.0403523196235 773.4057931976874 734.6354560915634 727.0665916244801 762.863267581619 740.5514058399805 715.3087903821677 786.9122602603054 748.5753510105328 725.2831029702063 719.7802786556799 718.4790179701802 745.1229542271698 716.6535980071908 761.33860765574 
H: 11494 262.4166075184472 253.06620820794174 250.6420523620339 245.6431256083513 245.0360768391228 258.8328312848136 257.990926302169 248.85582268405807 246.11032036275972 259.1176319595713 254.51378033330772 242.33711938366648 262.3040867534348 250.77574234620326 248.94873565630556 255.50931512169993 245.98318685113082 249.4433040744237 238.88453266906382 253.7795358852466 
S: 11494 262.4166075184472 253.06620820794174 250.6420523620339 245.6431256083513 245.0360768391228 258.8328312848136 257.990926302169 248.85582268405807 246.11032036275972 259.1176319595713 254.51378033330772 242.33711938366648 262.3040867534348 250.77574234620326 248.94873565630556 255.50931512169993 245.98318685113082 249.4433040744237 238.88453266906382 253.7795358852466 
H: 48222 745.4516135285746 773.2889579184408 727.7706640358364 741.8956439719875 765.8020997393888 746.1791989680986 784.5288723934113 749.4099164288762 739.6334149086636 790.3917540259275 756.6518805903231 789.4189771499069 782.7258781621654 748.083557673892 788.1789455935806 741.4215250244167 751.8341267298835 758.9850761571129 742.5722610419347 735.1042690984095 
S: 48222 745.4516135285746 773.2889579184408 727.7706640358364 741.8956439719875 765.8020997393888 746.1791989680986 784.5288723934113 749.4099164288762 739.6334149086636 790.3917540259275 756.6518805903231 789.4189771499069 782.7258781621654 748.083557673892 788.1789455935806 741.4215250244167 751.8341267298835 759.0707485381041 742.5722610419347 735.1646047821691 
H: 48222 254.34384371215174 259.69352973749835 244.6017899798559 249.39592776789652 255.26736657979632 251.51545274753323 262.0886249589829 255.8900191297377 247.97287654286882 263.75908630442984 253.06216748840436 263.13965904996877 261.0225011756343 249.86216672378825 262.7263151978601 248.12437029949172 252.0659548443232 265.03369642580617 247.52408701397806 246.70018434117299 
S: 48222 254.34384371215174 259.69352973749835 244.6017899798559 249.39592776789652 255.26736657979632 251.51545274753323 262.0886249589829 255.8900191297377 247.97287654286882 263.75908630442984 253.06216748840436 263.13965904996877 261.0225011756343 249.86216672378825 262.7263151978601 248.12437029949172 252.0659548443232 265.03369642580617 247.52408701397806 246.70018434117299 
H: 406399 720.7609150281863 722.7180045498452 753.7310177387686 733.6929140556472 708.5948603237701 717.6066169313762 747.4968482950081 722.9508379583455 708.6814864815273 725.136464411193 704.4141763332946 665.0836143168724 721.9102492747666 743.7332694867512 752.8513759101884 693.7568033239794 725.2863129761572 750.4113900824312 749.5031551284369 690.9267882334542 
S: 406399 720.7609150281863 722.7180045498452 753.7310177387686 733.6929140556472 708.5948603237701 717.6066169313762 747.4968482950081 722.9508379583455 708.6814864815273 725.1364644111933 704.4141763332946 665.4820124918562 721.9102492747666 743.7332694867512 752.8513759101884 693.7568033239794 725.5704817025261 750.4113900824312 749.5262202408379 690.9493978120519 
H: 406399 242.42349583031222 243.92247438322818 260.32020170345254 247.50465167361617 238.32747922698724 245.74054743649512 249.1656160983361 242.5566214044748 236.6411299901215 241.71215480373115 237.34580742106618 240.80956314202996 243.74164087651428 248.21723549261085 254.79987320909112 231.39511543940924 255.7899351941058 253.1220614086984 253.32915758052778 243.81887725729885 
S: 406399 242.42349583031222 243.92247438322818 260.32020170345254 247.50465167361617 238.32747922698724 245.74054743649512 249.1656160983361 242.5566214044748 236.6411299901215 241.71215480373115 237.34580742106618 240.80956314202996 243.74164087651428 248.21723549261085 254.79987320909112 231.39511543940924 255.7899351941058 253.1220614086984 253.32915758052778 243.81887725729885 
H: 623068 1444.6971568971994 1478.329367948548 1552.6175026517892 1475.8192117484884 1486.9342195875915 1499.3222389409211 1514.4405333793031 1529.5691395155372 1471.4449610914578 1544.0003787204125 1505.3071169232444 1462.7508677539445 1480.8481266076094 1428.093390408154 1477.9750442562695 1523.6068953439876 1444.7080344695903 1501.3650468163376 1514.372598968089 1474.7422059212286 
S: 623068 1444.6971568971994 1478.347290539597 1552.6175026517892 1475.8192117484884 1486.9342195875915 1499.3222389409211 1514.4405333793031 1529.5691395155372 1471.5008381849432 1544.0003787204125 1505.3071169232444 1462.7508677539445 1480.8481266076094 1428.590338873601 1477.9750442562695 1523.6068953439876 1444.7080344695903 1501.3650468163376 1514.372598968089 1474.7422059212286 
H: 623068 491.36461343046005 505.9244451374799 517.5391675505971 492.4772424219358 496.293298865436 500.9234193304831 509.20419275611346 512.6843346526459 502.6780368743212 517.8498055746285 502.46823460945524 492.94692633189425 494.6690044721097 509.76248794241786 497.4378433689833 509.8889826870428 490.6157503276991 501.14285546744037 510.1649469356334 499.14643799445946 
S: 623068 491.36461343046005 505.9244451374799 517.5391675505971 492.4772424219358 496.293298865436 500.9234193304831 509.20419275611346 512.6843346526459 502.6780368743212 517.8498055746285 502.46823460945524 492.94692633189425 494.6690044721097 509.76248794241786 497.4378433689833 509.8889826870428 490.6157503276991 501.14285546744037 510.1649469356334 499.14643799445946 
H: 327402 1506.0843712650008 1422.5346064339965 1541.7758301822507 1474.666977872126 1490.9310490554155 1485.7068852561447 1506.9207421553758 1459.4792981604955 1519.0963204509962 1449.3543466159408 1405.4526325645297 1407.6271463889132 1457.3842945098788 1537.3354871609868 1452.3680636353974 1541.8936683760962 1542.475661927919 1392.7485789013776 1463.3275422592608 1495.0716810424867 
S: 327402 1506.0843712650008 1422.5346064339965 1541.7890779650184 1474.693039848719 1490.9310490554155 1485.7068852561447 1506.9207421553758 1459.4792981604955 1519.0963204509962 1449.3543466159408 1405.4532971657459 1407.6712636358993 1457.3842945098788 1537.3354871609868 1452.3680636353974 1541.8936683760962 1542.475661927919 1392.7604711122322 1463.3275422592608 1495.0716810424867 
H: 327402 502.2345524130524 497.6092881078141 522.2596613965333 509.6347982817525 501.1051306651028 495.23562841871586 502.30691405179243 491.0071725602318 509.25295248642 490.8658336548945 492.6455597903827 486.30355936296127 487.6247411530815 512.8080047187398 484.12268787846585 517.0562628762932 515.7828069747892 479.8664229444362 489.8619394244474 498.35722701416256 
S: 327402 502.2345524130524 497.6092881078141 522.2596613965333 509.6347982817525 501.1051306651028 495.23562841871586 502.30691405179243 491.0071725602318 509.25295248642 490.8658336548945 492.6455597903827 486.30355936296127 487.6247411530815 512.8080047187398 484.12268787846585 517.0562628762932 515.7828069747892 479.8664229444362 489.8619394244474 498.35722701416256 
H: 750944 1459.1397994284223 1500.8276640847098 1472.8459730210245 1445.8524422217517 1405.4596909729012 1456.3634773194772 1384.9638812099165 1455.9633858163554 1487.3999695366679 1468.4429067671142 1467.6178108535892 1475.1534608591312 1474.518596188875 1507.4155719060577 1503.7457148719518 1509.4841205040318 1453.6255766001339 1478.7355105071042 1462.6112458243856 1495.949180400536 
S: 750944 1459.1397994284223 1500.8276640847098 1472.8459730210245 1445.897995873594 1405.4997422525967 1456.3634773194772 1384.9638812099165 1455.9633858163554 1487.4708664179464 1468.4429067671142 1467.6178108535892 1475.1869174339818 1474.518596188875 1507.4155719060577 1503.7457148719518 1509.4841205040318 1453.6255766001339 1478.7355105071042 1462.6112458243856 1495.949180400536 
H: 750944 509.1124323255179 501.72611211558586 490.9486576736758 508.66642786987506 497.5191322212709 496.6198430837115 468.49379406930683 500.5126857093788 504.3014603714924 489.9233725803446 491.6607988648271 503.38433270891716 494.57640620691757 507.5566498624453 502.0278777047927 504.6973277270544 487.3373412489511 493.04419864892526 487.5370819414623 499.5354114337651 
S: 750944 509.1124323255179 501.72611211558586 490.9486576736758 508.66642786987506 497.5191322212709 496.6198430837115 468.49379406930683 500.5126857093788 504.3014603714924 489.9233725803446 491.6607988648271 503.38433270891716 494.57640620691757 507.5566498624453 502.0278777047927 504.6973277270544 487.3373412489511 493.04419864892526 487.5370819414623 499.5354114337651 
H: 932957 1489.4376571800062 1496.2590308263857 1478.2950619191013 1471.2846398940471 1464.6678210644625 1477.0821375960381 1502.3404815564943 1484.4594649105968 1484.6634049007355 1491.7845340956037 1498.6403507957107 1504.6825277478465 1439.6067899934217 1450.7865961130328 1462.9246647685075 1532.7608194006239 1455.4829421738018 1559.7229549660872 1354.4222365510811 1493.7531770305218 
S: 932957 1489.4376571800062 1496.2590308263857 1478.2950619191013 1471.2846398940471 1464.6678210644625 1477.0821375960381 1502.3404815564943 1484.4594649105968 1484.6634049007353 1491.7845340956037 1498.6403507957107 1504.6825277478465 1439.6067899934217 1450.7865961130328 1462.9246647685075 1532.7846605451662 1455.4829421738018 1559.7229549660872 1354.4244508517027 1493.7531770305218 
H: 932957 500.19151559985454 499.548272280817 495.4163001624045 491.1449362602611 488.22260702148776 498.78891389065785 502.95152023813387 513.7262786244614 495.1954374101065 497.799650632541 502.5523986214161 501.5608425826152 495.37705243157905 497.8610199691097 487.64155492283703 519.2854338766273 495.9912308113528 521.7326284249637 474.5617497205795 508.3499659858196 
S: 932957 500.19151559985454 499.548272280817 495.4163001624045 491.1449362602611 488.22260702148776 498.78891389065785 502.95152023813387 513.7262786244614 495.1954374101065 497.799650632541 502.5523986214161 501.5608425826152 495.37705243157905 497.8610199691097 487.64155492283703 519.2854338766273 495.9912308113528 521.7326284249637 474.5617497205795 508.3499659858196 
H: 23711 1508.5201750364806 1509.8539096118802 1397.46303849571 1484.9311083655066 1471.4496221618322 1469.6470624731205 1441.5311359638192 1439.464929366845 1395.5610411573678 1482.1904435115048 1479.1583446267348 1490.232945051625 1558.246982010208 1502.0549416138067 1480.267256694942 1450.8568682069367 1435.7155481300904 1489.7473538580766 1411.4243140063625 1504.8678002492752 
S: 23711 1508.5201750364806 1509.8539096118802 1397.519998338314 1484.9311083655066 1471.4496221618322 1469.6744198823267 1441.5242620742001 1439.464929366845 1395.5803465843358 1482.1904435115048 1479.1583446267348 1490.232945051625 1558.246982010208 1502.0549416138067 1480.267256694942 1450.8863366363905 1435.7635940621901 1489.7473538580766 1411.4243140063625 1504.8774832725646 
H: 23711 503.1306840556012 508.4960540969685 482.4610847214617 498.7187349166337 492.4931937934784 504.13817955252074 496.7332903114604 492.1817440927158 485.85742615434424 499.3486070053819 493.052781542245 497.879624601523 521.7648516908146 501.698234162898 494.92403921949017 503.5809874698248 491.5685050457715 497.0681314013555 476.7628438032864 502.00964134463186 
S: 23711 503.1306840556012 508.4960540969685 482.4610847214617 498.7187349166337 492.4931937934784 504.13817955252074 496.7332903114604 492.1817440927158 485.85742615434424 499.3486070053819 493.052781542245 497.879624601523 521.7648516908146 501.698234162898 494.92403921949017 503.5809874698248 491.5685050457715 497.0681314013555 476.7628438032864 502.00964134463186 
H: 104097 1495.9256258462035 1551.4646296797305 1435.2727749888925 1467.6305196509786 1497.3043986200557 1493.0900997559302 1423.6502074030973 1463.5048069382333 1436.380873292164 1452.9875081587152 1471.188823067648 1475.344728659506 1510.9473175954556 1477.6005786454105 1462.1381785947763 1511.4191617040626 1526.2041796314033 1542.6624993912035 1419.9704759620683 1456.3277811496778 
S: 104097 1495.9256258462035 1551.4646296797305 1435.3726152460238 1467.6305196509786 1497.3043986200557 1493.0900997559302 1423.6502074030973 1463.5048069382333 1436.3754483064547 1452.9875081587152 1471.188823067648 1475.344728659506 1510.9473175954556 1477.614722033483 1462.1381785947763 1511.4191617040626 1526.2041796314031 1542.6624993912035 1420.0154741062508 1456.3277811496778 
H: 104097 500.17649950301427 519.0183776726269 502.02847596180044 489.2101732169938 501.8854132546351 498.04961366185535 485.0051457444598 487.8665907461288 493.9401884175349 487.67289725960444 491.70625335654654 494.3051926102531 503.8195249475176 503.1262928316277 489.5714662228344 503.80638723468724 508.7347265438017 514.220833130401 493.3795521983083 485.934126228004 
S: 104097 500.17649950301427 519.0183776726269 502.02847596180044 489.2101732169938 501.8854132546351 498.04961366185535 485.0051457444598 487.8665907461288 493.9401884175349 487.67289725960444 491.70625335654654 494.3051926102531 503.8195249475176 503.1262928316277 489.5714662228344 503.80638723468724 508.7347265438017 514.220833130401 493.3795521983083 485.934126228004 
H: 637495 1512.3138305842474 1473.3389250996408 1425.2212180535184 1448.3512741765342 1466.6235215633 1453.0019118961184 1483.85186375749 1510.7344028653492 1510.0134154370146 1470.615513543838 1480.2463183848781 1454.2257830419874 1435.670022739331 1400.1646929964486 1489.7928524743293 1485.194410725082 1515.6316439969085 1472.2678072958688 1538.6862387861236 1471.9390422361244 
S: 637495 1512.3138305842474 1473.3389250996408 1425.2964901082526 1448.3512741765342 1466.6235215633 1453.0019118961184 1483.85186375749 1510.7344028653492 1510.0134154370146 1470.615513543838 1480.2463183848781 1454.244075081309 1435.670022739331 1400.1710182308007 1489.7928524743293 1485.194410725082 1515.6316439969085 1472.3038712160037 1538.6862387861236 1471.9390422361244 
H: 637495 504.10461019474894 491.3591572094844 505.490872077564 482.7837580588453 488.87450718776597 492.30652186063116 494.61728791916465 503.71444321922405 505.0688027560391 490.2176439544278 493.4154394616253 503.92991416938196 495.03132282396456 497.6402250069275 512.6732293942406 504.71217730607907 505.264278150763 504.73289009758423 512.8954129287072 491.58054111296946 
S: 637495 504.10461019474894 491.3591572094844 505.490872077564 482.7837580588453 488.87450718776597 492.30652186063116 494.61728791916465 503.71444321922405 505.0688027560391 490.2176439544278 493.4154394616253 503.92991416938196 495.03132282396456 497.6402250069275 512.6732293942406 504.71217730607907 505.264278150763 504.73289009758423 512.8954129287072 491.58054111296946 
H: 822233 1515.2312859006468 1533.4308791734773 1497.700250020489 1481.6490954727028 1455.7798368963145 1476.3066239656544 1463.2072325746428 1532.329252411872 1495.3723546975389 1455.0370391275223 1475.7913431232887 1542.8743385206724 1495.341458486288 1487.4182495419345 1456.6385666363703 1506.4242275058177 1501.0012554976063 1472.7183679708298 1517.3108825162901 1465.4965257668446 
S: 822233 1515.2312859006468 1533.4622379750597 1497.700250020489 1481.6490954727028 1455.7798368963145 1476.3066239656544 1463.2072325746428 1532.329252411872 1495.3723546975389 1455.0370391275223 1475.7913431232887 1542.8743385206724 1495.341458486288 1487.4182495419345 1456.6385666363703 1506.4242275058177 1501.0012554976063 1472.7612623950097 1517.3108825162901 1465.4965257668446 
H: 822233 507.0907227114848 513.8866772674569 500.60199163568274 496.6410879048572 485.259945632105 492.10220798855227 487.73574419154795 511.42385207284843 500.02045116364417 498.8203988179168 493.0945170607238 514.4432295693287 498.96515724251583 497.47301574344425 485.5461888787898 502.5388138500605 504.6910629466635 502.3930606636901 509.3405429760667 498.63441354556437 
S: 822233 507.0907227114848 513.8866772674569 500.60199163568274 496.6410879048572 485.259945632105 492.10220798855227 487.73574419154795 511.42385207284843 500.02045116364417 498.8203988179168 493.0945170607238 514.4432295693287 498.96515724251583 497.47301574344425 485.5461888787898 502.5388138500605 504.6910629466635 502.3930606636901 509.3405429760667 498.63441354556437 
H: 169070 1480.943483792272 1456.51840353387 1550.1413371954457 1384.276093569241 1502.5595007698394 1494.0172027615786 1453.3025630076713 1461.8874101831336 1461.829820518476 1426.5516710401935 1462.7289554774932 1514.3018196713538 1519.7628220978374 1469.1384664948714 1468.9920911771794 1460.33704077245 1417.2260793113294 1500.3113615438403 1520.3311634713862 1501.6887781486264 
S: 169070 1480.943483792272 1456.51840353387 1550.1413371954457 1384.29201130392 1502.5595007698394 1494.0172027615786 1453.3059815855506 1461.8874101831336 1461.829820518476 1426.7078537451048 1462.7289554774932 1514.3018196713538 1519.7628220978374 1469.1384664948714 1468.9920911771794 1460.3205067001686 1417.2368245037994 1500.3113615438403 1520.3311634713862 1501.698921632014 
H: 169070 493.64782793075756 489.81978512290607 516.7137790651484 480.8136653010265 502.6140562090814 498.52438727124286 489.992211556656 487.5828559987046 499.7820814390198 504.22619844317063 488.28052448854896 504.83217281625116 507.38458231737894 495.71876980546347 489.6640303923936 511.8387651772398 493.6586476584209 503.0822917140744 506.86470757252584 500.65889633230285 
S: 169070 493.64782793075756 489.81978512290607 516.7137790651484 480.8136653010265 502.6140562090814 498.52438727124286 489.992211556656 487.5828559987046 499.7820814390198 504.22619844317063 488.28052448854896 504.83217281625116 507.38458231737894 495.71876980546347 489.6640303923936 511.8387651772398 493.6586476584211 503.0822917140744 506.86470757252584 500.65889633230285 
H: 187765 1467.8938450105043 1548.3424520183642 1471.2578788634978 1458.4103464513614 1433.8469005694312 1435.921616490629 1447.978784028895 1458.7796169190763 1394.470190924388 1406.4441667545518 1536.235195628461 1488.8605361173538 1478.6696164375198 1473.8481107584225 1432.4303043360837 1495.2031749393632 1489.5447181858553 1521.8611858813542 1556.2219688515675 1439.9122164714765 
S: 187765 1467.8938450105043 1548.3424520183642 1471.2578788634978 1458.4103464513614 1433.8469005694312 1435.921616490629 1447.978784028895 1458.7796169190763 1394.6301599918127 1406.5056014169636 1536.235195628461 1488.8605361173538 1478.6696164375198 1473.8481107584225 1432.4456415363372 1495.2031749393632 1489.5447181858553 1521.8611858813542 1556.2219688515675 1439.9122164714765 
H: 187765 489.2979483368339 516.40537675998 491.9570161498053 493.2387474200869 508.9977554462148 481.47436952793396 496.4072835754382 486.2598723063593 488.22097461717954 487.8402790106736 520.92503808938 496.63644411378954 493.04072875456785 491.2827035861414 495.48265054478355 498.6922447037129 503.2501901604998 512.4182030251282 520.6266709502706 482.56008155238845 
S: 187765 489.2979483368339 516.40537675998 491.9570161498053 493.2387474200869 508.9977554462148 481.47436952793396 496.4072835754382 486.2598723063593 488.22097461717954 487.8402790106736 520.92503808938 496.63644411378954 493.04072875456785 491.2827035861414 495.48265054478355 498.6922447037129 503.2501901604998 512.4182030251282 520.6266709502706 482.56008155238845 
H: 72109 1398.8384867873133 1513.7004669965704 1468.9084066175521 1435.2303002429328 1438.405466055789 1511.0148392407361 1571.5391740063567 1484.8472509087105 1519.8577698567258 1570.454251208965 1495.4138899932075 1561.6123143973236 1453.3047303132544 1450.7321664399274 1486.5785248663205 1469.942736391411 1480.870343505976 1414.8615101151568 1470.1593126226505 1392.3769467742152 
S: 72109 1398.8481426150718 1513.7004669965704 1468.9084066175521 1435.2303002429328 1438.405466055789 1511.0148392407361 1571.5391740063567 1484.8472509087105 1519.868295885836 1570.454251208965 1495.4138899932075 1561.6123143973236 1453.3047303132544 1450.7321664399274 1486.5785248663205 1469.9597368110315 1480.870343505976 1414.8615101151568 1470.1593126226505 1392.620230044541 
H: 72109 486.5539224573808 504.5668223321893 493.78621023797115 480.90402665861313 482.3767672788569 510.7432331422485 523.8986634513834 501.5909921781498 508.1992058575719 523.4847504029879 500.7182387155364 521.1179957150584 484.9203363265339 483.5773888133097 499.225807663 503.5295088085299 498.93374857378126 484.19152930686676 493.27829848999335 491.2455484523786 
S: 72109 486.5539224573808 504.5668223321893 493.78621023797115 480.90402665861313 482.3767672788569 510.7432331422485 523.8986634513834 501.5909921781498 508.1992058575719 523.4847504029879 500.7182387155364 521.1179957150584 484.9203363265339 483.5773888133097 499.225807663 503.5295088085299 498.93374857378126 484.19152930686676 493.27829848999335 491.2455484523786 
H: 41934 1460.9087645852037 1511.8220529296595 1459.4519744864606 1514.9229066965652 1475.1255444182366 1558.3772915790933 1464.1008764630535 1503.5296939847155 1452.7440316184543 1480.148634898186 1413.8280804311785 1528.9577164327582 1486.5928575316434 1472.5878501866612 1569.2210462413805 1483.6215004354876 1436.3810958796778 1541.0987714767848 1518.4653325825495 1301.550401203381 
S: 41934 1460.9087645852037 1511.8220529296595 1459.4519744864606 1514.9229066965652 1475.1255444182366 1558.3772915790933 1464.1008764630535 1503.5296939847155 1452.7919962399571 1480.148634898186 1413.8280804311785 1528.9577164327582 1486.5928575316434 1472.5878501866612 1569.2210462413805 1483.6215004354876 1436.3810958796778 1541.0987714767848 1518.4653325825495 1301.6537299094757 
H: 41934 488.17174168656345 508.7633192306113 494.6230667896477 505.1592575173529 491.70851480607917 519.4590971930311 500.7972583116755 501.17656466157223 495.3801161099079 493.5197444093507 482.27802505291123 509.68324723818284 496.05079510070306 494.0236522048327 523.0736820804601 496.62150118752515 482.67239964854537 526.0294649054322 508.77871663690144 470.32365233547324 
S: 41934 488.17174168656345 508.7633192306113 494.6230667896477 505.1592575173529 491.70851480607917 519.4590971930311 500.7972583116755 501.17656466157223 495.3801161099079 493.5197444093507 482.27802505291123 509.68324723818284 496.05079510070306 494.0236522048327 523.0736820804601 496.62150118752515 482.67239964854537 526.0294649054322 508.77871663690144 470.32365233547324 
H: 969460 1494.13673166236 1495.6944347886383 1496.620602042319 1431.329008550427 1360.7554938349806 1460.858212865132 1510.516667616912 1482.915593580046 1550.3251661435852 1477.2942336797594 1457.9134595863104 1500.8403595277541 1479.030648403897 1470.707050613903 1490.6435018192674 1416.9803615776266 1489.3098776289828 1491.767243558334 1439.8070667330744 1463.1015429694187 
S: 969460 1494.13673166236 1495.6944347886383 1496.620602042319 1431.774289753824 1360.9359425151445 1460.858212865132 1510.516667616912 1482.915593580046 1550.3251661435852 1477.3687961422377 1457.9134595863104 1500.8403595277541 1479.030648403897 1470.707050613903 1490.6435018192674 1417.062382178671 1489.3098776289828 1491.767243558334 1439.8070667330744 1463.1015429694173 
H: 969460 499.8699097623641 498.56481159621393 502.380032310481 497.859570256499 493.95534468387683 503.15601681210524 503.6797184776525 496.65704609895516 516.7750553811943 506.71758869557544 489.403383647412 514.6945399235523 493.1761597723093 493.9088177304367 496.8811672730896 494.76613164406785 497.62388463281934 497.2557478527782 487.33735999782516 488.65357966012255 
S: 969460 499.8699097623641 498.56481159621393 502.380032310481 497.859570256499 493.95534468387683 503.15601681210524 503.6797184776525 496.65704609895516 516.7750553811943 506.71758869557544 489.403383647412 514.6945399235523 493.1761597723093 493.9088177304367 496.8811672730896 494.76613164406785 497.62388463281934 497.2557478527782 487.33735999782516 488.65357966012255 
H: 109734 1493.3650802325064 1452.5850956946451 1444.0298793964887 1531.6736506241602 1510.8804358840819 1496.2525891767295 1435.3906432295892 1524.747975437929 1512.552478869967 1439.9346077128114 1493.8817303897588 1506.4047199961337 1472.6292304635333 1463.2590897915131 1479.503713784137 1501.225620863058 1500.1110978156396 1522.4801238639836 1487.6403681553722 1525.3163080174663 
S: 109734 1493.3650802325064 1452.5850956946451 1444.0298793964887 1531.6736506241602 1511.0194938239729 1496.2525891767295 1435.4892283215195 1524.747975437929 1512.559204307087 1439.9346077128114 1493.8817303897586 1506.4047199961337 1472.6292304635333 1463.2590897915131 1479.503713784137 1501.24723799594 1500.1329181570313 1522.4801238639836 1487.6403681553722 1525.3163080174663 
H: 109734 498.71523342975865 489.2669034604236 481.34329313216205 512.8010716890359 514.8165916479559 507.1313967917413 504.7331053123057 508.2493251459767 505.29657542903414 483.69708053750423 497.96057679658713 502.7722498764126 491.1532651052523 487.753029930504 493.167904594712 517.3314289528131 515.4603372021364 507.4933746213282 500.6064835849868 509.6618191203744 
S: 109734 498.71523342975865 489.2669034604236 481.34329313216205 512.8010716890359 514.8165916479559 507.1313967917413 504.7331053123057 508.2493251459767 505.29657542903414 483.69708053750423 497.96057679658713 502.7722498764126 491.1532651052523 487.753029930504 493.167904594712 517.3314289528131 515.4603372021364 507.4933746213282 500.6064835849868 509.6618191203744 
H: 873606 1500.826807856312 1510.7152985862244 1514.8463120109666 1428.6056107313652 1472.013779643843 1512.1608162792327 1517.8230379115678 1435.8131088149678 1506.3504652335992 1497.0910601788294 1478.0783402839058 1456.6401809736208 1482.8679140206507 1444.8317728589464 1570.747947518892 1485.3077218650187 1508.130400778594 1448.1590372201374 1472.3953621192813 1467.1231197352924 
S: 873606 1500.826807856312 1510.7212638897001 1514.8463120109666 1428.6056107313652 1472.0137796438428 1512.1608162792327 1517.8330494397817 1435.8131088149678 1506.3504652335992 1497.0910601788294 1478.0783402839058 1456.6401809736208 1482.8679140206507 1444.8675326806374 1570.747947518892 1485.3077218650187 1508.130400778594 1448.1590372201374 1472.3953621192813 1467.1231197352924 
H: 873606 505.29258715612286 509.6779568730677 504.9487706703225 476.9747125398307 493.33392642139756 504.67267450123694 506.1175575466724 479.9064634529134 502.11682174453347 499.16857271282 492.6927800946361 493.5222781555874 495.5442639535337 498.1792024442982 523.9126267370788 495.1025739550069 503.17347939081804 487.32865027871344 504.1711773936898 491.62069770720024 
S: 873606 505.29258715612286 509.6779568730677 504.9487706703225 476.9747125398307 493.33392642139756 504.67267450123694 506.1175575466724 479.9064634529134 502.11682174453347 499.16857271282 492.6927800946361 493.5222781555874 495.5442639535337 498.1792024442982 523.9126267370788 495.1025739550069 503.17347939081804 487.32865027871344 504.1711773936898 491.62069770720024 
H: 240437 1461.7595495379664 1455.2610666562364 1432.9490240303696 1417.076046651536 1503.174680533317 1511.6260462992423 1441.9214175946972 1437.8055868069205 1403.4632594170946 1452.3939189026187 1512.450363739209 1501.1176075047965 1480.605817795932 1451.0072956014208 1414.2134642413514 1442.0093425317984 1412.6989800536257 1487.9487166989272 1493.2410174666854 1433.3406203259867 
S: 240437 1461.7595495379664 1455.2610666562364 1432.9490240303696 1417.076046651536 1503.174680533317 1511.6260462992423 1441.9202688757882 1437.900693184893 1403.4632594170946 1452.3939189026187 1512.4512103165946 1501.1176075047965 1480.605817795932 1451.007295601421 1414.2134642413514 1442.0093425317984 1412.7017295621174 1487.9487166989272 1493.2410174666854 1433.3406203259867 
H: 240437 487.25318317932334 486.1811423240174 501.68050344846233 480.7780865647208 502.7853648306172 506.9671361734279 492.8079766609703 486.30425551919643 492.65969524021966 489.05869807273945 508.44625381902705 520.3731471688969 497.11285596481105 483.79054751159396 474.3337947437844 493.13646979600287 493.6834962180621 499.59217479777226 504.3096475868491 477.91121463458194 
S: 240437 487.25318317932334 486.1811423240174 501.68050344846233 480.7780865647208 502.7853648306172 506.9671361734279 492.8079766609703 486.30425551919643 492.65969524021966 489.05869807273945 508.44625381902705 520.3731471688969 497.11285596481105 483.79054751159396 474.3337947437844 493.13646979600287 493.6834962180621 499.59217479777226 504.3096475868491 477.91121463458194 
H: 741876 1387.6126159107362 1498.421935098521 1429.2189214333066 1429.4677809240363 1443.1928093253387 1486.885379147568 1456.6934891377682 1449.1257650925322 1534.4594984064693 1501.0547225465414 1525.2097435771648 1413.1135461753686 1448.4317864297714 1491.4574950333185 1491.6872244833776 1488.46132701325 1492.8858019362171 1430.4988513697724 1488.0890633916433 1530.9574735036463 
S: 741876 1387.6126159107362 1498.421935098521 1429.2189214333066 1429.4677809240363 1443.1928093253387 1486.885379147568 1456.7003653406557 1449.1342970176754 1534.4594984064693 1501.0547225465414 1525.2097435771648 1413.1218049104286 1448.4317864297714 1491.4574950333185 1491.6872244833776 1488.46132701325 1492.8858019362171 1430.4988513697724 1488.0890633916433 1530.9574735036463 
H: 741876 481.6499218147938 502.1066753424263 494.94795501914984 478.2616029124779 481.6613742202959 496.9419117521358 487.7575489860326 487.6039151825142 511.84901110296045 500.71866279380737 509.24983460313825 484.927880883353 482.8105954765914 510.6229715906259 497.4251432549381 496.1537756710845 497.6385444065347 487.0418253120667 501.2457472262189 510.95378397241825 
S: 741876 481.6499218147938 502.1066753424263 494.94795501914984 478.2616029124779 481.6613742202959 496.9419117521358 487.7575489860326 487.6039151825142 511.84901110296045 500.71866279380737 509.24983460313825 484.927880883353 482.8105954765914 510.6229715906259 497.4251432549381 496.1537756710845 497.6385444065347 487.0418253120667 501.2457472262189 510.95378397241825 
H: 164026 1467.3181750569572 1445.4526035773754 1451.558056029112 1417.1333289664062 1439.0159757162078 1487.0516915321407 1534.9358451566345 1531.4971807667193 1488.5155410800874 1456.6026245317844 1513.7453021719714 1465.1661049920667 1432.1373736827834 1458.6420835757447 1472.8320823486674 1556.7728430595014 1468.9662353549843 1445.6839644573065 1528.4634334113734 1411.026917329185 
S: 164026 1467.3181750569572 1445.4526035773754 1451.558056029112 1417.1333289664062 1439.0159757162078 1487.0516915321407 1534.9358451566345 1531.4971807667193 1488.5155410800874 1456.6026245317844 1513.7453021719714 1465.1661049920667 1432.1373736827834 1458.6420835757447 1472.8320823486674 1556.7728430595014 1468.9662353549843 1445.6839644573065 1528.4634334113734 1411.026917329185 
H: 164026 491.58876076836725 484.1716400405567 484.42262433086125 489.1720681972213 482.4733628694888 496.174808146208 511.6452817188777 510.7131336701735 497.2223807717669 485.71035064931647 505.82917703390825 504.7857766231658 480.7243996994939 486.7097647058011 494.9725212799687 519.0196453542821 489.65541178499564 482.2394321215054 510.45275304678296 475.3406335744718 
S: 164026 491.58876076836725 484.1716400405567 484.42262433086125 489.1720681972213 482.4733628694888 496.174808146208 511.6452817188777 510.7131336701735 497.2223807717669 485.71035064931647 505.82917703390825 504.7857766231658 480.7243996994939 486.7097647058011 494.9725212799687 519.0196453542821 489.65541178499564 482.2394321215054 510.45275304678296 475.3406335744718 
H: 134560 1497.5703525253027 1509.174070565327 1538.6174504425865 1403.1520968199736 1399.1484454386023 1486.9878337083683 1534.4432224069114 1586.3577539089633 1479.7445571270487 1484.5228899165184 1497.4024983390684 1506.1952287944991 1518.734322020001 1493.886475569091 1480.679371206414 1531.669600312918 1492.4826089562468 1492.9505108809542 1521.5715369611999 1497.8565421172173 
S: 134560 1497.5703525253027 1509.174070565327 1538.6174504425865 1403.1520968199736 1399.163288113022 1486.9878337083683 1534.4432224069114 1586.3577539089633 1479.7445571270487 1484.5228899165184 1497.40297425357 1506.2379857864248 1518.734322020001 1493.886475569091 1480.679371206414 1531.669600312918 1492.4826089562468 1492.9505108809542 1521.5715369611999 1497.8565421172173 
H: 134560 499.1901175084337 505.7207153787025 515.1435577706632 481.03550148474983 498.0370341106662 496.36774069653666 513.7175237413924 529.8503692669738 493.7433573820865 505.2036351985926 502.67501010000313 512.7697288738354 507.71787745243716 514.3646790757808 496.9156147027783 519.7980243295723 497.4942029854156 505.03723518592955 507.19051232039925 507.01056040140116 
S: 134560 499.1901175084337 505.7207153787025 515.1435577706632 481.03550148474983 498.0370341106662 496.36774069653666 513.7175237413924 529.8503692669738 493.7433573820865 505.2036351985926 502.67501010000313 512.7697288738354 507.71787745243716 514.3646790757808 496.9156147027783 519.7980243295723 497.4942029854156 505.03723518592955 507.19051232039925 507.01056040140116 
H: 872056 1445.8664572835892 1368.9246038026706 1452.5692346110231 1465.8576525917551 1502.751863822772 1504.583960045963 1471.608501935447 1515.0188001323431 1484.724633931139 1507.8140745393516 1519.1995328193195 1435.349103279065 1480.2291442739727 1482.3628485144732 1486.3316379624862 1485.6916784307527 1512.290582386553 1436.8368277689244 1432.353357737834 1488.3895875377375 
S: 872056 1445.8664572835892 1369.0741618840761 1452.5692346110231 1465.8576525917551 1502.751863822772 1504.583960045963 1471.6109405467578 1515.0188001323431 1484.724633931139 1507.8140745393516 1519.1995328193195 1435.3626185725054 1480.2291442739727 1482.374910872531 1486.3316379624862 1485.6916784307527 1512.290582386553 1436.8488833052916 1432.353357737834 1488.3895875377375 
H: 872056 481.95548576119694 494.7712276874489 492.28176368525413 488.6192175305849 513.4435943117059 501.93971398603475 499.957658769661 506.66586085258547 497.81343449171845 511.10475679138347 506.3998442731069 508.57078850803384 505.9613253464578 502.66161995572094 495.6007817638601 496.21335948389486 509.4925455058757 499.82806160171623 485.9782693106495 496.7210626025113 
S: 872056 481.95548576119694 494.7712276874489 492.28176368525413 488.6192175305849 513.4435943117059 501.93971398603475 499.957658769661 506.66586085258547 497.81343449171845 511.10475679138347 506.3998442731069 508.57078850803384 505.9613253464578 502.66161995572094 495.6007817638601 496.21335948389486 509.4925455058757 499.82806160171623 485.9782693106495 496.7210626025113 
H: 585366 1487.259014555526 1503.3019920757138 1532.3625878078294 1442.5556657437348 1450.2215402945033 1410.7761294332774 1486.0713354934037 1478.7671569950382 1424.6399982583062 1481.5182121131904 1463.2320608959562 1520.1034215090767 1485.4309918612155 1516.977475869688 1440.330529195529 1446.493326221093 1501.113909263737 1504.2083087023007 1389.8830539213077 1526.1243924687956 
S: 585366 1487.259014555526 1503.3019920757138 1532.3625878078294 1442.5556657437348 1450.2084706705532 1410.7761294332774 1486.0713354934037 1478.7671569950382 1424.647914081671 1481.5182121131904 1463.2320608959562 1520.1034215090767 1485.4309918612155 1516.977475869688 1440.330529195529 1446.493326221093 1501.113909263737 1504.2083087023007 1390.12644986098 1526.1243924687956 
H: 585366 496.0156316214443 501.1006640252381 510.78752926927655 482.9495545169083 511.481241687348 482.19669494367093 504.82312871804135 495.4665616728387 490.46904807549396 500.23976214371265 492.1146090265153 506.8981449781954 500.50837484336586 505.810489761266 485.62711623424366 506.36404401095166 502.19160428156914 501.42719320140026 504.89887637899693 509.2808927815351 
S: 585366 496.0156316214443 501.1006640252381 510.78752926927655 482.9495545169083 511.481241687348 482.19669494367093 504.82312871804135 495.4665616728387 490.46904807549396 500.23976214371265 492.1146090265153 506.8981449781954 500.50837484336586 505.810489761266 485.62711623424366 506.36404401095166 502.19160428156914 501.42719320140026 504.89887637899693 509.2808927815351 
H: 417965 1430.265828008296 1417.188944307708 1434.9361798072607 1473.315927400103 1455.054965912952 1514.3807698464675 1476.4517006335009 1552.5484934576511 1461.155692302163 1506.3068827357438 1495.2858237885218 1503.4876233458842 1474.0717308076705 1511.6633850522098 1568.6247406594764 1427.2720244714685 1441.359562109064 1495.4437837000398 1517.5412354710088 1540.042847701131 
S: 417965 1430.2479879837783 1417.2599270321132 1434.998610196914 1473.315927400103 1455.1074641262007 1514.3807698464675 1476.4517006335009 1552.5484934576511 1461.155692302163 1506.3068827357438 1495.2858237885218 1503.4876233458842 1474.0900746464265 1511.6633850522098 1568.6247406594764 1427.2720244714685 1441.359562109064 1495.4437837000398 1517.5412354710088 1540.0579842961415 
H: 417965 496.1017174530273 492.67536518620767 503.4520377112841 501.70731519080783 496.5416804957656 504.79358994882233 493.16296080256075 519.8045628870996 487.05189743405464 505.15538667594996 500.37026498530855 501.6031281479304 510.24945838467517 503.88779501740345 524.5991283570268 479.5809517931359 480.45318736968795 498.48126123334663 506.13341872796593 515.5124761817652 
S: 417965 496.1017174530273 492.67536518620767 503.4520377112841 501.70731519080783 496.5416804957656 504.79358994882233 493.16296080256075 519.8045628870996 487.05189743405464 505.15538667594996 500.37026498530855 501.6031281479304 510.24945838467517 503.88779501740345 524.5991283570268 479.5809517931359 480.45318736968795 498.48126123334663 506.13341872796593 515.5124761817652 
H: 291297 1512.628365895661 1506.1420845884024 1473.4675218160794 1470.324023041542 1500.040259850084 1445.9288975465063 1528.6187548973965 1499.5564426353324 1443.7958385527452 1525.6840465369453 1462.5626022340164 1536.4418817340263 1473.1999151170446 1517.7560269425624 1510.4546888173954 1394.1116228638762 1550.0008641136687 1475.8364548784145 1516.201222632423 1465.3706606332848 
S: 291297 1512.628365895661 1506.1231397020308 1473.4675218160794 1470.4445530627263 1500.040259850084 1445.9993213462715 1528.6187548973965 1499.5564426353324 1443.7958385527452 1525.6840465369453 1462.5916701966896 1536.4418817340263 1473.1999151170446 1517.7560269425624 1510.4546888173954 1394.1116228638762 1550.0008641136687 1475.8364548784145 1516.201222632423 1465.3706606332848 
H: 291297 504.20945529855317 509.33867112630224 496.58195183886875 506.4401233827031 500.7414902029782 504.3425913690137 509.920826627022 500.3182273196177 491.7224233379038 511.2738434002613 497.27241438053824 513.0748685358047 508.5156311723079 505.9186756475212 504.4351252371697 489.47342053187265 517.1370062207023 499.7995716320817 505.40040754414207 489.0796712861022 
S: 291297 504.20945529855317 509.33867112630224 496.58195183886875 506.4401233827031 500.7414902029782 504.3425913690137 509.920826627022 500.3182273196177 491.7224233379038 511.2738434002613 497.27241438053824 513.0748685358047 508.5156311723079 505.9186756475212 504.4351252371697 489.47342053187265 517.1370062207023 499.7995716320817 505.40040754414207 489.0796712861022 
H: 38085 1437.010992274539 1366.4161242825985 1468.3013485563731 1485.2676217876353 1511.4685510041743 1563.0690581790773 1495.3045749696885 1454.2501745431207 1450.1371548357035 1550.0174749427174 1526.9900196030835 1491.7528109522623 1529.509249650653 1508.6652918372342 1485.5919495753842 1473.379654783109 1519.436920781989 1489.882677674089 1515.303880965628 1484.6075793301127 
S: 38085 1437.010992274539 1366.5099895935443 1468.3104099747688 1485.2676217876353 1511.4685510041743 1563.0690581790773 1495.3045749696885 1454.2501745431207 1450.1371548357035 1550.0174749427174 1526.9900196030835 1491.7690336723404 1529.509249650653 1508.6652918372342 1485.5919495753842 1473.379654783109 1519.436920781989 1489.882677674089 1515.303880965628 1484.6075793301127 
H: 38085 486.8268377319447 492.66389567099696 505.9351581651999 495.13870857920205 509.26337062404804 523.5205782331727 498.43485832322943 486.5468120705334 494.9688720047808 516.6724916475713 508.9966732010276 511.2564959862228 509.8364165502172 502.88843061241175 495.19731652512775 497.31623060261694 511.4884600046562 496.6275592246955 509.3935135935216 499.38299265420335 
S: 38085 486.8268377319447 492.66389567099696 505.9351581651999 495.13870857920205 509.26337062404804 523.5205782331727 498.43485832322943 486.5468120705334 494.9688720047808 516.6724916475713 508.9966732010276 511.2564959862228 509.8364165502172 502.88843061241175 495.19731652512775 497.31623060261694 511.4884600046562 496.6275592246955 509.3935135935216 499.38299265420335 
H: 873411 1488.5967687830757 1461.5427598144774 1358.2697393522053 1530.5743145028734 1405.4198981157715 1488.0436630245117 1470.6244946850627 1463.201768514619 1466.5818710047295 1491.0538112217296 1463.8769039437166 1542.0101206848049 1514.22007133183 1511.3380169423801 1504.267831192338 1434.809093997319 1461.5550775811287 1543.2924255305138 1531.889481745917 1441.9494909127695 
S: 873411 1488.5967687830757 1461.5427598144774 1358.3176923075598 1530.5743145028734 1405.4198981157715 1488.105879283366 1470.6244946850627 1463.201768514619 1466.5818710047295 1491.0538112217296 1463.8769039437166 1542.0101206848049 1514.22007133183 1511.3380169423801 1504.2678311923378 1434.809093997319 1461.5550775811287 1543.2924255305138 1531.889481745917 1442.1100899544322 
H: 873411 499.34090616044165 487.7992804241025 488.40801624033446 510.19143816762494 470.18458576051773 508.04460230174334 492.9896310546947 503.8319386324759 494.19617872233096 497.816722318353 487.9589679812382 514.9263921117465 506.9776360984811 507.1050261466485 501.4226103974456 490.57539794451907 489.3464612242597 515.7997979743635 512.6929747469243 499.95618531901687 
S: 873411 499.34090616044165 487.7992804241025 488.40801624033446 510.19143816762494 470.18458576051773 508.04460230174334 492.9896310546947 503.8319386324759 494.19617872233096 497.816722318353 487.9589679812382 514.9263921117465 506.9776360984811 507.1050261466485 501.4226103974456 490.57539794451907 489.3464612242597 515.7997979743635 512.6929747469243 499.95618531901687 
H: 485088 1528.1873239073216 1458.0459039225536 1509.1547833147931 1483.3651760607281 1509.5156027636374 1519.7441378290684 1517.0768988100451 1530.6345707694 1477.239211374215 1453.6373556485164 1533.0211091076153 1446.1965888721204 1474.3840932367514 1472.8352952508822 1495.719615859496 1427.6617943696635 1488.5781846205005 1460.7389585567041 1423.5916254387553 1442.3937438340201 
S: 485088 1528.1873239073216 1458.0459039225536 1509.1547833147931 1483.3651760607281 1509.5156027636374 1519.7441378290684 1517.0768988100451 1530.6345707694 1477.239211374215 1453.6373556485164 1533.0211091076153 1446.1987850728924 1474.3840932367514 1472.8352952508822 1495.719615859496 1427.6617943696635 1488.5781846205005 1460.7389585567041 1423.6458077301747 1442.3937438340201 
H: 485088 514.9486054436127 497.9396980920323 503.0515944382651 497.77016492914066 507.3502603202805 506.5813792763568 507.8163314741712 513.1846965857425 494.8370485005153 487.21310514059365 511.2170308359222 502.648330806364 498.3348887175428 490.94509841696066 499.7827200874917 475.8872647898882 501.82916266751704 486.9129861855672 491.0275771336246 482.2657398512696 
S: 485088 514.9486054436127 497.9396980920323 503.0515944382651 497.77016492914066 507.3502603202805 506.5813792763568 507.8163314741712 513.1846965857425 494.8370485005153 487.21310514059365 511.2170308359222 502.648330806364 498.3348887175428 490.94509841696066 499.7827200874917 475.8872647898882 501.82916266751704 486.9129861855672 491.0275771336246 482.2657398512696 
H: 477890 1498.5271342935184 1496.5008149977266 1424.9176925657073 1422.2430295929091 1469.3787018172025 1466.4892390681994 1432.040808711981 1328.079232523488 1534.7573346886002 1449.9034159942903 1491.1088363117215 1518.702400112193 1509.1140052123856 1458.482340442684 1473.0565140835965 1508.6396072973268 1461.982820024303 1482.124944746937 1380.4746668568023 1468.1380437165233 
S: 477890 1498.5271342935184 1496.5008149977266 1424.9176925657073 1422.2430295929091 1469.3787018172025 1466.4892390681994 1432.1215429315876 1328.0960718572287 1534.7573346886002 1449.9034159942903 1491.1088363117215 1518.702400112193 1509.1140052123856 1458.482340442684 1473.0565140835965 1508.6396072973268 1461.982820024303 1482.124944746937 1393.9418091860548 1468.1519429728014 
H: 477890 499.50904476450665 505.07123521985983 495.9045455454606 482.82706158595 489.79290060573504 490.6189148352234 492.9700234354541 484.7830834268296 511.5857782295333 485.75732626728467 497.0362787705728 512.9665505180624 503.5462320859514 488.2120277100219 501.7993812951913 505.9324703797702 487.3276066747676 500.1757746292956 503.38966057238963 500.4386410812254 
S: 477890 499.50904476450665 505.07123521985983 495.9045455454606 482.82706158595 489.79290060573504 490.6189148352234 492.9700234354541 484.7830834268296 511.5857782295333 485.75732626728467 497.0362787705728 512.9665505180624 503.5462320859514 488.2120277100219 501.7993812951913 505.9324703797702 487.3276066747676 500.1757746292956 503.38966057238963 500.4386410812254 
H: 503137 1536.2877017703117 1473.7811842215892 1544.0212351364748 1465.5112320173234 1442.3206506241202 1475.5593741241216 1442.5147410983404 1501.152140015693 1462.6802960618686 1510.5914833865536 1486.9982165133129 1556.691121691383 1455.5439633803203 1487.010921166482 1432.1088809401808 1412.2596107704019 1478.5394322247232 1528.9177494422092 1482.8467965280688 1490.1180164416144 
S: 503137 1536.2877017703117 1473.7811842215892 1544.0212351364748 1465.5112320173234 1442.3206506241202 1475.5593741241216 1442.551902542432 1501.152140015693 1462.6802960618686 1510.5914833865536 1486.9982165133129 1556.691121691383 1455.5439633803203 1487.010921166482 1432.1088809401808 1412.2596107704019 1478.5394322247232 1528.9177494422092 1482.8467965280688 1490.1180164416144 
H: 503137 513.0139479434815 492.18606733001263 515.2490550115036 489.74341263350607 496.0570797428688 494.1316012206511 491.798093461191 502.8750088196611 488.0853400914838 503.94981018699247 496.0324995000189 520.3276838553086 498.78015050775076 496.71010595439736 478.27301030253295 503.798937966061 498.8297306109018 509.63924981406973 494.28226550935614 497.35311287600905 
S: 503137 513.0139479434815 492.18606733001263 515.2490550115036 489.74341263350607 496.0570797428688 494.1316012206511 491.798093461191 502.8750088196611 488.0853400914838 503.94981018699247 496.0324995000189 520.3276838553086 498.78015050775076 496.71010595439736 478.27301030253295 503.798937966061 498.8297306109018 509.63924981406973 494.28226550935614 497.35311287600905 
H: 475524 1477.9147331831323 1485.215258953897 1419.7973034608822 1498.4077384195748 1533.9105756022243 1504.4966361732133 1488.86010555872 1319.7773329783079 1489.7198387674935 1498.8925594585216 1503.9111914856398 1463.0928638219955 1526.2819968848523 1507.33661088515 1473.2380945029108 1454.6931651056345 1512.804020485595 1461.8039578857179 1438.5572956902731 1452.9160967850946 
S: 475524 1477.9147331831323 1485.215258953897 1419.7973034608822 1498.4077384195748 1533.9105756022243 1504.4966361732133 1488.86010555872 1320.3006235697083 1489.7198387674935 1498.8925594585216 1503.9710385155918 1463.0928638219955 1526.2819968848523 1507.33661088515 1473.2895423191862 1454.708005883305 1512.8136322264947 1461.8039578857179 1438.5572956902731 1452.923889780403 
H: 475524 492.63824439437843 497.6137295006137 473.7342752816147 499.6891158473783 511.55721087928794 502.3475521934433 503.36891482187167 480.3039121563306 499.4617198557289 500.97300360383895 503.7080859083087 488.0373345275424 510.3965593543713 504.8883291123303 499.55654585289676 506.95254417715995 505.3814286674676 489.4933223236564 492.56872461248065 495.58084039461943 
S: 475524 492.63824439437843 497.6137295006137 473.7342752816147 499.6891158473783 511.55721087928794 502.3475521934433 503.36891482187167 480.3039121563306 499.4617198557289 500.97300360383895 503.7080859083087 488.0373345275424 510.3965593543713 504.8883291123303 499.55654585289676 506.95254417715995 505.3814286674676 489.4933223236564 492.56872461248065 495.58084039461943 
H: 442607 1532.5776972754563 1490.9117668150338 1492.9547901186797 1511.0246970748044 1470.5805252452826 1466.2760722706057 1461.692809526313 1502.1793161857654 1423.2491782426591 1489.2647512692229 1464.7681588765847 1474.5776384707651 1490.2858978616164 1424.167338288584 1531.8216350542243 1476.713685006252 1512.1680212641868 1497.0582812794626 1563.65291859286 1459.022344916572 
S: 442607 1532.5776972754563 1490.9117668150338 1492.9547901186797 1511.0246970748044 1470.5805252452826 1466.2760722706057 1461.692809526313 1502.1793161857654 1423.3418095294935 1489.2647512692229 1464.7681588765847 1474.578863739332 1490.2858978616164 1424.189471927464 1531.8216350542243 1476.713685006252 1512.1680212641868 1497.0582812794626 1563.65291859286 1459.022344916572 
H: 442607 510.8592324251532 498.12104411406494 502.86429262514196 505.59002886494955 492.3878572854236 495.1819197246848 488.16335240411786 500.72643872858845 510.3857271671104 498.4349201942222 492.5631399164201 493.326798130961 499.6704888373904 485.8177878584334 513.8874562953376 493.64540899155213 504.056007088062 501.5084627916895 522.4100019745688 497.9658940598698 
S: 442607 510.8592324251532 498.12104411406494 502.86429262514196 505.59002886494955 492.3878572854236 495.1819197246848 488.16335240411786 500.72643872858845 510.3857271671104 498.4349201942222 492.5631399164201 493.326798130961 499.6704888373904 485.8177878584334 513.8874562953376 493.64540899155213 504.056007088062 501.5084627916895 522.4100019745688 497.9658940598698 
H: 898604 1461.856555733451 1501.5873596530737 1508.9971998728658 1476.2432791971764 1451.7429418099266 1527.2532368357313 1476.3578454526703 1482.9478591447403 1429.4548787604506 1486.5545540668575 1454.2306094515336 1457.367474938847 1509.6205090566953 1479.2856536791487 1475.1611655271954 1495.7188750792773 1461.8523143184016 1473.3990254856994 1496.3556382749694 1498.3508670620502 
S: 898604 1461.856555733451 1501.5873596530737 1508.9971998728656 1476.2432791971764 1451.7643455912719 1527.2532368357313 1476.3578454526703 1482.9478591447403 1429.4557065561328 1486.5545540668575 1454.2306094515336 1457.3749634656206 1509.63741336352 1479.2856536791487 1475.1611655271954 1495.7188750792773 1461.8523143184016 1473.3990254856994 1496.3556382749694 1498.3508670620502 
H: 898604 488.7672175618453 504.1200448482865 502.99906662428856 495.73893294500414 496.9336645241341 509.75461890080385 502.64495497707884 498.69210145105325 481.9929714944747 496.2689816744384 489.0063683118153 500.84833158086656 509.83086569938314 493.09521789305035 496.3337258719491 502.19169551577187 488.74688354513046 496.3632070469263 498.89249612443973 499.597320582624 
S: 898604 488.7672175618453 504.1200448482865 502.99906662428856 495.73893294500414 496.9336645241341 509.75461890080385 502.64495497707884 498.69210145105325 481.9929714944747 496.2689816744384 489.0063683118153 500.84833158086656 509.83086569938314 493.09521789305035 496.3337258719491 502.19169551577187 488.74688354513046 496.3632070469263 498.89249612443973 499.597320582624 
H: 950358 1455.4435154522675 1439.231839261434 1514.4104619603295 1471.7376153866392 1490.8932535987972 1442.065714259669 1464.8725547555487 1479.1798116146535 1522.0072236692683 1459.097685007942 1520.8353514003447 1554.0202958628042 1452.3866432469108 1482.4248694846392 1464.1898439124739 1500.6181156016255 1496.5682271980743 1458.7801590813583 1498.6947920510838 1395.5177931077515 
S: 950358 1455.4435154522675 1439.527218132399 1514.4104619603295 1471.7376153866392 1490.8932535987972 1442.065714259669 1464.8725547555487 1479.1798116146535 1522.0502184062168 1459.097685007942 1520.8353514003447 1554.0202958628042 1452.4103104289998 1482.4248694846392 1464.1898439124739 1500.6181156016255 1496.5682271980743 1458.9121013124552 1498.6947920510838 1395.5942684117601 
H: 950358 486.72309449300235 505.1634467972325 505.5437151800944 498.93221376730503 500.00678589355385 484.69098762749604 488.29085158518285 497.70826039705025 511.58548529120935 486.5358062075953 506.94511713344804 518.6084044701413 494.65889987523155 496.4276493120667 488.5806888065547 503.4975351673507 498.8560757326907 517.5382636871287 515.0231056803017 486.0755487406589 
S: 950358 486.72309449300235 505.163446797232 505.5437151800944 498.93221376730503 500.00678589355385 484.69098762749604 488.29085158518285 497.70826039705025 511.58548529120935 486.5358062075953 506.94511713344804 518.6084044701413 494.65889987523155 496.4276493120667 488.5806888065547 503.4975351673507 498.8560757326907 517.5382636871287 515.0231056803017 486.0755487406589 
H: 628272 1508.8317860096977 1456.509741045386 1473.3398909523103 1434.5503820417448 1541.5254940479285 1476.1966271270805 1496.425879366374 1402.7962925114762 1491.6287365315984 1506.138622259804 1381.8170409374316 1468.5166275717104 1485.0927984379016 1477.9317211489545 1435.126390443939 1467.6496101929727 1497.2158589699143 1433.8101230232587 1370.9814981546356 1489.0040957299723 
S: 628272 1508.8317860096977 1456.509741045386 1473.3398909523103 1434.5503820417448 1541.5254940479285 1476.1966271270805 1496.4495548173952 1402.9042907140988 1491.6287365315984 1506.138622259804 1381.876883259952 1468.5166275717104 1485.0927984379016 1477.9317211489545 1435.126390443939 1467.6496101929727 1497.2158589699143 1433.8106431373997 1371.0966813247248 1489.0040957299723 
H: 628272 502.94392866989955 500.7381958745236 491.327007758287 482.61143538866577 519.227240525662 496.3249968854903 502.2271971819031 498.47058459090897 498.9028017695367 504.7217438609141 499.898996353316 491.21746379145503 507.10080716131193 492.64390704965 479.5356875825673 493.1553681429806 502.6926080978498 490.46599841811826 494.04252440375836 499.4185612541174 
S: 628272 502.94392866989955 500.7381958745236 491.327007758287 482.61143538866577 519.227240525662 496.3249968854903 502.2271971819031 498.47058459090897 498.9028017695367 504.7217438609141 499.898996353316 491.21746379145503 507.10080716131193 492.64390704965 479.5356875825673 493.1553681429806 502.6926080978498 490.46599841811826 494.04252440375836 499.4185612541174 
H: 243617 1464.0302331439568 1513.078049784858 1468.6476209831962 1447.3841902186034 1471.766206083681 1462.8026921597013 1468.9893176583885 1534.5559399634103 1498.490986168454 1482.3908600715886 1486.0723917488842 1471.8644590063573 1417.7946810170863 1448.260698743794 1557.0694603886463 1501.9712934724369 1501.6611745503938 1522.6153012473653 1482.9188242532987 1521.1694691438129 
S: 243617 1464.0302331439568 1513.078049784858 1468.6476209831962 1447.3841902186034 1471.766206083681 1462.8026921597013 1468.991685593605 1534.5668249825665 1498.490986168454 1482.3908600715886 1486.0723917488842 1471.8644590063573 1417.7946810170863 1448.260698743794 1557.0694603886463 1501.9712934724369 1501.6611745503938 1522.6153012473653 1482.9322291596113 1521.1694691438129 
H: 243617 494.88944582910284 505.0179862700065 491.05138727056635 483.33583631696433 495.51092880960505 498.9238849362599 505.0822106695712 512.979004993013 503.35340398344096 500.26038152656093 496.37140342364734 508.335357735965 489.69857268983407 482.75356624793164 519.0231534628823 503.20226448170547 501.7946162732145 510.66063099217064 495.2550454152293 507.08861044803297 
S: 243617 494.88944582910284 505.0179862700065 491.05138727056635 483.33583631696433 495.51092880960505 498.9238849362599 505.0822106695712 512.979004993013 503.35340398344096 500.26038152656093 496.37140342364734 508.335357735965 489.69857268983407 482.75356624793164 519.0231534628823 503.20226448170547 501.7946162732145 510.66063099217064 495.2550454152293 507.08861044803297 
H: 456372 1467.6987810710143 1552.071048855745 1472.589063085958 1480.778449964725 1536.0849024175259 1445.8727754894082 1454.1082680089044 1466.4541525473921 1479.5507622128093 1479.0891677496488 1453.9478811855947 1504.2724582051485 1464.8552759542654 1485.0848573205947 1470.449457089942 1508.918985168773 1461.6588715214887 1481.3071062950185 1477.9196743942052 1486.7897421790597 
S: 456372 1467.6987810710143 1552.071048855745 1472.589063085958 1480.778449964725 1536.0849024175259 1445.8727754894082 1454.1082680089044 1466.4541525473921 1479.5507622128093 1479.0891677496488 1453.9478811855947 1504.2724582051485 1464.8552759542654 1485.0848573205947 1470.449457089942 1508.918985168773 1461.658871521489 1481.3071062950185 1477.9196743942052 1486.7897421790597 
H: 456372 489.4626407214508 517.3570162852482 497.924814184091 494.21938541602333 513.0686431301443 483.20879970297597 497.4541135055906 502.64229156291015 495.9741413616831 493.02972258321546 487.1436812007931 501.4241527350495 488.90820692187765 512.9131319560599 490.43170491052416 507.0767235663125 487.2196238404975 493.900982802831 493.7011378343792 499.69443668415937 
S: 456372 489.4626407214508 517.3570162852482 497.924814184091 494.21938541602333 513.0686431301443 483.20879970297597 497.4541135055906 502.64229156291015 495.9741413616831 493.02972258321546 487.1436812007931 501.4241527350495 488.90820692187765 512.9131319560599 490.43170491052416 507.0767235663125 487.2196238404975 493.900982802831 493.7011378343792 499.69443668415937 
H: 443253 1521.0524644653708 1480.5175581726605 1526.5191308230721 1468.3019980404297 1489.5955144893267 1469.0714298770756 1458.8188661964261 1490.716612361863 1416.942550120502 1488.024727539917 1504.6892458148216 1559.8190959607055 1500.193906330827 1515.348100704349 1480.4944211193358 1461.1254999005728 1473.2340858946222 1489.7524917022686 1511.3194282298846 1479.9077282990083 
S: 443253 1521.0524644653708 1480.5175581726605 1526.5191308230721 1468.3019980404297 1489.5955144893267 1469.0714298770756 1458.8188661964261 1490.716612361863 1416.9855123453585 1488.024727539917 1504.6892458148216 1559.8190959607055 1500.193906330827 1515.348100704349 1480.4944211193358 1461.146123021801 1473.2340858946222 1489.7524917022686 1511.3273890456278 1479.9077282990083 
H: 443253 507.55900164900316 493.5822110845604 508.8397102743574 489.43399934680997 497.22229492036485 489.6904766256924 488.44760229348094 497.11905288105964 492.13001362770956 505.0714204155613 508.6338194151235 522.327254058299 500.0646354436093 506.0521772855642 495.2220745052802 506.42008908646346 502.01230585573165 497.389818684723 508.40725049437003 498.58292852687026 
S: 443253 507.55900164900316 493.5822110845604 508.8397102743574 489.43399934680997 497.22229492036485 489.6904766256924 488.44760229348094 497.11905288105964 492.13001362770956 505.0714204155613 508.6338194151235 522.327254058299 500.0646354436093 506.0521772855642 495.2220745052802 506.42008908646346 502.01230585573165 497.389818684723 508.40725049437003 498.58292852687026 
H: 176436 1439.4057090215179 1455.947276153631 1495.15236059078 1355.8767705306511 1451.1195524758227 1515.1562703986751 1471.634224092553 1541.9724833685798 1506.5091455326994 1370.772292364829 1514.3235900858265 1523.5601259071814 1461.273510110046 1471.0935034673882 1540.2301580262274 1455.450852144996 1449.8853907039072 1555.8819435588214 1517.4103982326667 1523.8179476398054 
S: 176436 1439.4057090215179 1456.0008568036667 1495.15236059078 1355.9892085417432 1451.1239698676839 1515.1562703986751 1471.634224092553 1541.9724833685798 1506.5091455326994 1370.772292364829 1514.3235900858265 1523.5601259071814 1461.273510110046 1471.0935034673882 1540.2301580262274 1455.746005832488 1449.8853907039072 1555.8819435588214 1517.4198950314023 1523.8250536209637 
H: 176436 484.3995623130397 498.32523874989033 504.3043830527521 487.22263088114715 490.5883117359791 508.9983249850114 490.5447413641846 516.4247166459048 508.2002878435987 476.0926348746223 505.7620119002804 511.4847645854437 506.35473421971113 494.8484524874353 518.2481500398775 514.5298476167907 490.696831817827 520.7413299058462 510.3803251144783 511.33050241448797 
S: 176436 484.3995623130397 498.32523874989033 504.3043830527521 487.22263088114715 490.5883117359791 508.9983249850114 490.5447413641846 516.4247166459048 508.2002878435987 476.0926348746223 505.7620119002804 511.4847645854437 506.35473421971113 494.8484524874353 518.2481500398775 514.5298476167907 490.696831817827 520.7413299058462 510.3803251144783 511.33050241448797 
H: 758813 1442.4368435126225 1453.476162292745 1466.313163022423 1519.176799072222 1516.7199567999926 1472.9777070293787 1473.7595093917016 1458.0138350161367 1545.0958991200846 1513.6201315147846 1448.6261692571215 1507.1018742839444 1520.113428215751 1481.7398129073165 1420.855809709546 1485.761641631666 1454.9777779281633 1515.039490557501 1394.790295177803 1508.4319941080284 
S: 758813 1442.4368435126225 1453.476162292745 1466.313163022423 1519.176799072222 1516.719956799992 1472.9777070293787 1473.7595093917016 1458.0775028335415 1545.0958991200846 1513.6201315147846 1448.627917996796 1507.1018742839444 1520.113428215751 1481.7398129073165 1420.9056996348163 1485.7687858685597 1454.9777779281633 1515.039490557501 1394.8344346921756 1508.4319941080284 
H: 758813 486.10131427291975 485.3465450679242 489.7456373427735 506.39226635740744 505.5733189333321 492.0372062939666 497.26878662221606 498.37407385869625 515.9390785022365 504.5400438382621 491.71185398973313 503.0682782235452 516.2930271565493 493.9132709691051 486.8112717043504 510.7999851959865 493.86435884552606 505.6490511331485 489.4278928854723 505.32974452820685 
S: 758813 486.10131427291975 485.3465450679242 489.7456373427735 506.39226635740744 505.5733189333321 492.0372062939666 497.26878662221606 498.37407385869625 515.9390785022365 504.5400438382621 491.71185398973313 503.0682782235452 516.2930271565493 493.9132709691051 486.8112717043504 510.7999851959865 493.86435884552606 505.6490511331485 489.4278928854723 505.32974452820685 
H: 847547 1510.48330068368 1477.295110730798 1479.7275873530573 1520.1257493085195 1463.3904611438038 1471.9485440689855 1470.7137821861554 1520.8496427219025 1530.3785306994682 1455.0299305195704 1377.2177616135316 1477.229495464683 1497.5373983384836 1451.080297817328 1439.1935183319506 1579.9585980797572 1526.195891181485 1538.6050343441834 1504.1185038162412 1488.107714201917 
S: 847547 1510.48330068368 1477.295110730798 1479.7275873530573 1520.1257493085195 1463.3939475515224 1471.9485440689855 1470.7137821861554 1520.8496427219025 1530.3785306994682 1455.0299305195704 1377.3101540334267 1477.229495464683 1497.5373983384836 1451.080297817328 1439.1935183319506 1579.9585980797572 1526.195891181485 1538.6050343441834 1504.1185038162412 1488.107714201917 
H: 847547 504.2834125027389 493.1115475189833 493.4671407157677 507.4796367185431 489.6960976320934 491.3188883107027 508.67739389880114 506.9498809073007 513.4502648428894 486.49140349998544 482.95745167605065 492.63518461059584 499.17913277949475 503.75541718362365 488.347169095136 530.7066452862233 509.97419738062143 512.868344781395 503.7171645800404 502.3106807123619 
S: 847547 504.2834125027389 493.1115475189833 493.4671407157677 507.4796367185431 489.6960976320934 491.3188883107027 508.67739389880114 506.9498809073007 513.4502648428894 486.49140349998544 482.95745167605065 492.63518461059584 499.17913277949475 503.75541718362365 488.347169095136 530.7066452862233 509.97419738062143 512.868344781395 503.7171645800404 502.3106807123619 
H: 675948 1509.6206295673517 1475.486775796381 1438.1738185453476 1482.1929340283223 1515.4684622169948 1394.9809322227195 1482.20304739173 1481.0764191312433 1493.5986453212015 1460.010890150071 1484.0978191858255 1503.492151829739 1518.2194896509245 1527.513430547858 1455.2710200813144 1470.088899856145 1415.6756017043353 1511.1140105015845 1447.3726508055886 1458.7082186124567 
S: 675948 1509.6206295673517 1475.486775796381 1438.1738185453476 1482.1929340283223 1515.4684622169948 1394.9855753253244 1482.20304739173 1481.0764191312433 1493.5986453212015 1460.010890150071 1484.0978191858255 1503.492151829739 1518.2659206480857 1527.513430547858 1455.2710200813144 1470.088899856145 1415.6996384316867 1511.1140105015845 1447.3726508055886 1458.7082186124567 
H: 675948 503.8953258574693 491.8289252654603 480.7879725917757 496.57861560893633 507.0372512013899 489.71689778146305 494.0676824639095 501.0528781281592 501.0525181051465 493.06528915528196 499.2888748545383 501.1640506099132 507.35829796975855 514.4725484048773 490.8397805470462 498.4352650372723 493.1189006955815 503.70467016719397 500.93397406831286 500.50943535342253 
S: 675948 503.8953258574693 491.8289252654603 480.7879725917757 496.57861560893633 507.0372512013899 489.71689778146305 494.0676824639095 501.0528781281592 501.0525181051465 493.06528915528196 499.2888748545383 501.1640506099132 507.35829796975855 514.4725484048773 490.8397805470462 498.4352650372723 493.1189006955815 503.70467016719397 500.93397406831286 500.50943535342253 
H: 788493 1531.4208360952493 1443.1033371378683 1473.642143876586 1477.098891838149 1503.819815135179 1517.0436081323478 1428.2808379282071 1381.7869872276979 1452.2705546838063 1496.7133687241997 1436.5009278868997 1465.6050400747088 1420.9115196836492 1426.8162649227265 1480.5728905730168 1450.2772669697795 1459.6965726222263 1520.986471556766 1465.7596826501847 1427.3059021944691 
S: 788493 1531.4208360952493 1443.1033371378683 1473.6757737562868 1477.098891838149 1503.819815135179 1517.0436081323478 1428.3433890646477 1382.1007165139888 1452.2705546838063 1496.7133687241997 1436.5009278868997 1465.6102524280955 1420.9162418099788 1426.9202824896265 1480.5728905730168 1450.2772669697795 1459.6965726222263 1520.986471556766 1465.7596826501847 1427.3059021944691 
H: 788493 511.82517656312916 481.2451991800915 497.58330333491466 492.5887946237128 504.7762735571299 506.55753671217764 508.2367218958076 501.7368736107672 484.0901848946015 509.5557946067232 481.753704968827 492.0564518931592 504.24139399278994 505.32446201604927 501.3157771687692 496.8825449495427 486.5655242074081 508.3097799690852 488.64889911364895 475.7686340648231 
S: 788493 511.82517656312916 481.2451991800915 497.58330333491466 492.5887946237128 504.7762735571299 506.55753671217764 508.236721895808 501.7368736107672 484.0901848946015 509.5557946067232 481.753704968827 492.0564518931592 504.24139399278994 505.3244620160489 501.3157771687692 496.8825449495427 486.5655242074081 508.3097799690852 488.64889911364895 475.7686340648231 
H: 797680 1572.7526361229595 1505.0138526247954 1473.3124872524388 1420.9509886498072 1502.4498982957184 1438.37728403316 1489.7413762312085 1517.6808004173017 1458.195166266362 1531.258222954277 1491.158904323405 1486.1709016329162 1367.7289278126525 1505.1189975435866 1476.0405088587465 1495.0829601789942 1525.1751712806897 1487.2193083734899 1503.3785433831868 1456.486633768063 
S: 797680 1572.7526361229595 1505.0138526247954 1473.3124872524388 1421.0339438185956 1502.4498982957184 1438.37728403316 1489.7413762312085 1517.6808004173017 1458.195166266362 1531.2582229542766 1491.158904323405 1486.176399133247 1367.8019351501184 1505.1266474389993 1476.0557540942928 1495.2068545710354 1525.1751712806897 1487.2193083734899 1503.3785433831868 1456.486633768063 
H: 797680 524.8865246399871 504.2757552290478 498.6640560013294 495.8990587547908 502.7694691837073 481.727265446615 507.2872012975525 505.94577401108893 487.9874407911818 511.19486695561795 497.6002611082975 498.7337061471479 493.9892183951894 507.1684493635131 494.90132149619984 512.6797226720674 509.1105501453287 498.51317937582104 501.30859072228145 495.5626439860985 
S: 797680 524.8865246399871 504.2757552290478 498.6640560013294 495.8990587547908 502.7694691837073 481.727265446615 507.2872012975525 505.94577401108893 487.9874407911818 511.19486695561795 497.6002611082975 498.7337061471479 493.9892183951894 507.1684493635131 494.90132149619984 512.6797226720674 509.1105501453287 498.51317937582104 501.30859072228145 495.5626439860985 
H: 850921 1506.777572125605 1471.0653405483836 1349.9969552872449 1447.2363043060586 1506.781160048065 1411.8208704357944 1492.5097350475714 1474.9331386092003 1498.1239359758001 1462.0044109745377 1438.5113893598957 1518.2982425532896 1423.1428401523892 1492.009854165891 1546.932240203165 1486.3112134714793 1408.0564247075088 1502.3805154501247 1491.3408615172104 1498.1365832088024 
S: 850921 1506.777572125605 1471.068744206731 1350.0212722914634 1447.2363043060586 1506.781160048065 1411.9804467276485 1492.5097350475714 1474.9331386092003 1498.1239359758001 1462.0044109745377 1438.5113893598957 1518.2982425532896 1424.0296783572592 1492.0501417765977 1546.932240203165 1486.3112134714793 1408.0564247075088 1502.3805154501247 1491.3408615172104 1498.1365832088024 
H: 850921 503.52427251193274 497.69743050392674 493.1752736326614 488.708314252072 510.9808706406717 486.3680207380104 497.50324501585766 503.2144734216766 502.06732388182735 489.00232380493185 482.55782650884066 508.12773961119103 509.30631917389115 504.2833787080401 517.664535107641 495.4370711571605 475.68487292841303 501.9428271514703 500.16827442791714 499.8836071341665 
S: 850921 503.52427251193274 497.69743050392674 493.1752736326614 488.708314252072 510.9808706406717 486.3680207380104 497.50324501585766 503.2144734216766 502.06732388182735 489.00232380493185 482.55782650884066 508.12773961119103 509.30631917389115 504.2833787080401 517.664535107641 495.4370711571605 475.68487292841303 501.9428271514703 500.16827442791714 499.8836071341665 
H: 455796 1437.3440777694489 1441.6601617154633 1494.4396390325246 1476.5904490338285 1508.2830505066959 1507.0514898859649 1501.6203210711988 1419.0485943598187 1466.3699156383232 1507.60558051743 1511.61829675906 1468.7518691192693 1537.5661998175458 1513.0375925448413 1490.3005699787923 1463.082520506078 1529.3483700243055 1436.5696781616562 1537.551291712742 1546.3712295733799 
S: 455796 1437.3440777694489 1441.6601617154633 1494.4396390325246 1476.5904490338285 1508.2892876670994 1507.0308782528402 1501.6370515767362 1419.0485943598187 1466.3699156383232 1507.60558051743 1511.61829675906 1468.7518691192693 1537.5661998175458 1513.0375925448413 1490.3005699787923 1463.082520506078 1529.3483700243055 1436.5696781616562 1537.551291712742 1546.3712295733799 
H: 455796 484.9354772420094 481.352694303637 501.4962621030839 496.26101853949064 515.1204887856784 505.46816730420244 509.8856022374313 473.01619811994044 490.785254930477 511.9614144872634 504.00501670427553 489.5839563730905 513.8183510866584 504.79846423985134 496.95312454333015 491.5835991398609 510.9066278993007 490.9706561206894 512.5212504572562 516.11236087593 
S: 455796 484.9354772420094 481.352694303637 501.4962621030839 496.26101853949064 515.1204887856784 505.46816730420244 509.8856022374313 473.01619811994044 490.785254930477 511.9614144872634 504.00501670427553 489.5839563730905 513.8183510866584 504.79846423985134 496.95312454333015 491.5835991398609 510.9066278993007 490.9706561206894 512.5212504572562 516.11236087593 
H: 730896 1563.206826989575 1521.8330983157516 1474.4379910614866 1498.9331336509726 1487.7739701832593 1416.4004253774187 1488.5870596907225 1449.5372007139786 1509.4416108857918 1476.4440075483317 1501.1282270878953 1410.2792111357755 1467.5035599766168 1400.96615393888 1500.066885862762 1459.1728833396007 1468.7829521478725 1471.641557867984 1500.9107763821457 1411.384817122259 
S: 730896 1563.206826989575 1521.8330983157516 1474.4379910614866 1498.9331336509726 1487.7739701832593 1416.4004253774187 1488.5870596907225 1449.9011619001117 1509.4416108857918 1476.4440075483317 1501.1282270878953 1410.5651019576896 1467.5035599766168 1400.8955349174523 1500.066885862762 1459.1728833396007 1468.7829521478725 1471.641557867984 1500.9107763821457 1411.384817122259 
H: 730896 524.3534250843468 508.01132558642854 493.13105906567876 500.2402529930478 496.3624362676432 472.2834546931957 500.5220776644654 504.6894121986856 503.1472036285963 492.14800251611086 501.85699663551793 497.7278725072447 490.64357084558304 499.66922730244517 500.02229528758755 497.7549570480566 489.5943173826241 494.81376761510757 502.4510399909425 497.6592409157449 
S: 730896 524.3534250843468 508.01132558642854 493.13105906567876 500.2402529930478 496.3624362676432 472.2834546931957 500.5220776644654 504.6894121986856 503.1472036285963 492.14800251611086 501.85699663551793 497.7278725072447 490.64357084558304 499.66922730244517 500.02229528758755 497.7549570480566 489.5943173826241 494.81376761510757 502.4510399909425 497.6592409157449 
H: 726212 1472.6883110271174 1547.7275686219218 1477.8423987802048 1445.242428177246 1491.4766427527677 1454.2367957807787 1462.091397257899 1488.4896722867527 1521.9904942986107 1516.1041703343235 1555.980838396335 1493.6376585430291 1527.989928608828 1527.8369231199858 1468.411734790731 1513.573746810906 1498.38422392179 1419.0392607732474 1457.619030438168 1464.8228067092703 
S: 726212 1472.6883110271174 1547.7275686219218 1477.8423987802048 1445.2449770136163 1491.4766427527677 1454.2367957807787 1462.091397257899 1488.5193635773162 1521.9904942986107 1516.1041703343235 1555.980838396335 1493.6376585430291 1527.989928608828 1527.8369231199858 1468.411734790731 1513.573746810906 1498.38422392179 1419.0392607732474 1457.619030438168 1464.8228067092703 
H: 726212 490.89610367570566 516.0645220333711 511.2558314192649 500.4151548670712 497.1588809175887 485.3546219373525 496.6205162344149 513.7777522061548 507.4750026991862 508.2443083240837 521.3393766581468 499.8930604867095 516.5355106805681 513.438796538082 489.4705782635767 504.64686981030854 500.60969550393963 483.9370243243702 497.45505564646834 490.3121521223313 
S: 726212 490.89610367570566 516.0645220333711 511.2558314192649 500.4151548670712 497.1588809175887 485.3546219373525 496.6205162344149 513.7777522061548 507.4750026991862 508.2443083240837 521.3393766581468 499.8930604867095 516.5355106805681 513.438796538082 489.4705782635767 504.64686981030854 500.60969550393963 483.9370243243702 497.45505564646834 490.3121521223313 
H: 407523 1534.859104564303 1547.7010246947705 1473.5440977457033 1538.0913202572356 1517.778613860182 1445.2969538193079 1467.1213789787737 1453.7985157502987 1461.3808488728555 1421.9603407853767 1489.59239273429 1533.5528997799065 1452.8994573024631 1429.2150832943546 1461.578467314805 1482.8055805400231 1479.2239254455137 1512.5279352371056 1465.633247832145 1509.5429707833948 
S: 407523 1534.867474148754 1547.7010246947705 1473.6726710162468 1538.0913202572356 1517.778613860182 1445.2969538193079 1467.1213789787737 1453.7985157502987 1461.3808488728555 1422.499599468094 1489.59239273429 1533.5772267373356 1452.9066544548562 1429.2150832943546 1461.578467314805 1482.8055805400231 1479.2239254455137 1512.5693985451762 1465.633247832145 1509.5429707833948 
H: 407523 513.1727697825401 516.0587994054231 493.37362299219876 514.5937152564775 515.2441974035096 482.7293280963119 489.08195416830375 486.85303692364914 487.4586150974073 516.7675134456408 497.8128035985857 513.456275124418 497.1095707015739 476.9687957324458 490.27496510305406 496.3456539715125 497.8088260788022 506.2656127243258 488.5444159440488 503.8441364661898 
S: 407523 513.1727697825401 516.0587994054231 493.37362299219876 514.5937152564775 515.2441974035096 482.7293280963119 489.08195416830375 486.85303692364914 487.4586150974073 516.7675134456408 497.8128035985857 513.456275124418 497.1095707015739 476.9687957324458 490.27496510305406 496.3456539715125 497.8088260788022 506.2656127243258 488.5444159440488 503.8441364661898 
H: 82267 1438.986518767 1504.679584951029 1442.047855223881 1472.3531729637473 1441.861966795768 1491.053743568618 1474.4758239010594 1423.5960957560396 1389.4879402310773 1439.7029915097942 1515.7772392747745 1439.296357633935 1490.045051650938 1426.574561954143 1488.290007302082 1464.9320778137326 1477.9725489922628 1491.421369369853 1435.1456571329902 1463.9801440727874 
S: 82267 1438.986518767 1504.679584951029 1442.047855223881 1472.3531729637473 1441.861966795768 1491.053743568618 1474.4758239010594 1423.5960957560396 1389.4879402310773 1439.7029915097942 1515.7772392747745 1439.2974298339902 1490.045051650938 1426.5252779533691 1488.290007302082 1464.9320778137326 1477.9725489922628 1491.421369369853 1435.21925604341 1463.9848306316255 
H: 82267 485.1749871536857 511.3186372840687 493.4610317325234 500.4715811893646 482.6328506338367 497.0179145228723 491.72190537396335 481.3960403009369 488.47328094972306 492.67330725811297 508.7815902555356 488.33375688327015 496.9358903376468 493.6849624935292 496.0966691006937 489.5179180531081 493.38926402031535 501.8827273371622 498.0466814855904 495.32655264526835 
S: 82267 485.1749871536857 511.3186372840687 493.4610317325234 500.4715811893646 482.6328506338367 497.0179145228723 491.72190537396335 481.3960403009369 488.47328094972306 492.67330725811297 508.7815902555356 488.33375688327015 496.9358903376468 493.6849624935292 496.0966691006937 489.5179180531081 493.38926402031535 501.8827273371622 498.0466814855904 495.32655264526835 
H: 49280 1470.259713662908 1513.7722176384004 1485.0048893354508 1506.9836165432644 1478.4765381642646 1423.9446235170892 1428.7360645534175 1377.4257509156078 1460.4061418594688 1489.365224296531 1525.0205494084514 1486.7383526562203 1416.1680227993193 1491.3235921837304 1438.3048717859617 1541.6045035782342 1488.2489718210416 1470.0442363689083 1551.4422468412836 1500.7400106238633 
S: 49280 1470.259713662908 1513.7722176384004 1485.0048893354506 1506.9836165432644 1478.4765381642646 1423.9446235170892 1428.7471421172743 1377.843150289408 1460.4061418594688 1489.365224296531 1525.0205494084514 1486.7383526562203 1416.1840372424183 1491.3235921837304 1438.3313888274333 1541.6045035782342 1488.2489718210416 1470.0442363689083 1551.4422468412836 1500.7400106238633 
H: 49280 490.9259580668413 509.29603964234883 495.00162977848316 503.41109593571355 493.5033590517163 482.0142065069302 502.3601436682193 488.90070557752034 490.9089127013947 497.48662823507703 508.3401831361506 495.9674807635056 510.6747207289693 497.1078640612444 500.6953834391556 515.1546042117193 498.54111738290754 493.5692296426183 517.2817623693946 503.12839238578243 
S: 49280 490.9259580668413 509.29603964234883 495.00162977848316 503.41109593571355 493.5033590517163 482.0142065069302 502.3601436682193 488.90070557752034 490.9089127013947 497.48662823507703 508.3401831361506 495.9674807635056 510.6747207289693 497.1078640612444 500.6953834391556 515.1546042117193 498.54111738290754 493.5692296426183 517.2817623693946 503.12839238578243 
H: 619742 1516.7124011454812 1471.4910948534948 1488.4904083667843 1465.5766043289655 1502.7366547607749 1470.7449499498462 1503.0771160356014 1512.8236229843756 1480.9683651298592 1530.3050741725244 1506.9844197893 1494.7159396484944 1483.2862667201389 1520.359123381769 1541.9233990448542 1496.762223967209 1505.085590863386 1455.7620492864592 1482.184378579896 1441.8888182428702 
S: 619742 1516.7124011454812 1471.4910948534948 1488.4904083667843 1465.5766043289655 1502.7366547607749 1470.7449499498462 1503.0771160356014 1512.8236229843756 1480.9683651298592 1530.3050741725244 1506.9844197893 1494.7159396484944 1483.2862667201389 1520.359123381769 1541.9233990448542 1496.762223967209 1505.14322257916 1455.7620492864592 1482.184378579896 1441.9894232022461 
H: 619742 509.379111948126 490.95576470581324 497.395527613555 489.08380629917013 502.6384505045499 490.3752874788212 501.3528549254429 505.7570494973401 494.94795279681375 511.93582692305773 506.97885157647397 500.0389639235734 494.4287555733802 508.8194211460738 515.943100393879 499.9358535883253 514.9266327046447 490.0544692412022 494.06145952663127 495.6089064133027 
S: 619742 509.379111948126 490.95576470581324 497.395527613555 489.08380629917013 502.6384505045499 490.3752874788212 501.3528549254429 505.7570494973401 494.94795279681375 511.93582692305773 506.97885157647397 500.0389639235734 494.4287555733802 508.8194211460738 515.943100393879 499.9358535883253 514.9266327046447 490.0544692412022 494.06145952663127 495.6089064133027 
H: 271444 305.9710029317337 332.72197852756227 352.91141277974083 319.92403360686905 328.42930656843987 312.9573881452905 362.783067930772 370.04992039934064 307.11261858982243 341.52588928590416 327.34494654224636 334.86974850155036 329.94207137154825 325.497757663409 305.2765890166238 333.50854306082425 341.72086480835037 332.9418555290527 321.05656656931666 344.3588163105399 
S: 271444 307.04933821441534 332.73316116097925 350.7141289006753 302.00280548691944 328.42930656843987 312.98247292131936 362.73708257169625 362.51514950396137 301.2939819127704 336.37298198122363 325.7530559364041 330.0827650940705 326.81169113544854 326.3265938663111 306.19570194935824 332.24685643285954 341.72086480835037 327.91740061946916 317.19965822413985 337.10032108839084 
H: 271444 124.06967940718089 204.17281077673255 221.0968012669097 133.82273114588452 171.15858218590492 161.8431329263512 249.53929362458538 299.2566904163675 152.5297117144123 171.70703950985472 140.07976425117758 178.1375985768013 123.77829099932258 289.9223343044216 145.97034672554614 158.80716609413258 124.67784345191856 169.89952164728538 230.69651627348327 418.06836058064204 
S: 271444 124.06967940718089 121.18566530679765 221.962831909538 173.68249385568885 262.2917574305523 113.06229691379632 511.39958758819125 234.17043325255005 152.22840278947143 172.17864591121182 370.3028290627951 139.77129343400134 123.77829099932258 289.8198942992562 154.55306977675772 227.56253322756464 124.67784345191856 131.34234136320887 120.67510845418374 259.1414432209351 
H: 739127 319.0388599954522 327.6155196176205 370.7824892709974 309.91363287862106 351.2089567957489 372.7132198423836 363.94658176430755 339.2585286397575 399.31399964905177 346.8192541703222 356.86392972745267 353.2072778416848 341.88371395272117 338.6829775326702 350.3217797656615 362.2697109258422 352.3020009771837 294.47987776597074 350.1734354157037 312.8739251497615 
S: 739127 328.7218791047098 327.6155196176205 350.5706626306075 309.42467846821506 343.4675481637611 357.99140857480353 344.62036473543617 340.6921575949836 345.8183731767186 356.69637384646626 349.9931664276176 342.40897233566955 319.49594340455354 327.06910046099097 357.03394444685966 373.5091838250003 341.20609883264916 292.9373877013978 343.6477412838069 323.4532652346244 
H: 739127 198.63967207417429 419.0198570676123 564.2396942919752 155.97459841672202 123.29619688884462 203.5717894551854 416.0507529139331 245.02990723763185 475.3953341111631 282.0335229051503 196.84686591767357 214.3339361560738 250.0775797299471 273.40744604103116 176.61825948267256 120.6312848667941 223.3595744298117 125.42414491407459 160.57739098901337 114.27440663901368 
S: 739127 230.943152262278 326.4679822580825 280.33118958034225 225.18428479286646 123.29619688884462 249.2744317421861 122.76160575281531 216.88393567952997 578.8665489761736 239.11502307719846 183.32240351466288 213.3375876793891 156.80977493169826 162.0537144865711 191.68223145404892 253.6422116625274 206.3070599475569 126.18744874357276 160.38618496313194 114.27440663901368 
H: 838654 343.3357954757725 311.00822565646655 321.1543778139347 331.5875959456026 355.49381817182035 350.0934348710217 328.9196789581601 380.55452737571636 350.3341576435597 358.2244685185181 335.42432527082644 361.0505565635499 316.7433955044793 343.48556356897654 310.84905145218363 334.5860210537524 385.66982115714603 327.9298208231868 346.006069250519 305.7696972649741 
S: 838654 361.72934493489424 303.2102171537889 321.4614262879166 337.19163001550555 351.352988653747 350.5915445337619 331.0560283713239 359.5102773790679 351.57580928711155 355.6888100657347 335.3337262347196 333.05051586902755 305.7339344499 341.031162756095 305.1635172345809 330.4298107278238 349.9762649012651 327.8738871054315 337.6868520229997 287.1995224822652 
H: 838654 121.71068557988758 151.99065649134923 225.86610041824179 181.65096966114922 357.04389439401893 211.85425575136682 117.67211430434608 364.8582775856121 388.1672289851388 261.84087367539325 334.7713049052518 353.4159317072243 167.9714123826317 263.6704017804685 150.28851412642786 209.25411438850767 278.65699816141426 122.20151420761259 492.4358603975291 110.00037879173368 
S: 838654 121.71068557988758 233.93395975752043 225.4483004793747 255.75219660536516 214.25150972734832 182.71968985834323 117.67211430434607 401.63606567936955 472.0124864748744 316.38030139047186 122.86677469004924 212.1753339220972 163.51549107286507 183.64390927722064 150.28851412642786 150.79079060461285 278.60860832483274 144.14845887089368 247.69693776452866 110.00037879173368 
H: 316909 339.52105498107966 346.0226839555353 320.76507043575 321.06983319941065 324.9190898704188 372.65421557225056 355.5633670403422 317.72792142348175 313.07432630214714 345.0883732675601 318.47497733953946 390.9017140586876 332.64428888063196 331.8542744337449 324.78380430760296 320.748130152747 362.84404302910264 322.5545151801054 334.09746403285084 365.30743695257314 
S: 316909 344.74488719447197 327.40507049518675 319.67861160038024 318.747333222539 322.87582355555793 337.7282250940159 344.93775906720657 333.96176650167985 298.5639165725822 334.8697455467999 317.2321847588292 344.8737840527863 326.9646902391955 325.8286655143081 324.63506980572356 311.624525727792 359.44965152756 320.9624547317359 331.0821455837842 335.9794575425094 
H: 316909 174.9914164358897 119.85219759335622 141.0999322761284 215.60917817888037 210.74229826528918 172.14287814980378 281.42961136485343 133.64384530027203 159.32591892705346 204.48949528865347 171.46828868486216 308.4705919261017 169.13774703907052 121.68527695738638 251.5273341213789 368.1473605023704 303.4956746318423 165.47027725152913 219.68818058955523 350.1843197989815 
S: 316909 294.8069587201931 119.85219759335622 140.15506626038703 293.48560359735615 120.3675958876297 165.3845185720407 213.17355518472738 133.64384530027203 187.38616150314127 204.45830407770737 171.51671919906428 247.8664587879026 241.61134577361844 121.68527695738638 222.64347092672247 196.72028293612428 303.4956746318423 190.2642277283533 220.58108262632152 173.3614938948974 
H: 249261 292.6101771730955 316.1243971528347 314.3182797278779 315.653645322089 365.31091689451216 343.82344988256295 350.5053139932639 299.77551681823036 321.5037126326107 334.6000406215594 353.79679273936716 315.82295914888266 336.76444946755305 382.0067260072833 346.1003916695281 356.213493145083 330.7665678279482 356.6617755817954 352.87901999227734 306.8709604078133 
S: 249261 284.5377077863348 309.23199668244484 324.3220170973913 318.0377609385307 354.23519914242127 341.3498077401697 335.9046731373802 298.49526796511276 320.19756484452944 327.79470047762595 339.3290226402406 320.75069381381013 334.231077631032 365.8244534234682 343.5561470419677 342.0533666881539 331.7571044131233 332.2789452396701 348.58326898571477 304.8495775051856 
H: 249261 196.09997342129873 318.6698673532371 250.03729146796687 222.8344869761051 284.8697422188836 176.11307212936552 122.36104256852563 323.5733388675099 177.42837942430532 362.2618864986374 242.33814040082547 276.053636539477 132.64526337472788 208.44359947983762 295.81649304721304 397.0144470052166 378.52808344115317 300.23546990256915 279.4931509805963 296.60655034468164 
S: 249261 150.81817415640967 244.5378060715925 251.37757290550928 222.74593528075766 197.1380161624276 176.11307212936552 211.1099037686947 149.7799361410952 240.63099180933222 272.24784145030776 225.48147056834847 327.17282162409066 132.24040449231856 208.44359947983762 296.1143308164913 245.5510531219701 197.22869214015867 202.52352998723532 280.3603669578034 188.16445410558683 
H: 899684 327.9552946018796 305.4776538303501 367.05204627116757 324.37304698853023 317.2344954566518 403.8764430314357 317.46200459294 321.3069697507178 351.4646014875304 352.7950680650125 315.84318556796626 333.6926840607833 314.5443689670869 346.07343105172276 363.3110101540534 293.0475282910501 322.4119190350286 315.27102121533164 350.8832098318624 333.37241527093073 
S: 899684 323.6947308189215 313.2356373699781 389.8339292581502 324.37304698853023 335.0441982808819 357.21141834062286 316.7674188640718 317.91549626432203 346.8170930718694 348.1540797446284 315.60309938147134 334.708450531903 315.662697887641 320.0092985104628 363.3110101540534 292.001932559363 339.6329166765394 319.5288834076661 347.3920060261025 336.14500712599096 
H: 899684 181.45043797733646 120.67660061960142 124.68121949416506 686.5525095203391 371.0651906935106 249.9591159058383 210.95518864951976 161.14196602217314 160.2324004850756 259.3282056757055 193.69973697983917 225.6034987418713 273.5681651059989 123.30355565630668 486.38904520288224 185.0638428566415 287.9357530490403 369.1730182741134 303.5088592789138 258.15984647188617 
S: 899684 225.47774945724063 221.49205001492152 128.72287935283515 171.80113487745285 170.32668200131437 132.34186904059817 132.59743198625702 161.14793902213654 227.87899152987495 259.3282056757055 141.2571195238387 224.88161934889317 130.0169994565889 213.85336737353978 242.2049441844312 130.10747969825792 221.62137474831894 407.9814789842359 303.5088592789138 183.49721057212756 
H: 511939 363.2493033278395 365.9497250470645 332.4078593524296 372.91149884793714 329.19486011843685 332.31441407739175 313.5142368090879 328.64145554735217 333.82447586612835 345.8419202590338 311.30713532906015 350.1743968751726 328.68273825771183 306.0300173302571 333.0452933583788 351.8861554540502 330.20818631724376 290.98681748688387 353.29519172567194 352.0157493473666 
S: 511939 352.8443314096921 365.8532062350487 323.97251033647603 357.117272328547 318.51540638773827 335.32422935916736 313.83240518859066 338.23335860150536 321.026517141527 333.48346676333966 305.1931902909353 341.38210877963564 348.71473654301036 306.0300173302571 335.20500794024804 351.6564299890285 328.72786879507356 289.91605669834695 356.389362387015 352.0157493473666 
H: 511939 315.90043188973704 232.3432808699871 122.2688537987292 183.06346154680048 156.79307698672227 124.21870591998406 209.65232642172876 155.84383053963086 372.208784388273 128.00459903537663 142.829028748902 344.21680431585406 129.12365610905695 272.43613236002267 295.62788843985277 226.82191494015711 259.9682430049577 178.64559473625536 234.5975706267956 384.4528406331617 
S: 511939 187.53372342032023 221.43979063721528 271.9842249157116 294.1809371725585 111.87357065192437 223.5386105474041 294.09954737000965 155.3912984570876 353.8956530728889 188.83834768701433 176.0135673872668 335.33941482306085 216.04524513467763 370.9888959159825 184.33723959550346 241.49701825800113 269.6639336954984 178.55249556163224 310.449885504791 384.58882822431684 
H: 508838 324.119388615308 325.38060374755383 309.374374510522 309.3320107273547 326.8808164480824 336.5842880206265 308.04400508793407 349.67665333310055 344.9172057277255 318.58237095442166 312.3013080245176 315.7885860710576 340.3020054868694 339.31216828562066 331.6411058690683 342.5818047344114 285.55505516049084 343.112745835884 309.29429499556915 298.5960087700015 
S: 508838 323.4745295354033 322.5253655209293 301.78118956403955 310.698106723764 326.3732019786674 329.1992815492046 299.6485879688903 331.0667601280454 333.2683809929104 315.21669719246603 314.856161430194 316.31986492521344 337.6774809496817 325.6938448523417 336.38714782508276 336.13756442821 285.48821709709534 342.2698077964358 307.2222148686347 300.31775354239994 
H: 508838 147.65895527318048 245.43395440893505 272.8606844284907 249.8235764011797 197.89080446693117 242.9823640507504 315.36598518442844 376.08369265329833 272.8049713189799 262.8920475682186 178.15823717697458 247.42165419556773 245.56001996697162 186.81516112228718 158.14947523827186 190.07641664964098 154.800819280521 209.1059913273975 148.9128671487143 153.6645774390153 
S: 508838 147.65895527318048 138.44978131060438 274.0344414091748 145.59442504214275 250.06461336402762 241.90671636754078 278.5590255064014 323.06156961246234 248.90466344451005 147.82262485675682 186.30062706545777 247.41437792741473 312.48927360228436 186.73616099725155 227.72401142739332 118.98636616052966 156.9960785513734 208.94608252107494 123.78465115813903 152.79614799940256 
H: 323430 327.42732106610805 317.6650109081901 356.35671551333456 356.0499993043297 353.1879390126408 336.84723571147157 316.77220917787463 332.38126114803896 327.34187534342124 326.3147069366125 329.18840668943056 313.90866222841805 350.5475378329854 363.3242206202341 325.9713412689713 349.5844674695512 358.8169658036501 329.57524118523526 327.77445342446583 332.7547719717612 
S: 323430 329.01155055543524 320.1963926470629 354.13294566074455 350.2326978028889 354.42676645063386 333.01129664284565 318.42050666151454 331.33493613776795 307.4278940635181 331.46340414423594 345.6896557791077 309.42082367418584 347.3331373367624 360.1642045704728 307.76899812625885 347.08927827550536 347.74979742086657 324.0654544698599 322.1451391972237 335.32775572877597 
H: 323430 218.25582041322443 258.49142064986586 205.8792477792267 273.7241731813483 129.6981640860212 174.47571116267588 127.66919209151638 205.48333082157126 172.5924029243384 164.49314097540073 395.7069547139254 210.66815331431096 280.744071576813 243.6804520459084 355.1275413556368 153.57821866292574 117.91058165481273 167.7767011619254 242.21374069347908 124.26335335247629 
S: 323430 217.3612373999901 258.6320770790571 205.95221151537092 332.53967146381325 129.6981640860212 174.16799079870387 127.662758575033 350.3715813423952 171.99083609384593 164.49314097540073 239.12845987278087 244.96824698265118 200.70235546723444 243.93515198619096 326.2989185423893 154.09244044877147 117.91058165481273 124.18233257426007 235.6419283505846 141.05384568625138 
H: 355499 339.26285845942914 349.7955378529722 347.4133082121268 351.36713697168824 333.9121628480042 339.32242698711786 311.7170158140614 337.2133180563352 301.68987520537996 326.5488968434032 322.0325749650292 339.1926077787257 334.9102159494559 333.03063488678487 344.4571891897769 364.1997875909921 353.04303561598664 326.72173371583443 346.6843174672928 335.23953918042344 
S: 355499 328.73199531265556 333.7952538865805 348.35418182250044 351.66181338124863 333.99161816999657 336.68185367128524 309.6728437316267 340.34983245670605 295.62507522315974 323.16380449041736 322.36420215305714 332.1096062736675 334.28676967460916 328.16496013310973 352.8644113045977 345.8363408372071 351.36626776975123 332.5814241681385 359.02865723531187 335.23953918042344 
H: 355499 192.52826851911004 197.577383077772 259.70433785323956 199.1799611776376 122.1320408390954 262.7768910810232 222.26766065411834 211.47465751471054 256.1743977493697 157.89757764404195 209.2078052627433 261.09731922727724 250.32189091018228 264.0928651659557 201.78843691809834 301.1886220682079 236.30972154051503 145.06799286066075 173.82520912695279 162.25386848815884 
S: 355499 116.95652678238626 197.45746778726541 172.9325340245705 260.2085032765123 122.1320408390954 125.77249116663053 163.69809569793304 211.46718425402915 160.44804358396303 157.5454362253563 168.19447011407115 260.41578623403694 221.378760304552 263.5250331849826 127.61351827521932 183.31857377244495 224.76341555620948 143.7834693669624 173.8549575264539 138.04452355823463 
H: 457187 332.10174131232463 330.9400938459416 349.141298969418 322.42845523209286 324.3347818404077 308.6574457905677 301.58746688642856 322.62398523959524 350.20615062039457 334.13398839434507 390.9400988003894 343.298549937837 310.10200610080176 326.55726132825754 341.7198327748234 348.10393617275406 341.27358327070414 323.96118119965917 306.0005741189903 309.6868151477285 
S: 457187 322.95764565505795 329.14201985622043 331.8811141200262 313.90758744369026 330.08941518827913 308.4342903952124 299.973885938098 321.9590554948813 339.0870898063777 312.4071287874234 381.9227450619264 345.9153467851582 306.79606825531425 329.07935876452535 339.53356732121415 312.53400605256974 350.34028146700194 325.50876856682265 302.1953173687548 302.31904478924537 
H: 457187 419.10989527853184 170.77060322824457 324.957727474257 207.85624309900962 253.78829575155476 225.98701881077304 118.05887273304445 398.5559270390596 251.84092809633646 230.6157490510056 329.69324615157734 163.61786869989552 178.98791479623364 228.79663520124103 381.7685044175864 367.95728307528543 157.94767111170447 137.41634058805337 291.92506929812 176.3106965822097 
S: 457187 220.73013350724605 172.25138293906545 176.61336642218714 226.21967187035418 253.65234561002558 173.45553496888053 194.8980200582754 171.85214307985325 167.56561756237167 162.0276665329287 276.4955946351176 131.5630744352365 126.64411285782344 185.85221205154153 159.66594495960823 290.0014995788037 230.14475153312685 137.2176267767417 112.83171275701781 175.5734906311944 
H: 976654 333.47385927976603 306.3903500795008 373.3664871788902 332.01249363222695 345.92488297431095 322.1281715903056 330.7377707752508 336.5015108684014 330.5291404527402 330.71675437555484 315.11842308844285 322.1503378573861 327.95961469931456 305.87135368713376 307.00315339178564 288.4676381489049 322.99362136453317 360.4404420384619 305.7870292660362 387.5159554367075 
S: 976654 346.4188515614595 300.5215153906933 364.36917685299375 321.1159030956531 347.2661265141642 322.2246246585391 346.3161275986272 336.95409034545963 324.82410068409837 300.59821381906687 303.0984792559863 320.92017224250793 322.8847563112429 294.34160069514644 307.0757141785137 286.46269004254077 319.9220173808651 321.5534085859902 305.2556193484341 368.69007418998495 
H: 976654 467.30645632901263 246.04891762422844 299.98807499860914 151.44702323023418 194.8148956986689 156.65297937643604 141.19487043656437 302.54483097840557 328.7329585487375 262.5539701944409 141.84824021083514 160.39594587226796 373.2231463150064 131.54932158773977 172.69552710445146 121.71795603486345 157.06176164026857 151.52003573916392 147.2187997996218 214.0334199531138 
S: 976654 332.9776612274652 245.94293143986235 299.9915973735634 292.0778522535165 196.29714816976843 156.65297937643604 141.19487043656437 261.8459895084539 207.64027324975157 197.6046416386073 233.50938783103413 228.64737866956344 299.6511979914329 154.77321793895308 211.00343244442956 160.2884711618991 335.4416155767705 114.43902399170173 151.77981106972706 213.92575493066224 
H: 80446 368.5010306003949 343.79132945729503 351.9369752905866 328.3595892305834 321.27505692637527 315.3713017548649 327.72970964346325 335.0383539436825 310.63904886754085 332.42748886155937 325.7378405743867 327.1460597938969 338.53299168140313 346.82647625052454 334.9798459944874 360.7676789026919 342.5621689406883 343.68051932544716 332.8468281962572 304.4994584204466 
S: 80446 351.49061184321044 318.28399426430997 362.427871758443 317.342061211535 340.32958566359986 321.10886919724805 311.61746766108973 312.3187725833931 312.62915338817294 328.33195341241844 323.58199266716105 323.4361968441019 327.4086876966322 335.00893191208917 332.99269616624315 317.0530039846873 316.72951760752653 360.1328308778844 332.8468281962572 290.0898880158088 
H: 80446 364.8117030103777 287.0938858714399 189.16049274528908 222.77781774228995 301.00223304151604 117.46072579843242 257.4241029099832 154.70108697391905 303.43377585537274 383.5230880619984 145.23056418544527 146.91724002278082 180.30069727014293 166.05250555488038 235.2249824563899 290.8308986593366 268.13158010290385 418.6385832562944 472.43880833617266 164.41115260205981 
S: 80446 316.5872112533086 188.1371856168439 249.05390655858758 125.19490758077016 301.0905622566266 170.23066182006832 112.24214575661547 154.70108697391905 132.10205325419662 316.26311731026084 289.75833598623154 457.05205865488307 180.52646410010968 166.05250555488038 156.23305224209957 168.73530364894188 262.1748620576743 148.47238246604687 218.41894173921568 163.29186793171675 
H: 961297 330.7765306816446 318.38324242927496 326.1190760034866 374.50668044408087 321.3537072840718 333.9069819070171 341.9116524201661 321.50345705258246 336.36144032024134 341.09102535917464 328.825248618351 322.2317458591993 329.64190487344007 349.6333217494612 349.01265649776667 326.1783372170779 352.2491128624739 303.74890801552925 319.32757601255867 301.9730110818712 
S: 961297 332.4266751253993 326.6041325336001 325.9952302104335 348.16913310493845 313.52313811993776 329.3937404796737 341.7314233311928 320.958193960172 318.84751851579983 320.0624075783577 319.29311405044604 321.7305348045912 328.5424164434313 329.9228711978344 342.0956047009093 327.31132674726905 331.3537031426305 311.9481455283835 336.13491707998 300.9966753549186 
H: 961297 326.01605546727876 261.72619663241926 266.9922414056568 321.9048660058628 173.7942495182642 177.0259665550512 378.1787916823053 207.32298089979182 547.3751173455063 160.745188006888 198.56170145067588 136.41511034005754 167.42450286662853 118.31112757516631 151.32982807461389 250.05411930140323 146.89462254916438 280.4779938616137 155.20533091449937 120.243535791242 
S: 961297 168.12730724286197 261.01804577933854 266.7211133309091 230.68622052347555 143.4281867749505 121.90958872342317 346.4163496067877 207.29619473374706 319.7933333828518 255.61618407776533 149.99944343888285 136.15170792933424 138.1527666115916 172.51437820865328 151.32982807461389 250.0806552107503 120.51008078215077 108.39496754058642 258.5815692507396 149.16610461683544 
H: 136448 327.089442739819 312.8169193084486 334.40518801505937 334.7032781857779 328.9805196915107 345.8858172042601 329.8020923561633 349.0954088578152 335.4362937230334 338.1472556757348 332.06090446189665 344.37567683165514 336.65269807346255 322.58237795950083 339.103701385913 351.5005993600072 360.59408682982394 302.42488643432563 315.73932904944087 299.2879627137421 
S: 136448 333.33773595216167 309.5399505237437 316.9038096706678 344.4437985009687 334.9806358740854 350.96332366458796 313.19800088630166 328.5658791005895 326.3308040049309 338.5463428023048 327.72985743343276 319.3155596750956 336.65269807346255 321.8591463176944 339.6605126234637 332.24315532373595 352.7538251302737 300.70958341414274 316.67764864552623 291.89462786389043 
H: 136448 180.58615100559646 215.97456921096975 203.14377471142996 123.70466210099381 162.5978272422958 159.3706879158245 261.6031765969187 611.5940453599204 295.5837654957166 484.8128737305165 159.64821166936164 193.69249004010214 225.15615618698993 178.17847387855872 283.42040055793655 124.19302290057422 196.34451225793688 177.82938121424658 165.2009223449054 191.74899924949605 
S: 136448 271.8311006270813 215.97456921096975 158.1788955270896 123.70466210099381 184.32641291522714 159.3706879158245 236.0700386058646 177.39133080323418 200.54801464088334 315.1557122431826 239.9282801185239 129.96994854788176 225.79036006171128 195.60712956722787 291.1062346218204 157.05547019730287 230.51502257376626 177.5754035805452 111.54280578123384 177.086740394136 
H: 509973 334.78616856720976 354.93350992928623 310.78344282823025 336.4477897729471 351.03305862832383 367.2290473465825 328.9363694699258 351.7856545072604 374.79044648846246 285.47833890046405 358.8182939810737 324.02587706897856 319.9260466116362 296.82333322206796 352.1692091411559 327.3716376620025 298.7271423470698 352.1984017605371 323.90861077017763 291.0522517283527 
S: 509973 330.92817539668346 334.8282839425757 317.66359184546207 338.1525185332555 366.12207138287755 368.7401216855125 329.0739232170907 337.08960846282724 357.1130636215827 276.40161152200676 338.5799905578418 319.88139186625955 314.03407492229974 302.94586933156046 344.7306282152731 326.6005976216199 298.72554687935445 338.30956633661873 324.66484772045925 292.47682550811476 
H: 509973 295.7090613311043 265.418481215024 228.99645124470084 207.68755533266923 246.0012572095133 267.5876560085968 186.51024175037972 119.84030661062052 125.08684769806439 175.44856486506313 173.53258027282544 215.07816663153835 119.08169415593551 147.30375738677503 166.30368718684187 190.78328020675872 207.62225644956567 288.92947831187706 167.10375735027165 157.62215517553298 
S: 509973 170.6297851415283 190.34673544207345 183.88406592444193 266.43018259452356 246.39414573391542 267.5876560085968 438.30889063840664 168.5351198104431 149.68870832237735 115.32197597602742 254.01429769617022 214.8662123186359 184.26433859034933 147.30375738677503 167.064407298848 190.15241211452494 207.6171935227028 139.10208390844332 183.36182034490201 156.26642651496294 
H: 260493 352.1179685669983 326.2997736823611 355.989111879332 311.0877558462125 307.9957617083416 350.864780391568 318.17824426662446 346.0213758361011 311.39917269990667 323.2818488817642 311.4107595610283 307.5379363517465 384.8053126093098 394.44564833728543 319.98918108611446 330.331733387611 342.06806872289485 354.7699655181632 392.8526788450017 346.82746956708814 
S: 260493 351.2722836144215 331.81368120741104 327.37184465307104 305.94682459361877 302.1462057121726 338.2262182833549 315.16174613391104 332.8674546027293 307.82732412869194 338.03639867030387 309.65145215930175 306.53832287641086 343.9714362118522 328.82217816032863 313.2988524485274 335.6363838063654 357.0955398479434 336.5717288109951 401.40719017960913 347.18493247659393 
H: 260493 225.32123880027518 207.48440560210588 206.97064684418194 144.6943635183138 182.20463265460106 198.4650417304285 484.12356346355386 206.93614533410937 236.35090846277694 225.2405321930729 117.75411760857466 131.15230015271638 261.7011079650332 390.452997775417 193.097333760177 282.9922186824151 265.8285810636521 118.11819898870745 510.3141813680504 310.2021798523262 
S: 260493 153.88147070642546 256.1080256667634 280.48083297089966 144.6993269390903 108.57282890896629 259.51830405523623 335.31829075350396 182.90809060485995 165.1548923813516 170.99375003757103 177.14840682331902 131.15230015271638 261.5663705161811 372.4543168729896 212.1625538540767 264.6986818188483 258.00685604817454 118.11819898870745 350.35068044786055 247.555846917093 
H: 868229 386.5111262448176 314.8726567691825 319.0855159647244 315.352410368358 333.19966090431626 312.0003771908271 353.7461323633799 344.6103020438453 334.15003341339514 318.0982958590938 383.1607289938539 315.486990465413 344.5810843903563 391.4969281419467 361.9929466204583 328.70626889250053 333.08055448076465 359.4284062422699 343.66081667986714 373.7304591752012 
S: 868229 344.1547654234674 308.395158950487 318.9938028088312 327.8104889527264 331.29093507117506 306.4867538944773 353.7843057283941 323.27944819982184 320.50427423835526 323.9637852024355 360.2841414516212 311.035897849386 318.27797426622004 372.2883573921388 330.8640176215573 309.6871292018507 336.7667815980213 359.463215697321 343.76610492179987 331.7242455445781 
H: 868229 195.17100139731215 236.5303677969596 355.6677990728711 398.11606643803776 152.87899523646652 166.31919998171898 175.50467168416748 231.37994009544835 286.64000362336765 202.1420889669184 431.21608064935845 156.38336563085036 178.74777297120312 242.71907792132114 297.43437643833636 216.64375388023038 429.952776324829 279.16780166529503 167.92920582333696 281.1208894455112 
S: 868229 183.3038980294806 262.0584107420617 354.961945948368 280.8272059695474 236.4288310195977 219.55871928087763 175.46435512893729 320.71699818507557 322.9956052595548 159.62098584589148 374.7467784020641 116.81369378971974 149.20339242276282 132.85789473302572 262.5794089152965 261.1359821347578 257.4246001505333 125.54695616798044 167.06363859704018 153.21970218842122 
H: 427142 354.70851363701735 319.0514602113177 339.9935175288919 324.10267266994697 344.8688770021109 336.6865705862523 337.9912311457722 287.50811756808 346.2469882892227 296.69865851477164 345.9814041927028 324.81810606345806 325.72746082002016 347.6365589162011 314.84624334536596 344.95798573253956 322.7943790072224 323.7977670101504 350.4439919604517 319.40317594006837 
S: 427142 352.9838335274359 315.27958971334675 339.12293716851246 338.15197618765666 338.2292051646424 304.88834479124375 332.30315484288906 284.4255886733003 346.40040868409 296.2319342541587 334.2427306772722 324.8155788233927 314.72108987554583 340.71618813053925 314.7738076602204 341.854463247765 306.1564912749099 318.7655296548681 341.7474116998356 331.9023731589713 
H: 427142 238.79861074791668 183.14033114801998 274.4979277684167 177.19338002741654 276.030920552207 121.80986803346251 234.0780269171608 180.83433647709225 163.32709439880819 156.565785266143 346.5117152632662 360.8278674415968 202.60963587227485 347.40042927476327 262.19737073090664 156.33631950117592 209.7536974703154 264.127630322932 232.5227696618689 183.48467905731357 
S: 427142 238.291575887694 183.12600703942547 274.10790012461723 176.5197661168653 197.6427586642648 121.62044952234486 175.89874668564465 180.52279042830878 163.32709439880819 156.565785266143 222.80672247001073 127.14904724193931 202.60963587227485 183.46791156833342 262.1973707309066 155.40077603041095 208.78388025149025 262.6807539051423 232.4784133745277 183.48467905731357 
H: 597262 319.78713720579884 309.38103284139675 335.41821094836877 300.9520667733113 304.66937917312606 321.44572821071426 337.23855790564284 398.42219357805897 324.54884280395066 369.47597038465625 354.1366884798962 336.103854288925 294.61484930151494 341.1399046165241 332.51915839622563 338.3155257070869 306.0476972826862 356.364829355182 334.3989732012911 339.2291567195756 
S: 597262 319.02339286012267 302.3317500461817 321.3904397302126 297.8316703733088 305.6411837661028 313.9572888464341 322.2056845058695 387.8127204490433 327.52062220827344 308.5799818754207 347.13599617123884 335.67204410936876 289.96153473742424 343.82855723451956 324.66201735628715 305.9839101984153 300.62512997096457 413.5334681328348 334.3989732012911 323.8574132987988 
H: 597262 159.5697064514302 190.77448929654207 206.76197889546725 336.92572103111297 156.90480525971 162.6828005594869 389.8442738230333 647.4858571787229 205.3062273291983 119.7248369720762 122.92299476475179 259.2173613138319 201.21129163478136 184.83086783530348 327.95283976844047 324.1814799946318 185.2460010178938 371.36380046229885 212.85370821548995 377.51261263625065 
S: 597262 218.54102946646725 139.51424457689137 186.57849983013367 230.57382403208626 156.90480525971 162.74653630498474 381.8482674175064 306.9293046507856 205.03188736603698 136.45781951810045 179.37205926364018 294.923642072513 173.31574095707697 212.01212451828835 199.45404116750782 287.1351678259728 185.05871214654698 119.2795733873005 205.39681856504924 289.273882727029 
H: 569275 357.50837660271515 335.0759665762355 326.86606781650323 347.00061071617125 323.59897632711096 331.6793884954782 317.3907577114711 391.3031858061862 305.37230733326203 312.8992864445311 332.44588139726966 324.6657212099318 332.9153372926022 337.9960744057432 310.3883432026087 311.37232102794513 319.255905694728 338.72824739116714 324.14804019508915 345.50358424661374 
S: 569275 338.9085731561621 335.3429384927203 310.21580186171644 339.26246953083603 340.7704878907331 331.383436762389 318.47105490958563 359.17427441267654 301.96845192175084 313.1612300228385 336.0437352798341 324.49010381439297 332.9415368620547 337.51829309523447 309.4597388743923 307.59662576260536 325.96558047259543 337.1436343704655 320.2323738011818 320.46724611304774 
H: 569275 190.23220541270013 120.28651944496465 263.98454266147013 377.06086435198984 236.97419243058533 228.9361550627342 204.90352986259816 447.6806370267192 166.25811220259544 245.56375772058513 187.69827347886866 189.03538174952436 173.69954128662832 419.4732911272348 131.2497445579748 127.30519038705253 145.56593259532912 177.0014970376667 193.07198048093775 243.6366277714698 
S: 569275 303.4452549186049 120.28651944496465 263.6216526820104 377.0752766849619 237.04178845445443 227.29839475659256 216.50573079654094 447.42676075947446 166.11141235227262 176.30076030267887 235.72157964564062 118.73270459188058 322.1536727314128 418.7389660755684 130.9116761956906 236.3410340614953 146.07643496917154 177.0014970376667 130.59844654155174 236.7989754427956 
H: 234223 306.6773967293305 367.19903272748326 320.90445231739284 339.99461017477853 319.4977582338469 311.7941321136806 318.8461216985619 356.4285711946058 368.175334385532 303.00507297543777 332.3432487810458 344.2844326896938 324.7585773549943 296.99401548289757 344.7149875639089 332.60093723848155 298.09588286990953 329.07061921034034 351.32113128704515 303.48892193381255 
S: 234223 309.86035423352484 356.405073382835 315.38468280065115 338.3449731018343 316.1140143289152 309.0652540452292 317.53659910760155 336.05706364520427 359.17564252269733 303.69440377540946 328.14685442563007 374.73537021546326 324.81574902799184 293.9176590251768 336.8734120227814 331.9577911264317 290.0344704370346 328.17004028479573 351.3417199194371 305.33887181308745 
H: 234223 159.18812940736544 248.6832263595397 194.04160309062098 232.86425766170814 212.97354093051408 195.62099887469972 114.16070863737289 125.22611299194438 177.11103161036073 119.89826310171743 212.29811229156746 354.18313426607364 245.04871381493504 201.36007867497017 273.4071726247343 125.73562136092394 173.09046644766457 229.06824810379456 299.57507956879806 236.83081677301578 
S: 234223 159.97279255416328 483.72099004688187 144.0431613742211 232.82673338204265 149.75925512914066 195.62099887469972 217.62197563481052 125.54847502994097 177.19185762435907 118.90344554289598 169.12554652335785 307.07280940872346 229.0951827476347 134.27804220446086 125.90094272496425 125.73562136092394 169.59755658246505 206.16153175338056 252.4733593180679 136.15967335993506 
H: 469757 335.8492447298314 341.399808471703 311.41979413398826 325.3891859979329 344.94946584337833 310.5908184775063 324.54378841857977 332.97277457674215 369.5149616265468 359.1353790528652 353.7909933507915 355.8494809925227 338.08446460552506 353.25857435623516 352.8126082750951 348.0683753407323 305.1330222415664 319.1463326891736 316.8472612148757 318.8056852331263 
S: 469757 335.82620436740194 350.77450619285867 316.13128520991376 322.1507775105136 340.6406152805664 300.8692497276729 324.0549646652914 331.4336639055337 369.5149616265468 338.7008127989831 337.2913867794899 354.69458925933543 331.91337661832455 336.88487883626277 352.7386482067631 343.1883891149571 303.37381440770514 315.1662000316531 316.88341906157444 315.8653518897204 
H: 469757 163.23261124427387 210.58850776656212 149.7302271750067 184.37286689525695 178.13367021336208 166.4832189091167 422.7946313526904 127.12362203604367 182.99671130447032 192.57721877178162 220.31305065603564 172.01346674277187 267.2968801027423 191.40112327922742 542.6492329721627 569.0055599666341 229.00524418520604 383.149229706243 234.04706759783463 172.9939194553908 
S: 469757 248.83516305767873 205.57621744196442 191.98165427812077 226.60982173807326 246.9813183316888 162.89860279662707 172.45208547223473 182.52288219969026 366.47231728627514 172.85227509573537 289.3201807894995 204.6073154759319 224.15206373511162 144.67035397710552 337.9946834561257 199.40824042746937 229.19584298754398 137.2169126146971 233.82642244750906 174.75580519465132 
H: 796496 308.46514664438945 329.1761188141224 321.38653477441875 326.953175444868 385.40928001844236 320.29872958370646 335.9650322982893 345.81574816466934 347.4313741376277 327.10511801847827 336.44174670259906 328.2376993704519 342.7954773907543 333.2963889958186 360.315159436756 327.7983767953318 335.2762732752176 345.5244836541991 326.04773208283467 344.3387402395051 
S: 796496 316.0402711143638 327.89198347822156 320.4881863099603 340.7871818086457 374.2650088845778 318.9108966564927 326.7496803890773 344.05257012236433 317.4790254176107 323.7704665383981 335.91519264217936 319.74471998540355 343.74013000271367 329.68614288208386 328.93685251648964 320.2217507065849 326.0491709692764 367.3657330914341 324.6107160229113 328.68840375499525 
H: 796496 284.83097018456084 167.98014068347672 190.54246868830424 214.82510299957883 195.11410265644898 249.58936077312651 147.58286331407828 264.2400471536824 359.29042012579094 250.8335758957913 170.03184556616708 283.42011706613596 301.31347035754766 204.01112031402764 192.4591571727362 392.39895300980817 147.8426771130968 325.57151623180283 159.7665544362073 270.06224481030785 
S: 796496 283.61477928886944 167.98014068347672 190.54246868830424 166.5055912255199 244.7461376939178 141.4171219550744 250.57133194554308 263.65327538097165 212.80462665382186 248.7595018209988 170.03184556616708 182.05879632862084 223.3526692030662 201.947712543268 191.93632600351535 279.8389803826284 212.8008864652828 314.40410761603306 159.73331162181708 232.80858308353203 
H: 651470 334.5450044536382 332.6467235940444 320.0412457689013 306.7561092176217 369.213557538936 328.0210337156756 323.7282372150075 317.3179716745778 338.08598821074753 337.3785614659382 324.7494178738912 302.6334019436349 326.3670907447051 333.2101592371792 319.08337663608563 318.81762378935736 327.37715942684696 303.7084509730188 339.69756246420013 341.1350227073639 
S: 651470 331.4758319422774 325.83007218201277 331.8722700279495 314.76567700188 363.8281476977466 337.9313889757321 319.1033623507208 312.72538418024476 332.5462907702459 336.3688324981903 322.65850797400583 313.7032248718701 325.03323779799854 342.37911059298443 317.8635545680264 317.2437819279613 323.2128679808588 303.60373616286586 339.5158705010874 337.30200084316937 
H: 651470 161.15072539500915 336.43501599627285 135.4499451567265 154.6127989444141 271.8894022453182 365.1200374882672 142.24803425889047 185.12980809601217 139.58834612481928 379.13570650881127 121.71142728190668 209.25062397000792 146.0190119987632 178.0598844563384 115.36799091511078 204.72774156607076 321.5438606907293 155.90430596973528 240.76296813445603 245.41268368533096 
S: 651470 213.1306441867777 335.44447367056716 134.9589985286495 154.6127989444141 272.1971279937875 210.49904920127514 142.15164398515927 184.46478274408867 139.84567459334863 110.1529307362099 157.6034559796585 124.06956897738624 146.04404646549528 145.90316534161758 207.10274355644168 185.30955779869572 139.5692891591383 279.8741008653272 216.79802122290602 305.9775380538295 
H: 335418 361.2593046868093 326.2320405336136 321.9071089939657 304.47304127695253 326.9884545885262 366.79175158485407 328.3598450044086 356.5528048715062 359.24008509118096 347.5522856762921 311.2225967386545 367.01130573704205 347.84990871156066 328.96646859066215 316.3470901604285 341.80290544592947 328.2683520721575 313.42442631241187 338.1887447016758 337.6337450802701 
S: 335418 350.58574208285336 306.3088736135803 321.9330256362188 298.90967078458476 322.4257795791106 350.8687537209271 318.4830724805994 336.00369140644244 352.2892797953859 350.5965668255517 305.2794645421289 339.94239193266975 339.7391774851735 321.70061115511595 316.43599178203385 335.05843717214304 328.78758104480295 313.61033207550616 333.660795055069 333.8622679155465 
H: 335418 289.12215829507454 203.3825142108129 272.0764551759905 113.09529533496251 115.7269590422039 181.57837290233175 165.66596532837477 203.67066116826754 250.34465703887835 188.13109785817056 180.1661548704845 217.5943292384845 364.1649022159357 266.47473212016314 204.24824577502108 134.4544844150816 176.65366623556727 368.39270655484484 346.01326907676935 121.96737886728829 
S: 335418 217.5979847807308 204.96973845596827 170.8501309734191 119.99466084899785 180.3611220851128 181.57837290233175 164.91746532028415 145.47456862258 250.29936454358517 171.11843033704173 179.92077724397905 217.90292564183144 364.1649022159356 128.22669444330467 206.1923746716352 134.4544844150816 176.65366623556727 149.45660144069865 347.3544990976316 121.96737886728829 
H: 494652 316.2584521851013 335.3590585095937 340.1961053863511 314.21358053384546 324.6507514818891 375.08632469916716 344.3638003949037 344.14992114611255 339.28037026184876 351.5078301036002 331.3353512077974 309.8138924714407 342.69844090792105 335.3123481255396 310.84630427431733 314.3101629817739 331.2481181138701 316.38326141573555 304.5280098973252 390.15542074331955 
S: 494652 317.98580026009563 306.92052069096303 320.4046159678764 337.21161522046066 328.1603330620934 338.6536620224433 335.6512345483425 338.3739753694156 335.1807781490241 345.7559151783193 325.2225353152224 310.78037724163124 314.3601462143242 332.59471672799566 294.55310706886434 310.04046757860516 329.8700439440154 317.40327532062497 295.95654852099585 363.0764725482434 
H: 494652 528.5368839213173 209.85144532050813 119.65411600508423 404.85949123284234 200.13988672688933 206.53325684431948 122.00875025349005 158.95118282794098 300.9845963896319 151.5544266301351 344.550395757211 149.68447336182356 189.9398758649301 148.47989251841375 226.65219685910964 406.9161307719127 365.4349816316463 150.93378803547427 172.9526357551869 188.18007444346162 
S: 494652 260.582397832496 209.56634866074228 119.65411600508425 239.46472570656965 303.6136477019478 209.0882698295498 275.6496541841045 259.60423916223743 300.7207454330169 151.72241116873977 148.79910639892177 165.06824424106014 187.93825642674724 148.42767591438042 272.39367688677333 307.61535213882746 325.8933926348744 263.3596891542995 218.38198249171475 132.1295981787479 
H: 69749 335.423889757392 337.32051418629385 335.2818497653861 334.08704838639136 324.10382577909047 327.4503872071855 303.28680322704304 356.77412184947514 324.90315406547717 372.9560414090068 326.6867874882645 335.17278820691126 330.0560679496313 340.5413458447661 330.8427478087496 371.56592876692736 335.7523643740397 325.88852330543966 346.11634084671164 353.71046184660224 
S: 69749 335.3506557574872 339.37156301383004 335.3371223489409 316.25302643515056 322.63914010505255 327.5644797517062 309.99375314438146 327.57278764947665 322.09287343173764 368.47856026975467 320.949974251297 325.8022971331058 332.2710210408988 340.54176415193047 329.2027434737129 345.3675136431809 330.8907259349542 328.73806407216546 343.77836525421986 350.8326630260923 
H: 69749 124.3899541183932 179.9468989924922 361.3071923701027 155.068781957759 259.1521065286467 185.15022677505297 166.0818426340554 405.4633488653601 209.27172114796087 187.55521529244177 228.83930192275392 147.73434266827766 169.54514977295466 125.85213511714443 433.4032967797578 330.18693739622773 311.07951536530084 153.1610100361873 159.42987936112226 385.0397131491168 
S: 69749 164.0901051851385 180.5102490422504 231.9329220717393 126.69454927172151 259.85486441001234 182.7529557945369 177.13225385864567 245.52927849944246 167.2198666948419 187.55521529244177 228.7830902873391 257.1526437102953 169.3920123295023 187.65287233961408 186.17727470493483 203.90666787795783 166.73744537281905 153.370771990672 124.7674297685772 311.66596954620326 
H: 361566 338.1172678899206 334.3816726473402 318.3517367896624 343.94241951612963 330.94225516823724 348.50641407864197 307.64356711916446 331.59645673743273 348.40481982179153 304.6916864723088 337.4438310608426 367.97032667411855 321.79733779406627 371.26474922998494 343.8374416187641 332.5635625494259 308.1127511472559 326.0155689082689 321.1262333475916 312.70513662245406 
S: 361566 336.17558873506056 359.7588508178133 303.1357526098714 347.96388698525516 348.0062832168551 360.0509240638305 307.0836185756358 327.6762184855444 335.51481918210095 302.88393173348385 337.32129542866426 352.2902703279362 288.61562179875926 366.49948661176313 341.66675319711305 323.14453700052894 295.6265188821005 325.88203161804483 310.34042189160743 310.9450528263769 
H: 361566 156.98757891511568 233.49045804847464 400.4495268295047 214.11252801135657 293.9665316332564 136.67858253508294 302.33422397305276 352.101885374618 312.97184978050234 225.31732617835362 169.44976213891047 361.28165758665585 202.08543221876207 164.13464737853832 302.5212195104532 159.57368986467324 263.2793068894964 463.33822540886047 175.03280341326348 196.13905133276845 
S: 361566 150.6321425249497 239.16264067186893 258.9047203756814 243.95594700898857 293.9665316332564 134.22796641883474 302.48567814587005 226.82588439942302 312.6541952960484 162.18393821980902 169.44976213891047 361.28165758665585 201.8770508022699 228.9268044455476 266.6819414893197 188.06763398843592 263.15635854502005 248.60511683640738 175.03280341326348 251.76598625570892 
H: 127553 314.8633015885428 368.1557643242854 334.93785744297793 338.2560536851339 322.5861456929827 342.0374670103756 331.3789737853178 367.2048178418475 348.3224206144759 322.1154133091044 328.2573130269646 352.9173283871595 328.3522628658372 339.82557973584346 305.63262796423265 297.66856425533206 323.4821730445918 346.3637907079697 343.01384384213264 294.74898399276265 
S: 127553 314.23397880715265 366.89024675344626 335.4111031337025 336.23791162338944 314.55109672266997 340.461039544099 314.6796781964816 348.91206043250594 346.2394019559705 322.69993044672873 337.5828226717761 354.9416343041991 319.73613580019537 338.0298577560877 304.529348175799 286.57940490963307 308.1797310422718 346.15299948041127 351.3923233830817 295.158738396247 
H: 127553 230.94573712382464 292.999657620761 303.9148489201395 284.9215393083227 227.77252336378106 307.0769007977603 264.08984049525316 439.7591662758765 239.5253246142449 324.2736854694264 119.1899815246659 309.34031540916783 193.63837286341933 230.6098999798229 208.01513071379287 197.66357380333005 272.09032480588394 616.6331293955905 172.25716146145268 185.37793097055484 
S: 127553 127.34172972108365 343.5793310439276 201.7978382717783 164.21868694672548 144.1143041418222 304.3546729410384 262.99559581953054 217.07211469122572 239.5253246142449 342.9599276409485 119.1899815246659 240.05008229422475 115.06771127246459 185.13539454821122 148.63151959899747 155.8218069781268 267.70548091136146 282.65681258492293 171.86637992848105 154.3104503359332 
H: 384193 373.7237785636172 313.7431440122845 378.0802889211222 312.2881838075984 366.1368266006315 315.05003463535616 356.6164841586099 313.79387532560804 312.9430919388073 310.0150805062655 361.0822894739968 341.2724094373326 323.68299065728365 334.2774889141184 309.4796400647723 312.6284166862117 341.03949601818385 327.86808350260617 353.3721939950953 299.04124639249153 
S: 384193 353.4022211693415 309.107055627707 355.70511313152304 309.93675576770806 365.1142240226393 314.6077520026039 351.0570318767122 311.58711285965387 304.1921663071561 308.8319195587013 340.9208230465268 325.07307531963704 309.8452446838811 321.31422407267155 303.31305744204224 311.8972349944381 337.8472868133316 323.0057719784826 349.72640567093356 297.9270815867932 
H: 384193 316.9067805371879 155.32461042005102 303.18642630757495 135.79088252612243 296.22158576004307 203.8351316330238 242.78472635540928 220.6114913901061 286.7351943092667 199.8239799458617 185.06643133806276 235.05884339493906 402.3865164188463 382.02031908391444 178.2987168129559 205.77835573911844 123.7033198881686 164.45325888967392 362.6584098342318 114.06778513515803 
S: 384193 316.7009339696466 155.32461042005102 322.61803731056176 135.79088252612243 182.76837677175456 244.3364552669135 130.21996183915266 123.41161500794816 186.41827168411317 143.47705725084668 185.76874690415926 236.00951257705285 403.44043631898836 245.8877492204994 175.99099756621985 326.0922380459339 170.63963218577243 164.45325888967392 125.60433375027418 183.5358277531106 
H: 242370 315.0024913410062 346.9711637042428 328.03207593493624 353.5059247185992 320.7575435132014 358.7081280661784 326.2693164108798 335.84037235700094 360.68815885446617 309.87111049188405 332.3569581083099 316.2438493767512 297.371884788441 315.4985543112384 335.36734805142913 314.8666123892417 348.6925201860101 329.33434109415464 308.0174504888763 320.33529266200946 
S: 242370 315.39255792235826 342.4254702189291 319.35136364058314 353.2746795305776 336.9805743731968 344.66633045607756 312.58027717123184 326.43010781282925 344.8392008121656 307.1065515798171 305.40143897627274 337.45261640663875 295.98950262082235 307.65345541490035 333.4685222077239 298.36908175861373 338.64620364435376 318.7705195741608 308.1122828186908 307.007502073492 
H: 242370 187.18035506575265 256.88093337112423 235.33349230873029 187.53453203694747 198.11519803121757 222.93039718752976 168.49575799637654 294.3856650603721 366.29102806514476 168.9181481473159 177.97579235417282 300.1624626420982 154.46181679787958 150.91561322634294 204.62165579470604 131.6681052763629 326.7041122958552 268.5030078596628 438.41430641054444 216.5713102632023 
S: 242370 157.89507768748913 213.14538115598722 163.67400812268247 147.130516422966 162.06041269838167 221.59333303589585 227.30130631755415 206.29775346120348 398.1372697269166 270.0161556231501 147.4559916385455 190.2068453364151 154.02748556281273 149.7837463048188 226.81023160846343 145.2006556175353 196.67904171683088 220.1068716588294 154.624187178544 172.43455136772977 
H: 396045 323.64106879533085 323.668083347811 352.68411401548434 322.55941914048935 320.58652572510397 371.92090223357064 361.96965984493187 332.5394990830527 328.73294813761316 315.937254238019 325.4280902803444 332.3575014721471 308.1421554952262 328.5065079193992 314.12294642671867 337.52955616207987 315.2777389047013 354.37552396429777 344.0278808845889 347.24648550773264 
S: 396045 323.6582846671619 324.75798043654316 323.7948999480711 327.81390991675227 318.52833894235584 359.4512350291904 336.25724131338916 320.76447780839874 333.3850768582394 315.86808364720724 323.10976284533496 316.9564086975671 308.10316894928525 331.22116056898295 304.0663645133876 323.6570370437206 315.45885968128755 335.52164456924066 338.6020507203417 343.1024669310317 
H: 396045 251.91120748176698 211.9877797950668 311.7897454922676 255.2720627756914 192.24890304641133 165.05418411096457 161.61366201414168 163.99223346476893 173.0457330809808 129.7976446485672 390.55509435661804 119.89987691182604 224.5426104342406 139.01236280360396 244.01609347886372 159.02194446154041 214.6643159008906 123.89394862487757 195.63487821602868 160.06389746541714 
S: 396045 250.36495037739516 211.9877797950668 163.93588833765904 225.50921955015713 122.87130965004442 165.05418411096454 161.63203865072202 162.08274633776313 173.20754618660288 129.26063578213274 135.10236360679048 170.65631033890227 174.3442576222785 139.94231962826436 161.4792325520275 159.02194446154041 187.85914584357747 182.1854137197714 255.1764813110752 161.37408017504012 
H: 201800 301.0429196097216 327.9574724283877 304.2084241801534 331.11225199079144 313.9461063045363 320.18043619746834 333.8733616411423 322.4675639683308 308.746353042138 315.81562464467584 301.9042608484532 341.33798065142327 341.7192960566632 349.779530900929 330.6675602983534 319.7393861264626 298.17375859235005 312.1014929320344 349.943914392556 317.3198649514633 
S: 201800 301.028959742017 336.3981445795388 308.5902595168209 328.71966776670945 319.1172330453684 310.3957474303615 325.9020584556335 312.61419256677044 319.02953390941957 315.81562464467584 302.78564197701866 316.0365085344135 334.35984153777656 332.4849439151236 330.6675602983534 315.4980209708138 295.91871041294667 307.45628300691413 336.46384218145477 317.4040128131757 
H: 201800 243.5272629477353 432.0048128512504 155.22315624866673 143.49161957080986 210.2120861787059 142.67217673302738 162.56959818338908 157.10015711281818 174.54186018246568 325.63015383069217 156.3175569226723 200.28852485076578 125.95293468951857 215.27066251765376 121.23230532729501 247.85642227031735 117.73474291820577 120.01749132082594 291.4199060795448 120.72173791893634 
S: 201800 176.1970475553857 185.2625896696376 217.2328884131215 230.20448118239645 210.28376644587615 144.94957998412525 151.6316728378862 155.6403340992548 117.37789181383701 162.1694981547041 156.39871902995753 200.29290506064856 161.86178191506258 215.19251843985134 230.2911626697835 161.1914831721466 164.10212947402496 120.01749132082594 289.5579358811954 120.72173791893634 
H: 101259 332.529041656147 324.69235656016946 343.0924821439303 327.4650114100395 309.2250685817012 323.8538750497588 339.2850367999541 339.49334895498225 350.7910773869694 322.01763461288596 337.40052459189303 295.46376127167485 344.72677203134873 321.49051558659255 299.2677438731267 331.90612343762615 354.7169268748394 338.9989113279754 339.84958026007405 360.17464385127835 
S: 101259 349.06979688933654 324.68078425379315 334.7576972548961 330.6668655008903 303.90105023253454 313.57694105993613 320.72066966002285 334.550127362916 349.0474170574572 321.25454265696135 332.2968135858077 293.12373605475443 367.6186742232777 321.4187361953571 296.01552331593456 329.55657063293376 355.7851620892062 319.45733616125045 343.77393655269606 360.4981376696632 
H: 101259 297.1185836739056 212.94928819412675 219.46159660587884 189.68279544913605 195.8879079968833 205.65310260179436 275.00762888580107 442.5120559357011 239.54597523627743 204.0604713294006 192.8682016191911 167.20844375484674 275.7625610769094 204.98278002711118 144.19782435528913 224.52011686160262 300.3470840130861 165.9704006959037 278.50627910318343 150.05030900185827 
S: 101259 143.90388166292925 212.95095117283321 193.09131224249035 305.17292168517804 153.7608575209136 195.30686420957167 194.20942505684746 363.9862762978915 292.58922018443883 219.06976880860233 192.93564021404504 176.27278762977627 123.57398408240613 147.68856891959706 177.6189487725745 119.19056285451553 185.6999671666145 154.8448997110219 117.81940115369396 215.97571611045484 
H: 753920 310.6220564276815 368.47032505278776 329.78192259672323 326.6485667095939 323.42545985110524 353.6807230552361 312.791558527467 354.5269842838304 347.0603682495643 332.5931764577279 296.6284123779853 340.0039403144286 310.27114357738225 368.60644807350485 299.334065583679 310.9837638048151 317.6823617744282 354.73051325461284 323.8062429134413 321.20430749288073 
S: 753920 306.5686365958516 335.37720912364847 329.96576754250634 320.60911248198653 321.4749833823717 412.01643657629177 330.958428321529 344.82689155693225 341.34697454332877 332.5931764577279 294.9964011687638 334.30478993601514 310.19466516643746 321.01810309470216 298.0622440706655 310.90511014490215 315.1744640959041 353.23009985241316 319.7143524738158 318.6242612280589 
H: 753920 161.60039492426492 274.36796900849845 245.55178152796975 140.56719684321806 343.4626134829975 406.8383234505567 339.0831693332154 197.33345625074142 280.9439661212042 393.69847548975827 139.57249328875616 218.50417773268478 163.16233523890904 114.64790173541398 371.78951853185 187.77069812159698 113.88060697906177 224.12815840246125 250.02334145771994 195.4840366174255 
S: 753920 173.5986845478279 274.5918461066271 159.55355812335836 140.56719684321806 305.9572602117761 406.5212595465153 114.36883194179067 197.4196225238037 280.939684843776 206.3995204445935 113.17750608009314 175.4527205984535 301.63053721520396 114.64790173541398 143.60598867691036 187.72859111836445 113.88060697906177 223.82238576802837 187.70702314808528 195.39068908036657 
H: 480129 368.16580475038796 374.6561874395591 343.382179174333 320.4891304930277 345.94354721702217 329.22614924683893 320.7788386911856 327.0763400897483 336.14560560511063 322.66853919356964 327.81437624800066 376.27264343790824 334.32621065166916 335.45349160404675 304.1714551902041 297.0095645203927 298.27960548646354 350.61283841279345 299.5256422431667 283.8589825908622 
S: 480129 336.125404103869 340.31141010370425 341.22445680593614 307.57856187125293 317.32832109445235 325.3324707127966 308.93024029670806 327.0763400897483 324.3688321016268 323.3032367998745 328.79350170340723 371.9688642546158 334.557657171879 332.9570713671103 298.28237245706504 283.3548759031039 293.40204873092534 348.6287222492093 293.42913382066826 287.89542628421964 
H: 480129 302.6517624843308 133.4770948076716 150.40052047056773 108.39209104758014 303.5891369591442 301.27699368112206 263.85393062888323 451.1078206130653 188.12957293096684 173.02790366407243 285.7675084760263 306.2332103716341 177.03305642018472 206.256703573354 243.63895719757443 162.04034407082858 281.26283148634076 270.18205817267796 115.89725900693372 351.9911265270442 
S: 480129 259.5695793982109 119.71996806876743 221.6766889196564 199.26614252927325 247.70004952967017 195.2623888883844 263.9784572186583 372.8176750210671 125.12987424252806 153.10409054058573 285.5997335228552 280.1460465663261 116.77541943351635 163.05916904434645 243.10990049281344 161.65907399481924 281.7812526262741 270.34081247163056 133.75820988577448 302.42244960124435 
H: 608754 325.4748362752425 326.9332389142422 325.14181895653934 306.2208230515745 381.6495080180581 312.97333922377356 362.7533625922299 322.973688019522 333.60337964200704 319.89478973469204 380.29451760530424 368.95473916788757 337.0817666818993 313.73803350536224 335.3766692683901 317.45027802902655 312.7797265396849 313.2977530917911 304.46345835630643 311.3797108578625 
S: 608754 325.3990478408917 329.4200319241743 321.9017697101709 306.9566639215387 352.7206527601019 304.7700282724872 359.7269401291213 314.86694766079614 346.22750099635283 300.8877253444104 357.1117156684829 366.23534375267224 337.53258788897637 308.0138683595378 339.20367245189414 316.7629640951815 316.2558928094694 307.7109243006201 300.8624561017983 309.7780580593239 
H: 608754 375.80640179304993 151.81105903522 331.0003469186642 129.48592887091655 275.33917317535764 163.64167739838277 279.10174069946703 161.94599017385303 225.21177789435083 236.8056521129578 369.5128551732328 122.20346478954501 256.07131554377816 217.85299680868528 140.966661829348 228.71289341332078 281.57345809845475 394.6820573784288 329.50656767002624 134.11852080367782 
S: 608754 340.68427888230883 151.34262939737084 311.2391533062368 108.4892303514254 402.0488976676127 240.06969595334994 278.6598718691163 161.91207511455013 225.44963236745227 249.45666151364236 356.7492824414676 206.82491697508445 254.3151726274535 134.47804744310557 280.90708651401684 145.97845105678368 192.57087960707676 203.16948956131787 299.4579257068766 172.20191054820629 
H: 32812 328.61017251287905 355.34211883937223 357.8218854367815 337.28653598185406 291.92198870225616 334.12881546605985 336.91564014202027 274.7447553459985 333.47574171458785 303.119355164049 337.045483391213 306.4694831551166 295.8629745158653 334.6011547044638 308.81648260183033 329.01004402391186 360.82479291370583 359.5979708670967 331.29751334321094 341.9054997388994 
S: 32812 335.7430360684224 344.40161479552324 355.81131695792567 328.2910005419961 291.8214028162296 331.86471514958214 324.56812744785617 273.12373916830467 318.8782135454332 298.69879117827304 327.1822200672491 300.12652497156324 289.3830415617344 340.99720770431037 309.9086864864684 327.10783885753426 356.9974172302785 333.4300258084582 330.8785829741053 341.77177580468947 
H: 32812 194.20224944365825 189.6399198583346 196.67122493946925 126.47768142476393 157.87361299774716 334.5157905173106 312.21025889892985 115.83066837265636 337.67595769029947 176.36325781684099 197.02398932031696 181.86807626703484 165.22760158136617 298.1323397754117 251.01548291444905 180.58738938638564 203.02098853683773 167.02358511404194 192.86979333860754 120.90911252594695 
S: 32812 129.78193396839248 255.178041072301 218.56459632142185 126.47768142476393 110.18955828001818 334.48064240144316 311.75098913992986 116.17378592098507 338.42185842827075 144.90832554647218 126.9433457941201 182.72165568678088 165.22760158136617 210.4204027814511 251.01548291444905 180.28261748066916 203.0407185478181 296.6519585984232 192.8218696616383 258.3478726678294 
H: 974241 322.458593512983 336.0731276223868 319.562839569715 336.3771923742045 338.8446914715475 340.3421183732631 357.8199655608295 335.4553255172809 360.5964438513294 355.2330577859867 309.53076703382817 310.15780468880257 298.12924891701493 337.22103866463846 366.6938731917859 339.00631548870126 342.39915874634653 372.88351237024574 322.5457178025239 384.75172752512555 
S: 974241 317.4275225911387 333.6088071145813 313.4093365187223 321.99921583783595 325.2456157869048 341.1416202016585 331.18310357158265 335.4553255172809 340.3319919509849 348.8016189142042 305.5076130329268 310.5095808140706 305.60952500378465 320.16860806398205 366.0061121755959 332.28941977353816 316.9445420224153 369.7248400644181 321.82135559463796 359.94120527767427 
H: 974241 265.95309563365066 139.58588299813593 174.92462457214876 180.32817517687025 222.47904272782293 862.5769797359251 541.528247262427 143.1721264280983 267.93917282552513 184.72631909341467 142.12546269499876 339.3137443625148 128.87493449462036 192.17349300655044 280.81497195536093 121.17638407886555 175.81357168435198 165.47758140447436 111.7239605249566 342.9747846710107 
S: 974241 265.7320231083103 139.58588299813593 151.10788894967584 180.32817517687025 118.32895628424265 695.5114933506387 294.2934881018061 332.6878376112173 214.4406174823517 184.61575078259088 181.67974935551888 281.4121287928137 128.87493449462036 115.4596372800478 367.01745911241096 121.17638407886555 382.80718458052985 193.85564136120203 182.7335431066572 118.72286604160074 
H: 820157 323.8171515822368 301.16182421172147 370.20232512744093 371.6834320625025 337.3190637581673 364.8758415465865 307.7649776963619 315.5660935368129 334.9798534717211 343.18413284299396 348.0602110680213 359.03783538592467 348.45949136005527 354.70607945782774 332.83799283917415 313.82922547061537 318.4448295241753 370.9897250403872 367.01314856944157 327.112954247254 
S: 820157 322.98760177476106 297.7589052752561 364.83234410408016 394.0169805963063 319.0179634595875 360.1460854130087 304.90697383298686 298.7580385427509 330.80007283202383 343.1111052247391 331.9373546852876 363.4561238159523 346.2323060084564 339.8819714876097 325.02165218193994 313.8179240364695 318.5403724243985 347.187236934266 332.39220897600956 329.3769569274023 
H: 820157 115.05626589950775 229.53415154037782 275.1167192078331 181.4694760138662 328.01081162365114 145.50182926927948 187.45244570575062 293.8861353889893 210.47938460391993 208.91483582404615 289.4151993897155 209.33842164202156 164.66098929910524 171.86489267578247 177.81166703049016 261.29921538695123 160.22730899030512 198.76983594131426 209.99779530301436 284.8888791078497 
S: 820157 190.8396428532658 229.3025606934337 275.1495736195802 181.27054138403346 242.99954093902153 183.5059696232462 119.29959295183926 293.8824404693872 314.6792696647664 206.14249350246243 240.72175167051194 159.7262324102056 163.83528145856118 287.2381683833609 192.93885662881272 134.21114116786734 160.67025429212018 307.4783836390311 210.03819183698624 195.67693712672195 
H: 976457 347.7966130062391 307.7534217142355 308.213468694596 317.3987630122861 353.40799145292476 312.62588683686846 334.3823829048865 333.33431697684006 307.4699499545721 314.1097424556668 326.6385122444948 326.6079970478902 373.6648356322029 334.83476985926006 322.1016732622162 285.97954192793287 324.3962253052151 318.3207275785146 357.4458367468123 332.76210456273833 
S: 976457 322.2012886997578 308.7097975751607 362.4321435326785 316.2045065457377 352.8697913323536 311.2562367640839 334.669409713144 341.45684745845114 295.939372716243 306.5242857682073 326.77991980814727 325.6236664688551 341.9844452626344 327.54146713850713 314.4151628956892 285.79485004759874 324.44227460537655 315.0209881838226 351.05946185775343 337.3300692485 
H: 976457 208.76668739838624 195.5899947437339 220.7214125593741 208.89268702948812 182.5994976155509 119.86141101748962 160.63301860150747 267.0827162027483 201.13177350996006 208.46060218884588 212.33185434054005 315.5322780871456 290.9182941751307 196.46169721988332 182.22590259675226 172.37639554520493 206.0393103484578 126.11281700622358 368.0411997989452 257.5035750961279 
S: 976457 235.94360119106366 197.91536574893047 220.70041549227454 241.70899864734528 137.33027114453415 119.86141101748962 160.5302550643333 249.76889255720334 199.11294725339124 161.78171695498432 113.37215774808882 213.71318655152118 242.77974039176618 196.27238772918992 182.22590259675226 172.03477433758138 117.03878136088997 227.79407682649804 179.77973022449711 175.44909304793418 
H: 957490 299.3513036900314 325.2994259881186 328.052386341495 350.0410582289695 343.30314610982754 284.36028483100023 348.00213087290626 333.47108057769765 333.27583727911656 321.92421074279656 329.3897280030606 368.88945893158257 318.7661830692594 318.3243551469079 340.3810768229597 383.4052399581372 321.64262914711634 306.84511775655426 346.96677945005604 335.5038277882371 
S: 957490 295.2187063489737 325.2994259881186 325.5346900362784 336.81140077830224 328.8637802990155 277.3445124956556 323.8374193200145 314.56224245826166 325.3916871854184 320.2120486541837 321.6282731406058 355.7253535198215 317.797796298223 317.80515313614194 332.5843076411414 365.71396284612166 323.5568405905981 305.89506198294504 338.8886189314139 324.1614143075298 
H: 957490 139.98368075673386 334.4259672208297 371.2644116168602 346.0917186352711 428.06614335268125 132.34154688515537 258.395572033668 127.34300742124518 427.92239077865696 189.2016269601433 165.0285640046267 180.60454841014715 264.84229763134095 112.12579565217503 181.75668526700184 122.21931651603161 216.74664547891192 295.6530011136269 166.4101820330439 154.86748238036472 
S: 957490 314.54850049870487 333.21825827750956 261.09067514878944 139.7748754485775 193.90212801350634 132.38107435486276 183.35073824964817 179.81865890807936 278.6815357912599 189.2657868056162 192.1917999417884 179.19515267334737 264.5861684717262 112.12579565217503 283.9615735951944 215.20374741792216 115.70909437889397 203.94178891944554 149.44855198767715 236.93934497310147 
H: 252101 309.93506691259574 341.09254308654545 356.9595623649716 363.0666210749751 336.07916184237746 334.4689831992406 335.17219743336983 332.6352822747835 329.63939107471043 343.61516400209706 324.74827491889766 324.5107175502 339.9917041562779 338.77769485546963 319.49349183580034 318.47135445531615 327.07006022982574 328.814237296892 336.41896608809026 330.2610789236001 
S: 252101 319.09166483440663 343.78935656046843 355.1680362205372 338.6845824681482 336.81670637188626 334.2238189482118 351.03408659072494 325.67995318486055 318.4047608015459 342.09094357444275 326.51483067613003 301.61049902173005 342.0449551817107 338.58456077612294 324.8065085848222 318.0369789332273 327.07006022982574 323.84373918697 335.4633417115066 330.0538731978598 
H: 252101 177.03019551393936 438.3827840297679 310.5262973264068 242.17983079885002 146.9742044320168 198.25857328247912 292.74581275283003 230.59858313122737 282.60667140451517 174.76629857360325 166.45017679572936 137.5258197987855 189.73762427465914 213.50888936376947 116.30519597157155 248.50543703910313 202.34375572792092 202.77099780108145 319.683933379846 230.37395988896787 
S: 252101 177.03019551393936 209.06918314982562 309.99550150346215 155.0176748791617 146.9742044320168 160.4765305249335 279.8880341764839 374.6938900459261 253.49491090774222 174.84662515052943 258.08270945268356 137.76546277593746 188.9813709272804 213.3633918445966 116.30519597157155 248.50543703910313 186.07022330024276 203.01477564541463 264.50813177417854 230.37395988896787 
H: 963606 370.01892216042853 332.5432057970071 310.7998879942513 325.19063966994923 328.2327340721551 342.13496698393084 318.0120601274547 356.39825213424587 355.299800980177 318.4378071567979 349.4165744308431 353.1642054410455 347.3893189204597 356.8231052193458 326.1026022785253 335.05128001522775 314.46801653962405 396.9507720035922 360.71829751856586 322.2312323957172 
S: 963606 350.99247942657126 332.4170079561818 307.66329498498334 317.83789736092393 328.2327340721551 333.41080929079044 317.82008207977947 312.2990046434136 353.8197800499063 324.40465809627665 340.8167001219599 352.9433818534611 337.9273667777569 330.347409879093 322.1510829984199 333.9351510040071 310.0740997941829 395.61064631579313 362.0272567634447 307.90118589915073 
H: 963606 477.82424160789145 124.1719771686057 298.8604127492761 340.0119335245029 258.80302541710626 238.74467547581804 331.05711242638864 205.5442360710184 203.43266403517384 124.3864701234847 229.5092663457873 202.66239332251615 191.40631996605566 257.12367443446317 199.57441282079296 336.9714505094827 167.68575106921134 302.54021434601356 213.50346826082955 128.51245289761988 
S: 963606 341.0611271859617 143.95131438976992 166.6261167977728 189.4063153048745 149.2579093498315 274.68132718045825 348.4964341514116 133.85169364838845 206.96451184472198 124.3864701234847 240.66266233330296 285.4931913372599 167.51551915598733 256.891321272817 199.8526901971584 337.5308469999721 167.76899566593232 498.68157261926314 213.50346826082955 186.13480857084406 
H: 771868 348.3738571181195 346.8913769602219 314.86269167550347 320.0384975365133 325.3514844122731 335.76109125362075 333.8734032692247 336.3576518159054 360.8521208155397 331.44470561405046 322.2116728251499 349.29557409520686 300.6729458183632 335.51791876413836 331.6355138400167 307.5795616873452 337.6641044646121 320.6472405236871 317.2122574771982 327.7867301630433 
S: 771868 357.59112591419563 337.5595845353901 315.57102934339395 323.0145216231473 326.77458405347033 344.59279868497816 324.92054299258734 333.70174212814345 354.81629292214177 326.26505206276585 322.11729388447327 335.90599688337215 301.86064992033397 320.23913585022416 325.4915448636381 315.8800931161541 351.1616001619806 323.64454437489724 318.50431413219854 328.8308367052189 
H: 771868 259.010195566966 311.3945451109197 132.94434330682145 170.44148641149624 244.22546853992085 247.9644418168607 183.04992516423417 186.46489286109815 459.8383924981381 221.51158460446675 115.29230699236962 120.84995980268194 150.10667440808552 147.08163292226251 371.93166952595783 424.8287636982769 384.2233321820059 284.5687670173639 286.71035343285257 377.91587114384436 
S: 771868 297.08304227038434 313.4301362455251 132.40235494717277 303.61735854826685 155.90411644207984 121.83897037759012 187.28572236561578 186.46489286109815 268.0090301819118 187.9549026486918 173.42752289974885 308.29569269650125 149.04579230272662 147.08287500885396 119.2644880318508 308.5681025753165 176.18436378023225 279.11988740756715 158.52350225369608 153.25951625024743 
H: 353428 315.94461389965863 337.32029428673957 353.0569268516961 375.5462154361638 350.37632629724425 338.52121735277353 362.90121764605846 333.07727512316694 385.7965711793312 327.9684162177473 318.64555568290456 319.2584134020159 320.2978714556769 338.8365889363309 315.3150797874513 347.0043857061359 340.7432341953583 353.7816170856329 391.5099276182473 369.6559301673034 
S: 353428 317.2562124127906 329.942904784617 347.06580393475707 342.5545503662541 352.02982263555583 339.3928960898089 364.04222231799525 310.78282494325435 337.32523346046275 312.44359966434564 318.5737415343072 320.2186193740061 328.97113303206424 313.7510544108435 307.78136900651214 317.912790752612 340.89910958609994 353.7816170856329 348.13937645179516 368.8300741573727 
H: 353428 203.00811274307534 174.00582441865973 180.14071894434636 189.49271173801142 227.55012563652676 337.69137887231216 270.03882199516534 354.0251531911383 335.64920566214323 159.36004335173803 245.1436662834721 188.07326979157764 171.00959193592 203.62531713931384 268.9506738527953 301.7832991680498 167.1097555578308 306.49822617449087 253.87328195008453 172.37071068139508 
S: 353428 217.38254764384686 174.11548066629274 180.14071894434636 123.10576045301161 226.29122828398505 330.473355867309 270.03882199516534 353.7797072144889 243.54269517146966 107.66771140728301 244.43770830385918 168.8558824550103 118.8139589606227 166.22209613079454 225.28656184441326 199.8289283425296 168.16677999299165 222.6031603264996 302.47788772598636 305.0986668694949 
H: 487116 338.43447336720294 351.3830047811587 382.0936062512154 329.1179785336255 322.5745816302409 325.7673686247391 348.5716849487823 327.6825099727724 352.3705382687636 356.15232726096133 325.2531747196046 336.330837096341 322.20413072319116 318.67035508492086 346.1838541425286 353.9436878742171 361.333288901604 314.48768196725695 338.8727961571622 317.7048949617419 
S: 487116 328.13665282228345 345.52462313108595 355.64012536145174 319.83172638993136 322.6191696117107 332.5068971356214 353.30729075162446 319.4334555924855 315.19914420162877 342.24327780361034 332.4574356760965 336.11123278103213 322.267573103635 317.825012858117 343.63036009685214 338.53431639848736 353.5003339768586 300.54219386860797 338.7152463924086 310.43475418214314 
H: 487116 248.16730943866912 200.45709393213173 213.0665522557829 150.32825185421365 266.33061772955966 196.55260190898716 354.8336745795466 149.325134110578 273.25761092635963 284.2621922259055 121.01070867275564 317.70369327144317 230.17289838891506 145.94090747166703 157.291179505596 183.94721186020465 327.0002578617647 148.38610594898887 294.9490656865999 141.58347518979156 
S: 487116 127.56206304509712 195.7845273388972 213.0589590484173 247.15337263455902 266.55228817170104 196.35507259133567 189.25769664481217 118.41606639234213 173.28842346682598 244.2320487800269 159.3408049346957 201.48695001535486 387.29261319776003 145.94090747166703 122.70289674650058 183.94721186020465 235.50537837568586 147.54533995629896 370.3962665388981 140.86593268683347 
H: 303318 338.3989041148433 360.04228966802134 336.4525432293905 332.21863585578654 310.4534922198557 344.29715226126046 325.20959170959276 322.6986019605495 347.48669079014627 306.15780299897455 306.81410189707805 339.59184195305215 335.98367428224407 317.261337615805 347.35562222791316 350.85755801719654 337.7027187657397 311.9667703753628 351.0461415774525 343.1861526928923 
S: 303318 340.66116004233413 360.10495569114676 330.7452968488112 315.3618627767254 312.2147586522052 329.51256149287593 311.8323732218853 319.53284703527055 318.1834662500626 311.4101819540777 306.81410189707805 305.7056044083928 331.493613580056 317.261337615805 340.4759912844004 328.93578680971086 334.99613465709564 307.7783626838338 359.55476485522485 344.79867982169253 
H: 303318 362.26072556023826 211.19388418228579 271.6720274624259 267.2350573395716 224.15670046860012 349.9587534300182 272.30966133087327 229.9534487266211 350.3093307693262 152.67723051991038 395.68320348668624 260.5749411433862 215.5511596036299 173.95630996814438 218.34843288654204 165.87051220250834 159.0846260724545 149.0527674367941 216.68603188770112 266.81595512773583 
S: 303318 336.7736886889068 152.52683891267512 271.725563493897 202.80483044435553 224.9077757307465 228.60141008456677 145.81042147169353 148.83236413463962 173.01386123153458 154.57897796512438 395.76278040133656 165.9810119790572 319.46345054270944 111.09005400411799 169.17244641933155 170.47277474097518 221.66237446152653 149.23351197352375 343.3724320969221 123.79986189495504 
H: 725433 340.99919335473226 373.8214168229947 316.15313037531115 349.7544706313818 326.6222150668961 339.5804386283083 343.23552774348036 318.2229529153025 333.35560570595385 313.6394297287184 340.0398169656966 294.51508339667726 339.49863300420594 353.12403306205124 350.102909360431 346.5992645380232 339.56500562727246 344.1143714105598 401.2762933768714 363.23055304536496 
S: 725433 342.00416174003885 339.843652641305 316.0185921696761 350.7980094236365 317.49454184764465 341.37897260319875 366.78654388538365 335.1346955858129 319.66934875513425 309.3923307427681 337.324459539677 294.9174247511577 341.23657390168114 352.9683289705756 357.9761630438733 348.08311605993515 328.8879735068004 345.5951035464895 359.31832897756215 351.69811045572305 
H: 725433 170.58772059853015 118.86153681685131 330.46588801722004 373.92023885716253 176.89325610486335 200.99665573841145 196.11634166841702 432.8833895558538 208.18987943813755 219.97491673277995 174.99268668771398 140.23103234825717 258.93638749442687 188.91915379768204 240.89114970123381 139.1517451864534 211.49016750303318 161.7849809605959 227.94309983604103 204.75278367014832 
S: 725433 170.27556865937566 208.48677454199913 249.02923799889 238.9773760751376 176.95892209700705 133.56332151322215 196.11634166841702 269.2425045556546 120.90366373435455 145.34016236674248 174.65943101207412 119.69584881894181 258.83940302633926 300.76305021391164 330.2901973907001 200.79774305583533 211.49016750303318 161.31368603796503 300.4537378313058 205.61826911277663 
H: 211305 658.3683902705285 673.5929152470387 678.0134418239437 706.3457887277353 679.7049686017433 700.9061683976981 654.0183928834532 741.3217730395942 674.7176696489933 711.0784104540902 641.326478454956 656.412813297532 730.790697053586 641.7324618816828 691.5475430953712 676.876188542631 681.4741523869492 733.0664229597604 720.4632080762324 637.1663618835605 
S: 211305 651.0653979395435 649.4157687771113 678.7980086153901 706.7826213027344 679.1252080323378 654.9564440920216 665.6154259187998 689.2958820649224 672.4909268774613 651.1968944740897 646.1695020076781 668.6084057361214 730.7917137109096 635.6030251084075 725.1524851198341 665.3499348037236 673.0309766959844 747.278284377528 709.091040208034 620.4125677495679 
H: 211305 443.56164081439135 280.59649695648625 239.27606435122524 749.0692906035962 629.3106818128787 404.00362870609194 564.8202795324112 459.54630460851433 378.0991451048632 499.9835777180378 480.29077705606204 354.7827230453518 660.674434548433 430.63153664601253 712.1977635599216 668.704962445304 607.4927333880994 760.4562367354605 844.1305212117078 277.02938048894856 
S: 211305 403.44048681358754 330.0189882877161 354.9002881671689 566.5799168596541 494.35680619136195 635.322029916726 328.6371070249897 457.85225900346626 379.0637577042564 432.4698504580796 479.7688713632842 436.2264121215826 641.5083592404762 513.6689598723029 468.5453929259263 536.4848198266112 607.4927333880995 308.51287184589216 571.6690392467168 335.1925740001958 
H: 624001 678.6383081573393 707.6782858715283 655.7625216098672 685.8661057951485 661.6422667791453 666.0306405590499 735.8290860705088 731.1073586633008 720.2810284976978 687.0452200662224 663.4932432143407 743.8910814393513 745.5620020609881 712.8862575291465 725.4912973267157 674.1800480677564 717.5552845799613 695.6076985335543 698.9842104396098 667.5469393550653 
S: 624001 663.9242087833038 710.408970060038 674.6690337091873 690.761584888514 660.8146948111554 666.0805418682476 697.4678124345113 783.5329824087285 718.0913992545908 687.1118777100445 663.5301790858676 740.1393979151935 743.336312181062 700.6430579229906 716.8303801420409 654.6523501486832 664.3305671892864 676.5022880219938 697.6442106056676 668.1637865696855 
H: 624001 498.47278217569925 426.21719513356845 295.5091655159244 403.66691479986576 323.43628208104013 615.3099691430485 364.36820030832956 531.0949834178791 649.9087723368439 508.35829096688406 604.5601991090451 470.21104912260483 649.7508418370045 656.7844890984879 945.5282262579982 551.1824607061774 487.30919107342766 530.7582264549645 563.1012468593138 299.1893411791984 
S: 624001 322.00446687624265 426.2185935180591 296.01434285878815 610.5457762181786 322.3759626324865 390.8362624343556 365.88015022655253 394.87020499609946 347.5280822614312 513.181446847564 661.0840825429889 242.28783244891915 375.73166000424806 249.14792414927038 589.3203900067963 551.0552722790172 439.3783855607943 308.81468109087797 536.0549152283878 299.1893411791984 
H: 132791 671.9737677575963 682.0292699448215 674.7274289337571 688.1170213908482 689.6497130976895 649.8612386208629 678.9593738361849 672.049406535197 661.2377924009115 715.5468227495329 688.0746578442863 687.8321218431199 720.2388767779573 740.7758416354075 642.5105288930944 670.4135642212144 648.7783210131831 690.4067645686212 693.2134136305808 641.5875963958902 
S: 132791 709.4785459073644 680.7947071679602 645.0499415171489 690.1380989111666 689.2470550746235 660.9039964569972 678.1675822893814 671.2723992572168 664.220392104256 653.9265133318494 690.8638764198006 685.5591423755183 707.9509774981707 709.306514426761 642.9637396623264 698.1123272006935 660.8804754016934 652.5933616639095 689.7910437814115 632.2236637792911 
H: 132791 753.1060448860959 252.65697289338326 334.49821392753364 685.9958996726575 340.5327710961127 402.01988931019827 497.9201076021651 303.34236356282923 298.4446855236068 303.53060901621353 511.9482062839026 556.8934037283635 564.5306423041121 760.3675610231686 545.35079342108 520.2190056054941 234.22407499921923 338.3391924794037 989.9645138073655 247.71929269131905 
S: 132791 752.527659770046 252.65697289338326 567.0997098729116 543.3080270615652 367.46562539911724 334.63637944663594 497.9575191494734 303.34236356282923 298.4475976712021 240.97385790793484 384.72425340883194 333.2832338358391 561.4383457362751 759.4466545183138 340.93261711659204 243.49000468421693 344.8583718729293 397.26528207988287 656.4411034854461 365.38126003342643 
H: 167623 733.2382451309292 645.4508172892084 617.8011933623427 663.9510190531958 644.6766853118335 751.7446174679471 716.4264216777348 705.0377133348336 682.8749867031471 658.6119147955978 671.206871052817 617.3784251445303 606.3214837970297 710.9274248349925 672.42065572634 656.1241868990742 701.9677255880629 810.1555828249327 753.8395783807568 678.8317083209062 
S: 167623 703.4303271945016 664.8833438790964 619.2824130145565 663.6291221561512 644.3246703309385 680.7271626351603 681.4496915628429 704.8092101999104 664.5394735532421 625.2444410151744 666.6801763180944 617.9341584259871 595.8990698129446 711.4046608773077 673.6754861813481 634.3655486573755 760.2071966834962 699.2519343522632 743.6583563722459 681.0045931472798 
H: 167623 520.7186867885281 347.2524434505273 302.33016036642323 313.4688918516689 333.6491564537609 1580.6031203194805 354.5713468413749 562.1902082991638 337.535650120651 362.4345914148741 461.2964548352791 455.64368496211773 361.6955792754798 288.1503570062122 255.97469597777402 411.37210658366456 490.6185994299017 708.4270883206405 730.7305447083392 495.4555487072973 
S: 167623 520.6355179364225 345.55256446769107 372.38612899386544 313.48258901499537 239.26031427056117 837.2751716438942 605.9287664925032 252.2921212923127 321.752187947055 352.86179572467455 461.7303673696978 281.99672346311394 283.9539341488389 449.5305554176232 256.0840697653726 411.3759970440232 408.471640709039 245.97713129388103 583.6432343447271 286.21574556740705 
H: 536157 653.2111941236589 700.5826155445446 694.8900476832572 634.3120625452499 672.7936446766471 805.7530758362797 691.2305326779584 805.2935712680508 705.1076052368782 694.2378919436467 706.0179287560429 657.4399935341335 806.7852942070211 739.1086016599578 695.8956138648717 673.0091799165576 654.780124810986 701.853632774409 688.0117908169238 681.6947881700266 
S: 536157 624.0563591704977 675.3315677769823 668.7405302470303 634.1603355361876 672.8910418043375 805.9466262892386 690.9399267878462 748.0344401161772 696.2120570681599 694.0556043644244 697.926249676631 648.0318990329993 730.9096879318564 694.3148113468901 670.8261709827178 671.6923129595378 655.0774923037551 681.3803787067109 687.9366060585947 650.5840763158106 
H: 536157 348.1281820359011 450.6186186143789 636.0147199500618 401.5211932601188 519.6773113482615 982.8000196660144 674.1835621305067 908.477192436049 465.54969988332874 637.0895820193083 514.5414743071705 510.87037883390514 327.61816679732067 523.3729306653594 247.54353382630347 395.2105296976466 439.4852064144532 588.4452078331708 601.0680821472116 340.5346821049712 
S: 536157 348.0871811493629 389.87067363400126 372.9814253479787 401.56487910607683 358.9015899785034 1061.5889899584693 708.3692684089007 757.0435732375604 252.41340022967398 500.9467754099458 508.61828493709345 398.9557546582556 327.6527395060017 318.00155001415067 441.7389260006214 748.9114773820158 319.30504500395443 586.8315494820752 360.13762365266973 244.5707440337001 
H: 143702 664.6633790692118 821.8828280153898 697.4841176394098 666.8769911478504 680.2611869174214 641.1299767755775 669.1024223950571 731.8883595425407 641.220335636616 649.7973044108753 775.9745649525463 730.8573553291999 677.0229453332753 690.5056782827521 712.0370429622028 714.8251181555383 694.8469798867419 691.8839894689434 684.2433448678948 740.2850159701889 
S: 143702 664.7819460952973 708.1337112243439 716.2756796491615 650.7574440180871 693.8150311444518 638.3387765758222 668.8099816523721 689.7837714459312 639.0155248717889 669.4688687202193 764.8350728104766 714.6871465491407 676.5571224164254 689.0227221537589 711.9157482106732 712.8845787012121 676.8796174346446 691.8479266367991 684.3234238537359 746.4582404125738 
H: 143702 280.2421126330037 467.30128860457734 415.2281788672503 472.4396415858979 337.0979729255843 294.0130208637404 387.73329071493214 357.80390838139357 264.40423640244205 330.78733353502963 349.24786739486245 315.03496592292043 683.253325266365 480.2536964252651 466.75869926123096 718.5259944035377 290.68086140093857 315.45798116381434 894.5694763264721 308.1768531512085 
S: 143702 442.8256810881717 426.25564514236544 356.1702632865602 472.49015753562395 429.7602212506307 293.88274266792024 582.5816620213187 357.44672766905074 561.2561454180835 330.73746746270734 348.17682719136263 261.16764603161647 618.2180062536307 478.34047259735934 262.39633685704644 931.0646637580626 380.051099343507 315.45798116381434 418.2393831149062 307.92462768290875 
H: 178933 731.0405094241866 682.196193604672 667.36684350251 752.0104668523064 729.3757707331833 677.7105935415394 708.0640879584602 710.013014142552 681.7154105497798 696.4546857069092 680.7104323468499 692.8017008621063 683.0773654808539 682.8492151133003 687.860963880915 762.9071555450225 697.9601689350268 665.778486394936 630.7312175561832 648.6161951574906 
S: 178933 713.0710856540317 653.480597730476 660.7077988471162 733.3768561939677 718.4529140655692 660.2820003967888 653.8986420196422 706.7991487332912 681.7969511742415 691.779207277066 680.8223044075518 635.2546754018307 683.2183593221553 662.6591117471776 683.0228886753363 705.6745643333693 697.0862763590226 658.5770044833919 630.6905483788701 654.9990277064219 
H: 178933 667.061920994904 502.9316922592139 498.8324105001672 935.9292335706203 429.3695811372269 323.8417642969009 632.3698872590592 1176.7465785056863 402.30527590785346 424.39066336211914 755.8451722757271 1122.9111807009303 623.1157009212403 627.3671861125678 608.6102069925164 436.8466949648126 453.3109294585975 346.43284498818514 241.35169661627847 778.3318178362337 
S: 178933 406.9989910484362 541.1259517108111 296.1053355680601 754.4762905809924 429.3695811372269 454.36849658158786 269.63653950678696 532.958130016116 310.53481632318716 424.39066336211914 409.3290069168167 432.4352882797564 623.1545306323649 393.39750460159746 448.889898330774 436.85465015057673 452.8171506783372 346.50425369527903 241.35169661627847 245.81707196881484 
H: 362694 650.3520575696659 655.5330812482931 705.3566573659517 698.0031049317046 665.1347254059444 624.1352678148995 657.9023470524295 652.9731038165193 672.6703120785196 666.4619460774752 711.3492841777296 679.3372786885308 682.3369603481885 662.8314089603967 677.5871293244544 668.306797188234 611.1402292437061 696.850187033306 703.0258299487856 639.2130012225957 
S: 362694 666.1831704080654 655.2723435828073 705.4999896020523 674.2466329082891 669.4154008122308 626.6567109531892 657.483947005736 652.9731038165193 692.6385957629725 666.4368079025653 713.3264036781771 679.3453713110764 688.3600395526937 634.2519113126738 676.8149101956317 664.8907856418568 621.1064937035361 696.850187033306 702.1368670191033 641.8667886465271 
H: 362694 274.47184493395105 753.3865588535889 756.9624662599495 303.84319395769563 492.53680839243503 533.8690952656865 447.0015186637595 435.66578014666345 255.46427866274595 760.132672161591 393.17863725398803 712.3475601627852 349.63980296350076 1020.6077756711894 579.8427682863966 391.5877598985614 336.53086506143933 340.3265192317738 544.8746015352846 240.64769886779348 
S: 362694 275.5241600318541 464.0832894429479 442.26526080180224 303.3589211216179 270.81439642550214 687.218727492994 446.52195413712786 657.9930190749068 255.46427866274595 364.3171889525927 393.235739754121 713.5438232993 244.33335857826964 498.461369925161 579.8427682863966 236.25943508438755 336.53086506143933 339.38282568651414 543.1084339623966 326.58538396606326 
H: 316617 764.8098914687163 657.9153248884368 682.8499530452978 690.915133877946 612.9120455493743 641.100743698918 696.4048497161829 707.9639256653925 662.9856792452853 762.7977979187225 745.8917702134411 701.8221127669416 668.3613676878331 647.4611724720796 658.7271809399033 663.6324494984555 728.2735483184298 637.0922182202022 677.11024080766 660.0730509842024 
S: 316617 743.4825243616795 672.0703116241416 646.5533649302803 679.4814056296007 613.040478735582 641.9081046746437 696.5620441088156 680.0741025123866 661.9844057649798 660.4008113104348 745.4580659116907 702.0586606807638 666.7467908262804 645.4257938369842 656.4732885651486 659.7085318270059 723.0678498384541 626.2765379327285 677.43807218605 655.0860143080271 
H: 316617 422.5707354614207 537.3884511223484 332.5337056728806 246.79670491042722 342.1774933216847 232.58416698631555 248.03051618640959 472.32346214985415 1170.3486421358762 484.7687357613047 482.3250193948902 249.3536468340148 250.34172394378461 421.2073681856683 412.1491992506677 242.70275579721232 259.3579503685805 446.2042631456391 239.57333225664522 429.00098404474846 
S: 316617 422.41879446492635 537.2650576308229 332.58577676075714 246.79670491042722 341.41000052655414 232.58416698631555 248.03051618640959 471.0360034901955 777.7899516807447 323.6589246586164 482.2368814473095 570.6911647522048 250.34172394378461 419.6860882337711 410.963975739904 242.70275579721232 259.3579503685805 296.3621307348435 239.5733322566452 428.8013265589522 
H: 986934 648.0359309783449 675.6878983934513 630.5265514928353 664.496834097829 686.596957628102 682.9951341613898 752.3723974014375 660.8993655613065 701.9303882204068 685.2475383632965 657.1532263268726 689.0289424579845 682.2158717578315 689.119091326503 641.6748836414907 673.6261607954884 674.878312399113 674.5125343427898 707.0972505051046 635.5245508601795 
S: 986934 647.6885627318659 675.3603531395286 618.9981650392328 665.0906551621274 685.0953722521882 682.8042284887993 744.0930711260926 658.3315479816508 671.1458828846716 684.6671457828709 656.1659097818709 689.8007510702007 719.6095220031474 670.6457246681248 646.9797553304752 654.4365700194255 660.4322836174288 674.5064696958948 799.1615887328395 625.0456746036282 
H: 986934 421.68634204552495 769.1715719911492 355.53058938156227 390.6305215697282 499.2435643651084 331.8100417891592 406.37761040227815 265.45843746280116 590.2246144362119 608.9835508522337 520.1810806610968 505.97740718261105 348.2548591790469 497.49802472370624 290.7474070808485 717.3057399154536 797.0896322413702 679.8508117461654 354.903178160972 812.5846677151736 
S: 986934 421.71332703410883 516.707352400722 355.2746429112787 390.6305215697282 262.8887854535816 332.4308067710031 532.7284419834128 441.5983503389877 288.54478832571783 375.1493990878631 245.3405006931869 293.32775677334575 566.5177382583296 349.80402322645386 384.90960781148607 344.7213704161074 340.13911841804077 480.9076069011098 354.903178160972 442.10132802754663 
H: 422411 684.0188987776213 658.2479191139893 654.9492802621494 669.3538727579414 657.1737472209727 652.4277220270503 606.5695650720228 602.4282612721358 750.7291090381857 637.6543606727859 759.0572984812253 759.5781000431599 659.9531882827412 695.5943820598732 691.36608489955 754.9587158806816 686.059230962351 607.9503762196288 700.74623703309 727.3444029295014 
S: 422411 664.0520253523018 658.880476182031 678.013302561723 635.6125366804417 646.2936679726354 641.6976538551768 596.262471072339 597.1775845978478 755.2356748489891 618.6316419032636 671.3789203654966 738.6745610474045 660.0011584068668 687.1162598849297 685.8167163673268 659.3299771199314 741.4835317955028 607.6223319972942 647.4730920568086 728.3866984851854 
H: 422411 552.9505342694456 513.4570988789958 337.2217599114056 325.57463316638837 306.3055128542657 450.1812232737354 285.76970202593736 237.39437074723668 702.3698916883272 289.1955881285239 636.2880618900136 1089.9092098398864 392.4517067119478 439.6025815649955 477.4275122484552 235.72842461167423 516.9502248020488 302.82725210522585 301.12429832586247 666.4481561302631 
S: 422411 542.3982263569882 428.6004677936639 678.7589173792757 449.58414537883226 306.3055128542657 368.9601770071974 359.0349215222443 237.2225930916823 702.3698916883272 488.43736916095526 330.81723457308914 829.0566996557376 393.1924218333937 500.89838032263793 249.67099788176145 235.72842461167423 517.9119554244407 302.1416047076519 531.4889063749264 349.1949929441096 
H: 608550 666.4315047244444 682.2802644415111 676.0287637375493 647.5499914815307 717.5798299552272 672.6028102350027 724.7761119235129 707.4152643622283 647.0051961620264 646.7142579623503 700.6669288484914 689.4659294691154 655.6322050738054 714.9433734382527 638.9176386569884 711.7277918410341 697.1538086154648 666.256950624012 674.8330989309254 638.3790327737954 
S: 608550 655.4945921280776 651.2662249190168 685.175870025651 644.7484718071311 765.392878895134 670.5607200833547 726.341060708277 695.6249607396775 640.7728854349242 646.6916485073824 687.81304950992 686.4758043670097 642.3009447265114 677.8196085578182 638.0999615586247 710.7338573737331 694.4267068319688 644.593644303882 756.755155512522 644.2455360798091 
H: 608550 347.5396830437805 434.4847632874056 427.76979529889456 522.9024433204496 247.6219678226155 264.4532100293985 768.1931887836944 880.7367960248455 286.6588452701459 633.9542695068019 1072.27162113388 301.99101332364603 239.6696558162223 257.73558268446794 449.3491130212368 316.874932145358 432.43777405671585 581.4593746669727 539.9230524413774 504.22952694497445 
S: 608550 345.7708219972371 330.79665610963224 427.46046372940395 523.5936466000434 247.6219678226155 457.01561953661883 498.97311058802876 879.8512899835597 285.2839785769672 309.6504779297082 327.7054036508582 389.1490385220996 339.16902836146824 257.76639157162026 544.8037952490088 421.635095819909 483.95146341849886 386.0832290326599 432.79433008302414 414.29536682556363 
H: 289395 634.9044048865514 672.6439050477064 657.2140588365744 649.8865595526416 693.4456710265072 744.7964155906858 620.8365210544819 656.5856635871003 657.9114791937652 764.2712634259018 705.371301369793 676.266604323248 662.4615027859902 663.1421982323968 723.9409666038819 632.6934095622668 632.688282841367 714.3528276797781 744.7932195883322 711.4863944675232 
S: 289395 635.4748966484927 658.803727542008 682.2215959535994 662.2539678625827 650.2497985885592 693.3797118408525 620.3620432462744 633.787239705061 655.4276517218447 701.6471416974077 705.3715588170219 656.079508385998 683.4966104211127 668.004204152165 718.1127755009658 630.2970658402203 630.2896703906626 711.814707506904 742.6344072811323 702.4882756808112 
H: 289395 455.977740342752 390.7040152881313 360.3698326910682 722.0904972602137 444.4679075726562 745.6473925759707 288.8291425668074 289.27095417674934 448.01122594450794 324.21367283500643 360.7982450472997 549.1690580693323 531.9722694921056 235.11060867026853 507.3074278196296 464.30177830243963 631.4453884193862 357.7443641949407 1143.028604419368 369.35329675971883 
S: 289395 453.7856379050741 444.99791633259736 360.2151740822407 318.9086344001931 512.4424253717816 562.6077115509272 318.4948272703789 369.49236710833605 314.84334466484825 324.23858983293394 360.0816633749939 342.6196465838412 533.3326183867363 620.5649338051338 418.92994904381663 463.2975545540327 240.12581720978105 299.9588292556809 403.86004824359173 719.1151165579735 
H: 9217 693.4578404400066 662.7158420694053 657.588480496185 703.2874076925157 681.0864874270271 701.2698755087329 671.5086743482808 708.0789588992593 700.9461029382666 669.6064513872413 669.2548954000888 623.9096591295727 732.0892820566943 627.3273747411391 649.2116493800404 710.6032745199544 655.5106393732895 641.944608631808 709.322377125584 717.2934448152331 
S: 9217 693.4578404400066 655.4525792941887 659.6159950761021 716.5120188168062 665.1269830321612 681.8637669047031 671.2095721477468 651.362077588505 706.4006535887426 669.5752222967735 668.9794600832914 624.0147816357597 724.61232223447 625.4369773338676 649.2458272056944 709.2467907874724 655.4449344511818 632.052136772 714.757959553119 671.9222281217734 
H: 9217 250.1106786040661 604.0736705062835 293.1710036321087 423.2936978951917 345.5783651105406 651.8345303291068 303.30568369959934 421.9553473815808 404.275272856341 338.0443771738349 514.7107397051549 704.441761789795 307.0449202418457 362.0913533638324 422.44107398803806 669.4345808892298 664.0423642787694 548.9313822285319 306.2891452275341 718.0621322479345 
S: 9217 250.1106786040661 603.956033263667 293.1710036321087 424.7610580420931 391.0204800120386 602.3608775759462 303.85883711801335 273.20066088201895 436.1837400373625 338.0443771738349 378.9351831056197 453.6920681833648 308.04653710294906 361.68189220252697 422.56622528342166 525.9138452692509 423.1372435656749 507.0907468128986 305.9377614099049 716.7953411138506 
H: 269394 712.0704948356557 629.7441202308726 636.6967786296613 685.9266223422037 743.9629062046497 690.0415548501376 692.0491441344501 738.5487856517437 659.4936500583541 725.5179025958445 687.1094423898305 637.3523129448868 680.0688765287092 705.2948034034911 701.1437311154226 651.2106655045837 617.4655598338694 647.5215533963323 711.0798051288563 626.1374545682739 
S: 269394 685.4022516785157 618.4442993162049 638.1000332947234 690.3707023591185 717.2458471871353 664.1937447601154 651.9613520895122 702.3653240048579 616.8607003420708 725.2633129419823 687.1486131701413 635.8870170536751 677.3018933481621 739.8311144436032 701.0904831503491 646.9481323695665 640.074789538908 660.4645809952076 709.5843916509971 628.5387963754321 
H: 269394 390.65420712626445 254.9437639061104 240.58256583383843 813.2418805572948 686.0169737437908 537.1581390188533 451.09363004763077 457.7372238918651 268.1243950554073 454.74002082056427 524.8612117110245 240.40336009279923 300.92212614398323 801.6506286318221 638.0937008519875 285.2996177705695 275.26350053024476 327.1821857922268 445.77872885117586 254.80465263620633 
S: 269394 390.61593939924325 254.6607250524733 240.58256583383843 803.3749684230019 531.0608014916324 492.24977596326613 288.5223299490374 257.6354214543234 234.70825238905152 518.0591609414395 424.20901030342185 240.40336009279923 387.78020499946086 801.6506286318221 497.6228628559485 285.4124471554194 275.23089234896196 572.741103458284 445.70317415141415 254.80465263620633 
H: 621267 727.6301401131229 690.7936065452426 716.806923336958 636.4639909960981 725.0617385476961 677.9251080187986 735.2823956203218 639.4145225682001 660.421604754885 696.6552266104253 667.8498537554894 686.3285865110292 656.5909041575261 760.5065708203784 676.1576188072343 679.9307128305345 723.8523040061177 644.1434667586261 715.676779093676 714.6980925850012 
S: 621267 718.2772337702427 681.0641025648888 716.9146059145302 640.6704425921905 704.0252016174787 682.3292855037829 697.5456616871566 639.5024911137906 661.0999674480809 680.0334409435302 697.1395117450511 685.7606962956985 656.4742967440567 749.338826349458 684.0368228451069 679.0037426952834 722.0771963870736 643.961272855029 728.3250892553956 715.2552968889937 
H: 621267 336.9013242883189 407.42091163695363 520.0121005616754 258.87038306197644 402.10097892096417 452.17274091154064 591.9489512439425 356.7201682261192 436.3562347351787 796.2725025234178 655.8012493295811 956.3249230772681 519.7806317229284 368.6844622783805 447.8917366742875 245.98216331017898 401.3397121896702 476.1005671303624 297.75556699700974 491.6248140495511 
S: 621267 336.6909852202288 285.2654727396205 329.1687880388499 245.03615150360196 434.89546913172927 343.84640245334964 404.82853934984536 356.7201682261192 358.2613140682234 451.447580151923 383.1880175121764 677.799210639606 519.6593487585205 260.04929774157296 394.3308947131679 245.98216331017898 403.49574466330256 352.88007558670085 297.75556699700974 342.2706426643959 
H: 362036 705.9537763397827 692.9434391309037 694.7729979396701 703.1548895673523 669.1047619351901 675.0994199844529 689.2967468577526 663.0968683418175 687.7205100118539 670.1528425412993 652.1582015721827 637.594741841614 679.8964037488325 682.0867457147878 719.3230522960085 645.3835167946022 669.5336581592871 684.7763698655111 673.5848158718229 680.8517705971562 
S: 362036 696.8381697173139 697.0919569593556 694.9056392266116 698.3671216142933 661.5755206425739 674.0302966220797 660.958714189108 663.070147082028 667.2911761302327 673.1658068375726 674.3006732706449 637.013267292011 754.835967580312 680.6749906992573 693.8447322690763 646.7983012337427 668.515564477286 688.8517705164562 664.1983579961923 680.2621934758424 
H: 362036 411.52312165190284 381.77842113063 524.7638591530125 873.7075079025664 406.09839402863446 366.737313794849 541.1732260454639 876.2807036763686 326.5528545745925 651.7914978799969 245.4526343460169 386.75280542065764 242.61760100900224 283.1361659980226 459.27885286860743 528.9469252541761 241.4180559911759 889.5315248367297 451.7470749464497 375.06046323473396 
S: 362036 361.78413950078436 380.9989645222952 361.7535221336863 719.7844458167359 405.148910696801 366.737313794849 373.3729460696578 535.3450677064237 385.22129666918903 352.6472809627094 361.0289064976155 386.7262583984893 516.4951849419098 283.12311254292536 299.0914356410822 275.6291479813947 241.4180559911759 485.1756762254061 420.1193792668791 323.8887886929132 
H: 615848 680.941236318747 640.3393639027312 644.1045322174924 701.4045871298833 694.1319975468789 714.3239928888619 696.4860907968852 686.6617268486315 634.0861418237624 646.5939587313246 709.6783235440182 661.4217672367753 758.5371722238539 648.0380234064922 669.5175601323604 699.3125557676882 766.6339385085626 738.6089119261712 633.1259997387857 655.3794534593648 
S: 615848 711.3034008898494 636.9330734173202 648.3269190777681 688.5076430276611 721.7860847086381 720.8563554264075 653.5301648562216 686.6617268486315 625.5090209522763 646.7766635727485 709.4010957820774 643.2250132298501 716.998566621224 645.7110787803132 645.8861281177669 671.918124119332 758.4023250789634 713.6715083979362 626.7032689152192 665.9948901232223 
H: 615848 345.46440653774914 420.25305877406464 249.07794218602004 406.29353784185747 358.59987975448473 760.6051374394644 1045.0797255743905 531.7426189463146 560.5109984077661 337.7641684730961 388.628463061074 355.9189603731648 531.4020435665959 437.4643090007035 424.0178749601251 760.3924345041141 661.9051304773026 406.13446016195616 532.0038816411208 301.46368439058716 
S: 615848 344.63623462692 420.3743136264828 292.6183212014515 277.7280326524753 358.570656679126 833.0971056663179 1044.5345418738566 590.6411538368195 389.9204486553745 337.7234467623077 387.99747189145006 522.0515602323803 367.8805236942483 437.10168493960435 388.9616355274677 287.130899769946 361.0931728447204 405.72890823457715 873.1625763091523 246.57035866048952 
H: 256150 683.6728648232153 646.712260449013 670.070976432112 730.993076041747 674.9186412540572 733.1746534926494 685.1530346832604 695.7938895346775 658.5564541236993 665.3601077521705 704.3973554527118 752.2942835510472 686.409859199837 726.5521529975953 681.3682707636755 658.0101710377114 670.6917436730702 688.6289930716821 664.756632699979 718.6470924224138 
S: 256150 663.6386450361058 641.5853618513473 668.9037869420322 705.6293940195898 673.7236474646193 732.3320342321824 679.7546290569951 691.3306187211631 658.5804687745051 686.8317961832599 701.7815487976843 746.7832417683277 679.9633715528491 723.3944506005279 707.4368894748862 639.081135458999 670.709535593871 681.4999881989881 673.4620194660441 705.2042009966322 
H: 256150 556.2770559614281 297.217884678978 463.5159564160356 1029.864924448288 586.9093143567487 352.0501647965781 848.5656992869223 439.72903359703145 572.9258403028564 541.9620367212855 293.2081895966026 497.07309902995684 442.6984827365556 485.2644809426777 393.739842562472 370.8834095838356 611.141634448662 515.2704547074172 366.79086012768664 457.57506255659274 
S: 256150 555.1081365870759 442.70491418600676 529.919735920776 921.3218012190546 586.816631202373 673.5351788293972 387.95381143778417 334.77789116618214 468.81124900918934 350.1926230610224 293.2081895966026 496.51477582540963 442.35118690284594 545.1160658800355 393.74268283833845 435.73750169419134 568.7691217599638 518.5536056802626 366.5437304633451 778.803775505038 
H: 695627 655.3721056137142 637.1065090713066 733.9310031195176 725.9854620938514 750.1341103846366 637.3007198381324 672.5352295934014 696.5428523539807 687.6845221435915 689.138219555662 729.8890240135005 684.7269869976076 704.9845418612576 656.1955489629332 668.947710216471 722.9149053011392 663.4443897031788 688.4583844527484 678.3049721252594 704.6040245974814 
S: 695627 655.3721056137142 620.5959382685969 691.8834418887643 725.9854620938514 723.5345089280192 637.3271688978435 672.2881851206964 697.1866719401309 691.8940082599692 678.2431027527505 730.1275438626775 683.8886411427601 676.55248821752 685.9145149734338 669.2367169590423 718.6384046806526 688.5095512512486 695.4370134309247 693.8780687254371 698.6059425360551 
H: 695627 536.3958864504466 659.7552439986613 478.9269951350891 509.059075793872 434.848294775763 447.7601221205475 325.86667320109444 254.1242482116978 374.83603783824697 372.23673197765 609.5176733357871 578.7561237295083 533.7570065228163 422.5625979476166 386.79668868068353 384.89495087388985 329.2560665849439 368.2131931509442 348.0469318639685 417.3483225678675 
S: 695627 429.7464828356197 354.8534241632004 477.6328754608504 508.7581006911871 435.73984334320477 447.67907559311044 325.1649749788063 316.96489852544937 271.6569200499224 288.2467805591214 611.3283191801445 239.30850199645894 590.6276531391989 401.60423757275095 280.95601935386054 384.93736187326897 329.27538650941057 420.4948569696857 348.0469318639685 248.38841896106052 
H: 75977 757.2622999223944 640.3369741420514 692.783271227501 696.2752240164041 662.2792636110796 765.3650269395129 705.6535179138825 761.6944474932397 718.6742979267718 660.4263549338773 661.9530115507476 691.3397100304813 686.5544543515646 647.2924309512975 667.0748270085915 678.9212426173312 649.7620180543934 659.8627740906174 631.7522949419995 666.7271460377311 
S: 75977 695.7932846944511 637.9755518396873 693.7436046219966 700.2217542232494 662.2792636110796 762.9753510835277 728.970684804693 651.7902803813407 686.1954179089851 685.3896934482793 661.6728781719061 717.4782184785263 683.1965260940069 649.4333325186524 662.7384876313345 676.1750880112157 648.3383336491745 661.2605529959578 632.9695995258772 630.6511937355403 
H: 75977 573.3585226078653 305.7405279036353 251.11051695660962 374.17334496710185 909.860320506056 1023.015430774214 338.77887503162907 240.71439078809587 530.3052283970732 1061.9868439463226 611.1469149266411 481.22337970951367 474.59863778911085 340.42754928900086 390.0958130895684 626.7011327042957 406.958540814745 329.99242248427277 293.06884483186906 393.2069125404865 
S: 75977 249.6192695295366 305.6668899314138 263.2438058262025 374.17334496710185 909.1936781348247 770.8245867024681 507.1184443325563 453.8618173954304 248.44198717216992 422.26285120733604 610.9949068809644 464.1265407655176 473.7040482557191 238.855105399826 390.6364704812193 625.0050932191469 508.05428870809783 379.0605182307782 291.651009518989 392.6164444283674 
H: 885935 672.8318393166476 706.2996262443154 638.6592108143217 670.8295836448718 712.8051711511166 739.1508068083116 646.3841307048788 709.3947965408795 675.1305304256696 699.5950043593296 700.8991170600505 681.7036315376046 695.5834580840138 692.828193376175 682.1817654098755 657.0854481036877 758.4857159188663 705.8866765202171 676.5985451330336 667.4006843153855 
S: 885935 685.8643272028859 671.6036088116862 643.097122142394 668.6759922596173 710.20926131406 689.1084531126223 628.6502854435034 740.9371300644169 698.363939993439 699.5491075065767 661.8374429692835 712.0344567467823 712.5415602627431 692.5579024172313 684.2584516710585 657.9474366043363 679.6970657259092 674.3936078285342 687.6797747306921 667.967583195072 
H: 885935 484.56215243827995 379.4397082586502 393.41135523824863 331.72556760414864 510.52396721277483 855.6683267625579 313.55062279499015 702.7832130246064 488.103367779438 489.7178966983935 393.06713596997776 1105.7958238707795 954.1288613410935 518.4207809673869 552.7224052657133 247.3089763879272 247.88428219224093 372.80786875781416 374.2967060623993 820.219884981784 
S: 885935 444.24653771894225 381.1188662314208 393.42109121151117 329.91272699597977 510.69948044265516 480.6641032026628 296.59873207214855 507.5413776376083 397.42126352754605 489.65511750709794 240.7606870085997 878.8577437741118 953.9608318099523 250.43334573619157 318.8704530455271 409.1403801497879 506.88964187936995 565.4497939582598 374.2967060623993 819.7571642272179 
H: 706606 770.7206411175733 713.9923492884235 691.84326459789 667.3544505878381 660.7926441858666 673.9093034402842 738.2738554625654 680.0103019364374 624.3366750142142 706.1734087088154 690.3095834888128 665.3571545318251 661.4047620777003 760.2726787659925 678.7910879912366 723.8238902534314 653.6882541972537 692.6205943051945 728.1332849672535 674.1255831736547 
S: 706606 673.2456877199312 711.585928868136 678.0000413159314 689.0111627069351 650.8097607866173 677.507335807105 737.812481308039 683.9244338933647 619.4589345594395 706.2649272659824 680.7017210575992 654.639925970446 652.7005079936763 693.8162141468761 678.8577540778228 686.4243904038825 620.7844200750641 700.5120262837606 717.579641346172 674.4505760450141 
H: 706606 937.1269459563811 546.8873440301021 250.03494175406996 567.8923304584988 297.57095985042787 554.7528869173768 587.2646685764233 378.09186855569317 235.92406528169477 626.7830017999522 457.9387270999416 535.7001356303259 364.99506410452426 608.9323379104901 457.9161205367557 402.67466463145934 288.89244543318745 356.04060848695286 249.15325069311183 541.9162229832635 
S: 706606 516.7505234653371 546.2485047728767 250.03494175406996 566.8971069942642 297.6213306342418 554.4924578589445 587.243490021046 378.09186855569317 399.95764749861934 508.46562137426736 599.3273958098463 245.0299645005024 364.5763064604374 609.4446428358007 358.0725477061044 510.4588604739802 288.7104147403294 357.1044609735388 412.9215287799417 540.4716596405932 
H: 897667 669.7459993712781 682.829542882684 650.6843763208739 740.7722968329201 667.1267770481361 661.2580703252452 684.9551675834434 675.4340810498979 601.3460282065616 732.579669104081 687.0185320243684 702.608431244408 702.1419453676306 785.3211698809746 649.4461581129857 721.5067229039283 644.4442937990968 688.9244070350962 677.9068265764848 626.6118291004271 
S: 897667 703.9024729172902 683.528988814072 650.8435764094457 674.0524644945752 667.1388713552851 661.1403744261147 685.4134912026624 669.3360599584603 600.924574701693 714.2296635638172 687.0252237845814 701.2847671017794 686.7613297467249 710.7595714891862 648.8414384855892 722.253822174523 645.8868815775878 687.5342147605685 674.014964980752 633.2454743008011 
H: 897667 380.60989424774954 517.068769320684 631.390112072287 972.0382992883503 324.9929598463269 310.49732872705647 553.2382982751776 362.50426188459545 408.63399223784387 869.4674011053224 784.3682525101682 591.1938531826057 570.6883005825728 553.2024590467897 279.3656786009088 266.3567074814427 264.90006307582365 470.79231259154295 492.0476960076334 339.9097309546792 
S: 897667 379.8675843755745 731.0431490832023 697.3854134185489 539.3525960647552 243.71232448316835 310.1099377582949 553.0210569030129 362.42839696999687 408.2109778463101 631.2391187652344 365.87515446323783 361.21164908953307 380.8446346356225 414.96854790019916 279.8968680261358 266.17957855200336 394.4100060427057 470.306164146561 416.6259072938716 386.1873404218054 
H: 464630 758.3738085044901 684.5565234229241 613.9656528421744 807.880474988439 718.2410493164098 664.6390047455528 692.9719465873186 621.7495762380044 674.3456758827992 666.7967643731068 633.1406917596121 716.9129702748124 651.5986667954377 719.9783521253614 647.3438300430563 661.344436987397 643.0026355629243 667.6273761333432 597.1889760262359 635.1093356169896 
S: 464630 679.9854131702211 653.392177248691 610.6444816244266 808.1874043526907 720.2087376363748 666.8746356944927 671.6404130385877 621.5552505759412 671.0353743787387 650.8070930645235 627.602311602935 730.9277850004373 681.9652807765951 681.603334294382 643.321164779678 634.7100448718213 667.9955958695339 656.2699283396463 596.6867509804082 636.002176951219 
H: 464630 557.9944192094841 320.4461295345587 292.1363093171226 369.8854905216912 876.2666538128532 484.626712197748 340.7920561925202 507.0302245868454 620.6929901914688 534.8748148612679 307.7542681018964 764.191865552341 498.9786813595802 555.2408039449432 242.27888248515634 487.97560508975846 678.0094232995469 290.15417125232716 365.81388102957334 551.1513572720567 
S: 464630 245.63209331088845 319.9076083748809 428.73896671984403 665.2005943843856 353.1893659905976 462.7203021697342 340.1532317230826 506.64710776242725 354.0627637037685 436.2162466318025 306.2103708966017 765.189313786929 359.9255649585302 554.6091188696495 270.1424510987598 305.7799272878134 508.0671152756252 289.4307233633152 365.82764918948214 324.06268032866546 
H: 555390 736.9169493446499 676.8163759356956 718.7795300652623 718.4068394441579 685.2313422925633 664.5169997739471 772.6243765399059 714.9991439589107 712.4809112759726 709.5225192801879 633.760491220053 742.6490093567335 719.3401908374757 757.0650052315076 689.1013163962009 768.1560617362052 711.4309339711313 655.1667933185169 660.469200254911 610.5420398341264 
S: 555390 726.1687555392944 672.9538452269413 698.628131903674 698.9982868176867 661.293352875014 664.5169997739471 707.2259271990057 683.6318215640622 667.468143678358 678.7744561674581 630.4512679438741 695.8022939815115 675.2477071261284 745.930012117068 708.674358668249 702.4468989110355 713.3220132789104 641.8625285754243 658.7738764217996 606.8112147077513 
H: 555390 1310.731023422092 437.2324422753564 552.8408323706057 376.27642655059964 555.2553802078656 639.3513732629903 567.6059814672029 419.6894593333913 568.5220981408577 423.83171041591555 253.59950859948523 250.37786523126516 487.3202558405269 442.1126902702085 247.9277685728299 307.1407263709458 574.9885062123625 339.2012652567736 432.4262490895419 532.8458839072767 
S: 555390 529.6842796502962 435.7249440322055 551.8172529051396 375.7146513990482 421.14794413502904 390.8204632051262 567.4537174553013 377.30335699751333 567.6420206849729 423.37857078646186 254.01802463368585 537.0245982866828 426.26646900842223 442.0349638949565 247.9277685728299 606.334708494447 514.6548197604576 340.2969872372768 303.7947910166039 382.3988525529627 
H: 395897 654.2236498620931 677.4077400876106 675.9919278672135 619.1723659213451 683.3226258605214 674.6884584042153 685.4348093122777 635.5150816970671 765.4118773855137 695.0259805455933 680.9792985263213 681.1328483964334 657.4545685831457 689.98281433247 602.3592316984663 752.9545301252434 665.2565004009629 690.9300542506094 685.708882143781 718.2013599321301 
S: 395897 650.6633089688833 681.312682504388 656.7611343276178 618.1808400774951 682.7773254992446 664.358701336586 685.1704829965631 633.4975105895479 695.9394954089753 696.5145533566573 695.9313262450139 677.8973067450576 654.7335184482332 710.96402126728 599.6220265468762 695.7967809354902 664.8472188840748 728.248835464958 688.9637800710974 695.7478298887221 
H: 395897 234.54030231568413 238.04100148385885 447.20926281934663 266.22691548894767 334.58372924943916 400.4024396153465 240.83248951401828 237.3782144262981 780.6834168169569 323.9445158337679 353.6535963356281 383.93483994810805 238.9670158577285 369.5621109706437 554.922147939296 343.00128454242935 559.6570823898861 393.02506279117705 414.63002738753426 791.1536217249413 
S: 395897 234.54030231568413 352.4437326640289 447.20926281934663 267.6636911533305 733.5272465267723 269.566595204408 240.83248951401828 237.37821442629806 616.9685058189962 253.63638230165526 353.68410955922786 247.48562737183997 288.32786568395704 369.68610826665866 382.1809485810106 239.26677565643104 917.9556088142696 252.32782999652633 414.4207271543319 554.3273064688096 
H: 812988 688.7826835887199 687.0363209900202 697.7362703975685 699.4926158449244 693.0874317763536 666.0329981785162 788.9051007506727 706.6133978980532 731.7762513327809 624.089977439704 664.5210317566426 710.2272795840129 631.2687875515421 643.0962606990968 749.6383141668939 696.4183703678048 660.8174164670396 660.7915000353028 654.7551836645631 646.881540959474 
S: 812988 672.3760392308892 687.0363209900202 749.9193929370338 707.4350454175832 677.642893613713 665.949848667518 694.6856615252264 688.2340004056796 717.6504121737631 635.0178058442657 658.557205107366 670.3135580444724 644.3815172663915 645.5740561467368 720.462431285601 702.6899960865663 658.095618071176 660.6622852164629 656.9101876653926 646.9982914511049 
H: 812988 248.6627021886155 515.1587571050177 251.4237760560961 1150.5841663950453 535.3245729886827 561.4210124351805 382.6007021977676 488.14950752899904 426.00239729616544 258.6614842200019 320.57722494302465 283.36305448940334 642.5037723094902 243.57906046629856 646.8136407064253 534.0044249977167 611.9552758757344 469.84874930502286 388.3763797338542 296.2305432195194 
S: 812988 248.6627021886155 775.9934035485919 251.4237760560961 396.0237935598082 535.1228728297198 561.3958990008787 397.22275092523427 355.30240820790164 352.3290802410567 258.6614842200019 304.03572971627375 480.4605133216469 642.6797490552011 392.5088202342574 538.9571965292142 376.46066099147595 610.3276075550266 469.88903821859844 244.17269724343993 295.51531014862525 
H: 770986 708.0612577428944 757.5733779694747 683.9352699095484 677.1042797877578 655.1655267864289 699.1785971243427 691.5243354208825 657.5712360548566 685.2164144766712 670.4555247083136 716.0097235627211 668.289971975407 769.424118330552 662.2262946999724 713.7445077381086 687.2548762156579 691.174158746321 633.476098628432 719.3753172137184 667.1410494986457 
S: 770986 680.8860518947553 718.9101367500264 672.3668127448925 662.1083977087922 651.8907207598119 699.2181352725829 677.9110830097276 663.4211814105792 659.0659518275752 669.8290547760149 700.7136765881704 649.8510682621873 667.1758174305184 661.9369749766151 679.674438922176 687.5130027058622 690.8903435163301 630.6794648639554 735.9595629188 664.77197748941 
H: 770986 718.832393726993 368.1442233855157 526.4984194274792 574.5092812447945 448.48720032611874 544.6463355686998 559.2171898568088 297.814292258256 775.7813423717984 408.66484411144 318.29192540125763 568.9513677105539 487.09940881981936 477.97396328160823 688.4908520627885 250.2522378515047 457.7653764983304 279.50899054324674 723.8775358459505 250.92811804103044 
S: 770986 718.7915143239602 368.14328779849103 508.29764083567045 586.0406105225544 401.1697198052822 543.5450793714965 439.3453354152231 239.80745430850897 426.75867264484583 663.7042617234523 318.29192540125763 476.38224798464876 577.1970928532251 362.4567549602942 349.2778924232383 415.2364218060974 399.66231332810133 564.2544533963867 722.6876024994181 250.92811804103044 
H: 582215 670.9603043746989 664.8744621101529 688.3693031491887 705.137493079117 672.8785324413985 741.0048770720057 686.70158490989 682.5883016079962 706.8646749876116 660.4461070492611 665.1810439375996 672.0901726730004 719.9049978649141 732.7633811146211 687.0707884099979 702.7015091356621 683.2595144612541 617.1763121159596 735.7400119961449 699.2750825497435 
S: 582215 670.3375890490631 664.6537430779987 711.3641959121492 677.9572155346852 652.4681991408394 699.1406922727074 687.278238328102 679.6382670808333 696.7175280861702 659.5548067716701 674.29274596949 719.683485518728 720.0203755809132 713.3398661482024 726.2711337361247 716.5481388750866 706.2112860903792 615.3308225692732 733.8700226595262 699.308328276665 
H: 582215 370.0738892704222 424.66729437209204 634.817838620375 546.3856220679842 409.0735013186286 511.0270133544043 656.794773141879 270.61043372940367 286.82352785179285 404.6336454864558 698.0774223218824 592.8516940479196 579.1708153813778 349.1015625561423 239.8385215422052 297.1313595347809 919.6196520000008 335.6931909619739 561.4411591445528 253.19224827430156 
S: 582215 492.74952975282775 424.83973474152543 608.4020008920695 546.1802241558014 406.9912144915144 490.94356658656267 616.3820275245882 270.4545747998219 286.2352397792696 404.7146759447782 342.4265039079054 396.0767080365318 746.9402596713757 366.93112693823656 239.83852154220526 409.69802120835794 918.8817329841748 357.14215633836346 249.87953062767104 253.19224827430156 
H: 632010 706.7106224013 653.3679433551018 697.509979899516 626.0720971927138 649.3397376299098 718.457881722886 708.204989589966 652.4321562820046 701.266575140546 659.2083757913196 725.7881780960564 668.9634689947396 687.5540562204285 711.2166694722168 664.4573089448448 696.3730953857629 674.1436594267443 634.180605059045 680.8762189078442 628.4643324409495 
S: 632010 702.8015310457998 655.3278377403964 668.9380189682232 626.3073240763434 641.7467879395747 718.0336812373672 675.2528377962265 631.2245548891256 674.120455393833 695.1877357552322 691.9175065377078 668.9818698338045 687.7043481869389 670.9625195032653 668.9037721178671 677.1996387282895 683.3449810742827 657.279512049093 667.9875670262227 629.2527735933102 
H: 632010 429.2782463383999 290.3636257981484 452.6172216140777 298.8112782383919 466.9316125172001 367.63272702656906 391.53238203787197 445.9625208450193 690.3797617817944 933.0210312951574 469.6055578052866 409.9842107893135 563.8565765317041 321.14525387663656 399.36154522173183 569.4036908739852 891.7110235581115 357.27229366343556 610.5313182363918 350.4827416703169 
S: 632010 429.5690753315182 290.27620575479455 310.16204175415277 448.072822656479 316.18418090889855 250.9046588682719 391.3140966327193 445.6757450885479 382.28090010451217 356.4558904317491 468.376222793322 279.93612939432836 388.60660368393894 291.6213056608794 399.29613937332806 519.1858860456997 318.17987830052994 234.8564321022086 514.3093892465812 350.6799200705037 
H: 563014 677.6022928702572 667.3395835325429 751.5519467364444 709.4947280401498 705.59701214069 669.5663346160966 648.2907685823897 710.0877592992615 676.8100646182609 672.7562802196397 674.6212187311523 695.5184121717393 701.2406217621706 644.298375977611 705.6972513881149 638.6772664212072 665.5520327789475 648.6358594851757 671.5574564159701 773.80825995907 
S: 563014 676.1251726302968 672.6668503585529 703.8114745909504 695.111192265197 688.5300769689767 661.8606611858756 648.3695832724869 706.7272530466764 665.7732656769429 670.9169443078141 671.8356879289458 691.341602720584 671.408708059034 649.2133606351945 672.5109306123804 651.5150277425736 664.6246373145215 648.522182971147 687.6168275380821 711.0482578645526 
H: 563014 355.4565161008266 629.1322892955297 393.4843888022353 708.0797180044943 629.4524310844264 277.40946644398656 242.96342534066585 515.0450371386855 477.1750767749563 486.3899163861844 336.8864936482343 290.0492283949326 535.3254980935485 368.3947629545627 272.19320802784114 1016.3724685993493 374.10412959165916 334.3405489904117 643.687526346085 802.0873274716706 
S: 563014 744.1827573487062 338.05633106760996 250.76520117568407 327.19769962606097 408.25678132514804 277.4071742992249 242.96342534066585 422.01686300509425 476.99754247547247 394.2404919873892 336.83913269598537 289.49697065707824 389.3775617602613 384.00766040130696 270.9406543718145 226.00295902275948 375.4769698411612 333.860835334304 416.7814717711785 546.2673496337728 
H: 669703 674.2716445025848 707.106207399247 682.3983420134732 723.8511011177989 692.9038300903961 648.822860397099 695.4738956595277 696.1006824709065 680.2180133835285 637.1056023009902 719.2310555761873 651.7885725921324 680.3018235174565 618.2811318451927 697.9687286490819 685.8855578417218 630.6962584994317 660.9010661155259 713.9370762740057 683.2928895429571 
S: 669703 656.7971134382916 699.2552477629908 715.5760076063143 717.8631260233415 692.5520229633516 644.6408177440163 690.873401372008 695.6522012324763 653.7624058956144 624.7830678724713 671.301111809514 650.4972895002908 681.1065445806631 609.8310397219973 650.1426230019871 662.9433972952229 613.7772098858987 638.8901416560221 714.1567055003178 683.6188349445307 
H: 669703 245.53134792528675 442.08896013665435 457.3903500058766 680.8823945009847 358.6886476013365 322.3668517826058 530.8333228894686 253.51952548208052 313.62170529046415 234.75527357082058 469.3793337568022 312.25512704538363 970.4667854953753 462.9403319812521 434.6965673440048 413.55046347310684 311.89423929177246 714.2837118664586 428.91743776925364 599.4117110166696 
S: 669703 295.78726041103107 440.2182489811004 403.5213340584162 558.6165461002364 357.84771344588296 322.2208611712537 587.3028908371837 253.51952548208052 315.03680170073324 234.75527357082058 430.4593895242203 311.9341138654218 969.0419364528001 462.65655912900456 434.8891801858139 262.34510460485325 421.00935312794627 714.2837118664586 428.91743776925364 384.345297787777 
H: 916781 628.7912048159316 697.4418061087122 662.8178206514923 726.6942989655745 652.3671656476831 683.7939924514277 646.9249629268385 704.4633416777489 651.5559785000746 706.9580698008607 685.7197470636994 729.4591317665432 667.625339280066 706.2993686350334 693.313626195762 655.8031839146826 675.9402860873365 687.4859894341646 694.226149809403 634.3323713139604 
S: 916781 635.2592510449772 701.9790523849562 664.5346018787855 725.7944139164947 636.3049895221939 704.2428000742918 643.4080344250784 729.687834203468 651.067833578999 707.88388970786 688.9361810473821 683.2840840874505 696.4164158036509 695.9167145866036 693.356335930097 678.2546725575648 675.9547301875674 689.5692138776744 664.1999009753852 634.1152134780295 
H: 916781 341.36212894068126 348.07694695715145 279.83957466857277 410.49239564205794 485.6320734537713 606.4218831482057 237.1702208447847 394.77997340275255 554.0647181260257 580.1213547995402 687.7491059621361 348.13169558025714 643.5476093979385 884.6405495696239 473.2324614848912 530.8256445680436 810.1750597578065 535.5729689922185 421.85201444581617 420.9991051297999 
S: 916781 395.09520070857934 347.1889980448379 369.9639244050589 409.27617644821004 484.26050027881246 606.4218831482057 249.48827655842607 394.51782467037367 296.3036288590648 579.7946078037986 384.90204561974684 548.3335550163586 642.928683810169 529.1910927802908 486.60201131785203 560.4054062735339 246.47558371832818 420.5927502762539 386.1579142072255 399.3034322059912 
H: 925354 685.2004528179024 700.7139915894002 731.5093458834459 656.7606437065084 725.4144697260044 673.5987176434853 662.5313160444131 655.6694667953631 806.2904316124981 701.8537009983571 664.1117361395688 698.8783790525634 705.0731941799812 667.5288875133232 655.2847416337962 663.4999354445257 699.6632427824146 705.6158851737762 672.7577882638894 774.8841535043159 
S: 925354 670.5308470450356 708.8865245697639 651.9117143862043 732.3571373526348 716.0246524215461 667.6600283070798 665.6067738317568 655.7975830015821 705.5440824060363 712.2937870273493 667.5239016798051 687.5064083755133 670.2496901651793 701.0570276588413 651.2822502431977 666.5301081257804 699.6826912740695 706.1579410855105 659.8844262804364 736.8212289295242 
H: 925354 515.5989210778276 369.02497346940623 500.1814345977135 571.4338365418964 563.5952398814424 470.55904698049807 328.3227586743577 454.9169054291423 613.3563348436809 381.75429126356136 563.571729602593 1006.3454924995343 387.7308168108166 448.77623541980216 337.1067548333048 500.0602964427402 406.6349422816474 507.0759800182622 464.9639294928882 257.4266849906091 
S: 925354 515.5069734014294 405.8472041535863 500.1814345977135 570.7384907441598 563.4015425213473 339.31197498019384 327.7956742164977 310.80453928664735 613.0862730313097 383.62702406099737 787.7007619886109 503.0953835337674 387.47595971218334 243.355552461311 436.03887630583125 499.71190623680377 406.6349422816474 687.2829542312695 464.52687619012863 646.4070206633754 
H: 101941 650.0701753842312 663.842477863358 676.5889545204478 688.4707283317122 617.0622728702848 617.1010119292326 626.8661085302992 674.7142173048452 653.2346804281436 730.2412385622272 631.0275652217217 724.6511041609833 648.3077650530489 673.8647060981042 621.6326783493422 688.6541961865732 646.8193933845581 695.3834074067958 737.5030770012669 689.7835781034253 
S: 101941 665.5307298033749 647.2372879104339 650.7059440018079 675.0429519217118 625.1743227976222 620.3867462373048 626.7069429801007 673.1163899845158 637.0070172505783 718.3573059450299 635.9044674279652 716.9019243126947 661.2380014195296 638.507682376869 614.246718843344 686.4848973863022 646.8504591441399 676.2767293439281 674.99219532046 693.0230443826334 
H: 101941 284.6661369995573 545.1203054941451 1022.9558119626145 507.5783476852416 367.7282546286029 241.42332597348695 420.0440587043821 238.05309608358002 512.1120122726521 248.0007631115081 531.9673214907921 460.6389735098371 390.8907988998074 350.56445388708096 233.5148161307173 246.245235843308 355.11305639023834 285.9157821425167 245.5006415250709 461.7648777273205 
S: 101941 328.343505034023 544.2379266905174 684.7495736562998 631.08129566872 367.16672210199243 566.9942159880836 356.8275706622683 238.05309608358013 614.5633952483687 359.7702103567497 345.06698155478927 392.7475074513975 440.79397849286926 241.45990297011596 311.9462813826762 327.748579876439 235.00310772069773 385.3757019856953 400.116451599334 463.0624960379323 
H: 603977 704.8865622227327 669.8401354513514 655.2747165530602 623.8622450726148 657.3394971996247 626.9264868238077 716.7846049050095 678.6644847460333 655.4761497623307 797.4117601387429 771.5106725695932 644.2672690307029 723.8718792080582 671.3923563523713 687.8865038969138 663.5329398139777 642.9029562194638 677.1267043015454 682.2968790868141 671.2309200248013 
S: 603977 700.4189791012914 690.5100137259435 667.703121840508 633.4982360804535 657.4962698261495 618.1530122972164 687.4967340516207 657.3955907052193 648.7177291436069 728.8631294411865 738.4754742471498 624.3976822808191 717.942179375505 686.2146148301025 685.3608168325799 713.8512484395715 656.0527233440848 677.0791123990421 681.2524246960854 661.2824166316466 
H: 603977 495.85531047380346 352.1690951982778 569.7307390520339 312.3675545851298 348.233872547485 290.7764650835408 338.110203441725 356.4810144032247 694.3181192995385 727.2060118963707 241.38381884799867 237.72778896946554 555.6316567739899 251.44942195561424 403.2509306154729 364.8649481349011 687.2264419491993 423.3235527857111 339.7967293294716 237.66915467448277 
S: 603977 495.81182506718386 241.87094927964458 520.1415008884659 312.5716780746706 348.233872547485 290.6480456879185 460.95245967886757 486.08553771621894 501.93300413052003 366.8198690146266 420.4143648219889 291.0619308234452 308.96867844061137 547.2694289210076 401.6930178952876 241.62862604050682 563.6607176511117 422.34965334604584 484.54644443908415 269.7316620610561 
H: 755394 638.8709658725968 666.0498050561371 685.2093911923422 704.6680651890808 647.5388738215927 646.570608301088 661.7352587402956 621.5239952572854 640.0171856673932 661.4945933692695 726.7258251481367 638.4348567316091 673.6797988844456 702.3684378813153 703.4913170582239 646.3100927571485 648.1132258446055 637.1192370177724 678.1924780262544 655.3954607772309 
S: 755394 625.1085461026072 662.1814838974657 658.577593550177 695.2408122293544 632.5346688878662 638.3866801498467 680.9812234061225 613.2914253938479 643.7757291875639 655.3614402414369 726.487954326766 628.2197950903134 684.1356628510113 663.2609873036931 735.4743092756897 646.3100927571485 640.0951691647182 636.5512775007818 627.6867699711654 650.9613547169209 
H: 755394 365.6242782914292 336.16190611242627 345.90910105663914 497.10201468673523 584.1563152623038 454.4963306357895 481.11128528882534 290.31526556784314 515.4883969651352 238.1863091881347 798.1374481122037 281.4604615482617 268.83746484479695 428.25912673216186 332.9566107076993 400.44950332499695 291.176297971612 346.59057048666733 376.48449947927713 345.31865091291456 
S: 755394 239.36051269805287 336.16190611242627 345.55402703739003 432.0718537444263 258.59460271021464 276.3690853226372 1014.783217604157 290.31526556784314 515.9923773780164 469.79522730091406 799.4767616491337 344.0759189263479 270.88960480095477 428.49650910360134 470.26558728870845 400.44847962937126 291.1963102503449 346.59057048666733 373.62562437094687 344.97335162140615 
H: 896958 698.0851343144675 699.993605471061 665.5575056626225 645.8070223893673 727.2835406654734 648.5601284080936 683.4391080500662 749.9432038447885 772.1418286311277 704.5012235596636 816.6820409542509 772.1124638080847 727.7226269208977 719.9470474748645 655.3755938539999 698.8452778037699 719.633012285062 692.4209793478166 686.4137882391971 712.1848188655351 
S: 896958 697.7662015875437 672.287227963288 648.945542116033 643.5557030457428 691.5716730360961 636.1491057542001 683.5693770420531 697.8100271099332 714.9915816391049 703.9527492210832 799.6202461183084 756.1878514673799 679.1257261759592 695.6143554065411 669.6097223054801 691.4240821598562 703.8026372198133 682.0555871303133 686.6357717904173 709.6747158037975 
H: 896958 409.175286132076 365.63664820472104 550.0142575655382 557.3538010499906 403.0104645187727 964.4206915073177 665.5847843148956 377.2206129370653 499.4566358809653 361.1517310070506 671.5920610923334 999.3382096849301 276.7890240439239 296.68563684856787 330.0550400054708 241.85408965065076 848.5446289246356 340.54285180192 369.4515439860513 338.33327475832516 
S: 896958 251.01743666577707 365.22104261621485 327.2695280352632 383.86835533441484 319.35761473240865 543.9903336761319 666.3782788993666 642.6238793776647 455.4116175527475 362.9847398383148 519.8906460012748 740.3644012290098 278.17364070336936 296.68563684856787 246.31568158343063 241.85408965065076 589.2879229409542 341.0507407290283 249.50087222695822 335.9587709615254 
H: 584052 674.7762962342221 674.2135777709532 686.5655739003131 670.8593573443271 708.0012179587521 673.8149499080137 720.4608634947112 729.4342380737753 656.8827745488331 710.7903978011925 686.9106779813221 650.1893764608171 656.1503227095865 716.5065273259435 792.4403820849082 724.4375904660294 724.3261574635397 691.7765553185885 683.2907143973126 674.2511229570296 
S: 584052 670.5983086236218 674.3070767483295 668.6216360683302 652.3614028551963 730.9122932142213 657.7396602465656 678.584900385572 644.3336188475797 627.6531807621361 706.9886864327934 708.9282729976545 644.0796013267036 652.8591026425025 715.1903794507613 771.3871284752971 688.1250905182433 657.1010001688124 691.7868477165281 683.3439638893934 660.085689241372 
H: 584052 700.3113057475422 515.4815959532934 592.0199486368815 697.3231881671369 324.69134949144103 335.5337535014909 352.48206895385 263.3535324407279 238.66464630379284 491.70977283755684 579.2088026169906 426.5334531772155 377.8670214905158 493.8202994735933 557.3792534204459 595.0212049650731 455.304386330001 800.8961807363199 348.9339319018634 614.1450590886935 
S: 584052 545.1284148518231 515.5213543324159 576.6007189906693 374.24436517198336 324.5315079583843 335.565353919205 352.5014105378295 264.815213641955 238.66464630379284 279.9150498858972 515.9618667270668 426.82245231833 377.8670214905158 532.4320989189138 557.3792534204459 593.925674471972 355.1132027219203 249.50468390379007 348.98529374610484 463.94853537328146 
H: 32251 679.4880995950496 742.6140833665366 680.5191328135825 676.5991912075204 684.8439670027391 687.0648630284308 662.2078116008156 659.3863209726886 721.5319765498546 651.5267542891612 701.0482321109517 761.0245171804497 676.4948841561984 699.1953937421342 707.7185969572563 671.3089942246929 695.1766010061633 716.8346653404657 677.4205422558131 692.7154796809332 
S: 32251 675.5192888499965 705.1732878687792 661.1158149622627 681.0527716618221 684.4267548096321 687.0648630284308 634.0323702159504 661.2672966579221 727.0183059669779 650.2433098399996 699.6344283060396 696.996686609434 650.5847338310139 682.8337466018774 679.2582679660736 664.9976244967571 619.0213234988535 704.6124301019598 703.175033802556 679.3443004705193 
H: 32251 526.899982683409 260.08998905052675 718.4292999604631 540.8667831614932 500.9190730233528 630.2052192238133 744.0725486105769 250.96086731972883 674.7898038538054 401.6297206668801 726.4244672789199 351.68241949494615 463.9399463216344 526.0205440976215 247.38973564126005 686.4049989444383 464.6396265812737 421.1019793158073 450.6608782849684 464.5907952250142 
S: 32251 335.51866300351224 413.5224687252278 426.5302152871421 323.24403852254045 497.36542276905743 628.9284008884441 743.6156370270311 250.96086731972883 431.8731374305037 238.92759812488498 524.5137895857749 384.7413487379935 352.9598852466001 365.8443650511913 247.38973564126005 686.4810730195144 433.41325444624243 549.9518643889397 337.1793901433048 464.4429040111976 
H: 862991 727.7488793897012 620.7142247757373 671.0061728797726 625.889521844224 692.56279147202 677.1106978055833 679.5498650037233 664.6585468602594 649.9043858794346 684.4758548025216 680.3355516865511 660.9282231404006 649.828561102603 653.865782976524 696.4373430048277 673.9276550598777 669.7502479469302 654.094506146266 724.4611574576262 685.335806839849 
S: 862991 727.7215127429876 619.0309254789341 690.5383648538889 622.6979235288032 687.0511576018375 654.7073732389551 671.6031704784602 661.6195191140407 621.5680222962374 685.1553719843047 680.3355516865511 663.936791861493 661.8241124400279 648.6268059870011 696.4373430048277 668.7148975551016 648.005012649601 654.1171933875613 678.5221103062771 666.0885178941837 
H: 862991 314.53328383792484 299.45624288058764 375.368921980797 411.90689486567527 476.11784501474114 242.52626674631043 285.26239425192915 284.1349738884158 515.2209820275997 426.69688481894 821.8405399104136 396.6137587778163 329.02204239098126 463.4358314087491 938.4135547328947 346.04052567784476 447.3278477557525 481.55158430994726 899.7748325654765 357.6446147505026 
S: 862991 314.32402489720664 299.0955569238795 373.71005275925637 411.91633376125384 240.13587820278823 242.52626674631043 285.3380136775198 501.7533381337422 513.9516567190144 603.9071565369284 556.0756923630424 245.97556381717354 327.66380464407257 464.65803404924384 938.0253173415699 240.76186263924615 234.6728656500347 482.8735217129113 333.40693722538333 357.67941409720834 
H: 87966 664.4284419354291 677.1815015605065 676.1486602946144 778.9482356334007 675.2282700959004 660.7751591351715 674.1497415696628 642.1371394706772 782.8905319235676 642.8403064167535 676.1377211908272 664.5281530683152 734.9594224424683 686.1214502881272 650.2852962840705 643.9451270313134 703.777642936625 679.9158570487892 657.6467653764372 745.5231406181206 
S: 87966 657.5201051914904 678.3435825423579 642.3993989467854 769.4761559732136 670.2397365583137 661.0647574510721 674.2049644319208 642.2770613193768 760.2484402037013 643.263458336876 670.6688816546417 623.5216337408788 682.0548921080034 714.3079527502758 647.8222747420677 642.8427469350074 701.5151760729022 687.4120679180855 656.9862663184532 745.259923373945 
H: 87966 245.46296049354896 519.8287418747989 421.4977541474597 235.7405843834949 472.48528650845617 570.1336800542869 635.2331485730692 384.14971167677385 979.4306777968167 575.509207574448 715.3315859923018 601.6114774869778 667.028450778862 326.2947495754769 609.9142134648134 478.18456877603376 341.8670527843095 496.42625492307195 299.86282472835666 475.80671817366306 
S: 87966 308.0800396532165 483.3828783561654 506.82554707405893 361.7347599445142 248.43440670069475 252.11672786195743 443.0232950286489 547.9834868418102 564.1789389259094 241.16815361596204 437.7636949082483 355.34323833172107 664.9621382164431 325.17394544826095 355.11049395717765 352.4217809156358 328.78422102898577 358.4400843907551 524.2438217868118 475.80671817366306 
H: 398783 654.287344020548 646.0616860339458 696.7386291714384 705.36662302938 665.5386791818607 682.4511741943736 728.4633168656918 662.5601535800972 656.9109144976643 654.7160991784517 642.7986700417447 694.0640184544319 685.3009811215544 692.7919990728669 703.2399508645568 692.3753830162767 693.4463675110417 683.7181704343346 696.2569985310178 660.0407745955579 
S: 398783 659.9909713562464 644.3214503155936 697.493750726153 703.9617210207462 657.4593911943546 649.0011002356075 695.7615025444766 661.4379463131949 656.9869314420342 639.7558612427589 633.8428158674819 693.9303268253944 670.0051598744994 670.1580916215169 687.3102364928558 688.6645111696554 679.1262651138325 724.5419658587721 695.8492510657142 660.1979356582191 
H: 398783 325.5204604754197 560.4264959357627 390.5319431348538 300.2367124965187 252.37941220550337 386.2848357084839 471.6199945286888 362.83547880834766 465.5716526003228 547.8983396508982 379.0144307000209 290.2435021280799 628.7615621817432 245.8758860389941 839.9466981700974 831.8059568353004 344.2197780451467 425.06433338186554 601.0432669422926 654.8682158952836 
S: 398783 250.6496337026896 489.5238777442066 390.47890756801405 300.30432936266584 252.37941220550337 332.026338641817 471.3362013491852 378.40012299331266 270.0749427480106 305.42760559691806 307.50539611649975 255.12032796126806 355.25913783903485 406.33953150216973 441.28482055799816 659.2863199770609 247.62741030665305 731.8005788066148 246.8990647669819 729.3763026520778 
H: 985498 698.8615908755096 642.0930717007082 717.7881361157471 666.8469523868935 709.4894636286498 628.739161760041 698.1754344709769 676.4741583673582 681.0509632394525 648.8529903134206 671.00320682346 677.6927738703764 690.3393015761384 683.5428653232605 705.8146602724713 651.4157713633018 681.2428173711 724.1301270576785 640.2938207368661 688.6887077375098 
S: 985498 693.4539385330642 641.087130942769 714.9899539362161 665.8727651747486 704.9315719080893 628.5800589558859 696.9377168209619 682.6957493645023 681.0130275961978 663.5762096621824 671.055348050477 668.6117573638368 672.0378281694851 671.7482876208177 704.6332101478348 641.7746383450955 682.0296919453683 737.0304059581576 649.5741557477209 670.1522861430365 
H: 985498 296.80768895677613 377.30009504642896 399.0312044395043 447.6148009574631 294.7833305729317 280.84204951427296 408.9619103708384 445.69141777518155 636.6332010955309 276.48994645132643 342.71240147344 313.3954073845722 437.09756518093286 506.69004641816434 450.6785245676287 442.8005783115651 310.2376860032929 1040.90825065408 252.0796802446143 385.27848299126504 
S: 985498 415.6849553859626 597.0635887391574 398.6587689151341 445.65069631336394 294.3778679047933 280.84204951427296 409.56248567211145 445.40450241290193 591.8565347476092 274.27032261695524 513.1634670435218 313.326903413793 437.14645224777695 506.34011163171203 450.6810089677606 442.06434670163657 310.1447318565424 461.4743263141037 545.9831926885516 717.1953794152779 
H: 801361 652.739054561354 672.215821989518 724.97046466208 669.2786202525533 698.212977945252 616.021194969136 743.6121853064885 721.2841904584366 656.5753473213209 732.7197959478552 696.3407610715897 659.72790972761 660.2778655132946 703.0075426052516 657.4125890110091 716.6702637541379 691.51429908193 651.8468746254619 722.3868436494256 652.1429328683862 
S: 801361 653.2673003784824 664.2829567403566 723.4360021061863 666.8283461340483 699.0203675097379 616.0529898419143 742.4872576423174 717.5455653199006 655.8535128103189 723.0475995115033 694.5481774388306 649.6577248953852 662.5791362932109 710.1979030406268 653.0270790712678 715.7612678688852 672.8027763171028 666.6957175994997 691.6713698667196 652.0947503058283 
H: 801361 315.4190631727667 730.2883679552064 389.8131389302944 377.6751351129919 1074.3855206548549 356.9633138965886 921.7107276648163 654.1164734971769 554.519264516917 716.5610345521386 538.6705824991429 361.31014762897786 384.0290918793365 320.5876785812354 384.01798051815797 631.3436644803354 519.3286442725625 831.039198857263 304.72643478475084 709.8387409437325 
S: 801361 312.9748556070348 368.1281738180824 799.0600860850203 377.33133941638323 775.5755254222099 273.80906237692244 695.1664552257533 455.6818534283098 409.6226063221194 576.0239827940112 538.700942594362 246.68104391030718 383.997788787281 471.3375268424266 247.788644624749 631.2874765027419 519.1305894179691 602.030712010895 304.5814438819608 706.9603333951682 
H: 118052 701.2714751471174 711.5475218391986 693.1893137803422 681.8171185425335 795.1674812826492 690.3313250918218 662.7485136956386 715.207295131646 706.6408746328292 652.3198272073356 728.67808239539 699.2136481902822 706.5844859299053 651.867895031752 711.969970863572 644.6757703370522 700.9218242044851 696.9286547132166 670.3624732500568 671.7337929879885 
S: 118052 673.1936364908307 674.2718019875003 719.6263456528353 632.6434234229614 765.6961489104989 690.308977952697 662.0826347589884 659.8821733242112 663.5444655421724 723.095392490898 709.9175566264123 699.2742001841867 661.5886911754081 643.5975488975631 682.3818787458198 651.4434029734276 664.790548577608 692.5148303239887 670.5561070411597 660.0805914211552 
H: 118052 588.3307578375118 858.5240703157574 368.2294898491049 230.0702752847244 259.32044255806727 322.5391480947461 369.9934823775258 275.0408751211429 381.0440941927935 491.69561306460565 310.1391119599112 603.9288263680594 245.97895583725415 502.08912541598596 650.8958236636623 309.9131903451167 258.1068516656866 353.4307476234461 495.3243969743425 335.06509735384526 
S: 118052 369.1080055110999 794.5464510528913 368.2294898491049 429.8087694204371 489.03963416450915 321.979096323825 239.99706863619366 274.5139912684202 381.0338961202934 674.9781619928381 417.57428947492286 603.2550225409569 395.3577431450057 305.21377435688044 298.00601134174246 308.4979601418907 322.6499142305494 352.36634053115193 247.8083391936313 335.02087546633675 
H: 919965 659.9843884762715 755.8666491160615 699.2215535325522 658.7849714469543 639.0766914379384 693.812310889222 731.037292791034 688.1728764968645 604.6107149890145 685.264864875897 727.8689745742632 675.911252566651 687.6325113078216 647.6361744583626 683.2618883210124 690.2656288461612 654.5838912291372 660.5864870381035 734.9382711744131 703.5269807344716 
S: 919965 655.6842271676753 705.4683937212747 668.6336647102526 652.4316434186657 663.0309697248146 668.2561749518457 697.7206532599315 671.5913750860888 603.9917244062618 683.2559878581611 719.0463347503478 675.652652118087 645.7149899361475 640.1835875556936 692.3419684706361 688.993635683745 631.7965359893456 631.0891315670751 717.9696203491563 703.4752941503405 
H: 919965 374.7815298726736 519.4368265169404 340.46658092140507 376.1254875705387 445.7230278491018 537.8028917500358 793.8699845218563 255.29990336418433 375.80755180728283 419.9380021425464 600.7116044763901 545.4302189644129 236.42625787614122 340.64816035033925 375.2146439813185 448.0462113185158 417.4000952172695 474.89279351941246 293.0223034220761 599.6051140817123 
S: 919965 413.4655475261189 657.9402915963415 292.93770559579 375.0302304307019 505.7387421819131 537.6129204192508 581.7874183894303 255.29990336418433 287.5984244004986 376.05943741572804 439.41121119780865 603.5252455955515 387.930805049443 243.18143232875477 375.2146439813185 311.6749085336538 367.5060929763415 474.5914353151448 293.0223034220761 597.8426958837969 
H: 544473 653.2798629729078 745.1904965142405 658.1788198067544 650.3555078222577 694.4798268642744 644.9333069909867 674.95506993929 769.0642843578403 703.3974766318877 682.3723006082772 685.3273152891724 760.7821896036468 720.9011339551578 690.2005731697324 675.3510384567104 696.662271720931 739.771618045804 673.2739789994346 683.0649856638228 662.324302781092 
S: 544473 655.0772958944372 752.6764957579478 643.3408506452643 638.3586038743066 674.0798065399712 635.1442831041591 675.2758905064024 720.6901812648796 698.2165361466656 721.38401920132 683.677032031255 706.6374463265071 708.3114688205585 688.8480170694432 662.3992905788177 696.7112016384654 739.6868586653632 670.5961342332486 679.8832947196262 662.3393453694686 
H: 544473 381.2107714934426 384.71518721186567 667.7336374066463 239.23033977256523 639.738325748273 706.7736295893702 429.52665888329597 694.2857193544785 324.66404927140906 1026.761096090575 479.5770763761767 553.3270190030897 1109.5374677868867 362.6355356047022 354.41467216177375 316.3753512008004 600.962244900351 444.44354585864113 384.5835273196001 674.6403091306905 
S: 544473 677.7782704367964 384.71518721186567 667.8374301302867 298.1367838485673 640.0282289904764 705.9402667671211 428.695761821251 258.2114049221121 325.7325074130986 1295.4799572915238 246.02801058973273 549.8907682004836 671.6609704495868 362.6409131750753 429.7088947407414 315.37102983741124 601.0434821139302 305.7434396625781 435.02689410352895 674.6793930703813 
H: 111710 699.6743285420997 674.4432842832753 699.9102341548994 697.3212129412441 716.603362013967 764.5734412919029 665.0573487565953 758.5699002367562 662.8464794618787 652.4632942968236 750.9636291516753 696.1466506261378 696.8766634391703 707.5566367630252 695.4967528878652 727.1413212825751 698.0267805302786 668.2801405900631 674.5362253153107 723.6863292228517 
S: 111710 675.4080189393194 675.0830944922999 680.870262477434 683.3886548314946 694.2040702703027 764.7625676797408 636.3841624119678 679.222122592756 662.8775750320539 652.5221177578643 674.2576022550663 685.0263040172026 660.9654616052835 680.5391142047732 684.2821799548676 727.2607643129932 699.5380253211298 666.1920624392765 662.6789386907737 680.0277955151272 
H: 111710 534.3362041940161 1252.026360837475 724.1300449457196 584.2512207585968 1211.668868945823 1424.0512683200245 1242.1069669638323 334.73609406732544 243.12271524110398 232.18763276632646 248.09251632137023 609.0331133430174 801.1634573694851 788.0152687049466 865.1541535588098 253.8443043503336 624.4073980295302 303.040021021277 318.7706601407978 504.26798007580237 
S: 111710 536.3446984082143 445.9263775994578 725.2836619550832 568.7841014583929 424.9574163566293 669.734714372071 1239.908648355836 548.8464079748144 479.0710830962239 438.15793297459277 286.7326511028331 360.5953825717957 349.09694950430634 784.7700193191987 323.1468544551442 339.702795050958 481.38257762745013 302.88802094383766 318.7706601407978 472.3107124022665 
H: 316962 1461.5793422902996 1316.8548359641059 1396.723979611834 1405.1571689550885 1392.1670090429222 1277.0772119815801 1445.2778301166054 1521.3377719523614 1437.049823514896 1365.9892110020946 1424.3038728312254 1305.1808774886047 1286.0734233999124 1393.8075257652854 1317.6823673168983 1350.1900577728009 1528.4114122920193 1369.7966361408012 1329.9842627123658 1435.1282780405877 
S: 316962 1456.7061027729615 1306.477185221708 1391.7855657347325 1405.3956191191673 1332.9928791745301 1277.318610192962 1441.8168498972668 1392.3309925507099 1387.9924817918431 1354.9729611077848 1423.177166037107 1304.792084177417 1272.2835498439765 1352.7442701528207 1316.1191471772386 1344.5396541486775 1525.9534274272366 1411.4088000169525 1350.6446493160595 1435.4765425332002 
H: 316962 635.1741375216626 732.2746166198799 792.7062773528017 1214.5380931221566 1225.38436343523 1575.3653473617471 909.8939446183755 1176.3985671230403 1119.116451164963 971.745721261473 1249.2281004501062 494.2236809209848 895.9777693857064 771.7702296318224 892.7896720479233 619.7629217669078 1205.8846981579659 584.3074578452712 678.8440803039604 871.5465798696569 
S: 316962 505.9230418286538 732.2565104787916 1073.111384655483 1018.7199309970207 1177.1411098425797 504.6978858700575 909.1214065041881 934.6214507662594 782.6155891801283 977.6220402278316 1248.5523560795161 494.2236809209848 895.5178205709432 682.8032814947286 891.0456756054563 858.1734110718697 1205.5340997321855 585.5265226072474 681.7393416255824 871.968507023791 
H: 190875 1436.1801139378547 1420.6822620458113 1367.3368755655358 1268.5390223555899 1401.7832828948763 1384.5357337639268 1344.635690708282 1346.6784994424163 1307.6074526105324 1401.2157757607192 1383.9361017429528 1397.67077091142 1385.911291339291 1530.9344147711022 1328.9869243083945 1479.207690778915 1364.6435401753422 1428.0849531278577 1284.9144610774445 1335.4439974517 
S: 190875 1446.3317796965096 1422.0815305007538 1340.2316370165674 1248.751758719927 1517.846480657344 1422.0205235537405 1309.5370694633816 1346.3816753724745 1332.6810402741955 1332.3096849117096 1357.7539419699388 1389.1434967412438 1359.0698227742912 1453.989505835092 1328.991856790885 1436.9999665530997 1346.7207600278032 1424.8035851933396 1284.982932617959 1382.5495014852181 
H: 190875 1815.3063568267642 692.3301606304541 496.4048980604323 543.1494971223991 708.0379699851538 1140.4941974783117 833.6465204702326 1245.2653301625105 941.664886949458 864.3502742509946 536.5784216980423 608.2819279224203 2375.126823622563 1025.548096691089 818.5627498538661 1871.847285340073 764.6883377478143 714.2317506175945 1188.07292335939 1223.64291963026 
S: 190875 731.6965062970397 996.4984233025962 625.8371512835012 543.6080043103063 993.4242457921787 1140.4310655668453 832.2048245067886 841.1418608458794 941.8634922100492 886.8680480806587 768.7209200332501 820.6947821128333 1501.6089544046645 505.54942436098275 818.1177612221628 1299.4920644949584 764.3055833227847 966.1504619842246 852.5282280104634 1223.5324443205122 
H: 922367 1396.8769627917297 1531.8824111170477 1332.3324652888182 1245.957036610319 1401.8940263238405 1418.5623402594135 1394.127169366818 1383.5587388386593 1387.6720447656446 1357.3978650601546 1446.3692266566995 1423.0600441333486 1360.5330330034844 1393.7797454582949 1444.5644934490865 1470.418983221237 1300.701729659311 1341.1343038008024 1385.999215626168 1353.1375602954167 
S: 922367 1397.0579167791227 1378.2952428601743 1329.933165163387 1238.1708578379214 1374.3507967207897 1357.6774377024706 1444.6698833807234 1381.800448823956 1401.5818222935202 1387.5511763288087 1337.958636928941 1415.819518139471 1329.3708992057777 1282.3636040538076 1444.6968913130002 1471.5605604270675 1314.0904412070472 1340.7073378057787 1438.5572762633296 1316.2230765423362 
H: 922367 1028.669055774803 877.7152432332404 745.0150895671281 883.1387093723614 597.0456722992224 640.9378162892463 754.6530207382848 1115.383475480959 1380.3407048954673 1322.865103910412 1641.6117595233654 957.2543019873975 1121.3114895238323 1218.8557605859846 1138.8049395031355 1686.422263193063 487.0452874401698 511.00377529419455 677.8591880542027 879.5159610298141 
S: 922367 1028.6779255872684 875.8155483691365 745.0295801933486 564.5346890312433 596.2568025022052 639.5282299322976 754.06109500153 1114.9887619047984 1379.2680946605844 963.4069560360774 1360.9471913435918 1146.5929383608661 941.5895677050526 669.4626554137471 1138.7167935984926 1718.245618410511 487.0452874401698 511.00377529419455 677.8591880542027 687.4233681015851 
H: 524643 1321.109983649745 1382.0720649838383 1320.855219614123 1344.025640121795 1439.9764381836053 1411.0702248577802 1326.2382183648497 1375.3673680466402 1451.9449825574793 1461.8689868399854 1428.5176945873748 1498.9605808617064 1352.5022784062812 1328.7944528915016 1416.6985771700893 1453.9935366409525 1289.067371468464 1343.0538742307365 1364.1177077098607 1457.7974636207389 
S: 524643 1331.101338422017 1380.0055149140492 1296.0969728885357 1344.0882405455052 1472.8717945230178 1391.2677412801768 1326.0569933290658 1411.4903175686263 1443.9932593348367 1453.3645954307017 1449.1038020655337 1499.0505025682335 1398.5053153598506 1398.753933185956 1429.4469711436307 1445.1039807280483 1290.4213181363775 1379.6608108144421 1320.4019155974695 1388.5468222564234 
H: 524643 1185.4540277498152 944.5854517626016 579.1227780252821 492.9379875112023 642.8342596338258 1015.1080106666417 1066.3514254567121 1425.5329809257346 1060.2947979332007 641.8312387682246 1118.6912213185756 1323.1218815077677 1148.802001784789 1098.7948506398525 1445.691402658076 1124.7988954094974 474.0762883354123 851.5168945515729 894.5571715737644 1176.6567255618347 
S: 524643 691.7204764226719 730.3390606525568 822.2449638138538 1288.0455713667097 946.5362870862449 757.5270113692953 1068.587780055768 1070.7416569011805 2179.17547834334 641.8616633004169 636.1760081977737 1253.6554285103557 792.1448498972286 1359.139100993146 694.2313781142775 499.5569743540303 733.0445737209045 1566.4687171079045 695.6547962022447 857.5692804231415 
H: 428243 1291.0636305439186 1368.1079635851117 1341.3828395334376 1442.8959893713088 1321.8725332270847 1447.54508945544 1384.5178140155797 1330.6305218021337 1467.3026523780297 1322.9175362498565 1336.8648937764924 1347.3879878332086 1365.3845015476606 1301.7639880703914 1347.0676484256526 1279.476576207016 1419.0036022508878 1479.0053880507428 1389.4951609989484 1236.6214390530247 
S: 428243 1315.430721888039 1357.2738145173248 1322.2047874092236 1397.2613835250645 1323.2036782921555 1447.456490881171 1359.2336586821393 1317.493467428707 1466.8437714391287 1321.692523128901 1323.8212379906893 1328.4857726602013 1360.2858463682746 1292.777202466923 1351.1779786640307 1292.2775456921502 1415.3814194819931 1420.2171139523032 1387.0030872396476 1241.9199360994394 
H: 428243 982.1969468998402 1341.6345720844179 2044.288329111715 682.7805606246989 1111.1955409072607 509.1549994579373 779.3934657060537 485.7371336683515 1055.1428669551647 1225.0364141988236 484.9025727160898 1460.8040685560782 619.8476625959443 601.6584490515073 632.3874420210653 652.8642913964366 789.4117239894637 1342.0749060238552 1186.405894496659 775.8257493861774 
S: 428243 821.9961863917758 703.6593043921807 2043.4003247247763 651.470744586554 941.2933981335385 836.5967141498573 808.8115304952573 1178.1094347465587 1054.3965126725316 596.9135455379271 484.9025727160898 1460.6512302157375 801.8441419288532 988.4168152062172 1023.3763944494601 495.013050458803 792.4193122052575 1342.1102587386881 859.8071957989804 776.7871487060289 
H: 984983 1323.565766970424 1385.4046159172428 1379.7616660058363 1391.3640844106135 1362.6802657385108 1432.3486358014559 1418.1142483467038 1337.0305647366224 1437.0577176199827 1340.5316897170976 1386.3963422637948 1296.9683256037627 1484.5342822507307 1360.1994490797736 1432.0106333390142 1358.571204568652 1361.686388146971 1247.5680301386637 1412.8723880479974 1373.4624099039054 
S: 984983 1274.9675861688866 1380.7419591290145 1335.3526080813617 1389.953468904874 1362.8177569985025 1438.683835403455 1481.981977276038 1331.8014676087328 1436.3764624357145 1336.0377832875809 1386.4066338669634 1295.7851234722525 1463.537324396665 1360.4686655711484 1382.7817034482332 1319.9245834005492 1380.6021110318525 1247.8589197984054 1410.8294786997762 1374.7597230365525 
H: 984983 610.9699974629781 787.6261860282948 1301.4711774850086 993.6364957998694 797.2712722707386 746.6199946796171 751.5988308757989 1226.3309439408915 839.839769530373 1124.535992394233 1100.8988361609968 699.9590956883931 2887.589070220082 918.7071269777342 1317.064365816946 799.773003802852 1219.389880592212 805.1258731500674 1023.6720039293601 1046.500983430647 
S: 984983 610.9699974629781 787.7826971959629 839.9582126556654 716.429026914353 797.5004659122808 990.0142996840453 1037.7406943105552 1224.6828959672819 839.8780041295239 1122.8437283426592 599.2401688002961 512.6496652379304 1731.311193458547 918.7215737234638 1316.2202131675572 652.5380389180874 1093.841077127678 804.5312594931427 1024.6619680840313 787.243408224553 
H: 142041 1474.4841138909817 1450.2250249459787 1408.9026678191974 1288.7049278310278 1391.5634931598086 1481.0154422924045 1377.5390942998079 1360.0713180223386 1561.0091033652561 1355.9672324641654 1317.086317092974 1377.7508339805465 1416.6353917940346 1411.8407786684947 1358.1836403595807 1294.079299747338 1403.2998453024907 1410.0975465368122 1408.5537510347476 1305.6586484159934 
S: 142041 1387.951979870974 1412.0029205401136 1407.4974380094732 1248.338011796762 1426.599737408708 1383.617800282663 1376.073751765519 1440.8657546613904 1562.3323387579849 1390.8636702080346 1316.6673951629723 1414.2968896592674 1416.6398087404855 1412.1725954765927 1358.3317361553188 1324.0282875506123 1447.1671907546481 1410.161432912189 1384.660810621506 1305.6646888816867 
H: 142041 498.1431169467874 927.3641996136273 895.2203909121943 904.0281265316422 868.2773313584918 490.3803669732572 728.1892602878695 807.281062224657 1769.8708510145298 490.0625693269226 926.656077834416 1104.146735367369 987.5935991277574 1341.5999370911718 984.8047015852497 795.6163621423832 774.0424257738455 845.1322126534445 1580.369748145614 775.2407416862089 
S: 142041 1089.228565178426 714.2265145066403 602.7997571013714 680.3896976376825 868.1510844302446 490.3803669732572 728.1419816243897 807.2593534080809 1018.6131707250175 1098.003399111797 960.5966988106235 1102.562876872977 1268.4992856772494 778.7330271524711 984.0922987972513 795.2975726892671 1033.9151713469098 845.1233820812517 1578.6589928302856 1055.20628856194 
H: 636248 1313.8765594464562 1382.6783538532352 1469.1684111215031 1445.2659965534567 1398.4168864301064 1421.7282355537268 1328.7519720022478 1382.6986590554172 1275.4424176806447 1396.2275910383742 1357.4758668597115 1342.6923791309175 1433.99152956882 1336.8922544774916 1455.2776061460268 1527.806571556977 1258.4702056289707 1463.3283624017706 1478.6959009317547 1535.3846759252397 
S: 636248 1313.3648229101611 1396.1753509272676 1468.9032480339959 1380.8324362743404 1336.1582166661613 1421.720149827442 1327.23857247273 1383.4164051766015 1263.0024002004302 1361.6267248259817 1357.228909259429 1336.9238375394552 1418.046146694616 1334.061646466078 1453.2687255244632 1507.9102079726158 1259.617086756718 1384.6586088551355 1480.4728500464175 1535.3337427481247 
H: 636248 1126.8442689906967 1621.3777738972067 1180.098861677497 1337.0744644485476 951.7742676720616 743.5236959809905 711.1707235092547 767.2008055814026 600.2411301175708 1259.2687818236898 1014.8844736482664 1965.0519927884134 840.5225797101706 1313.9146363095365 661.73722054423 1207.0673458543988 670.4065809311949 801.5045380726758 563.8295070218455 1458.7495362412985 
S: 636248 764.2344838374071 1621.3777810928793 766.6478659679472 1144.3846600384632 951.7770313077757 743.390872158272 711.1707235092547 767.1752841741185 832.0323590077918 1259.306006804658 1013.7760425087391 1642.0314564789778 838.6883371861509 1313.0589424758232 514.5367282193226 1056.8038897380827 668.3920052353726 801.6476553660187 563.8004926099674 1458.4428947249805 
H: 356458 1480.4302388581075 1449.14265780209 1412.4867669161433 1403.9982104856547 1397.307504925469 1268.4948892728037 1424.5170749464162 1488.6110105083571 1383.8251188245854 1297.71216142762 1371.0733413771854 1418.2471215154094 1414.3571579742988 1411.7670037560904 1326.5046131685626 1553.1175613888672 1385.5980648611724 1342.9535014067387 1309.7200477734752 1488.2420786449377 
S: 356458 1471.2531792621776 1397.4280402072372 1412.6318546364387 1359.2242610212468 1387.6050547398588 1264.4979061201468 1412.1620474538975 1463.5738332308013 1383.4169491489188 1301.000049625493 1458.4659368671437 1416.407887291775 1394.5523324905712 1408.2351171605515 1371.6009266322235 1478.4702130293979 1382.8076486901027 1335.4249978278283 1308.5694461189967 1493.2902845718995 
H: 356458 1348.6119548865477 639.8769288243323 2401.0540697082747 779.217891916532 1479.8876356842818 571.727911697284 778.3042751969898 1101.5072364800137 726.5656032871813 552.4165042588804 1194.7555334013791 1355.7920627838973 1742.3812127985357 2585.902949339376 1324.3360413548057 1106.3527098571985 713.9706137856018 845.8275844681099 493.1827225856513 508.9654368676917 
S: 356458 831.4765153468048 640.1126136705649 1830.9281988132404 1323.4426325896075 1482.0889537852288 944.231875634234 778.2985498459627 799.2867389246592 726.8738206734869 552.4165042588804 858.9043338684689 691.274154329865 1741.9140040307946 1422.8118150266748 1485.5000245148942 1105.311692458923 713.9706137856018 845.8251574292417 741.4337050499436 726.0948091111213 
H: 382251 1354.9869313905847 1346.8044257508327 1360.5858411819552 1420.4484653413438 1265.992510993902 1404.720098633764 1329.3609493590543 1343.5855439027573 1371.4523902962999 1310.3161587569778 1316.6491393680444 1397.6266568383887 1329.0199375330517 1402.0788753951772 1397.661993065233 1371.2016554550014 1526.6037915839513 1380.946381842234 1364.298925273475 1346.9142962361325 
S: 382251 1355.6728467153268 1316.5237547473907 1360.477280729702 1421.3489405775729 1260.0484356754273 1349.8536879188375 1327.2048893795384 1347.6822852963685 1421.672227676088 1309.8779290234336 1311.0125038932965 1397.2952485978615 1327.6594490472871 1336.4379695646137 1364.837127562833 1371.9194955937967 1447.2623767187742 1381.3477054723169 1364.2601687975396 1347.1643178079173 
H: 382251 909.1225104545973 1237.0880685322006 1193.0798802849358 1231.5052491385893 479.03551390103894 1833.1729335626922 489.40378318071987 763.7066236470681 710.2483299738649 618.4199868853 821.6641678787976 507.67430711446895 795.6995397986775 1658.4737841856509 1240.761502388844 1103.092239127116 980.0067790519009 593.0477155846582 1523.195595667112 739.9222212115701 
S: 382251 909.1153623029509 486.63444237398346 1192.8345230423363 507.36922231927144 479.035513901039 1316.3139930501625 630.1108844919655 763.9648123568252 750.0509113171103 618.4948574068261 499.0270820123504 756.1530024303971 795.6898835955055 1729.1489812933223 721.4052703478148 892.7324887882377 976.6002321848862 489.84204298616896 1523.447590650378 738.3020890156891 
H: 839739 1325.85601204176 1385.4449990962735 1263.7670134712796 1300.9412734179366 1452.203378885009 1329.4792597445785 1405.4345545084666 1595.9389642611236 1321.8522511179603 1372.1100743747977 1391.9385583259027 1512.7734560548513 1425.32080447895 1346.6916779064468 1367.3157997974795 1274.6067934317737 1337.3584429107548 1397.969500139471 1334.3179135504656 1323.3701009807398 
S: 839739 1296.1614266790586 1375.0925930585402 1273.5820584564294 1300.9072505428162 1452.4047092024027 1324.0033126411768 1406.2550125506857 1509.7664017466855 1430.450677574745 1372.425599879915 1514.5893945038874 1381.3313663405524 1424.143932922013 1401.2985553743636 1359.8226184041312 1275.8617060940187 1328.0106302002735 1388.7285809002894 1334.2668415197782 1323.8768712710325 
H: 839739 491.66513972663375 687.5823057264004 580.5939064836984 1170.3224879323545 1086.0063689752674 699.4690363467168 966.5622797699783 1845.3386770292325 1198.4543969120687 898.3002113273116 488.2467328388378 1243.8573095443553 1423.42703822759 935.6694809274941 1034.8902894016887 466.76092133379257 620.9360472401165 495.56086157707153 1173.7759313656168 942.5700243539628 
S: 839739 491.4262703711431 687.5823057264004 786.6508261134959 1170.3087778500524 1085.342068741306 701.1431164835836 961.1162492204073 1434.6303839698896 1199.2409826529274 765.9759940930421 488.2467328388378 1243.697877813049 1185.9923850798732 681.5661569827174 1035.7791039305953 466.76092133379257 958.0417520536375 495.56086157707153 1173.770097916536 937.5387905806646 
H: 228763 1377.597786918102 1380.0119443589363 1316.9908311161723 1386.240325057522 1335.7374581514744 1361.1089162005499 1531.8700645964498 1421.7308309411649 1365.7356215934176 1271.1748666953363 1330.1962128421662 1304.4809080628952 1357.5536443149433 1382.1016821086512 1392.334558760527 1355.6198387720956 1395.7379727401362 1455.7844417874535 1366.5474542766044 1522.4702200495233 
S: 228763 1377.697072147013 1356.2248558824338 1295.0731472176087 1381.4028293759693 1355.54793592773 1351.5928905165817 1530.448079357874 1418.2434249900627 1372.0268441198923 1295.193420312137 1315.9113227802106 1307.2429835584128 1357.6808265582256 1437.2568643429545 1358.7407871163316 1348.6599028160228 1392.9094794480982 1394.3717107784105 1366.8202051691603 1409.009828287878 
H: 228763 666.1379106316862 702.0070754148373 1065.5181088935608 628.4757400100356 762.2815034895705 1004.2293726128341 2204.9882235763475 1034.783467271003 820.5266699027769 1122.9979709994263 1673.163734535639 634.0376543260511 710.9175896457481 1419.6721428309838 630.1501876302102 1025.2946903398783 559.1962647294546 741.7561830406095 695.7937943872861 1806.0965586336085 
S: 228763 816.3746978271583 702.8589911543155 665.5941105090876 630.4280242584466 935.1519889733764 655.0359591792616 1704.6305768846987 1034.7260099051916 821.3326354343127 1122.0834929398281 482.3252766419865 942.8370218261753 705.1783498493024 1419.1632115848374 630.1501876302102 1436.2042732233247 768.2917941366671 742.1288966312352 498.2236045503784 1513.4462546581215 
H: 100801 1376.704755238322 1397.2237236484116 1394.900019497756 1377.4760486402156 1360.0609855209634 1334.8474372888766 1338.055811139412 1367.3635994160586 1336.7353201661672 1432.0220127793837 1396.3474965775272 1364.6662356520824 1391.5653771585837 1481.5509099280864 1461.6888276383222 1359.6410369363145 1377.6529647789075 1320.4513735242172 1403.7701649884661 1334.8027627372119 
S: 100801 1439.797533215561 1356.3103136320408 1393.9615771765953 1473.0012646376817 1351.6358748651946 1334.3226204499613 1344.9611673313636 1350.939315678237 1295.368245305965 1324.3848107319604 1395.7916984997826 1364.4038704188786 1339.5575375843089 1395.9578502571899 1462.0539631726328 1316.416717932295 1377.7157544262914 1322.5603795574873 1397.2633702655583 1334.372507255475 
H: 100801 930.4007878941799 658.0233269468666 1381.517781317781 499.7165410894571 889.3222649808866 946.3069964376982 901.1105583922964 1423.3612567274076 487.5909931110222 1808.4713102300404 507.81155835893276 792.4844786921736 2035.4131796232366 1746.8204594141762 2032.150039003956 941.2436550404368 1179.9801712013243 473.68959556061566 582.5248088089045 1061.7109417395077 
S: 100801 1265.0030061216282 658.0233269468667 1381.3494833229959 499.7165410894571 889.3202018915348 945.3908227664156 900.5056038853094 789.4170277036991 604.2630218228 755.3175369459153 628.4857043456376 791.5063396093918 1477.1426423229236 793.8792245089628 2010.9547645859893 941.0859215375921 833.7601753641006 473.6912154811658 530.9346715750441 1060.8790554672669 
H: 753506 1346.9533686049294 1366.9290587471382 1278.7154043222376 1331.6166715840593 1368.7672882736263 1377.9257947224223 1379.338714121392 1366.9807738901884 1331.8617764710862 1409.5151828510368 1293.1992305801075 1350.2735717141527 1354.7615068355524 1388.216603171654 1332.0081556433217 1516.7073172065477 1339.6496530558304 1401.9163008474875 1358.706480172532 1274.0936196644197 
S: 753506 1328.1581219072712 1378.1480122344421 1278.729213545662 1361.6945722380956 1301.5370687432044 1377.5516432375637 1378.8930719398325 1338.3417078549596 1347.2421126186905 1401.6415694968043 1296.7296544731996 1348.8974932286108 1354.8227954708098 1346.490286860113 1332.0969280095817 1493.1095753605457 1304.1500425467832 1407.7949988514372 1358.7295939789485 1252.5284346896267 
H: 753506 990.9662603056956 1276.970319426582 1287.3404148179707 609.5773009498256 669.2716286106977 704.4330588435541 1068.4085577127917 713.9667900220022 486.3844142492615 1707.6261796912997 1315.1862434561997 791.8917623583758 1588.7940310936733 1195.79765855347 1439.5595335754062 750.3270652344614 713.3974007834524 1585.8716293698596 986.1091596572113 815.7789353938409 
S: 753506 562.6883189890217 1714.9280574867346 1337.5189060099121 1085.2679460775435 668.6461017795428 943.5568742425734 1068.2530690699957 713.9757356953506 486.3844142492615 1709.6580370040551 1171.9194549704696 791.8740209529167 643.8819116118151 1223.2607319326248 983.6072239212845 1641.878552812979 713.1279581559876 1141.9597709204952 986.4041891682901 767.1340730850749 
H: 993734 1321.8197101217602 1458.9652642360554 1446.7829863257923 1437.4171644429764 1367.0686545842925 1477.892438239633 1362.736770948443 1409.458350825801 1347.6323596852935 1299.4732599090653 1396.4533582482368 1294.866156667438 1387.7081958747672 1326.8627047757436 1364.6610217194295 1339.0730590974301 1329.9357150842761 1372.2523704590612 1440.7716517545598 1405.7021922198296 
S: 993734 1347.49890454837 1323.2682119549002 1448.0055456421117 1407.4806369545938 1381.7197223471298 1397.018553235585 1365.7211012642767 1411.1409151938826 1358.4017964465445 1322.9812546698467 1373.9911630641645 1310.8940221851005 1387.9081925296273 1309.65684384453 1321.270909884425 1339.0327505130244 1329.7571893906147 1369.9690987736285 1355.8800463799557 1401.5103053961654 
H: 993734 893.1728864167918 903.0268292061209 1161.7808356372698 497.6872171714092 784.8617950930399 499.3956782144274 566.5414531949062 1138.2354314628387 678.15749339992 736.440554048851 1042.9586889477696 572.1130871837479 1326.5459534537758 853.3346884964751 684.5814873966049 489.9339825365135 1359.1452982062335 728.8790688107799 670.5841246803433 584.4678029678007 
S: 993734 604.9719157733634 971.8699401265043 721.0138769577259 830.060926584465 784.8728838174576 499.39567821442733 566.5387250452828 893.7856256290439 680.6184334898944 736.0976011867425 922.8987692405315 784.4889591829694 727.9901045935278 654.0997571725422 826.8960420359704 889.3011422045427 935.8434790687893 689.6088754800576 808.9102289316053 584.3173818671758 
H: 79696 1436.5158767657979 1414.2513453173588 1345.5074701020942 1313.628368878661 1443.6469116512678 1349.4010720149508 1272.7835823286039 1476.1394276666983 1589.8847881407594 1454.5330117610383 1441.6962406579057 1384.7786958483484 1462.5363672671883 1354.5236022313154 1308.8542603263043 1376.1353207124898 1312.8265987756652 1502.8709072825566 1419.4252687025494 1347.9293634280716 
S: 79696 1382.9721252012419 1414.2824614386116 1340.2344056221616 1301.9489801364316 1391.0618471556345 1349.0868719425296 1262.0270683651527 1395.728046427737 1414.6140828475036 1420.7228497802014 1441.7534512146708 1384.7852647857692 1503.4340127094868 1287.3697772232185 1284.6060794374039 1372.0067656467554 1299.0251699750793 1465.1971054321295 1362.4107673220028 1377.4469016394828 
H: 79696 1477.9911250945524 906.6059236594311 1316.470536936581 922.033605748481 845.8039269230526 492.5621357859169 592.2621365729079 501.5543511958388 1831.6192168629236 729.7369385657064 1444.8420915851425 666.3055784183243 1324.191896121601 486.9948195980685 497.8871983140934 1208.2162736023718 648.5206377492118 750.5063447135268 1434.8453446223648 675.5538735851231 
S: 79696 1161.7498153513975 908.9957550833574 766.2510704172398 488.96800577444117 683.9788443218831 492.5621357859169 576.6702657226328 810.9206421363099 765.3797306570343 729.4151658413506 629.4835144561442 515.422810841469 1323.6537623297459 505.7908256998811 699.9343875058986 1207.202313513732 648.730205812619 750.5063447135268 1014.5732052580606 675.7983915300283 
H: 701482 1439.5312877464735 1408.1663146202764 1392.5528342104265 1438.117484470577 1409.8468235691485 1430.6587920727952 1476.3913057833804 1409.1650045147728 1422.33737764661 1428.5175240345056 1347.9623645694564 1348.7313347505788 1307.2755829999237 1397.4719336016421 1422.1365343714697 1529.9588860510885 1348.2924688321045 1329.0441260162509 1388.1735033778766 1390.4687645189383 
S: 701482 1426.3568550911345 1360.0433565382057 1530.6764606493005 1437.9776895405673 1410.154327655874 1504.7269924482866 1476.2034513994709 1392.7909037721367 1369.8335530590373 1351.8194200773776 1348.3824212625152 1347.4096404413792 1297.0477620774993 1397.4755533113566 1422.3440954948148 1528.8149019790803 1348.2271511293732 1329.846048412552 1388.4404773146703 1340.1619695279774 
H: 701482 1255.8436689934101 1178.96100983808 699.1487359329508 985.1630436676278 771.9305279554866 951.7753138999283 1457.1829634234866 502.3867897058922 828.7922392630846 667.5966208731687 882.2887803503972 679.6119834744079 904.2968389630865 886.7019155150671 507.3497108382177 907.3045569257905 823.7512658604762 843.6667377483159 492.90190195087933 660.7786171003448 
S: 701482 843.8822798472225 1178.4380575005553 699.5377035470544 985.1835395925945 666.9123465580382 950.535928404581 1139.4033265177063 502.3867897058922 828.9132776533826 667.6967614027592 632.4422560354649 678.8829220567391 904.5715603264083 887.1352054700125 507.3497108382177 906.809559512032 1075.6064889241559 844.0793108940111 492.90190195087933 660.7786171003448 
H: 633942 1325.4011002416696 1511.8359177008708 1354.4132130255189 1425.023757790354 1511.6323218481216 1410.4611852169783 1380.3208091936235 1377.405633607342 1353.9906584180078 1347.5682323239546 1345.021927172078 1428.2321269155386 1403.4279439213185 1372.9731657879706 1375.8351499220169 1294.5158271095745 1413.8391202609885 1382.1663778230657 1406.978124423146 1373.2143839467003 
S: 633942 1323.49181981171 1439.3116091109655 1354.3550897781408 1425.1165700511 1487.6010176122136 1467.698867356701 1379.2765355986044 1475.4034250377122 1354.093689397288 1357.530998633834 1345.0444678116298 1423.2772068374784 1397.1238858809659 1418.7198780802464 1526.0470273154492 1294.9008559466931 1412.8395122278714 1417.5958005240366 1407.2458707552705 1367.55768315566 
H: 633942 1127.7624349203456 1762.6100876500607 910.5282554960902 1180.3683902946527 1976.7714276150355 753.5741241681538 621.5171079900588 1761.4748184436455 805.1958768824804 588.6318258376158 659.7354281018557 1597.7317117816567 498.5700456502229 1956.6828280699324 858.7189412794379 790.2332159545849 621.4337012794197 976.5023721925954 1127.6205052239563 1527.437583766321 
S: 633942 928.5554234684163 1763.9697733295643 910.557856784064 701.513650051436 1159.9066362707626 753.5936200450124 620.9226982258962 1600.9949800100187 1123.953851869353 588.5507235100297 492.47858157831365 1176.0953581418448 736.5543091571886 1361.066723944537 1136.4994032240982 910.8512844692912 822.4397739701843 1042.4690073044585 740.3644574806668 1527.4117168206774 
H: 502476 1346.7724319504525 1424.8321762594628 1311.1189637810344 1321.979944516261 1414.9565308351803 1409.7060773413407 1494.8489006563323 1328.8866283667662 1385.501861684915 1370.2467685084375 1489.3649637988933 1360.4701292010673 1387.8481372341437 1341.1696055622892 1408.857924478624 1374.1492657171277 1393.574351838426 1432.2906866546161 1389.7979061139317 1336.8925963609286 
S: 502476 1346.572982798867 1395.1137522241427 1294.454406693305 1321.7249218637567 1397.7163202982713 1396.4538209047819 1491.329916734091 1356.8420427649537 1385.242289001875 1370.2251322601098 1427.4785954977172 1322.0652945116783 1381.4180898245083 1311.0476055261065 1348.185301348235 1349.6518140024973 1356.0502140316921 1432.25886092873 1388.2010023268326 1352.3186510693781 
H: 502476 1320.058087919347 1076.08106114635 1266.9985239295609 590.4895470246491 1139.0077607462947 884.5797136993489 739.9173806726648 722.8359646840358 1046.339450318571 738.853140009869 1586.003711646651 678.8065778430646 861.8838708753996 913.256171869843 1196.35072284592 1351.4903836048397 1352.7039457788933 1415.3925180949268 800.5965763036927 1099.2947951450474 
S: 502476 1320.2703998407894 1386.2375048508359 1260.5767777097174 676.5768330909532 1137.6563876056382 811.1883189213264 1105.6033642777315 964.2055519591156 1695.8632514597941 1082.6768271654848 1622.3123558759705 492.52584373813875 811.9566659744194 889.2464371531678 768.0678105888459 598.4664946248349 955.8167201426506 1415.2696970284414 714.2525678846995 579.8512683528977 
H: 769213 1258.023478172346 1368.9728375643795 1442.6477178567673 1438.643514622539 1379.3438810201142 1408.9687414135838 1357.3022759833955 1398.4759775592033 1297.2619389158726 1412.9888495471832 1416.5747764613834 1502.67468304639 1375.4799785536588 1444.8717152776821 1310.7071069931696 1433.248099752397 1320.3155860910954 1418.8176988418961 1383.6977268766404 1375.0598378296543 
S: 769213 1239.613836739956 1344.9229602859493 1413.258555381727 1381.4808334570462 1347.8146097239019 1404.9810085143142 1351.6981051406433 1398.349447765077 1306.3075384941073 1407.664773471496 1469.4671258375793 1409.5150659245407 1363.459960384803 1439.5618172856773 1310.6475223643288 1344.5673469138778 1317.4962555910201 1417.7113974270312 1376.555507875027 1367.666057083134 
H: 769213 625.0432608312863 556.6842478426652 1864.9369393485779 907.1790186855292 636.6740428737438 1438.6830446449496 736.2000124847874 1178.1907196945092 1612.382536384552 487.9180043076489 1525.456955467524 764.5815391807673 774.4077354393075 699.9177135676839 713.6389313861877 643.8563681899586 1115.8036355792158 926.7382663992807 1644.3894452359696 1237.4924252589728 
S: 769213 597.0129571690022 556.6278518325001 505.79413569013917 1096.2943222375038 636.0433603123811 778.8685779256928 734.4414716920654 499.97968219329346 1115.247321922072 487.9180043076489 1207.6298936333621 494.43471120998004 771.1227862854464 699.9177135676839 556.384399036002 1314.193233214038 497.3686219653408 926.7428782073795 1643.9300175845453 1237.3405500544898 
H: 285900 1362.0804122275922 1469.780222968495 1500.8298342948283 1412.3388091880238 1394.6939788978316 1337.9810609986368 1522.9376998949167 1416.0902467166595 1289.0438039188787 1329.881557296864 1426.1096604618806 1482.7111764712465 1393.3279982152526 1335.8291755457415 1470.298932383447 1311.8336980923873 1396.3069239718097 1518.1827329406062 1362.8712258791343 1325.3405897562207 
S: 285900 1350.8614779048053 1398.5387572855893 1440.5602100513984 1399.0742438434684 1414.7266795212147 1338.0027936092677 1521.6000208930839 1336.5383752463404 1286.9001373779915 1329.7064278582409 1366.6494615905906 1435.9812310247662 1393.3814040254463 1399.4864050272856 1411.5901840676704 1301.289452008154 1336.7608702894229 1514.1382670833307 1362.857784218288 1417.5248092123556 
H: 285900 685.7677429625826 1180.78410019928 885.8615659842538 1582.12266002668 817.3682644506281 837.5530092579742 500.03577934596683 737.3581261320828 647.2498494429684 648.2197425104151 1165.081438739117 1274.2234879372086 487.84970643580584 1163.8585996302506 841.3193422751987 473.56095223582975 800.9769009274887 1272.3768923410719 498.13966488395766 486.1281059431739 
S: 285900 498.5715475319775 670.3355174874331 885.8154563040131 1199.9976168880653 918.536175365784 837.7225449056476 703.3720446783682 1090.4203049317302 645.5793686989879 864.3792535506525 1163.7290931857567 903.6057624649177 853.277872974634 1163.9363774151057 1065.384586650707 803.7437488888237 800.9831015768452 1420.2209716912312 498.13966488395766 658.8869235301072 
H: 578476 1259.68399712246 1317.6716452360788 1492.5624659895109 1442.3510068472615 1386.7156997838701 1474.8976426114905 1376.9621809812036 1422.576576633782 1285.6964597176413 1340.1934500997245 1451.6990545814115 1480.116463909703 1365.784473036076 1353.1201187627582 1381.3824456655982 1255.370245087174 1420.1045038572865 1331.4898201519945 1377.4654997303116 1533.4798087861075 
S: 578476 1260.0399322579622 1317.7033714578934 1421.656019469437 1442.2100090195775 1353.5648148094208 1400.1978437125304 1401.5457563135976 1402.73104447292 1285.8999269079948 1286.3513679071532 1376.564142947688 1410.6755160639389 1371.3160639578598 1352.6618207796316 1403.0847149025694 1241.0158656444007 1418.5933667470158 1331.5356117363895 1377.04837876137 1397.9634345847621 
H: 578476 1011.3238927174368 684.015768608456 546.2841173818447 1140.2366707058795 496.37573523809414 907.3167628242393 1242.7836322570236 633.0481724292482 773.1260571443958 811.2902229591704 501.98631990822724 888.5509895018349 496.17417078096986 841.7949095696249 1136.113139513092 590.9774185464423 709.8170349944628 723.8448104834952 765.386039273671 1222.6072081097136 
S: 578476 1162.5570262851168 683.4361726884721 546.0200436721783 1140.2572470066707 496.37573523809414 906.9894378830992 1243.215775472231 631.609663242567 594.2999098351626 1174.435330132588 831.9818436541034 609.1114439043284 496.17417078096986 682.7574505259622 586.9590415517723 489.07562406454423 709.6674798324639 728.2068697447722 1131.7989513155237 787.5823166565042 
H: 95725 1387.159888092318 1498.279429422846 1325.5225090192562 1533.177821832956 1545.4546427690686 1486.9264445001277 1363.4961553387618 1429.918622399699 1418.233330331805 1377.911336210159 1414.0486810303287 1563.208788937429 1637.6200324331805 1385.373220469394 1406.3495267299559 1369.5498656539683 1305.0519945514934 1424.443655658261 1333.817491618286 1394.7593709132516 
S: 95725 1409.6106765153493 1457.0212181260194 1346.2680689056867 1413.0146921943447 1408.791130911434 1395.3516275657291 1363.6146866274466 1408.467682917267 1364.55778021765 1390.0266302545851 1413.9348513439102 1553.111434492133 1497.7008072917656 1385.373220469394 1447.0298179469644 1356.494308342128 1303.0248052252248 1399.642120205364 1333.7377712631717 1362.918364746272 
H: 95725 558.0666409842034 1166.5014114608432 509.73266503895746 779.971377540167 1057.153333888434 894.3077427771101 1309.1945210828253 1058.7280999061254 645.9981325161779 1143.1929867515312 843.9546126900614 1352.3843249433473 721.8007047983717 1567.6759910228286 1508.0266554506045 802.8251253932137 637.6724817065276 1601.234604094217 1258.825756088448 1061.3303751886094 
S: 95725 557.9701348747875 1165.5442871483442 509.73266503895746 779.9724556296244 861.3664401505639 948.5724315867117 676.4055456971378 1187.0604158940248 923.1116892271601 1142.3956115954386 845.0726591412194 1352.3033564881957 1400.602067021545 938.6867104589776 776.8320805910145 615.2498559167856 637.5650399946961 639.6949797884595 1007.8062411443062 793.187070604529 
H: 101908 1305.6286079699112 1288.4631024617331 1487.7303625784712 1392.6631655814176 1421.8744623753357 1470.6777202035637 1500.9475607815245 1442.8301529700714 1336.249932941519 1419.55823111191 1347.25788151821 1727.4758322651564 1234.1098511961934 1358.2046439602252 1422.7803770765186 1450.1631400295526 1432.953204024084 1288.1972506786135 1467.8965983993733 1387.255487380243 
S: 101908 1339.5604466320392 1275.3116470562704 1421.559673794341 1366.928646872597 1441.7949598124555 1471.139265803068 1606.647431968884 1480.8395175260107 1309.9097821029143 1403.933663950178 1335.9447346944523 1408.6167102723002 1248.4996693538617 1354.4339213711023 1379.8875529795223 1442.3944619924198 1424.0318819712788 1288.4520482793823 1416.1025398204313 1366.3365017586502 
H: 101908 529.5081890417791 643.5163260435618 888.2116242116799 1022.9555081759956 597.0787910590465 702.5562619437686 679.2121482606304 510.8646878325906 1039.0926353460704 1111.0709995477123 529.703042368414 501.74050007526426 932.4476214037626 924.3624666270975 1053.9227835560014 488.01468502750754 815.516591919041 739.053205362984 846.3651789525775 656.37104098047 
S: 101908 738.1749485350517 914.4538646954835 609.100178090187 887.0753408339494 597.0787910590465 1009.8603193954725 680.813882711478 510.8646878325906 1037.6735302143134 1109.0328766378648 701.7269122579361 1021.698395300535 605.4511075723342 925.1961154159449 1198.097720162628 619.5437700818677 1142.0618303279393 671.133825040289 843.4634986751038 656.37104098047 
H: 365252 1378.3958743838793 1351.4231545351422 1396.3188362739247 1337.9603896315753 1346.303999441347 1305.5110850607368 1287.8435786440662 1363.400048769799 1340.5793673295088 1389.0441338204341 1338.545809354005 1341.3013565960878 1374.0249018951463 1319.6060525953037 1330.0134240078737 1442.385171799927 1345.9095100606787 1364.7732803660622 1407.2783655593778 1426.7956490453053 
S: 365252 1413.9762476962796 1339.4268461395843 1338.012135676048 1342.6268047472363 1352.5375610059764 1306.6427480895234 1296.318087408378 1375.8038899829196 1306.1527435761848 1360.3300012612517 1331.882894602948 1341.6319996613731 1363.8703895054355 1309.1007086790244 1323.7667278122167 1443.8320410975211 1339.9199352634243 1366.628216771598 1443.6905520198445 1392.514642360941 
H: 365252 1818.0968956162599 664.0305572044451 733.180096805063 975.9127358762706 780.4410747546477 481.12219887684114 668.64334527261 1121.6480866294473 541.5299323551658 2058.6498537297243 490.0328884395019 713.987170124133 1195.26745943634 795.4644004225298 511.48806207192763 1372.7473105176255 703.1746781659076 500.314275984251 1192.918766547422 1781.6575116672218 
S: 365252 768.1815865400764 509.4432958123229 733.180096805063 777.6608378008793 665.7238232971068 695.9488197686732 666.3869574624597 1119.204035360381 1037.380322417838 1034.2331837935096 490.0328884395019 479.7304167789561 1029.6147981066238 890.7029600140241 511.2056980238964 1052.9636189378393 702.5483465048208 696.7115305652552 1192.9226491737427 715.9775845313204 
H: 537629 1382.8570880526026 1376.9415868216 1326.719653492812 1737.8729836580642 1340.9356529585104 1395.2036095762421 1391.0300927111864 1438.3816882952385 1269.414935495623 1443.680527650341 1401.8616845295244 1416.9987927243915 1427.687206450111 1324.9168660749299 1369.81113473699 1485.9690279352153 1372.3364324048973 1354.9506460676748 1338.4625975579008 1323.0970452821114 
S: 537629 1376.4500431740412 1346.2882001885741 1282.4881113435513 1439.3603739652174 1340.8423750053275 1389.9945079005613 1390.9626929626131 1318.139072231854 1258.243765447707 1324.4487499976233 1370.5320819878498 1376.9757986617526 1494.5207506580673 1324.927683671993 1329.4503651251596 1360.610218612806 1415.3210346683554 1358.870233570264 1338.0603594899103 1323.0970452821114 
H: 537629 1295.8511715205927 1258.7086916185756 652.5099418196183 1985.701100914071 964.8465750401966 633.341577955842 1210.5249253434406 686.4452439066032 697.2973995616086 843.0431296975017 679.3868985379416 901.0505590943166 965.1511538935486 805.3114548651704 980.1989401436202 734.658299561148 615.697747183168 611.626720197513 581.1142267549735 477.02950882241356 
S: 537629 1297.0267506794057 1258.6535730386554 652.5301340178427 1565.643785335822 1166.814873353611 860.6932153025245 1212.4813944603118 503.79555480951086 703.6272697969216 1720.9192478184195 678.8447012361145 569.9542825098273 965.1511538935486 575.8668558912108 980.2266154557218 734.7438240888953 649.7585252576033 611.7232375351207 1123.6271317981943 1078.4827076760864 
H: 487675 1387.4639958374441 1346.4813646730738 1501.79462094378 1432.268258661844 1425.196197308185 1384.7376893614687 1319.4735756755117 1382.939161645376 1321.7960418673078 1347.23339973099 1261.9037626512488 1355.9702691525636 1294.676928952363 1450.3276511321692 1380.885098643853 1407.828473568981 1371.3488046617922 1349.5475854622405 1376.2274007993715 1449.7854312725333 
S: 487675 1387.1831315129946 1284.5606937885075 1404.3189577342619 1499.4779445933361 1401.5724171564818 1407.2212409457568 1328.6970785710687 1451.8330796371656 1413.074394312174 1347.2707522876838 1257.0083844231547 1319.7266318006884 1272.1670280946641 1433.0211508853329 1422.7055697717674 1407.7852433829364 1436.7539268264777 1368.94594928676 1376.2849695861414 1415.459102520462 
H: 487675 516.1253323251633 664.0102908837268 1059.8575633898959 788.0957725770273 1109.1444975718357 826.4482111414106 637.9959471388787 664.1888183226679 896.676042055519 1716.6231138670128 1244.0141292057692 841.188945458768 640.2893655249139 1092.3329886845163 980.0504296659433 1261.2887395948617 1105.316357826639 800.5949399068361 2053.805744115604 827.0957660228022 
S: 487675 848.2681578016576 871.8689761069884 1057.0600030750848 788.2605750585245 504.00622276378726 825.5250402328887 483.1036447261466 664.1947259705323 902.1599012252138 895.8178883635353 1243.7565706570845 841.188945458768 491.6719256744001 1445.8044180706045 719.255106008342 763.6051214149478 1105.4303695888614 800.2223752247063 1264.6451077335046 1246.6005699581274 
H: 997190 1347.9687690294083 1410.9391574707452 1364.8305308452773 1427.7709849409005 1504.7236687540205 1523.1072752815164 1415.6492177274558 1418.3119455013423 1429.9696484016506 1382.1085491950855 1383.0718258553964 1498.1452638691312 1456.8325110424294 1459.0292974130473 1508.123753409232 1393.0944032199152 1316.5787827772683 1364.7923932225845 1379.1627712292288 1382.7857792765612 
S: 997190 1382.95345407324 1419.5403138151926 1367.859068559048 1428.449082733765 1405.9469990970676 1393.5987778629265 1415.5541499854373 1418.1779241972217 1435.0793722690296 1382.1575823961095 1379.6330936458692 1382.5907948162546 1459.6218943835615 1460.3092512119329 1507.9608750784548 1393.1336449644102 1315.1239248143554 1364.2695439098964 1354.1258584003613 1383.9209730720474 
H: 997190 919.749364701917 824.1789702274287 933.3900841518156 757.5924501638917 863.8373388573204 968.6340474389181 1209.5517618811 1221.8215880817088 1004.0807162096789 1521.634260617775 1000.4227026052241 884.1375756282612 1379.6376023935602 1166.499136612324 1056.1472547776452 498.7440108199375 652.9762990952701 633.2993072385844 702.0106113806356 1308.9596364111862 
S: 997190 631.9961666377798 823.6373874585144 926.4979319948864 757.2367418585147 863.6745382101894 1454.4855913173947 1365.9281276656461 1220.6952810442433 1009.8069231067622 1239.1003210346375 618.710699232666 883.6787885758346 1379.9589050180716 810.4997601947304 494.87045702663636 814.3371248215168 715.8392149406336 635.2260345446277 701.6555290076062 944.5937011268072 
H: 345563 1366.7121417782314 1434.831205580065 1428.4460476899983 1376.9203556317293 1424.7801662932636 1366.8256135111303 1459.1000266806968 1409.8099725239654 1385.5200431456528 1376.782356429528 1435.7482124419091 1494.2881210793257 1380.9270549025932 1365.2113733355743 1434.9336265292668 1356.2330868098263 1440.362486955041 1288.0652615071178 1412.1052206794361 1354.040593064475 
S: 345563 1366.7349252897645 1387.2420845489387 1433.9482922880973 1375.6407410892632 1466.7831431051893 1338.5234361472 1461.5560773072004 1476.0328623733164 1361.879690601383 1375.8341736948782 1407.0500228344129 1437.783075527125 1380.126125212205 1358.9747534631458 1395.2670131709344 1327.0432853137763 1440.430418670714 1287.886594222775 1365.2557220051938 1353.3013198968863 
H: 345563 1247.4799589089139 1589.9699971788568 1213.2470934723801 1237.6455480927923 1430.4856984267542 689.8990597670671 754.5400823866775 1363.3403982854265 731.9868122514928 503.2028627779153 655.3376313512869 700.2815515684766 804.8136790027031 874.1942768070006 684.9864437321204 714.9806643783518 1715.828510685746 795.6625498785709 728.4095395031263 621.520439479533 
S: 345563 795.3135850470582 1114.3544930076755 2146.8180632879753 792.8066743395659 1489.1875029821238 690.4837489475503 754.4513019763012 485.549990250375 731.99522573383 503.2028627779153 1004.9201510850249 699.4651970851052 659.2785537760134 754.7336249226257 1211.4756853238773 978.9542576904888 787.0762264814546 567.4902587638132 872.039398189209 921.231794576692 
H: 410609 1449.1028946657323 1359.7979931627222 1386.654209303463 1366.0123091697171 1352.2881963213824 1427.3620101713323 1448.8006188892973 1373.2621034855122 1358.2563262661408 1422.9325607324374 1351.926498876075 1382.0251718874736 1389.4157274271408 1337.48237656315 1370.9481772292652 1316.6547257701088 1374.3646563670525 1346.6435777686843 1385.9554172308153 1393.5965454351983 
S: 410609 1365.4097063921618 1334.9146152396293 1386.6604756615484 1359.6604324229336 1352.2881963213824 1365.6970850890443 1448.5435203883555 1469.4106391337566 1337.9920491388473 1380.271302493373 1330.94238349768 1381.7724700929525 1506.4817835896229 1259.1125120889753 1347.7672152405148 1357.6645340712782 1299.967938775398 1342.8841512833292 1342.4371188831103 1393.5484621705498 
H: 410609 936.259226849327 774.6663075267976 489.89667046623026 502.52708399326673 934.3688997491159 753.0270481313231 2143.2442635359976 1031.7782571107114 1415.5014113827667 1310.8335933371573 634.3161179392669 698.2278488255162 486.38434149283836 551.3816473833913 486.2709011970487 654.9659068742942 1398.381163927424 1091.7161088857017 802.9178093750221 1096.3675532619936 
S: 410609 1296.078974861003 771.6956331569055 1007.9261085669173 1111.096129183301 629.4564499363206 681.2198271217735 1738.8121190463214 916.6262264154063 1084.4725839777411 1343.9153358516537 1210.6432682216455 877.8523606099129 908.6791652966913 864.499109972732 486.2709011970487 808.7979849692659 941.9850690783089 902.9424395871234 481.22550691795425 1309.3445055241837 
H: 728177 1472.1862425785464 1450.99530607362 1343.2692528401071 1234.1325838500366 1428.8490073681044 1280.8140033073207 1352.7574765667769 1319.8980203005071 1409.8184928285423 1377.3710117390904 1416.480608125893 1263.871030801815 1593.0066565462082 1427.1104794650148 1359.3309763345617 1351.2981456513755 1536.398055933057 1347.7890753731058 1374.212398595334 1354.9813964144473 
S: 728177 1474.538651379199 1417.3905503542348 1293.1748542882808 1234.1732810517578 1416.3800694157164 1267.3453204886605 1350.2004941516673 1318.5182859950505 1337.9911802297738 1375.8392001959128 1416.477407620005 1268.7963773221113 1439.7937653820502 1389.5286299007262 1338.075099051031 1343.0252904171812 1483.1271774831723 1340.6824583847285 1375.018394096131 1325.8367734110127 
H: 728177 905.2777322296082 1180.1790370148203 647.0925554055137 564.0239439402785 828.8037390246866 915.7588128343264 1133.6168825698514 779.2959695095058 1262.8339929757544 1088.1063068257768 888.421739659337 726.3315617590657 1682.7647822091408 961.9817399426346 494.2135891359646 1529.8513522847174 836.4330478355724 907.0793208464115 715.4153081735412 862.0810120612011 
S: 728177 1396.5477904727513 1074.2678078642361 646.4743249177202 480.33588889872146 582.9665195099526 915.817649433582 943.0282743331595 779.2959695095058 1140.255379833412 638.2000929265918 885.3261944652837 721.3568044438608 503.43104698812255 894.5670761517391 494.2135891359646 1526.1206474357023 507.0167932339137 908.0955569101612 667.3005469625792 862.1705091575712 
H: 846266 1603.076284199607 1554.0827095540997 1416.2191243042364 1335.6814044617072 1367.8895461000925 1357.8700519241945 1318.7632899609102 1291.9506507082747 1357.4550651924246 1443.1269474333487 1441.447137275808 1452.9599720095123 1325.4626741221828 1420.2304212780991 1391.6803866825862 1328.9826968100142 1410.8381316490895 1407.8333735506023 1369.468955865379 1347.7206452970204 
S: 846266 1501.0178572859365 1465.7230768655024 1414.7562588087799 1386.5303772489801 1368.1084429580508 1353.182927616594 1354.118766207781 1286.5708529495573 1357.5104621555226 1370.0315116098416 1401.0343485419612 1387.6143676458507 1324.857283116123 1360.3384490482654 1391.6648908296652 1300.3490183169693 1405.938979561694 1403.962078067506 1406.655063683391 1343.9351142282799 
H: 846266 1114.8979858066864 1642.2470612630586 2430.1593472939494 712.2435421833305 1268.6942330770335 1118.5219580393252 614.9775019637458 1208.670758348276 1129.90921501979 1402.0813755138515 686.3897928861022 1100.8496276194435 1345.039227590672 853.5777469154938 592.5846966164302 669.6250954610623 632.9066934108234 952.5274172835877 1764.7889498457055 1062.855338110002 
S: 846266 1114.9138839894454 1640.955696521821 691.3887235580954 712.0711499558868 495.7873258811704 1116.8064543416265 615.0061290824893 1208.5869915840035 1121.6347534216388 723.8820166742469 817.4289227757351 892.2898480647982 1718.1138505185 1162.974155929562 592.7088084408424 667.8074230181218 865.6181462339117 892.156233670997 620.3457551893059 594.7929623156266 
H: 351034 1391.2803485005575 1366.4228389481339 1390.2991739015745 1404.207937747842 1399.790235912852 1388.707160896275 1407.7614313329 1342.879643470298 1517.3056475338387 1354.002690047458 1374.5917123985553 1312.716345902176 1415.091145981431 1544.457695001263 1344.272525477558 1405.5528497441314 1490.8780770614096 1449.413870991776 1310.4686183034548 1412.3346922744586 
S: 351034 1391.3759205356512 1365.3724409648491 1390.1705513844497 1358.0987182032463 1399.20014764802 1388.4520252201717 1359.0983342476932 1338.3020231899436 1502.6412344394407 1325.2499511461497 1372.7821837860743 1316.7061043274155 1367.093356117197 1410.4481599948822 1346.0254960564046 1465.5564456218099 1374.877647140981 1406.2803426518612 1309.8658873115146 1430.7355654244966 
H: 351034 692.5773182082031 1355.408723915241 1160.056972901783 666.021912687584 647.6571484116206 1155.7258451983334 829.2414670140407 1344.7007169405274 717.158845376114 806.4489108639215 934.8929622988015 711.7857675019594 1018.318523490147 639.4194337491808 989.9305036497269 562.5723404873713 1011.3246584465724 1188.151720819352 590.8885553617779 2456.4074018228434 
S: 351034 692.2762868444419 973.9886589608342 1158.727591293852 664.4414830372207 496.54933554959365 868.583650681393 655.811468736618 1343.7611928229878 895.2334384868451 805.1460339002242 692.8771355246729 714.7412418939953 1017.288828135212 639.4194337491808 971.7639924910562 562.5127083385989 1009.452115380111 655.1664364362064 590.9163812611955 2124.8853923216902 
H: 203895 1376.8957742359994 1334.947703531007 1440.5294112766987 1377.7992765443992 1460.696714292776 1427.377869424187 1413.5239439132959 1327.5120984335756 1325.2822902913263 1388.5561430777777 1371.0645170646549 1420.4121416067037 1415.8206732873768 1376.0327355922202 1522.2627407534783 1368.2913261656963 1353.0135667568322 1495.1851136166838 1418.1213641545762 1358.8299655430644 
S: 203895 1340.1010961519653 1336.0538542464915 1436.3546953450168 1330.341367952751 1397.4641602203067 1386.681449032908 1406.2091469641962 1300.9832984067211 1310.5584212578997 1366.9167156442395 1412.5658849425608 1419.7774567465015 1416.4554439442552 1471.397869652565 1428.1455036318787 1400.6284444422558 1299.491164090961 1392.582185864107 1315.2007488753327 1374.1083430600363 
H: 203895 681.9014053386659 1307.055154505696 891.5957543133169 1133.502857951681 1170.2248275722484 652.6025232030433 661.4462375538214 1289.0686558394204 694.3683982002398 715.1823114180105 673.9832290346551 1169.8103944435663 1546.7902806134432 2398.8733257097465 1734.037778695783 1116.6429460980457 560.261303169504 1111.1011011053943 649.5738601033892 2230.3237494682676 
S: 203895 680.3829062062815 715.9733231969315 888.5872480910122 1133.2832431205127 837.9992998695587 768.1336446812516 661.2796820579208 1293.4933953974066 694.3683982002398 713.4205067354992 673.9640861975009 1627.4929030266296 1546.635373581998 1271.398200376797 1732.8883965715459 1066.67520058139 485.23942235336784 486.0465478870301 494.4398042158435 1552.7048534517523 
H: 919673 1370.7538216685623 1269.8245375156653 1391.5673898372447 1384.1529564382288 1347.1524009595828 1431.9779102804237 1256.8202497066757 1417.5482101861257 1432.3291784651774 1498.9314235379816 1582.030893178347 1364.0800022835037 1479.6291817140782 1353.273993432639 1399.7989866081875 1530.3209182282606 1394.753395401189 1407.1485827878294 1370.1770692827176 1260.7965939699448 
S: 919673 1369.8254173722942 1262.17749903438 1425.9866248754706 1384.2151691627937 1336.2082162224408 1431.7496015224453 1254.1708852076833 1347.0755523595774 1430.0676246116009 1408.9267812916912 1375.876307277734 1361.8411002309106 1392.9366659105476 1353.4136843871984 1386.1814027105775 1357.1317659925064 1370.32691938256 1407.1485827878294 1370.3492059382272 1225.8050292116793 
H: 919673 1390.1657351862 525.3598765998744 1243.4122598298334 1400.4578461563717 604.0926650261033 1641.6682568905496 574.3692640729766 681.7912711355476 911.6527909210837 851.7680229219418 1001.5366841273183 1230.467996112644 1523.3465416141582 2259.9906006218184 779.4717325242126 1292.8785454663423 738.9322241247124 1091.4405269865865 696.0325456142441 512.7138755653227 
S: 919673 1068.4430255898972 704.7592899506336 1240.9524060003378 826.4177198065336 602.3189411733464 1642.0747238591468 587.0857113772978 679.6524225682707 910.9173943205489 851.7680229219418 768.8486622021328 1230.0101646432845 1523.2878200821856 1554.4846117089874 778.22522181868 1104.1135513131458 737.9888256397236 707.4878437835793 697.9449545311747 512.1265841677289 
H: 638153 1382.7218379966127 1415.2462936982197 1346.2527935993164 1329.1012516664073 1346.5659829711608 1492.2784153900823 1297.6835970601087 1406.068597320581 1487.6968577524658 1324.1829664863753 1517.562067134664 1394.076593995669 1357.3567149776604 1408.1896524899303 1540.4151218088723 1435.4038312976095 1296.3482389647552 1408.0770019914673 1309.2330065404215 1418.6972609021936 
S: 638153 1415.038116641471 1414.5994002566667 1310.8056061742325 1320.1206437990982 1318.4078031660342 1406.652025671094 1288.3992500852332 1400.0291158463626 1387.7792727485783 1288.5348772814627 1384.1493116825684 1360.0157891800948 1353.6352159549394 1408.7204949706104 1420.326208212576 1429.4530231590697 1297.76162324841 1400.4264042020131 1309.1762113605828 1358.6703156338924 
H: 638153 1950.0479243352056 634.7459233728382 762.3498771700707 877.6363576232161 481.54756470340124 1534.6973047516494 731.5608307455376 1096.3053448234218 1085.8079431828 798.6365652977341 969.2664031952978 900.1430694277645 1228.8079750031154 1503.8965909972408 969.2852099401374 1718.73927978628 862.4342934236624 1206.5696761223207 1547.3088683894127 1011.0181291716349 
S: 638153 903.7667884942994 635.544883041274 489.1380619889508 877.027982020659 481.5585887963075 1535.0242289163698 731.4341516199132 995.9792319525116 871.9287721175192 560.4235975614076 1419.405484669135 899.4349497843498 1080.2274442602313 1501.3123100340936 968.638857989098 791.6126441027809 488.5904433172962 954.9175698028862 680.352620164863 1292.863181225306 
H: 814588 1310.4713741419635 1375.6527323151208 1353.8187184751505 1414.7900435428003 1432.230657339719 1544.824753848216 1400.4682188548443 1389.5103193604375 1466.5866297849036 1360.6005671211299 1513.2148651813143 1409.6091337905118 1335.6532442138118 1366.2573205544088 1356.3283728958354 1355.241061282591 1413.5617562377734 1239.0014796527023 1446.515117370517 1387.99047468257 
S: 814588 1285.0530840681986 1372.3148654737859 1350.8596177929212 1413.9380719709075 1438.0793957387307 1397.4750569396856 1372.588962355081 1389.639519918151 1461.8155025754577 1347.1131418707887 1439.8307544274555 1351.5136731070472 1333.9093195213864 1327.0096637072252 1354.915946331933 1308.78787426142 1334.3809804199325 1233.927041040634 1397.131199781265 1411.457128634038 
H: 814588 860.044738333289 720.7539217426797 600.9534868760217 909.9300691818103 783.6766868585908 1054.2430858678345 722.1670948054775 881.8980549857886 492.35619361477626 604.9276693600332 1901.5582453953832 1059.2246040762486 1032.0323788059543 1000.6662853683242 1184.228424933844 752.0018155321292 1575.51716232108 692.7805637291118 849.7159347647942 755.0823894272027 
S: 814588 604.5510084447326 720.8438330561366 600.8986827718168 1380.936535723556 1175.0138150341052 1004.6222311048191 573.2748066841289 502.25558356793874 713.736380632839 604.185535910108 1487.4630978760645 838.6805583501505 880.703772163651 972.5020041587918 1183.4939398884467 491.48292362624744 1273.9185561181048 607.0743412873255 1559.3670870035169 918.7188086681149 
H: 918888 1473.3620587434787 1423.3666207292665 1389.5539159987786 1244.4105881464523 1395.89436183291 1342.8012215750005 1508.6806147366594 1411.5218775488659 1332.3727321555416 1320.4277328342566 1362.6452181884356 1464.6446723732563 1421.5970109654238 1353.4895712098632 1377.4285739516608 1386.5133715159786 1508.6405287524763 1278.5837480047207 1335.3983312252924 1322.7498085340862 
S: 918888 1396.518140078108 1397.1125376115372 1356.5806468930577 1237.5495550192948 1373.1496487114478 1358.2088402609031 1402.8487246555042 1401.2899413648508 1395.4600440106042 1320.5932685386274 1363.3357815993343 1373.1941845250585 1421.814619615818 1351.5081568266548 1376.6430835696597 1386.1373495791552 1400.9556367167283 1269.1217833888004 1331.6163756428043 1322.3521245252844 
H: 918888 632.5771518140494 697.530525039104 699.1446955483858 662.711347436125 675.1114861801352 1058.7616730983896 1001.4973600904609 1132.1558211976042 881.6731156113192 1123.5212578811393 627.6489506926495 787.1608150280994 615.6647452710787 960.087694717234 784.8200079487636 1878.8278120022867 728.3003933402497 954.7814712739381 771.0718536333438 983.153185248653 
S: 918888 499.6059033731095 781.8612263455425 699.1214640545095 659.6507359740277 675.1131851367392 828.8638719159242 1089.2707615516215 1132.421030723487 898.0377902353093 887.7882785831536 480.20879894577894 783.6519787644722 614.6155039307603 717.844830261439 787.6829509264635 2163.1757930564618 728.1894793438483 952.8168212397761 524.8596997914027 983.2263547245844 
H: 443030 1330.40102535228 1422.4007057524202 1455.4565599890066 1355.9318626067382 1339.555733461935 1333.9236842674832 1395.7674567031954 1406.7990413105565 1390.5905810479119 1470.7205416149036 1375.3455906286413 1340.9375854485413 1393.9590786531053 1465.213072463513 1417.7077699672504 1331.6992418070936 1264.4868455472676 1356.5575174232183 1349.866881053099 1416.4582480374916 
S: 443030 1328.3464126607375 1376.8716982624298 1387.484394709348 1355.2138478937827 1337.0924879245108 1323.2442031448784 1345.6042695159022 1385.8248651135382 1428.913712474062 1384.5317928120612 1373.5319309996187 1317.2895675583147 1391.9761215337342 1460.967563406738 1379.1974291233369 1369.604199655406 1257.4496783470697 1418.8693588687972 1347.073230441742 1418.9974287491893 
H: 443030 1834.1290285764078 887.9692004081835 948.6889070843594 869.2009426447805 764.2643962881131 854.1050756267334 1000.1863707561417 914.8604077072845 708.5899948361266 491.5308850801985 1783.733875295653 732.2920420722064 1133.218640245726 2108.9341131978417 878.4239332477202 1140.7129091409229 510.45343370365885 995.9542966221915 1103.8170451331564 858.9301641159258 
S: 443030 944.2085593797386 887.8835257591916 981.9402807384276 869.0948269025995 763.9146410056629 822.4601151871633 1279.2211702094585 1630.7282855140272 706.4831758952292 491.5308850801985 1782.6114567085476 731.7757292124465 1133.0259128138161 1438.8472224235531 1169.9096726961445 746.589016371144 608.1695062297721 929.6559890272662 1103.9881245860659 859.2338248267461 
H: 225895 1374.7432648481104 1374.8037017655383 1508.531172142902 1272.393308385257 1353.6134581260674 1309.5674905607752 1434.7644932194016 1402.4959165953305 1347.0789896286406 1474.1069095992896 1363.088459193807 1280.6848003834173 1406.4055402944457 1460.6292030408501 1396.958561730183 1388.5364714151697 1387.5927786012098 1438.8709539874526 1350.4527176920408 1333.7937704915194 
S: 225895 1379.7132489737537 1363.8788826474392 1482.3639595923619 1264.827396628858 1401.6305169434747 1317.5000478386685 1435.1049044850158 1383.9188723827597 1347.1431394658562 1470.9445298935232 1363.1712225316292 1302.00983523574 1391.064499872384 1460.2839175064837 1343.4552493785968 1354.2650272541684 1387.6049573957414 1362.1861826822233 1320.3384731892897 1334.2780431496471 
H: 225895 502.07836874707937 1123.8723430052 1075.0508381672876 567.1024050889342 1025.2201986572072 908.7814179152884 934.1470787470324 1089.2446697881642 1037.239954882108 1234.4133308576088 651.7104219190051 698.7011629131966 508.19444612807985 487.7016991761787 487.2128910308975 980.6827901397102 1053.0226163935235 2609.069827375678 638.8729655576072 663.2056079984624 
S: 225895 771.4803076365009 1123.2651643040629 1075.0429533635784 798.3230681599905 995.1934118876172 912.4093456153121 643.471038535454 1088.9495920665927 766.8729739589422 1052.6878889138752 638.579940807786 698.4225465115695 508.19444612807985 487.7016991761787 487.2128910308975 980.5226255405686 669.9005544164314 1079.7163095036506 639.1317003918207 654.1200369860495 
H: 177374 1436.5448765496753 1353.9316614633217 1412.4087830320839 1398.0008686522465 1382.704324624618 1450.6356014296464 1283.9771506913155 1475.1942942032797 1361.290190873 1451.9455932846515 1389.5165025799117 1474.960313825188 1372.6048834741014 1345.9639364609388 1279.4408639769872 1464.3826347960348 1398.092188966148 1471.481766177723 1294.7246848987663 1365.5841142381369 
S: 177374 1364.9986645019746 1354.1172905394303 1388.1120005498444 1395.3345862357394 1361.0283801592022 1420.5088942835955 1283.8352151425993 1396.4694787017052 1360.0872190233015 1448.6221987128602 1384.2740087748289 1470.52013221398 1369.2291337437764 1346.1909281107764 1275.8925023775441 1415.7856835654122 1398.1787362840435 1465.3814127703706 1302.0094938025702 1362.3865226389814 
H: 177374 502.9926426116976 882.7705208631482 940.4050258470247 667.1923521755213 943.9243955553343 798.679575921196 775.0038224517654 489.3748229602818 868.7850160121836 900.6162764498583 901.3778024667329 850.8613120769826 789.7322719101103 807.6268804113907 572.2061293174968 1198.4899579922187 1504.8816958189598 1019.5406769410187 699.804124924259 1068.004385008436 
S: 177374 792.380929371106 882.748372303908 799.3404404518658 718.6271258113693 488.5833394723536 798.7540914154822 816.2143965773854 1220.075734253677 491.93275182887686 1292.0404997665648 499.1739118573544 851.1808710499054 787.5613813505607 806.6981780229363 792.5395014929135 1022.9498614091201 833.1351336102093 684.5345397720814 697.6815004805704 1068.3506438992058 
H: 90790 1342.092913967184 1312.403092305833 1363.2473872444978 1378.4477220467927 1537.8709337951454 1351.5749919839373 1280.8052497707085 1364.6000187969883 1424.3244635847389 1223.3187558329673 1366.260489439713 1399.3525722434724 1375.8931404598848 1320.654262376873 1370.0018228618999 1396.724659589853 1263.4984129628365 1341.6169835031847 1380.1625375924564 1367.5586704547443 
S: 90790 1342.0463227584341 1295.0527702824827 1343.8114382603787 1378.49385824445 1397.4045448359675 1350.3647627995733 1280.8757383196962 1367.3600797327579 1421.2404963094114 1219.652207900126 1326.3056078905452 1398.714851580079 1376.185424325533 1313.5975040184308 1374.6657963991167 1395.6046869840009 1260.5932571490048 1331.9133044913433 1313.7009327281921 1333.2880499952316 
H: 90790 543.01673842187 890.4866973937688 1508.395446320649 1078.739369794115 976.5507510351187 914.127491599753 763.9611076428855 708.0016040882571 700.9797263108542 553.4290901822562 1682.985687077565 491.7543840149664 1284.0850613807154 1139.5429968824894 615.7148347074316 1136.9578797731724 1810.0136333067192 1041.4515636083156 768.8146014226576 638.489190131443 
S: 90790 543.118389512919 973.1008466681544 564.803590800618 1078.4783144246028 976.393280767663 917.731939120415 763.0066918305753 707.9907267937219 701.0849328520414 664.4387209345184 1682.9962718196048 491.7543840149664 1282.8190285990624 1138.5059241209633 615.1154277029231 597.5895897230077 807.707969840023 960.0280661682431 772.7340892520962 638.4746057329235 
H: 618062 1377.3713897076284 1418.5868206191394 1345.6605091301572 1380.0432577811164 1317.8614598957136 1318.2454697259827 1336.5896366700154 1411.1777986114141 1350.5456165323824 1372.7177287627264 1386.8985473617224 1377.9628302337553 1496.8700250199474 1431.359149083458 1315.1311511309298 1347.0404688001115 1395.9891658956178 1312.1696845854685 1380.5763499500583 1333.9062907542304 
S: 618062 1373.2205295137856 1390.1299248410642 1344.3604530402558 1358.1161478874817 1318.216554718627 1327.3449709742679 1305.925400744565 1425.5207569831766 1327.4662840435292 1362.2214360275211 1355.5317803615994 1352.5055310929076 1500.7751976312084 1429.502416532692 1315.8964496400995 1427.2324870569373 1369.3912910558165 1284.4274988209756 1362.9289694664071 1296.7649478806345 
H: 618062 741.1929015044167 649.8651126505849 1306.4766796698166 948.411576604302 1156.28034378179 1100.8076788395044 1122.373650762565 816.5575764002847 773.2877880992855 1164.6535893346474 1017.4316010480723 1072.7657801210057 1146.2467511311236 1558.4142447875456 955.7092669600315 1163.7014301522638 1452.654530163716 1299.9395561543683 1190.0434052156509 855.2086953343169 
S: 618062 704.3435819962899 1078.0330832922161 651.8150999620742 946.4520153063612 1156.4046398179828 809.8514144589362 1121.3899550347019 504.2598595769717 772.06742673979 1163.1104496175524 1017.3743004229864 913.0029217382574 946.5086928700388 584.2108599735004 816.447703254932 741.2438197900362 1107.928679148811 1244.9117190796426 989.6901647919984 758.6247342840376 
H: 256399 1474.4773977011996 1388.6180940945726 1387.466813756232 1301.7462167627502 1341.4942318196936 1401.443695967308 1400.446400574005 1464.0506755154117 1371.5191078674661 1379.9624108771254 1417.135151170521 1281.9709455717089 1364.4967900149718 1366.38773752621 1320.8650165184586 1384.5078338777516 1470.4362988578973 1414.967229256488 1383.4119995681303 1535.0935623345567 
S: 256399 1474.4978634054846 1389.4313324012237 1342.8071400494946 1294.0524040454534 1342.5705183033772 1401.431249274067 1398.6603639428988 1463.764469898223 1371.387985670889 1302.4044718337595 1416.1881089256801 1282.1315727189724 1356.0180460218442 1333.5543743874582 1320.5981476205034 1384.270787164265 1411.764927034775 1415.339867804641 1310.8326249145152 1419.8591031070778 
H: 256399 1618.4665600691415 901.2404745019834 721.3691547689762 547.7528719404646 674.226519551594 682.9972587635806 1352.3517701534017 1282.7185412414506 741.9691288347177 1284.5084825631045 1575.6105457919214 490.3101105441929 650.3853948368492 708.7875187087466 1308.2680068938166 1223.4193642822195 490.3802059023577 1124.706261993934 828.2398806372248 884.8093638701989 
S: 256399 1379.9731395051037 900.678658309721 496.62167947612704 712.2714167967886 493.5017432305653 1218.7252793874557 1066.2083559503862 1283.397141941051 741.9691288347177 1019.6153841021205 1573.7810836663919 490.3101105441929 650.2576597524164 708.0921765885945 1305.0111801607266 1223.4921959373075 757.2681505397694 1124.7262908405307 828.2234272385267 884.898912377183 
H: 525095 1274.5321909844238 1305.5846763445668 1351.0247730322874 1350.129248368286 1377.3207845574757 1369.217420194804 1410.5144064050266 1344.9126130284585 1319.8230888835042 1379.275672428176 1397.5263551892972 1373.7909580607093 1383.243633266916 1314.1732056479386 1409.8108703064086 1309.631011448143 1354.331692340908 1471.5514484657533 1331.3297530353393 1332.35940181398 
S: 525095 1274.5810177615774 1272.7588138597148 1384.85319162599 1348.331718864066 1341.4839784127835 1368.6295047843287 1391.01053988836 1417.0053958440792 1302.8282945334686 1378.7957580979587 1331.1852869447046 1372.8541655591123 1330.8004439732529 1314.1536580759448 1445.0483163228928 1308.760044675402 1298.2537392449046 1364.2769877821013 1318.7034224489348 1332.4010706433646 
H: 525095 681.2811508690321 675.9959071243171 656.0504780241267 1425.07940983535 932.4977050169483 1334.1822493584834 720.9504752536425 1678.4515496735794 693.886336586775 960.5942300567791 690.7215230933461 1358.6475506569752 476.30481615978056 716.5776146227829 599.1212209294878 1193.1804584755284 669.2610392976029 1057.1774945600866 819.250922541074 478.17489266837885 
S: 525095 492.93102141996513 659.3345692624908 654.8770663934524 501.9408042745712 1038.7369580128482 1044.1971452530847 503.34471872097566 1355.9032368685969 695.1581422852598 790.5619779558075 690.5739581745197 1358.4705414078094 850.8078142435129 487.02953167194164 499.12857813632746 1193.2095559882962 845.0281424043438 639.799863678449 668.4045759314026 478.17489266837885 
H: 74657 1456.8992933055763 1400.5484058512325 1352.5607275950342 1330.952378265141 1505.889635787152 1474.1387961101332 1384.8474392955966 1440.0920290890474 1351.2058471363334 1347.509818712684 1351.0280158399298 1409.0793728590616 1321.3807946437064 1307.728067740872 1419.533012093572 1295.032475087643 1405.5138443528942 1501.8840097652628 1384.8120379112804 1378.0448939361763 
S: 74657 1381.3225950203712 1369.726614160457 1334.8527292974627 1329.319431917021 1500.9743457598045 1408.9387212138283 1349.0646071347198 1433.6336544703936 1345.3538912362574 1348.318067029414 1377.582399194892 1409.289535174778 1321.60735070767 1276.653511821665 1417.535494185414 1288.4711208950184 1384.7999250514317 1472.001796209725 1384.7974427355898 1328.9739534887906 
H: 74657 1761.693910867581 1343.7957734997956 573.921973839671 1311.0822312642833 1132.3951966592333 1361.9340435112715 727.2164771581633 1357.068418961317 1861.4236602206383 820.3057919554707 1202.8397106418538 1193.8339698496072 826.7832132691511 590.2638086831237 716.4023155243096 497.82065894695984 806.7941260587289 1408.1314377191172 816.8623472711361 895.6924699384468 
S: 74657 978.8442433608469 1342.9713897594522 574.0625920538765 955.866802611365 837.3841655755351 1284.2159234319258 727.8692469374341 1235.5612629807028 1604.47699938669 821.7464943960532 641.8690627350757 1381.0098119133668 826.2624441092343 590.2638086831237 716.3610342735685 497.82065894695984 806.8276081339129 1406.2722059228522 816.8885549714114 895.7085218741233 
H: 200587 1366.4484035164253 1388.4471767324237 1245.4194649264828 1348.2171941440288 1362.9172679516182 1427.6295628146431 1453.5414746049817 1375.5767507863468 1384.7949303048563 1456.5071648419769 1327.632514388928 1406.4505628081306 1317.935886971196 1419.5957834858962 1416.3523912521148 1396.777743115054 1397.5233966354938 1396.446967075179 1693.0003155202414 1457.2743406416446 
S: 200587 1349.4665134544828 1387.513013400952 1241.108761598517 1341.590776894549 1334.8093660768484 1405.4537491440333 1438.1015515563167 1375.5539197161377 1351.8770181502484 1446.9348259341573 1364.0809857609563 1406.185060454071 1316.8468922808277 1411.230559730363 1420.774500510303 1351.3336534541033 1392.1777068320055 1364.5527549759338 1409.9117837296415 1354.4017731507283 
H: 200587 1971.0153830456557 1061.511993934505 806.8004126683845 732.2064583752143 488.7264142572563 1088.5813992469955 968.2646565022836 1676.4351891502236 1412.0060508774263 1228.82978888587 492.49370818203886 791.081678829172 983.1791788921404 1334.9876250297045 748.699463861279 694.3778022051948 934.404352732544 1876.2705502714216 1412.8341001792244 1116.2918673125243 
S: 200587 1553.354976148439 848.3323217512819 806.7823757916209 493.422424860018 488.7264142572563 1616.8008964218616 507.6435998188255 905.638009249442 1411.1534901311898 1228.855004546828 1343.6170744075084 711.7864365272367 766.4344492473994 1209.3290558901556 748.699463861279 694.394847831648 931.0006772900782 1177.967595064435 828.0322493072382 1116.4036352018984 
H: 455690 1485.0522598573614 1432.7714793451978 1364.8662493939605 1462.796751380479 1393.2440843099967 1406.3134211305287 1360.123558523773 1344.5987427349212 1373.7524413119045 1532.7890435127003 1516.6275274469838 1432.0432821387906 1330.3713292500365 1382.2619726077596 1360.390645290865 1303.2601334195078 1379.0877226769248 1298.581558494145 1465.683489975848 1254.9731384751142 
S: 455690 1487.538552811427 1429.7722760778377 1363.1080610203835 1398.8734194546723 1393.152011624515 1381.6840046726197 1360.2605434440395 1322.7290818673878 1409.189729400466 1518.6341170297899 1510.0574716976987 1375.5006849181348 1311.8291957695953 1334.901864261001 1405.7938367965812 1299.488255497911 1413.843346006042 1300.1092683336003 1465.6838111574484 1237.437340306841 
H: 455690 755.8930413682722 573.8794041496518 503.1261474074367 1334.4332555168521 502.1374139760357 1086.1431395584625 1670.900659278025 862.1304691762848 693.4785898778823 1160.7202396140012 1888.1276952869632 1107.6952173012112 667.1336335944218 663.5244048882894 503.6024848496248 483.8973078378943 503.87193903056556 505.5105689338224 873.9896603590796 601.004459706653 
S: 455690 755.2410084665014 573.0219697012883 795.4902308082561 1334.437029486506 700.0653399471287 800.7676237022233 699.4844518438517 683.1405095560284 1017.2627619757359 1160.6321668769613 1216.9074792416739 1185.579170735447 665.6943850407825 663.600769751217 1341.5809861964026 653.4916043167259 503.87193903056556 505.49910443820534 521.4716498953223 600.0007433052331 
H: 105230 1306.1548109624468 1437.7308507128546 1380.0175210835296 1329.1453518779902 1440.9049630144111 1322.1751992423226 1365.3527341368165 1344.3475011798223 1338.3745551566237 1314.007831185914 1401.3682781051791 1357.9154254449836 1424.9681687710647 1406.373551375334 1339.9425222517254 1310.1598777038712 1367.6351129514035 1410.233139267712 1392.7678858089319 1415.311776937166 
S: 105230 1298.247017048613 1430.8468650373015 1374.2241895556017 1320.6045606063385 1385.8826774120746 1350.2940677501747 1365.9936305239169 1344.2906531748754 1338.3745551566237 1314.1087667802894 1401.3822613869334 1357.9945384158707 1426.584050031946 1390.5543275057173 1335.2982171215945 1309.7176292780243 1361.7484293892164 1369.0221325606706 1339.013206344734 1415.5689836166875 
H: 105230 1093.3376189955256 686.6308237484565 723.0731894938757 486.23178168516694 1921.0032980434219 670.9615770727049 1274.0244706137878 1911.2270828992246 783.5630113221271 1123.595407682477 1338.0397106016517 1370.0432789122574 644.6275614950971 1635.1860307417005 487.7453380233673 1108.8786933553297 1097.6216637438415 1536.542211213262 1020.7774279069339 668.2791495959063 
S: 105230 736.0215135838322 684.5253399782052 490.1646500921821 486.23178168516694 1921.3212921592092 670.812471647438 1272.8390993012451 1128.9929202983792 785.1697014957836 1019.5494273680498 1337.0950273489977 938.7255952292242 644.627208456279 672.7211345359226 487.7453380233673 1110.4013070316275 1097.572226730171 1536.7589225087372 1020.191345286398 1307.4042910817495 
H: 981882 1306.11110189768 1601.5184501911438 1325.9830660729856 1345.4461670139508 1365.67892207709 1338.0334525685648 1361.6206437190087 1375.1267857107903 1371.4838743962932 1540.657902421364 1317.6269536805623 1384.6937725015414 1273.9758831508523 1509.4788698296263 1405.6688942754386 1360.1648736539753 1358.7779323899929 1365.4210304951382 1392.790715104375 1418.481280109367 
S: 981882 1299.9711065118804 1401.25634271825 1325.9480415400496 1341.9159923383834 1365.724878735402 1305.1292418011017 1360.3279648018192 1384.8756870682346 1369.9989344452708 1414.92184473222 1320.2880635090223 1353.6304519501614 1282.7485578398919 1408.266027050048 1405.4376638942615 1360.2140967924802 1363.8102483532712 1339.1485680725834 1592.3722268543727 1427.2825494342862 
H: 981882 480.5986660149441 1721.6518899634539 733.4210977747641 998.4961918836375 779.6022495195971 828.4740295274397 1393.4127336216216 919.9547831835778 921.1900668762445 556.5418307459163 655.234580050202 654.7445304243165 665.2386573480701 997.5709222021139 740.416024531884 619.6292906146367 1186.655392105947 495.36940649222544 1781.2573369447773 623.1898124690642 
S: 981882 633.3874223845949 2167.395866960459 733.1870575378924 997.0569565194272 778.4163765834166 767.6628130644546 589.8469535465475 501.01567965608524 921.2645350129274 939.7622125594769 1159.0119812901207 654.565603026737 492.95402866344733 1187.1607089514455 494.4103966048799 618.676607719066 1081.1535132109968 495.36940649222544 1600.9623637694372 623.1865748590584 
H: 171631 260.6373384391361 262.37458104980203 230.42861147144325 240.7005489856017 258.11495611926915 251.51580376943343 236.2214480337227 259.7260193459798 279.848210586821 256.30893738474737 263.12202599040296 280.23765812081774 249.9194189525388 260.9874273170748 250.79015647594738 265.09397113211656 262.4457006058657 239.3378874403041 252.36298400690785 246.64785897664302 
S: 171631 255.55469783465946 253.00444691974147 229.59041835133687 238.91559309004475 258.1826085621556 245.5564052021011 230.31608801821878 254.50778638254795 265.3313843577421 250.3309177817367 241.1924478981249 279.25899501814126 245.62910522287908 247.15138194697425 246.05362110831533 259.42321691871933 259.9560302457944 231.16678767438523 253.54847695502403 245.9159664040131 
H: 171631 151.24195076984657 187.4024480635725 168.29435942825754 164.9129427509265 153.27833754552643 134.61815218382938 166.75932295697723 189.50437557589413 155.55328324286188 163.15119726719283 164.11436381925634 179.14814437167516 183.79460123876655 154.9425742461906 152.7314317544818 142.72355598235814 211.8889116419412 131.2817541488926 124.11318081733835 133.72760935570733 
S: 171631 133.31582707981465 167.1328910522405 147.2068432339947 165.58101286809958 149.74743408086323 130.10253576012317 129.95139479623478 170.97391084300173 140.876866276916 129.76239365906488 183.4076237319498 201.8409374543019 131.9830442854886 160.45819519483152 122.99403594614158 146.7421693816124 165.2873598435604 138.1684315624229 122.93344156107698 132.19791309229012 
H: 736478 247.07971531094705 255.7760539554707 243.6672041354131 232.1683725456829 263.1018779617518 255.30881267140944 272.03155921716314 222.01976463675194 268.99567312289867 256.6815108620504 257.0355598909694 239.94049190977498 251.41974134874866 234.79270287067885 248.6341933278802 259.18560031271005 255.290142873201 254.09755519306995 252.27231934289 237.76625115703536 
S: 736478 236.65092474376374 255.15507129396872 230.6956103725653 226.9943498058843 260.6440335279965 252.64298761349593 268.2525102501501 217.0619099124439 261.25332919230937 252.9193097790678 250.16458897196765 235.045570072162 241.10044694746412 226.31403432413728 247.8966781448185 255.1069190018914 252.15309608401694 247.82697782335612 247.33574829234433 232.8374538823772 
H: 736478 190.9837327613832 192.60306170282968 211.99664898749182 182.1144878478036 223.5066392018175 181.63262538480805 150.12677781933613 126.40783642333258 167.57390410074612 147.8819625486016 149.13095455586196 154.0276876906258 165.4748857918294 164.35241335843202 120.48476286664905 204.9085606379826 215.39677223400926 188.22961570732036 141.01434798798115 197.6730058216028 
S: 736478 136.05408350456895 160.72708283032415 125.41263210513556 165.67554296760431 153.50734670406752 138.54877057121976 160.3644362586172 132.3971386891828 127.61600527881453 128.40499982899303 151.54689148177962 126.73963056518998 142.74497095220715 146.5160251421545 120.06482711537453 179.39051930663695 167.86339737541687 178.25638726523474 142.51589833869153 178.20277457386587 
H: 817398 266.5440871070844 241.23870791696262 267.5682984301865 258.99083082912256 284.42465289442515 242.2215195975097 271.9937600094067 247.07403346222068 265.7604403342299 233.22818670228324 261.6967868274824 241.01151014255208 248.83915890452892 253.26605912753413 257.47450861872323 250.2485476579227 251.85666003952772 240.42655016771903 233.64766899407715 252.0085133120839 
S: 817398 258.5800035230667 237.6616882108424 266.7566582393394 257.535874059665 285.5092207700387 240.96482889501254 266.13443650181284 242.8669650488159 256.04471718397076 229.77426008386973 250.7096112498586 233.3302823329581 247.8332081388838 246.3335656280302 252.57831292020194 248.21009803471662 245.86077224206542 239.72269112216952 229.35722470459834 249.07686810675045 
H: 817398 167.40367020706307 127.83265977772703 160.65443122136244 197.26295022898094 273.47834669658766 156.84334407379234 156.56028114355266 155.20372162413997 164.18814079535974 134.19609253398465 148.61531518327197 176.845212499612 138.72739486919966 205.9471479848514 152.60004363553753 217.90764624748869 174.73737008413804 179.47900148909756 161.25406473162855 137.44206716716025 
S: 817398 150.21037949697526 135.13477998355265 144.83134864866673 133.38081499669775 143.38724822016545 127.00401713056445 175.48564018175156 120.32917134396766 177.51635517459073 137.11426125936748 122.17548328538606 155.53951456633064 132.93570452720152 169.87741943505085 168.421149086806 131.653394890683 184.01194268968325 160.23888117053036 137.90386284259353 155.98431973207929 
H: 964419 253.7089688006441 232.711472657656 280.14871045780177 250.34012229773887 261.78822116031597 272.6661231932514 242.59207950694687 242.66228041080691 232.32443107283984 279.5895511689874 251.39825494811012 258.5196856264145 250.92966264147768 267.37695459626036 233.14493041639727 250.7378359549354 281.12427818007296 276.29002478575956 241.5192678257511 265.1134694585658 
S: 964419 247.1625677184513 233.38103623630826 266.6067469992184 242.6510166774308 259.0182974230041 265.95454826504437 234.5417951212014 245.45250715697236 226.8735506798972 267.1500040966794 253.66235178818027 252.68382231049472 247.71905676083608 264.5494570567655 222.81861442746163 249.2805436073789 276.8848920227465 270.20376440967755 237.48301146934404 257.64636962008206 
H: 964419 273.32555126678926 165.91403510521113 150.43488833732115 206.1694696832014 151.6901495268693 171.06841895793556 135.52858852834996 135.73522622006087 149.15874638832292 153.09733445731086 139.72123969486924 184.1018498066368 158.0189380038365 167.0347123284519 154.5885028633094 157.58531298292294 258.39612766973255 163.8730987389125 167.09167731386836 163.93977766727758 
S: 964419 203.99798100508193 135.28744228455892 135.62750161250588 164.23796262295448 181.8925092501073 149.53240228350649 124.05080205848832 146.6686730009524 107.78465531201458 152.529659940436 139.25323159429604 157.55549624262858 147.49678313289596 144.7819216479201 175.69672388928484 150.3683639409873 205.01174240692984 149.3096476653479 137.50561221800933 177.6016965899704 
H: 383920 245.03419249481416 236.18793447607777 252.74271526571687 250.37979209803134 260.70942127502883 259.43303270114046 285.4751903322433 265.9620209769449 269.74806112236564 259.1086843988754 249.9136522015484 265.7750868749091 266.261742926381 254.33158900449973 251.48867216680918 242.7919876706814 250.42170307929143 249.15201232337637 223.76261649735096 262.8711231716127 
S: 383920 245.12257033530554 233.1859952482857 253.22174911002054 246.94593700833235 252.36360629209125 251.86678871904925 283.2040997290993 261.30114280753855 257.47948862038504 249.21918019780168 242.4342974976593 258.3762613703314 258.78627342122553 249.55926109979544 239.4919382304094 237.5968171832157 250.7228912049487 235.03833056745174 218.39531013969992 255.85675965541714 
H: 383920 150.39356074071983 148.45336212843122 165.24510993665902 173.1670530281614 259.27581545719147 150.70264022223589 179.91554240381154 175.66580559675614 212.9134397546607 149.58061718865852 167.72823108934344 265.507149084198 134.2055536942154 213.78070413035906 151.211419369943 177.75584987843646 282.28589230110697 155.59552984510466 130.78306006222707 149.7897268187912 
S: 383920 126.92776163185529 185.75977220896115 227.87569267584416 158.5131879425509 175.35697127204722 188.93178539205033 191.1110928190326 139.01097287487173 148.03867787210777 167.13712463617787 183.3604719445114 167.6351360938494 139.29243803682465 142.23221925122255 123.82794525334579 153.32238965803467 224.5965982949039 153.7280409214074 118.7833451810407 134.97849460107 
H: 351120 263.9988859205546 270.9000474797883 252.38444069867165 259.1008932769415 286.9676821247817 253.4369851620815 258.6851727153265 253.14541576224022 245.98904139048256 262.1828901711111 234.35929328108884 259.45260822569924 236.65621892607828 272.12854645119086 252.69320490224243 221.55510640747457 258.30554635667414 264.0493482882562 267.8349968465567 262.2152414978293 
S: 351120 257.5634693549563 271.2319587179879 246.36874465629873 253.54047836656153 274.19865952576214 246.50939985362965 256.2237646525212 249.3889640868389 237.27660029007637 251.74810776238357 225.56383567909822 257.4315761919014 240.54184360087186 272.4714590853046 252.4765019360949 223.49460117923337 252.59166184143578 253.52150261514123 263.62492267550874 253.8693088830033 
H: 351120 153.1457223191645 216.7622400708721 203.1121966617001 149.7921745976908 190.92812088579194 139.3046040372791 204.74850691389696 159.33338971716813 152.33346748193298 149.42308401083787 143.32602338128487 131.81340297061647 116.50830131433085 183.83448545291472 124.20327801104814 137.30116714357143 141.65489591673983 182.570651510409 190.69871034397758 127.06021578123044 
S: 351120 159.9841893977924 158.35129114454668 156.3685673167462 217.4606745465988 180.66089744346544 145.779475263347 157.17381103121488 145.06383726197643 147.15667291465434 152.4360990760802 124.00660386820091 114.68719052378532 156.1382066977531 154.80127942356523 156.90742901486436 114.219714417753 165.7275726415595 184.24040071577681 133.50125938948057 143.46443537050564 
H: 936903 282.80803525841355 255.97360918463002 260.34301990498324 265.5020791208123 243.27313095793468 240.76981317601556 232.9212263521757 273.64198468306444 256.04856980792937 270.2436015304592 243.71543171793542 264.5284220617282 263.0213741898117 266.3015451347814 278.9178352027779 234.8111773840763 258.7699438759695 267.9715560702093 263.0011919380667 269.3337505659922 
S: 936903 276.64287441254675 251.59855962175246 255.8379020152039 259.32213509225727 234.90340971458966 230.14402535466377 228.68819807789393 259.0584594738423 247.56024563955293 260.27470982326446 243.37810152244134 261.4465343348569 260.3252653305222 262.7285683133829 266.8231932044771 240.13254004561915 260.7771693554807 256.88544017397794 256.59968047184793 264.86977390482093 
H: 936903 178.04652081698177 177.7518617401996 160.85764484554778 260.44895351251193 130.03001781486665 145.11780898620935 201.6717916721076 160.15471328445483 156.10998461040163 153.0308433614642 163.24563513955843 174.12584101152024 192.92065491754892 189.68714973892278 196.1062024502499 172.3119104417104 148.599532359395 180.2777656979527 156.31077569234907 242.53643288140398 
S: 936903 145.57477817655888 169.17797618754906 179.43419702002285 125.972527393005 155.6788233715357 145.89996567358205 134.15691329170647 162.67872088819664 170.25442635259512 164.20600894889992 126.38604312901873 165.10726778625977 135.5842749869209 181.16706227191102 183.70085259842023 174.81542350597277 194.13303545503234 173.31847167097834 154.7019065978351 159.1923229975079 
H: 569605 233.05877456319578 261.78715125087723 231.92167041561137 256.3887181508303 253.55661621403362 255.55490142726035 238.3162194983629 266.1845162409443 262.18645864839937 286.8388341134327 244.27648905778247 268.8994507405393 238.70399801748425 257.8943472171206 286.96942304878826 257.21503046659683 241.68783300115692 244.16249876537756 281.19663616442756 250.62430632913595 
S: 569605 233.97379155537928 258.397170598736 227.71771102944362 248.98200259060832 251.02056679757334 254.38208487070534 234.73802130394736 266.08011555311174 260.3519488882432 274.2188081707806 237.51148933434484 265.92695899999944 234.45602956651766 247.66015135957673 273.96129605679926 255.68985363787692 246.26468659984516 242.67658650275771 280.67947209105296 235.5793672768022 
H: 569605 142.61552409395316 166.724881448281 123.76533341674812 174.15622224863938 124.56129562300436 217.01402189138085 147.31732637153874 170.11604713640503 144.32627494413936 143.7867214438027 126.60756657069989 139.86154686712987 145.78452180991076 135.86320333024386 244.6644777308273 173.3164510901536 176.43930543959019 128.42750824565923 168.87468058290523 165.18448227091605 
S: 569605 155.85234397642347 166.50473234731618 127.83670925969601 167.11613479934192 138.33905089099196 127.22072703436483 147.23716926432363 167.71575102888679 219.15510144163457 175.97709393380882 149.28722176497524 119.82656711445513 121.61933363006945 142.14207598066915 181.92332742717065 194.20679429816852 110.84156222059217 136.4029134465445 162.96111943121895 149.05190022989913 
H: 627056 264.0661231015251 247.6651405777302 258.2273288458417 254.33098949960907 252.42007846568583 262.6592391212206 233.39621726047497 264.37192159300275 267.3781925638317 253.77224756630378 250.50592201767975 246.54396314189265 234.89734259744876 257.6042855992835 239.96310974157984 257.859204679832 242.34685125892366 263.1370441279201 256.20450968428867 250.43594053542978 
S: 627056 265.72534508872155 249.34996429027464 246.75165266494787 247.1661045018496 251.11921349156205 252.46890535015453 229.49744610040094 267.2844682927855 262.0859080217281 244.9829753650766 244.01929280412554 241.90903295876743 224.1873622489109 249.9373176066028 236.62641409290748 253.39945370929422 236.93722807419746 258.83052578167 247.2105040184492 246.90935610487128 
H: 627056 168.696605142642 131.73553976918 120.7230050061297 188.10267439379103 181.02758793405613 186.0493608621702 167.59175712852934 237.23135296094986 154.95181961632937 156.99088485259563 194.3919358770294 202.24572367431543 120.53320276418891 164.08766363229114 212.4174420896984 162.5889502891485 163.67077798469538 184.091577470586 173.39124525080373 163.2331608929338 
S: 627056 148.2406842978386 132.09036244600574 149.45426823445806 177.22707573107783 156.0846776967387 174.0708580363811 138.69022797655398 167.9120040992494 146.02848038254612 168.30891658169762 184.35260435539766 153.9672377724844 152.25344113529866 148.40586428897694 129.58023580294318 125.75201285715114 139.89645259405265 174.84232314680665 164.74181070817122 164.6461867014632 
H: 258578 258.4603973344672 273.92959852339783 251.46139695719899 269.228436930099 266.3224577623056 239.70629385618588 219.13389166127436 257.4571453762454 282.75446954118047 249.65806391238513 281.3934717835422 266.1002759377758 255.95247415809055 276.04830483182434 253.82584979707087 230.7935302777952 251.5477247828995 268.1074564849124 298.3942897553317 241.63850339418562 
S: 258578 253.09954084371535 254.477386430426 251.08027580056503 263.9510658418258 251.75246778166348 238.40871568307662 221.93493980024317 251.32154113225252 278.97797858568566 241.40221962565997 268.09806483829186 255.08401857089444 253.64570544241712 271.6105368870117 256.4061838351894 220.8948870156798 236.34087362688058 259.2629540212876 284.5652216438632 241.68306705439485 
H: 258578 191.58781343824373 164.26886878614312 170.1855092064262 185.34119424127502 174.58534064629964 152.0546470809437 130.74610669893636 158.11576630582277 217.0451958505541 144.83776959348222 203.33370701415117 164.30928937899927 176.70695475081973 133.54816369558003 188.3773831782561 143.06092732709863 137.2257784203452 144.35453916254318 254.88059105521273 121.03742710450886 
S: 258578 193.56460667276417 148.55514668435407 165.509913693074 147.67886844367152 187.52082512313945 130.19706285294265 135.57174037491302 161.4891100263256 187.46810314217785 157.71281909190998 191.7110486701487 176.55307692798172 135.73003436690686 127.43922295473519 175.2524890035685 149.34418100206292 150.28999324848198 148.57737626670792 175.97969954744897 142.04869137513944 
H: 280952 264.4501131577851 248.562418994908 264.05410651269267 251.18120025579137 255.5387259413402 260.364520956829 260.89795982498106 246.32520736198228 275.159584373545 288.6985703844744 250.6827192224353 240.03718668561308 262.82146847956943 259.11820022779995 245.74153465600628 236.39865176019998 265.7867967854783 236.10293217012762 285.99378794967055 244.17875325799045 
S: 280952 260.3304231819772 245.74775073777658 262.13029899869065 248.5697057763058 249.8440322147959 251.73840337135746 252.84319846279575 245.43043757842875 259.9151097768356 279.3905724974362 252.6585503537803 232.66446513254834 260.3056834244536 250.1943318284014 233.40742201947995 227.68071147430996 254.21166887864987 223.88177829815945 272.8422538868267 245.70787216557358 
H: 280952 152.26334190670607 233.58685198918238 214.91919922482103 163.7659557283224 154.61361648110886 138.78293799746191 236.2229786796195 174.91552222131656 185.56081912934238 169.99163926374132 236.87744392889286 135.95224428292568 171.49675663490908 175.89616663275518 160.19380974080448 178.29296111062862 139.24275153901627 168.67203849619108 152.25843121076775 135.04475962655886 
S: 280952 156.34788569269358 162.76806076313605 149.3492663769227 161.8261973815624 142.98129680560095 130.96748968907087 130.13327666412664 141.42414467050605 152.63683624640154 162.79595943546548 135.62271201019908 161.6016497265816 178.679114688567 132.70022772915183 143.8887940851819 162.1171394428759 152.82466630819073 124.44708674899823 144.65393232219384 155.717144766141 
H: 271453 269.40664450608324 265.83240318973463 247.67798219298217 297.77512059896054 245.76547685346185 254.48369918171846 257.61281284230745 240.62783396133648 261.4536231188577 249.81600908292262 291.9703946171164 264.61486413061755 261.3633754145391 236.63528377148515 233.8134328991057 253.7144867254497 254.2937968792322 244.35507711583708 229.02904761316265 261.2667770149328 
S: 271453 259.58318237762984 256.7688540818945 247.75698934335762 289.9553093444438 232.60962655922165 237.56050330920365 256.6643683305366 235.65588905258255 253.08082571180893 244.4266007541156 290.2505751254049 254.84294246843163 251.75187771845424 234.8488392333338 226.87419296193445 247.2425467728806 248.65807700548672 241.50140634756184 230.63162841567646 261.09598726290284 
H: 271453 180.53041224430353 184.86102041880721 141.2277855889861 279.7680334098664 168.48675288885815 181.97098630297552 169.21764751290576 185.6820728581118 173.97049123673804 146.25119647345218 218.66953612115202 150.50282279069668 152.2025906289373 193.84004740746417 170.15382381294552 150.81343311304713 210.82930532304889 154.59482525943653 158.41837972398378 245.15927374722264 
S: 271453 139.60183571649867 139.85808930774203 152.49140260528046 177.59196447659284 159.39052634634268 178.02402424192897 148.95569178304015 120.2806348821438 133.7408736680601 121.94311170488146 164.5433590173282 198.3991617054035 125.69568592158329 126.13585015914217 139.56819461041962 123.69079717014498 154.89906635483246 145.29405652936873 136.9775834967619 180.22868076386206 
H: 319811 271.4885741164945 249.22208126404905 274.83264795328324 246.4573326753168 270.2581640302981 247.09870561405833 261.03136553103576 249.99716169833493 246.5740449951843 245.13720296178536 253.39828191222537 244.60773429447391 249.83716648558587 241.62227188450154 250.80876338826283 249.8030344848217 255.2328313954111 256.90961607889795 279.6248955630162 260.90334267932565 
S: 319811 268.25880953043 241.52534013737534 270.21896998402315 243.07799533649327 268.4121219429172 235.78628560722834 260.98907012647265 248.92396817944282 241.1893768314999 246.91849739374072 249.3457076352611 229.5886579205586 239.52404369238988 237.7513836550951 249.86821020213372 244.77401861167857 245.20057989994106 252.32136503179282 261.7145773895495 244.5906232444518 
H: 319811 141.386812174157 118.25689393802561 185.0289333291034 160.2211474268657 170.2161958241707 145.159623677378 196.87090104638094 179.86737344263614 205.1588876213835 194.5308076453419 166.6957596004499 130.55085086857824 231.13497130700048 140.30373567308072 209.93843753962227 148.68056092136672 185.5213509163889 161.48310890598123 123.87900431228005 150.4542542238988 
S: 319811 167.51598011187656 145.526730839383 159.60756789289388 148.98869430054273 163.0669104579767 160.91240687846602 143.5134886471202 139.2780479049092 133.72859372369493 157.21737273859534 142.31270453598904 122.07158137300372 150.32789033625892 160.70939204781706 181.80577021385284 129.2903303848079 111.67454843410414 152.58828185682435 160.10885659374296 169.88962160357485 
H: 162415 270.3508002537798 238.4855571962862 285.1120165260302 252.60151174871163 237.6630066575338 253.10049429542298 268.5574247824389 247.93601424422167 257.9778978765569 245.62761545531848 253.85446582359663 247.1046179302134 254.64409479931896 246.2094569226029 229.35131011231462 273.19567121074084 251.43704511400662 262.39779669999155 250.73758933244903 239.83075133826958 
S: 162415 267.02667475352496 237.84502468064534 273.5725036221653 246.778797321173 234.1451916515104 250.47710322537682 264.094138006734 249.88854873035547 258.4639821396682 232.22663607874034 249.87103800109978 242.84268949056494 249.21860418998799 245.90910637929233 229.5072713830122 270.35391631777594 234.83006661896943 250.39879008082573 248.2499876759997 236.37169239060336 
H: 162415 173.70315828131646 174.69563380216638 198.51088354781285 160.4617586713644 179.11175583487892 140.28754616928396 208.66096879390196 185.82363559096774 185.7290962583482 130.35638833215222 185.07215367984892 208.10920048375417 129.62234578932535 125.92380569393842 124.69833066860338 183.46011305040392 232.74917423335006 222.0612307969311 149.58945257198636 151.58207478091848 
S: 162415 172.62640971455886 147.6411131695187 133.66241120440694 126.02470411822328 126.00723714531338 132.01791359604346 188.57581273122145 145.63792674205172 128.87618471729672 114.40593728622869 136.03632417553365 139.8946865774175 149.6050387266216 197.03632195370344 148.9678951120559 126.66360342553064 165.257419974155 130.07909948895528 133.20955254437737 180.2329349682323 
H: 322115 242.7339402176245 262.3619669105515 260.31953983550954 259.70817617360024 278.42343600453745 259.95262625366223 256.5140857266037 251.1234540573795 266.16575380156 261.77679352547517 268.1530160688162 249.43499532491296 268.3316306060099 239.679189455033 257.5653966174042 266.03260944413864 250.65622632581605 252.25113345290822 269.29488741536903 239.8995525819848 
S: 322115 232.70076996203323 256.2593717038498 254.11201330438013 257.4361123672447 265.47027809693265 256.0618194120507 247.38249211768604 248.5561803934328 258.59799735391147 262.6188576441239 257.4474698495687 242.8477664583722 257.72137148973366 230.53700849576373 249.94283970129743 255.81520216019737 250.5211427607326 245.8206374615809 255.93002923794904 233.91029873860384 
H: 322115 138.57986719049336 195.28818705978293 291.09684629298863 140.6022698676984 195.36386230150836 134.39646986764896 181.11974472441284 171.21397261629977 204.3423938127528 188.25059595555504 138.9104655362667 150.19482010087196 193.11241662000052 140.08802046440903 218.47931215398987 156.29437167050517 130.30734595699028 138.1520401769064 213.26538642255153 173.31166309980816 
S: 322115 120.72969333419523 164.31761561004674 175.92427421136784 163.68317311397448 184.95634717762402 134.93416470771058 123.31578708273292 128.1733478194772 127.20922501083709 183.11577053252225 116.24080720678164 140.60832805350438 173.98793799171543 157.9875092771437 163.62084325815272 147.7795174551523 144.76835117609406 122.91508740212993 214.54837977061266 188.72449910683054 
H: 483018 266.7167714385317 264.7340652195997 231.16047621903942 265.3083447002758 258.5561804316182 258.4314697907411 261.59426730282485 268.28255728464956 247.23618596523826 237.46091452117406 256.4788058899013 262.62495560113217 265.349261011848 259.85883799388114 258.6023474926107 264.1058034402855 267.6297794576028 266.34240644899626 241.57524867953381 243.88913162769708 
S: 483018 266.39775361136805 246.83394050140447 224.6406395770693 258.55992705384796 256.53834563554955 251.4861862048372 257.7215221266763 255.57455111669455 239.2522968283641 238.89010621683323 250.00312307567697 250.42215712029247 264.69478390353913 257.728966727484 253.48035286208 265.35649530741375 258.8334188616562 258.62477466129155 242.57988140073863 246.47575221424484 
H: 483018 181.76390128802865 189.03196519675672 169.41153419970004 166.86909333963123 171.80656954497755 162.14188071002326 229.88385984249516 184.59501039329044 145.5329359382128 156.42306634890906 134.3915611716878 152.14301480742222 180.38988820965028 187.27800623480994 186.87109275931743 189.4413552397317 150.84687319923205 151.49412964830083 150.6495233317111 177.7257209091252 
S: 483018 152.73219425623137 126.34529316830812 149.14430697739522 137.61826349278337 149.3222205821365 164.06643010427518 180.78992773229166 145.47355014235447 144.65603292065833 152.2271231620814 173.19944379673146 140.93952681262294 210.44921424823661 169.24089899701485 147.29597347132938 155.3209485648556 151.99260071402668 163.883567744699 159.35443900796253 192.06911307181846 
H: 412274 249.5197376018697 260.280363256729 239.22000875308984 276.4392468226901 256.84994351419994 258.7897457128565 280.87327825910666 246.7850860465334 247.86290967845216 238.77846393443497 259.53789786252423 246.16999811301147 250.62952735429087 262.4361539049607 243.5230919331124 261.6857527249229 257.8296991291462 257.26706017994604 278.34005217143135 268.42449216274514 
S: 412274 243.3715150072639 257.8353905258364 240.43917193849458 269.85469443280016 249.7700721757061 248.93012533319356 272.00109660992393 237.39530914372077 242.02807321244134 246.62031526746753 264.4888581675526 247.66627984309656 248.48403568310252 252.6688465313993 233.4561156219147 262.80427096938956 252.62753538223058 251.85661904963908 274.3773081328713 258.9047375365854 
H: 412274 167.54278766922764 181.9749389893631 211.87830106014502 249.13200648468003 125.83206769122633 169.22425085702665 195.33207801406493 160.8792291861906 162.6647532596853 146.4710874692389 161.89367485101485 167.25563783660422 203.51029944022702 124.35016009267899 159.94565671779333 166.16046862468917 128.20941995616434 196.65953555012612 180.52543637187605 156.65136122474925 
S: 412274 129.31924822646312 146.65866658267814 145.12116135379765 127.33460158560689 151.7608753659513 136.78708388357185 158.97712150306816 167.7373534331593 141.10032688807732 135.21664935149215 152.87348911421972 131.09497887911542 165.58936011498105 148.26252663486986 170.09092554887252 149.3806982333962 205.54043209705296 174.71518364502373 217.24127301203782 162.07979585117656 
H: 849054 256.4787214709574 253.67284541426173 244.1130937345337 267.7673572524889 237.55296096662462 241.8530853120347 236.62048053222819 253.36017754213515 254.47094034038477 270.1536042472649 239.8908930862302 235.77530672751337 254.86993652327777 231.80763602557582 258.7311132158253 246.18709802632642 290.77296369138605 264.5853685557747 258.6701349468228 256.2254733870053 
S: 849054 251.05216560987063 242.08570832518578 229.378469258034 253.45504022546066 237.86073308452916 237.58707356802776 238.062991566918 250.24736601098593 244.50515075439515 260.3571237708999 240.25594596344402 235.93280069154372 250.4885913372828 231.18735059084 249.08201164723002 240.62798545879136 278.54950999981537 256.28588017104204 255.766963906295 250.36640895395843 
H: 849054 171.1168567917606 141.35904703916552 132.26121662448867 251.6837168106249 132.0830191487515 193.23037753757558 125.43328802844773 223.64765659713603 160.92115547018287 214.63832108419734 161.20415371703587 138.06078261193164 181.02077435232314 126.8033533800826 144.65125562873843 175.88056744394527 199.11262666533855 211.87187437543295 221.76865842016443 172.50405000635723 
S: 849054 154.5511905179625 165.1182774421787 137.25670775421077 207.45128877492334 119.75573343388729 130.91630071192176 115.73049087628759 175.1095104317033 113.21286805594816 177.52048580572853 147.89874523781523 151.48552609113634 141.65505316122508 130.72257440975162 156.0416911273379 158.29307962108987 217.54509374627122 140.69519572316187 154.95469761395768 186.36944455314753 
H: 212724 243.2407326397792 261.5543451903471 258.1128983910708 278.76983354198074 275.81503641102864 267.793050063485 249.80410918536285 250.122341699925 286.4805770413012 241.93318548206923 273.8902991146965 239.19707352638406 238.77105013185505 231.01439472465688 232.47810532490846 264.18241790132316 253.4447294699026 247.5082919639625 267.77365232201157 243.52878522566965 
S: 212724 238.18154405219735 256.6415482326632 247.05740430724788 276.6675410509071 269.0605365397614 260.46703081197865 244.10584247984346 246.70234733280995 274.64424213096316 235.60914163377905 266.74688536122784 235.11009789389377 237.36212990878158 224.83168270592242 229.37718936827616 257.17886162878085 240.63923673282838 245.17291605772522 258.7079276439309 243.72096556663212 
H: 212724 136.34286593414598 133.2061189939667 186.2341706282449 295.18286140625133 204.9242728877196 187.35920174717472 157.76425218459335 183.54486700020524 199.92764072134284 209.62383350155056 172.05554080705966 151.72550578943657 177.47144870131817 181.47920190253845 139.6916059356241 237.59280712757857 178.95025501270595 176.98965151734293 154.08437148795434 185.04091208001435 
S: 212724 128.26243263614646 118.84738623958172 133.9816297379072 207.02534033220394 139.37855662519513 157.89223597948555 176.32737361582383 124.22989541925452 200.01082668680462 151.62738244517115 145.88440778408693 132.96130779178264 137.44076687875838 155.6476396724238 156.611353910089 152.0906480168078 187.21252267093305 122.61893575116882 162.24504008680776 128.80121605487417 
H: 111717 276.5981302547198 241.21267451020782 261.263729013272 262.446007682693 249.6269200255394 268.3016209436794 259.8973069579093 249.9994958646352 243.41416178118928 270.1586154437051 266.944605439497 266.4632427247017 248.03252282991917 252.17146120305665 265.8911053860357 237.4467603748809 260.41024466578244 216.47776659474215 241.9953723436173 254.8681128307212 
S: 111717 266.49110070453173 228.46995361311352 255.5469794125317 255.3841975320272 244.26508446782447 264.5434151149354 256.66056217280055 249.78694100480476 246.75382701182724 263.74259403515146 261.10053704179785 262.96231925867187 235.52342036228976 241.674179353644 256.96852345993926 236.23733787305815 258.2918842756436 217.09742772071982 238.45657120941598 256.448878250293 
H: 111717 175.46245050881285 167.3471167985264 148.51083843873747 218.00693283171987 174.68621369935335 152.83896980036653 159.87772050720898 182.2151269901448 192.26323104811516 219.82611728867715 208.41152814167773 157.93194685500214 125.23289700200228 166.22277856324513 171.77611375125613 154.6920679093867 145.69872316519096 141.33549112194348 185.73227409986683 145.01263381797122 
S: 111717 166.66338203967126 146.35624110180333 136.13137128542024 172.82975115914863 180.4862754371427 158.9089959456772 162.58112932046566 143.68228611878186 143.864856870722 189.274497965738 182.0109690980555 166.29500643560988 160.37324368439434 168.72757502967772 174.4752775460949 149.2963051672591 154.08599489856314 119.00298850311864 123.01627315996963 125.1084283115179 
H: 546552 271.5744537812988 254.45326285018115 257.9239461562201 244.1884490458436 243.74808169969012 265.11719179291214 268.27703032989626 266.74164058547996 243.38390113562173 278.9227658225359 246.08403127537923 245.76625010682307 255.45526778812638 263.4997926122458 270.4959325159656 268.138058088223 279.733921604499 253.48259730599528 241.44900678433652 270.38366668335993 
S: 546552 258.5917155432898 252.2801715211175 254.61646679766844 234.5163172828731 243.96135681109547 255.96163787821524 256.9463336134213 259.23126972178096 238.64800204761949 270.8630530117834 249.24981674578933 238.5607086569216 253.38631275277888 265.00478443009064 267.0045610802208 263.37793231513774 272.764297980502 253.46415408781928 242.44881819079774 268.1344598314072 
H: 546552 171.2800075152881 171.9637031432664 146.38821041938593 145.16779709722488 195.0539729791783 123.57535522631757 161.3529124461076 185.23571683655553 140.54515163727663 167.6700340800332 159.0514687932833 215.56902055839717 138.065611961906 137.53326728344254 202.11223486784127 253.78727333494075 194.12165810487605 162.476417937115 170.06872568475765 163.29721584397052 
S: 546552 132.7759797852626 159.82024577469082 142.5481993013722 124.09269289312458 143.5166220421589 149.67131136660913 149.50915551984212 175.88212182790846 119.39764951185917 198.30571231434232 159.0480196788604 136.13019201077176 174.26177635301846 161.47252491572192 151.58810853821456 121.2709337908927 160.67868545055518 122.94217395920674 128.9929471187137 152.58010770203478 
H: 675211 270.57687355874486 282.8661293846233 253.13592480271197 271.80391300834833 263.27563542630946 255.54394415764105 256.9013878969481 279.7252096297235 234.2412394932236 281.1397215410094 267.05143519011756 238.51009450453944 262.6507153811884 264.6891218987829 263.1928293420243 253.59914463047272 266.05553876060975 256.72734542102864 242.03323497139883 235.59475543252867 
S: 675211 268.0578117815359 265.8457103667176 242.891561823008 267.2381439440731 255.80716163410563 243.95954717024512 254.29617252056843 260.63293612744417 227.65000543251432 279.2504337259046 257.0173653953118 237.9357020270619 253.25268009035517 263.86953619572853 247.49060427089003 241.63544997307713 263.380360848606 244.36008282350383 235.0506284219002 231.98296843819236 
H: 675211 225.5757129903993 145.0599912987176 176.89486884172436 161.6687800546904 133.0492116859052 151.86881147525645 151.22159087803007 218.01421207416186 160.52652944708765 171.60584858691496 220.80129789170186 242.88622274524332 179.46227180018323 173.51043163347023 198.31886190515345 112.6983201893101 184.69739392247752 179.82998463616204 134.70631272980927 149.4191422698767 
S: 675211 153.39680802799356 156.5793676607922 149.090050770062 172.13556575413295 143.31029098551352 156.10409745645921 136.7053172614533 146.61353704599787 132.63848103051544 191.38010603439645 263.133138230445 122.75427273766374 168.1824258935757 154.62178380590106 199.36068853558888 122.68368280455556 194.6396139633302 133.0438227127296 185.56407610920576 173.39935415678707 
H: 617064 236.20356397792338 241.6410771527794 267.79825593075134 254.14412773441396 250.33245955184321 259.1618515631777 262.57614228446914 256.45079632707154 247.5187344206918 250.66245374175347 265.14643618537235 276.5214251647682 264.7073106500071 262.77720963761385 268.67435307118126 242.27126065930577 242.0461441860553 244.2539563383388 238.70233732840322 258.74875519402326 
S: 617064 232.67033240526638 238.53419618515406 262.3277740546953 241.38632566746068 243.53039403063244 257.845487333688 246.33729222763495 245.3629212721401 238.93249175069175 252.5106034417886 257.8046297659287 270.1665009094947 258.80919048744283 260.1130798864432 264.6140277150266 241.0927514073572 232.48986207371206 244.37081493921502 228.7998784943628 256.4327839863622 
H: 617064 174.19591464720057 151.31226986729436 169.5667933116889 158.94534198370897 174.40965214013713 166.85004480997662 184.11973891537235 226.3713715109614 132.9221900516789 212.04414621826143 186.74689913432772 183.99118666820118 200.229155705049 167.7332826753747 155.28191513513767 190.8399045768549 151.63187492516823 172.95752240429482 149.17497505930854 193.97503376654143 
S: 617064 156.0486233581621 146.71333390875705 188.96737493815144 168.77020495225744 147.11924017607464 166.04226818035036 143.54145462814114 159.0444788030453 153.70323811202562 133.2051797492594 167.63772514334747 179.56328677759848 148.7852564555936 161.0399432500942 191.7756763561622 164.88353217725964 150.02206088020648 155.67456750153724 124.32507049342885 140.7555118238357 
H: 353312 245.02389595016925 225.77031948070154 279.46440148164186 269.2786877879806 267.1255505762724 260.3946642482338 241.41681086439175 245.3668083149072 261.64855607164077 247.57303260338125 247.27640367009798 239.2429508609583 236.5269710119908 269.781278088085 264.92479169444704 245.13405507661992 267.5982993478771 244.0099761751969 253.3515445904261 257.378116567797 
S: 353312 242.9429243359462 223.60364325839907 269.17849189826336 272.0590426621763 259.39484360065535 259.50040074228326 237.38586517069996 243.4963987368937 253.66893258750233 248.60436813795758 244.98859859494644 242.9135550266724 234.43066971449102 272.5833441313488 259.2793968462162 244.3376470121948 254.91260952139248 235.98564544980056 246.60115125384675 249.48065934283832 
H: 353312 121.18346759515748 128.32843083552743 200.11521070516895 195.298532590205 183.24446658684425 180.5437969362074 179.5792394789034 123.91989231660357 137.68033984690223 136.45387616565642 244.69528883474285 163.61800470913477 146.31665129459532 232.65015366729227 170.06202125170978 134.8670175383413 182.19663304832935 222.66000659075164 123.3851611767342 177.63935887908795 
S: 353312 151.45893651481677 132.3681190072012 217.20827792979247 174.58713464562774 140.9310987581454 150.61972111491184 165.80787513352328 170.166555631061 146.5488911339977 176.97465223718385 182.8693360815044 166.0292730218472 146.61443264932552 140.48076434781822 148.6908558061539 181.89971005280066 185.0939129863885 153.23567349074477 163.84094732799056 144.79591457223924 
H: 449021 276.94387409438974 236.3654291325674 281.76704149814907 252.60005604374345 243.41179075798223 258.84676114953123 266.97292046479987 252.37507807421795 257.70235800533777 269.11077768207093 251.98019011889957 267.1507393344439 261.9680352154791 262.82408741945824 241.29027761801726 256.44077105590424 236.96125019202736 241.57051904818903 280.8647168946946 249.37840260571207 
S: 449021 268.58052699363105 229.58418991147326 267.0588106838532 246.0681607446773 235.0222245498007 251.0985448577687 256.933863352346 240.72475917104188 254.81893553586843 256.25936472827834 243.77073439309254 249.82276226745026 249.8762236080512 248.13386340130518 238.07730765016984 243.0255404264246 230.29361866661625 236.06085728630197 274.8484036585256 241.94993583564917 
H: 449021 199.6389890129891 140.032070587148 199.60965711269586 146.345189946437 168.55340411254045 176.90185302646947 153.56988532473414 126.56792754139697 173.2032195548853 145.2118554625159 168.40338345863924 121.68094382812815 133.93223265786867 125.3439550048781 144.97244324235444 130.5474303227644 148.49025549366127 186.72195533524499 134.47949003507497 138.59928917785007 
S: 449021 163.0447458411096 176.56635793986808 214.31626912186033 122.801967917177 160.425350630691 155.2776633812317 147.11189687903152 151.27344167650324 182.70230063483598 120.24375941944803 137.2190820245435 130.98407254402122 158.7272175884873 154.9468832368839 134.95540569414658 172.7176198285415 120.45650744316515 125.57575279392718 135.00143219707 144.0312896377223 
H: 737077 253.83432343253594 252.88979487184244 252.55936824124217 252.84540496502717 268.33730147441736 231.34219034023693 241.7382705164326 275.15564917079007 272.6827960188235 234.2235520757671 238.0108971726649 249.7174234520513 260.54790479476776 272.4665242445848 272.5216629382762 263.23266271277083 253.93858128783376 259.29234928143313 260.38425911013235 250.37270045968373 
S: 737077 249.80519246673083 247.84556758774798 242.9692550242599 246.39685217277537 255.5447070329209 230.21827818845807 239.18294286714416 268.60798325865034 258.86240151672325 234.05729242189247 233.67296259667282 243.65834847389905 256.3468284094672 259.54076595941103 261.22955366456546 259.4087392232825 245.1039507077147 246.96087164605328 254.82714032980815 246.9171845734854 
H: 737077 154.21772401725147 198.24719590541088 119.55901779440812 153.07353655241036 183.04002026835175 175.92515835810397 196.38084828457377 183.58797932805004 149.34566127004638 162.53425575312943 166.2274137003754 116.81574217600638 209.53031477284537 143.11292741601022 192.9491428265799 179.81013390664108 156.2114182016893 198.69223490813695 164.2073838016625 148.89427259446984 
S: 737077 119.65284324438738 165.3400099260646 119.30783536166395 153.2785157098075 157.43644773805676 119.78358101620326 154.4054335527488 134.01000458372732 158.5349222641817 136.38843447879384 149.6206659858003 132.5845241084828 172.74279643913692 156.01051856842776 189.43247760481256 154.7982448245113 124.53139609840022 136.8392877973994 181.48583946039753 130.49537992917038 
H: 478110 253.72933391420096 246.20847348642093 260.0513938921987 247.64353421361895 260.5556767339616 254.9275075714439 252.7979988087683 244.16873640343636 245.92932825340478 239.6960422923713 259.0382003881835 226.54478138960164 267.6949132166327 267.71913705402227 234.98663416657072 262.84304581243464 258.90229745058684 253.58177968287555 257.08261704386035 231.07262396525454 
S: 478110 250.45963212309815 241.36510409273774 253.59188371384374 245.29429056110718 254.14523390753624 251.5108101687899 245.370693996046 236.94055117114937 243.331666383723 235.17097731087367 247.9566374006174 221.7726136712746 265.8347828034907 258.0087774948779 224.17694899120184 257.63431448146656 256.4196276031458 249.0436555047873 250.94088408440274 222.93232577350705 
H: 478110 154.1928753976681 221.5155009325153 164.93998603618238 117.39545610421017 144.88924730974057 159.49965411328324 154.84011675680054 190.4733495659165 180.5372084939455 146.51096354453128 170.7927619421456 189.8206574585467 204.51197506518872 163.15667044305314 180.75093515851293 192.9045517442838 156.98759474450495 166.36146546190076 132.30702706959232 135.36027643296325 
S: 478110 198.26656068722434 177.79834666483052 173.8077808054757 160.65955630741502 161.6688967887727 156.22613194360056 148.24841910891632 139.83650315274625 144.94898976339815 130.38603462939724 135.13677744188365 159.01886564486256 127.50156326988973 220.91065103276244 179.64334050940965 133.55350490452432 139.0903019006988 116.85427323766854 139.66216069472463 124.08958207751367 
H: 591605 241.73787317997454 261.60972097039524 265.2636760902878 257.93988042411326 242.1590159264979 241.25370279554878 274.9132912388233 269.0051324428225 254.99010429682167 239.27779454843545 262.2455168095027 271.21487360265667 243.86847465442773 261.3285561922453 273.18419411847145 273.1485958501663 241.72605434964666 265.76409477844993 238.1996691268309 247.9183283259082 
S: 591605 243.78530799622195 260.07214307114333 255.27210116201542 251.2002723733529 244.84495016129623 238.28938157696905 259.7286659882136 254.54095961275797 258.37050145592946 235.87638789848242 254.8263122214441 260.67048197323606 231.10480064801837 246.45211628239792 265.1596328242644 260.1470061132811 233.3418803664099 256.8100778742908 232.3146768364877 246.1795494487647 
H: 591605 177.7343355280033 126.98504889652307 166.552459502984 152.01274705565416 141.19002794366494 202.41781300854677 188.7944345556267 167.3877080470826 165.1769782417176 171.52916456591348 175.94563227637906 175.16971373367326 134.24328243700992 195.31174139992748 183.4882640961415 125.9225926159473 144.13352860016738 160.75716482968383 114.68899332316565 180.52792757261764 
S: 591605 151.08062109904532 138.35273769429398 137.3497041052586 147.3479998307456 158.92527579576742 139.11797501315607 143.13981083940956 188.2874203425581 161.09694659662583 129.41284509075558 151.1711238731265 167.7369922950864 139.96135169061765 129.57894515939296 175.78783156861397 176.0875191903921 170.43553288733077 173.617347182685 141.8070113419252 139.8005875488083 
H: 313821 257.47259934564136 248.16959089024462 227.31197650077706 268.329222934949 255.14047471187936 270.1241744236168 249.65172553790794 248.1364169501137 277.0852647962198 245.79750690177488 248.5266559773947 270.35824890194976 251.67645261567728 264.3642770935393 277.4131509848595 255.89310885889063 256.9334133800402 242.10196503699834 269.78365560603515 228.72788577747394 
S: 313821 255.7055081666452 242.01136613678796 218.74103777360042 264.56662231602405 253.64446148845653 258.8130274605817 244.9979378737951 242.7054585012534 260.2531483693357 249.1904632150791 251.0019244489199 258.9642975581868 244.92222466768268 256.95277012679423 278.47500439752275 255.50696055944414 249.90900421221338 237.35983873006302 269.9172677387048 228.77706754610176 
H: 313821 159.49287164721986 162.5751022457127 147.1220354768615 196.2729656500182 128.89687780793594 236.81429269496041 128.2209567394005 156.1890476999859 237.81447231725744 146.9975175909409 229.19362131791914 130.30766464031672 158.77454556750126 166.66976188226474 171.94089250192334 165.50659004141917 195.9516968285847 160.61388861337878 227.35283169755758 112.16058951017735 
S: 313821 145.9317202145287 147.95381119280592 119.79818121959208 155.62887805818625 189.02709553513537 163.78131329085022 144.15071165768566 133.70994890870372 159.3280649764776 137.92479408362288 153.31726758055015 159.6288413002252 160.77342669962468 166.1862418432137 146.32860276804692 151.3774984498023 172.91307147414858 147.69382183879907 181.88878104529172 118.91633736447383 
H: 946616 284.8681820752349 256.7249446289845 253.9688664258824 250.7132427253651 267.1799528086052 271.8157723628261 265.2686120949904 267.02921584628217 252.766741548096 261.5070626463804 270.46854745853426 253.71253433220582 244.983251856392 248.19632847845077 241.01219400170368 283.7940298059113 253.75201680142925 259.4599144049852 271.3821571483632 226.0015042416307 
S: 946616 270.4352369162836 253.82411777111625 250.632985696194 242.2160387499972 260.7156145501369 264.8096938923624 260.2780311332847 263.44125973787345 248.28129055661543 251.70981349698718 265.98038713366304 248.8195157762655 237.84039046870092 242.22283828400376 231.00707149851434 275.64723640580615 255.48539603407107 256.40155596714663 260.2282905735836 224.0902619108965 
H: 946616 189.67323634121195 149.0361998795515 114.20698053298862 146.1403263658438 214.76007146523128 173.6130893739189 194.4449395932972 181.2766251064135 113.06726325717776 133.60519507279605 135.64957458971514 130.23723064385857 172.9036160242906 273.9883625078449 192.49358543304066 145.29863087843964 197.15629460807762 141.32956442245853 137.26424739059058 183.22245844976345 
S: 946616 194.12955723511269 150.63523429757086 123.80547527861043 136.94950922105573 229.66055180422126 124.07957560250757 137.14963423346097 126.895812802851 178.93827700352782 133.02869674926603 150.17469965347206 164.102401395223 139.20287277410216 136.11780946410764 128.55202109538024 134.4705189517514 139.36079465963783 153.23608408392397 144.23809586108982 159.94520396814863 
H: 657759 265.49156525785327 245.48039513520007 239.35037217101367 267.5815011294446 253.0554310902214 252.9685285835161 248.04142386050415 269.9351713906901 279.4394528768653 224.14514920098344 237.49213863344232 227.73639120845965 256.3575316793796 265.92084534766366 245.77688663366786 257.80215797373086 266.5407592812329 265.79441354048146 250.8870411058995 254.67839373443655 
S: 657759 259.20339645559216 241.9271783917088 237.7086437251213 249.57690318219065 249.76134571754108 246.19025331599653 242.37511966085813 253.7178625716449 269.14177727108483 222.20316907515365 231.62577454031504 226.6871802513227 245.20136115714368 262.8310632150034 241.0717971272272 258.2600876052063 256.13089739336215 252.3525911612498 240.87884310682182 256.3029070217411 
H: 657759 169.7827517357175 164.06520085156558 162.98335073106878 135.99542613809402 178.87140727538468 169.06637225821015 201.09846863109044 189.4878712590038 168.66829188884924 127.52806759116359 199.79566529504478 174.16646123090405 136.60600647503065 165.66319720372175 141.2501250230392 168.98454141966388 157.67586471454575 185.96888148517442 173.46594278718916 155.47262361405194 
S: 657759 178.77545572588247 158.41752821248275 212.21835349979781 145.38316167045164 165.7316324001331 149.64966153581625 133.15459655307438 190.99730178001928 160.61760003077183 121.62308339540445 140.0041679931449 128.59339294420815 139.98431554014982 143.37673413047236 174.79559575613928 128.54239655570672 150.24415564628916 144.27628608982394 143.76996716542328 122.40818977262943 
H: 672650 259.0062500229168 261.7954168725943 245.72614615084805 247.92430257840113 254.80810896228846 264.06780028029493 259.89311493566004 256.1939681610883 258.33960090397386 244.69196869827832 265.36960962957454 259.5185666355149 258.75989504028166 250.28766766890038 270.3284494841505 284.7005878239601 263.05940763223884 278.6290817639478 262.7855646548393 252.75352537659458 
S: 672650 241.7658273199494 252.44054161953187 228.94923460385832 236.42286269639865 247.4236918012956 252.3432897712717 251.69070527123927 247.8617657735856 255.79879548744825 238.66920744820212 261.1652221079643 260.8348839063702 255.2520255068876 251.66049719742782 267.62957324072175 266.78835393524446 254.4405795353244 271.5310001965161 261.63340157366963 251.2368044676796 
H: 672650 142.36496071825184 193.55789311214568 135.75541905583358 141.92144968226862 179.37184118913376 228.56518480571148 154.60694997886435 146.14480726701055 153.35181367912475 183.4534368392417 216.81528970690724 284.6250795727556 193.9903994014787 160.05191065363505 184.026159188392 151.56919165612993 198.48185015619953 207.83164093503896 200.40996309882436 151.75755415300276 
S: 672650 175.89948645662014 160.62418538813853 148.76285813253835 151.2416430304791 146.78660439662886 180.281594875013 163.20042081718307 133.48876812807345 132.88397983928604 122.68187584039784 129.22192513997143 167.37145928567958 155.05608493429932 143.62182463635176 156.53076382956786 136.19142653988317 151.2545573247332 238.29966296102674 155.61912138001162 129.12909777886819 
H: 679175 275.3689501512324 253.07964633964812 271.4821091291144 249.02355916396183 250.95421257487715 244.88947036223436 291.88351210545727 252.5757591308977 255.78902247727183 235.5866025670304 254.96517044068923 247.25826986330435 244.83436569202001 250.49188976439527 241.2911185389372 257.35119003859427 256.30810206429993 258.8489660561682 269.52600533912386 268.9654748822211 
S: 679175 271.85586505965034 246.52163946569348 271.71139648034597 240.64434527651414 241.43685314583266 242.45708988797384 284.2893537495818 249.02513196139012 244.79063066758803 234.26263365581693 258.83650256420077 250.6420542511085 241.13723391415368 250.20898590454672 238.41971422829562 248.07681355743426 249.95745769545104 256.3083726180553 261.7452854008267 262.231357776449 
H: 679175 224.5864014998037 148.38702737339926 153.7879492797061 163.39478468882737 184.09476775239338 145.30132466466165 134.8415584865696 155.86372598520575 166.99496541173542 198.18797221651752 168.61030949731497 182.61373657071937 171.44312590038075 130.2371755448368 151.29061799804197 156.55195700225818 165.89942645900214 157.3482137502872 148.59354107840414 154.6897172004891 
S: 679175 161.89973258653174 157.23964188646377 165.50726838519054 143.2799294671895 134.70475222496017 146.61735021418718 212.19558442740617 160.74378454290135 145.27777266060693 132.02268695562827 145.90370894643027 129.48962401121938 156.93500040355607 129.78024529291596 127.96508110066945 142.67039160600967 162.70480030442698 140.53487674917073 187.35327791484653 141.45944487562207 
H: 183781 245.733469133416 239.8577361859468 243.90356502085086 240.58361402152246 243.66895425847505 278.6002146907566 254.11740055023589 257.4333301948622 234.91940660175905 264.0103644213133 263.9829766185108 250.6501611214127 269.6144897659299 267.2321493774793 244.37683184223587 263.0035315582132 267.162224335187 258.27170717502764 261.79961027523893 231.59370368940642 
S: 183781 239.4578804551496 225.8352926156078 239.42948262555691 232.13253585099963 238.27770011086443 264.94312917922576 245.74156845023396 251.2034667861264 232.53941935655237 260.7364435186993 257.66132118945404 251.20624375576946 268.3150810772558 263.57736678888875 237.0361112484436 258.37712106081386 254.81342311600113 258.4060552340914 250.58643176991677 228.22181689197504 
H: 183781 133.6934773899226 151.80789380064704 156.75077537059857 126.21079471248501 189.20051672293485 173.27426455598902 147.21166370886004 189.8459629813966 160.74393754356822 186.53372321807626 194.266688574203 210.7315242895765 196.6624834005297 257.2305114015654 164.7458926784607 160.12995092074985 164.18082845522355 186.02026975425608 169.37301623207702 164.20893403491368 
S: 183781 129.09225528002995 140.97800751603583 135.7766667172946 134.1699839809609 166.67745789373564 164.9612054165034 145.02202868015695 125.25146117809669 134.2281634388725 184.7098218410616 172.1242655304077 184.73030872289874 143.79555596803203 196.55201147923393 141.36812609697367 175.77062368214595 166.50989388702646 170.85265030434545 155.56683528439132 142.36944311277355 
H: 866366 254.15148824912907 245.63137270733492 262.25871488344325 268.3944015439724 259.59973380014526 259.3072819829809 256.8276946308898 231.8485250424702 236.3049225670184 240.98325662536868 229.8900923614443 270.0553829869911 275.36223912114133 237.69016530155685 257.5195375300044 254.6068052560379 220.17938740915423 271.76065419148733 260.3550018470327 256.8013431611943 
S: 866366 243.69757051085713 247.63976666523592 250.4435181690544 266.61458170897373 247.32468636475912 249.56049249120215 250.77687080069984 228.92697800500088 233.65228408860114 240.30176637482765 227.90690175594443 260.7381604920021 264.9618966116457 233.9138605612059 252.3149512929506 251.91105588619715 210.94144826748754 259.02151178193895 249.65827595583676 257.6990166676777 
H: 866366 151.47553029448335 134.95205143642593 161.25820648832402 196.43277353549556 156.1620887811816 126.08865334117392 149.34009669484163 135.32278601622275 164.94847467524897 130.2912339315071 130.30420275830846 241.2969415824626 215.08754367345475 135.86738869038632 181.0892123837114 161.67472435193957 146.6684069944306 149.923717761636 179.5842752777237 214.8233020118313 
S: 866366 114.40620510012243 137.55278313731947 188.79312442942899 120.03396981144284 161.19130393864006 183.77718718445976 137.53603250506518 141.36276384597963 164.27397802848617 137.72377057156248 133.23276512250402 154.61465866091896 137.13806320854204 132.1182942711073 182.40824502425 131.43059548296105 147.17241775059165 124.86779997259343 177.0521468234102 187.80789809015974 
H: 509839 264.49092685756585 253.1864832446267 265.1838650399864 270.2802325221068 265.33086690993144 240.2080467260813 253.37120248612806 252.14416822901586 267.06847323538364 250.23474727167732 250.93910297734627 242.7089044415461 258.70828636618774 230.1439150456846 273.5190381840852 269.9962849355209 238.8134525690473 250.90372206415572 266.399590853979 257.85805649732015 
S: 509839 260.34825277773064 248.44873264073908 259.41839716528165 259.23650255358575 247.27172272649733 236.54403704612722 251.84768483440214 250.78295797331543 263.070433285215 242.76692215800847 244.4690581972777 239.74962259997662 248.88902917309773 224.56778659779047 258.6144723979571 268.37561211963305 232.4596030283725 244.31574290705134 252.96435066256421 244.72569291516928 
H: 509839 156.9547068068985 189.3227504352464 122.00208719271157 192.6746295573956 194.43608263999974 167.61241518012736 180.80751062144273 145.93077304257537 141.464260524133 191.03220251609463 118.40817884303223 189.72272505593742 170.66554951084973 115.82523424907197 131.61953783571795 252.82311127416924 189.47876264103397 167.50227458092766 147.40632561671114 144.57942237912653 
S: 509839 141.97327467258128 175.52538877995764 126.16901918042893 162.87101749172984 180.55410384629474 168.5932815481652 162.80769544153608 148.94101528445344 157.73740961829733 160.52249118007606 142.46751162502102 161.93682659050575 154.7058821179096 115.9197163456887 170.56862622190042 174.01770246346797 130.23618273156077 174.19991632005022 156.95409972095132 146.37939290047964 
H: 382183 240.9935618964178 259.5701123060525 258.45420378973955 260.60746366051245 256.01703051178237 260.58722077222814 261.7051286358584 262.4815619758143 244.53848248682846 248.49762770755854 259.4276885095219 263.9737457192421 250.16499838167746 264.0694018182751 271.61466425312955 283.2644139050765 236.24266350951325 257.18852927229227 256.8566135025689 271.288227397992 
S: 382183 238.1355074996855 250.10913570249045 249.0747866121056 258.0334536389489 248.757681709414 252.21552266964682 257.59367508716184 250.40681230021272 240.31440500405944 244.9644908399955 246.6974632507753 255.74670515018673 251.12857709673372 257.5445859163261 269.76910268318034 276.9210470484566 230.89814991660688 246.89208272705278 258.7502022013316 256.64520229615385 
H: 382183 127.48119403740169 183.7219337237707 171.13908946974098 136.36564724882248 160.0315746463159 165.52835381785033 168.63935486647185 159.05297982806195 152.218175405516 133.80530111285992 159.9628062199321 162.70941918776327 126.17146426051205 209.30851744238188 154.7752808772264 271.51088511706814 159.2267962374985 214.18511527132438 198.50579950106746 131.61003269702263 
S: 382183 140.70939540964662 178.03447557296298 203.25586943873327 164.07312575944786 127.06891763014966 176.9589320838968 154.69486025949536 154.35791415669394 141.14471254112274 120.61044530308676 147.3898485720771 148.18550213230998 155.1958374423436 164.16374228206118 182.336106827221 206.5457908321067 143.16186851710654 120.2439899078749 168.2521568292686 148.75414020099512 
H: 155935 264.66948451810777 253.48177446210155 264.56123091593 253.59411531746295 262.0046720560027 261.42104404151934 272.4259644540699 259.82822311375173 258.8804572788296 268.4745968952556 270.0771912371552 249.71448239762373 267.7901295877911 269.8863517885377 243.31113134943243 249.71109924843884 269.2563898583244 270.37537552838353 245.58410725549942 258.75208601553425 
S: 155935 248.72109473527757 247.08482134417895 263.75821333192744 252.0543298753494 253.8388470535056 254.02540180709568 262.79397677872925 252.20460607492885 257.1968423505878 256.10124195583103 266.95433698186224 242.11666316339475 262.35415702900787 261.00750607179606 249.59088691841768 241.4410929511608 264.1759031993072 261.8073686036974 240.3217017123013 258.53619889634325 
H: 155935 173.8184820845667 159.31942090155215 277.52074954484027 169.58732536154528 155.7896324998931 179.47072686983324 134.0863373412383 153.2835358700835 190.93840566683681 152.29551318380194 139.26734319226958 155.99955287378353 180.66691884589005 184.89200952899122 168.69454673700182 134.19467186436478 158.97297708313357 206.33087735506314 130.30717453805894 160.29606309001417 
S: 155935 141.19835908131458 115.50743338545546 140.11016406928897 148.7846310462229 158.25704334234018 166.22411801085937 152.9316266620469 115.16635367209649 168.7209207597793 136.99261535998312 169.85824365617006 144.06298177966175 151.37638085892624 153.75756188854746 199.2738202875669 126.25403595135087 157.15784578940426 144.14970923186794 172.74332792049617 224.88266507171485 
H: 808913 254.1949353975374 261.0082712126641 233.8978046899185 249.2013825118619 281.640780218304 263.1523957706346 262.56630961430494 251.24004161289224 253.19169560284953 242.72967713800045 252.70245642531575 256.5535840622131 270.58677043142904 253.57245048651586 257.78429997745286 262.2926528919519 251.31398698922976 260.78029702836136 247.44945725187637 257.6009417692275 
S: 808913 255.31031506859406 260.5891165313526 227.70339488284864 237.7721699649995 271.5031104210035 254.50833164856252 256.5384445124116 248.81649997761454 247.63056740711536 241.92477292692425 245.12895254335476 248.34283795876877 253.64989990893116 248.57938309282767 259.3305068347146 258.69119925390373 249.33927955184225 255.1617613362528 236.16503570651997 256.5410510909202 
H: 808913 180.00327795442468 193.84447707745892 126.62569136433451 150.00873655527135 238.5030393480647 236.46827519842958 169.31004009608725 155.2777873746238 157.0759625661981 189.65113781710713 163.6476725117283 185.40657262534316 250.37684101012667 125.71812110310346 163.0124892217365 140.48275033673042 174.11158919638615 120.21689588035083 203.41621603837675 172.845697443337 
S: 808913 142.76653210799947 158.1807068816675 155.97108221845 109.8112852703236 184.40692411420076 161.53731572006618 115.41108786423675 133.12076987161305 152.7650306669533 192.67577731747198 139.99094377587883 192.99844476417334 223.9765713053985 148.76693891531036 188.5313074441969 149.30416194551043 120.85800045338662 169.3009653398271 165.75682325252592 158.21784842393342 
H: 754701 260.5794047683312 255.11981765564062 252.13955532445306 265.05385561767656 261.1147595749769 258.54938916868923 233.42073650833544 260.29510958742003 244.7012600438282 264.2290179755903 274.89710650394653 245.85111369629675 266.8102405313505 247.9993026257359 240.2717738885377 240.86854129429912 267.48500814519184 233.5123962187962 259.3606215416825 254.10577220401913 
S: 754701 256.4746135653058 252.7799386253396 251.2204676017511 258.18007135617444 258.9430225764416 251.95132134204565 230.15003083376564 251.3791596237748 240.40197966325886 262.73549606499245 267.714096293809 244.6209182549883 262.2154490849372 237.46426883887037 238.50168000690059 238.19227203549949 266.9333545904943 230.07433433329746 248.33998963207245 245.47688199097396 
H: 754701 262.1091144682584 151.6654054480084 152.92933581531588 146.7888618143423 156.3293786817428 156.42622764226098 142.7590094076624 129.93488652560524 159.93459213941495 138.18863490025996 164.33470352006893 189.94608412371707 160.52278308175863 195.2079074602742 160.26810526545447 158.88367843746735 168.445163971905 166.77944125406208 125.50135802306158 167.49391232979994 
S: 754701 135.3623995784571 150.90166651198197 131.86889052853638 146.58594336344194 159.95705981807467 196.18756025831652 164.33324467331724 137.99717004498467 171.26190741211596 195.2107964520919 149.4239929072288 212.87919240028532 198.7469114755183 181.80920422544477 138.53388694429984 145.23864430243142 163.98590124408503 154.19256449721215 171.66107519418802 136.3133665467612 
H: 397999 273.75869888893413 247.16838119899245 261.8155986158852 246.23096962933235 254.29386038763852 271.1088658200197 241.80938940588302 259.1391423677205 251.56234833966843 276.6188566475919 257.04146057535723 246.49734339104486 230.94372294647857 254.39030801560298 262.59193198771084 264.50964583834553 253.01499751718356 255.4858840969387 263.16058599748385 276.57008330987105 
S: 397999 273.71822471473354 244.41395930262647 261.77426196090204 239.4871355117935 250.27871464861448 259.74566035427455 237.5542898402955 249.84179740624612 245.53390327123603 267.47911874590847 256.6855461091583 241.0669131322484 224.6518996283058 252.14093523021063 254.89407072756757 252.38550516940816 250.03501190428457 256.4092374127846 258.0068756175552 273.35775552782445 
H: 397999 219.04137590075098 142.6518406083056 168.2680225001838 134.49111471464013 166.61639641984098 194.86572571151598 145.16473354832507 150.44969809495532 138.09160532258593 197.39596811436206 177.22927153426443 201.3998347543228 182.6320994815494 176.91479332353913 154.07410737635473 152.78478622311405 162.13755482327176 128.15002743315222 175.5976735859913 147.41017075671667 
S: 397999 186.24254679546257 181.24646748896453 152.08841437583163 122.06173925955422 131.17290351396107 155.16744643961354 152.76110935022882 168.0455243249688 138.91385154727274 154.5949739926031 168.49502169865647 179.42780386441362 164.33380155957667 178.53221613844045 152.7689009930087 138.40226589533304 152.35478034772066 138.3721505470208 183.9070870125612 158.90980419831888 
H: 886265 255.47108454196356 272.9441746811893 254.30063910852968 261.5095402072867 254.08203167943248 256.0466266706808 252.07351057429085 261.6482726977489 271.3794578976773 268.7634608782107 257.6738344967655 262.30657115758845 279.08136462551886 259.282803975568 277.52824450277814 263.208182508361 257.2015455366733 249.89417162698558 261.4884591910739 271.13276901845984 
S: 886265 249.10318625306022 258.7133550747913 247.70045332490062 251.80370700267144 251.11091212690707 255.69866861524764 245.6167497014661 259.2558645085206 259.2687337803921 266.77424760744447 252.60634318161496 259.0330716345199 272.2638201748513 247.65005885115778 265.71456493083485 255.04283267612936 249.1108155495138 244.6302676402787 251.79675563502153 259.9149816349755 
H: 886265 190.70215820451398 134.93236975747652 165.31189416392226 177.92938071248582 142.19999741665146 137.24886597922503 184.76446533441995 132.51839444243276 182.38812898846922 269.06794744415515 242.58928536512946 213.8313950233255 149.2090696456868 226.72425051332544 196.07706219669106 166.55101377533262 181.7518061490451 166.02105921915063 164.29794979356862 152.98161327123643 
S: 886265 199.94588272463687 135.51821695829858 161.46520374474244 161.3741154911602 140.55123234525195 164.6061319035951 150.18866339584818 129.1577525611656 186.4675459643207 180.16642000169062 178.84485535232906 199.39313914353693 116.09559923037725 184.0273080348633 173.1825957654202 173.75200171613542 187.45338156037943 153.42463066876854 154.2026917526818 186.95707937534203 
H: 243022 247.57960146819696 243.98127029638528 240.8577428855073 253.00209858460244 262.03295897145875 257.43325282655553 230.84981991282686 264.59368688684606 279.66950687370297 238.69206471624398 257.4693065968339 236.8536320123212 276.5512345280407 260.49064481529257 248.69774621760746 278.7443330293744 269.7555998969151 256.621095401979 248.40310556148717 247.06002699589962 
S: 243022 245.4023388833835 245.70652087661162 233.98839577810168 252.23638359841567 256.43308469381697 246.01478232059256 224.03734647603855 263.1444059704014 271.89813728119947 238.46907282152975 250.7711954034946 234.6748340139643 278.11203508917106 256.44340500855185 247.24505624346915 268.7756403556562 256.2117253792324 251.36741996511046 234.8943434105438 245.10955946586 
H: 243022 186.4092030042791 155.2405211165125 164.2380412313329 166.79438684544257 135.7257373427186 276.6716546940632 161.80546703016998 227.198771867608 170.913038571241 205.40279290269012 171.22750428409637 116.80833992589534 147.33099481077156 183.2372067740843 211.64753011322375 221.62647888380843 129.36442330044707 187.2760299121173 138.43514036986753 144.0160006333729 
S: 243022 146.2858820496205 126.25176551788184 145.38332699121707 133.1375889716586 123.68763967917637 149.3879300109432 149.13391494403717 154.86120684271094 139.32894987426033 130.13796797710503 166.76272318355072 162.60473336219331 153.11593097176882 142.1368067990209 209.61474798869963 217.03968979858848 132.97735021861968 130.25565156527261 138.5160721169351 129.05651344611235 
H: 788775 255.29113753076524 243.48979347176123 239.24646561163328 242.11968821221527 253.2187802310121 252.71478213751425 270.8921651356197 250.46860727645378 260.0037065104491 275.0291963028987 241.80191019705737 259.8081663157653 260.4191028964871 272.76608306913977 243.27136551842062 222.69000059905872 249.66387728883873 227.3930829569456 263.32864139320463 278.349871797179 
S: 788775 247.17233155468097 233.74411961589712 235.0880363869438 240.33109746930174 244.65999510408537 236.9413958308307 263.1178446128726 246.8282901088375 258.32171215731086 269.64284496257346 235.82132112816726 256.2083157805167 252.49333104301107 264.1222343458522 238.2010381426953 220.97174573246565 246.53667294763642 224.82333006053332 251.4983516631772 279.60258342459485 
H: 788775 133.87653272275261 158.82989171962535 141.48778114397217 124.21734814085023 180.53004772187302 148.50368112266716 190.39347782226753 172.99173263973907 140.3430376187178 162.91359917689405 148.56124831892868 141.66903870023467 166.13278306413477 149.3092944959083 158.1023198834263 166.62871417847464 199.81620648846484 141.46067148553706 141.98128602503644 220.1034122250719 
S: 788775 188.2822218144363 143.7889133232488 140.82356865383528 108.04530323958033 155.0792615742944 139.75935829015185 187.34633374772983 145.5435806742053 164.73174861569086 204.891765484005 109.62081677708147 162.05281908169755 156.33247643514818 154.68738678345454 143.03696181204901 131.45559029128282 179.79393664890213 144.73532512885575 151.94115894305799 181.02736349372512 
H: 842529 250.77983840409516 259.64211798102195 252.22881141936787 239.77878666613356 252.16378367386542 258.5309617041543 252.7148204959373 251.51466520647304 259.6291197917644 255.08443803295492 255.1754579751965 236.38974654227385 259.38611374895976 249.36077278896897 254.0449388593225 248.08924433133365 266.4164638019661 246.93259893102203 265.4740022005786 254.51996268038562 
S: 842529 244.8420288049639 251.98552325265265 249.5941385414064 235.77497077152282 251.60643975775372 246.56315376939162 243.04663793942865 248.53930331874164 258.69210967793657 246.2514060433543 246.93570831666145 230.38604724065377 251.2828139124353 247.83508932608026 246.06854579942518 240.16232891831308 263.3393351557122 242.4207524858346 258.03058638172405 241.75314265595557 
H: 842529 168.4813781370805 140.38293508999533 171.6932124936123 215.02998239921132 204.86238305492577 194.28384522546412 131.50457585747628 138.74497913440737 163.68662903639333 188.20729961315627 195.94285862234995 132.1464556635167 120.15344939738996 179.9467639683347 134.5199752700396 122.25819805513736 115.01999977853082 161.8901277720739 187.69750085461104 173.19139603890184 
S: 842529 119.85694597168975 132.54224231192146 134.45933479861958 169.85656379082593 148.5573406633196 118.52094875484234 179.51373723897373 142.79895896967417 159.18743538496201 178.27019084114303 141.94034437133698 140.20733381205 156.31710116595644 161.59650155780116 140.2221318762265 120.55085281048324 201.98179820283517 156.55427042878796 142.74400316342462 160.75530939630733 
H: 72824 247.7696492290024 265.43066874416326 263.55917676552133 269.1828438927524 260.0507966015012 232.66656096864492 240.20866176909163 275.090375607778 252.37439976735234 259.6487333869564 274.3935888964344 247.5333847870978 260.2751749104997 246.92279604923633 260.4183610093047 291.4675586052203 243.7900868216901 246.6795723785473 280.53048462688145 247.64801059370942 
S: 72824 239.0774502248583 266.5212196898011 255.11521088358742 256.2697407570394 255.50233110577275 229.4044578353852 237.12848131417516 265.2393959930558 251.63154451036394 265.3273211481515 269.001658294419 234.59920183018522 255.5754793581386 243.9644703556978 258.85824776349637 284.94405944365883 241.48074051426403 233.76841432355658 261.69226917316206 248.18625444547487 
H: 72824 179.9463730146204 150.64467372688244 191.91983606582323 230.2424181510476 258.43985391638927 149.6591690044175 214.9466090945377 152.3427274213409 172.84337565754697 190.08330604552606 166.45410354005168 131.60483713965283 152.58505972787736 154.29773340459323 193.69853663257516 205.4327435827025 120.4080218882593 132.63195098643925 133.41038391854767 174.8777891761385 
S: 72824 219.3149669875289 165.27374630500097 139.78909560143765 253.7505921558214 150.22486223568598 117.34196573708181 133.2959954985407 153.2984497198021 160.87688125628594 156.57544998345335 164.304148575964 136.2259412883034 140.20100652524974 151.58739198874807 177.77061012777622 192.62653464592793 121.01570374673712 122.8246626108593 193.8619997244005 155.085493172654 
H: 921532 262.40155860350467 274.37404179473003 237.91192868904886 242.765042260874 276.9312283366912 259.4124923714957 245.57677574420848 233.54009738944785 245.13052831164404 293.4634315369896 283.05622238391067 260.6246105878919 255.58340175850802 272.68283736220275 275.6499765316047 263.44910681323705 256.83694273647393 252.9774128710455 266.87708404365543 243.78919997313258 
S: 921532 257.69053433042325 269.95439505119947 225.6874906246496 237.18063062096965 258.09246465427555 252.81357959167227 242.1989113172667 229.31232068607284 240.9127234154077 284.2733184861419 277.4951449944109 252.83736525058447 246.42884685692295 267.4938461937782 269.33943701582854 259.21159831484175 247.6104108467183 244.20898209411698 257.72366261931916 243.2366006544527 
H: 921532 145.66690916058377 139.9340051440789 139.92582064349736 186.75317310596705 163.07059523232343 202.08136237843794 132.54560597963504 155.91377579362478 232.69958383814006 183.08005540561047 205.7984802517001 190.3304185363446 162.57534797033225 195.56829469587154 211.14580943814363 148.30022190864992 174.2642990196033 167.54037148563503 155.8208983177195 152.1341107484882 
S: 921532 130.34432410689132 197.23117734413393 140.6962874843424 186.43127955259268 154.579345652489 134.8119776330011 143.6851910165138 147.5021737734005 129.25193546825471 187.71733352063504 161.0008229121452 147.95535052557176 149.56002154359416 166.9431670421276 173.07338646410136 143.74257323935814 200.6597985672074 120.36755938663201 143.60895310058788 130.2821084002768 
H: 43073 257.862215677931 245.84835650761144 282.617401238495 286.55233718617717 258.51672117143835 262.1561061078701 270.18153888526325 237.02758705178343 274.3029389632431 247.44882030215402 270.1846778151095 294.0804219395738 248.19517842253748 260.78472144682826 257.21278454021325 241.8803639245454 244.5643373651068 245.32855115354664 243.017430365652 252.9071717294786 
S: 43073 254.87001617743195 243.1674172233216 279.7000613420069 282.2477295668065 248.67034143371197 256.87085544810395 269.7518694463969 238.817720634239 270.3143624183697 239.20092816992494 264.43103239010253 276.45345307401425 244.80459716798953 254.62520147311622 252.65481544277594 239.49786753371538 247.92884452638157 230.4154071777983 236.95771712030717 253.25303834574441 
H: 43073 175.38729136743564 166.70383455459205 153.44656758457424 219.87677228936312 168.12922832502127 158.1720816121769 165.98117930922658 123.96169092355207 163.6837805876642 195.28342776695348 147.7862205644841 172.2883426103566 148.0715228386541 168.96896356782864 130.5194650844777 150.25166439264402 119.98777535772417 169.53322808393588 172.29259524810996 170.5586862709641 
S: 43073 157.1525211315687 179.94913205486756 156.4994327027698 206.12827568764405 136.2902059449258 130.99271214828073 161.9889887474112 121.32667657851573 235.1288338717401 139.12066746385017 168.24192308263153 177.58929636407834 147.75707288365476 158.11609771456267 144.68059091959634 134.61966726270418 150.33363864253428 148.33500031657155 155.03524552921135 154.2064232821891 
H: 186651 239.53583327653504 254.58377364816914 274.93251308229685 236.912789065328 252.2610715755634 254.50784931303568 254.9660745147405 222.51934415920203 264.5021131193075 242.9590037098825 252.2038506761765 254.81630315756024 243.48270458294962 253.6214943209978 249.50389518424953 257.62147336602186 272.4079537304576 249.23582561637417 271.0967871921894 228.4910611632621 
S: 186651 232.16447228810114 253.15952028856637 264.51914563544926 231.92200768203043 252.14633144395356 244.82154549192836 244.83584115723485 218.475920651406 256.66676393034584 235.36309304846336 252.47671847991626 248.6497110381423 242.19306476176243 247.2123659792111 239.55107993143665 254.98171139387733 268.6733817240373 237.7874058262149 267.16667343638136 221.5555056493395 
H: 186651 132.6560695207296 153.93488165872404 251.20950641492217 150.43712315279177 142.58525428686374 188.37310558539096 148.74607111127622 164.42863058656414 181.9518445416601 183.906628203124 199.16819745691512 130.7837974429452 215.2801335161591 166.44663444561073 134.26677090516765 177.66215396392158 136.07553263817815 150.37945434729104 175.89385637640623 123.68572649312587 
S: 186651 137.78647760035904 127.45286615292186 178.3536537164125 171.55520743117827 157.56061041801573 156.06541773588205 137.7912495989719 131.27189934007205 131.30900116806245 168.27396014057254 135.53355229347665 116.83565242182847 148.899687550634 157.46941737398055 130.27478976879073 202.81958858463878 153.9596258170033 123.46982722446708 174.39163013496932 148.04628574111626 
H: 535676 242.85063470962834 264.9439248561512 255.692212828005 245.94956869263933 259.167298476415 264.1288669556333 271.95548251231605 238.20072961458473 257.4345084466368 240.06010744303734 267.74760313612035 246.5790259735715 267.20530267865956 257.8120436977845 261.00036434299454 245.66964568206606 254.3900933741652 242.82417716836116 272.4120219328109 273.91318243598573 
S: 535676 236.91737372910686 258.5231958034663 250.20977391045204 243.9915133845287 258.25397638469565 263.944256300947 260.54107672203776 235.61744093987878 251.04187489167427 235.6916290700608 262.5967656104715 252.28982997397358 264.04095247697586 255.62535927299086 251.41640376257467 238.835458611907 248.47639900322673 236.14823111852883 267.94878833756496 260.59757614190625 
H: 535676 199.30043271834802 123.96414061436359 137.69439924350652 187.88807811798068 256.27393668700097 157.61659253298404 161.51343634039696 239.77288599696087 139.30187858030592 159.22931117813016 191.76840391787235 290.46620578800224 182.8148654851957 215.92968340889814 168.40251578893827 149.3758067568274 170.2373500255945 169.62099796274805 180.35177352574277 165.3661988808282 
S: 535676 185.03527195557237 121.36862992857067 177.77099985877857 187.20754041210978 169.7501593232881 132.42390160839628 209.84923639731903 137.34647449284228 188.33150113762784 166.49125568484823 133.51066052249536 141.1168299963031 163.47803957063437 171.93591462415847 148.3876022128156 148.39952189149122 116.76275689293071 184.38107290561751 168.7385268391071 211.82972057818253 
H: 433237 566.6198764824519 538.6621411783949 530.3694143587951 576.5912453018002 540.5230310830038 556.823218264028 548.0404868700783 538.7405739113415 597.7568949690366 565.2495699904599 562.3359079473535 543.8561815821164 579.7199658518629 576.5195270956049 577.7105974095764 581.5498778495615 537.9283050647132 547.6036724218296 504.21118644481095 613.6502578405997 
S: 433237 555.0322220843956 525.5438186847211 525.6833869254917 578.4094481204912 530.6633149317059 558.2675189271741 558.925628956004 532.527655860909 582.737591791654 551.3867328684368 527.2503744625549 524.0460456603004 586.5457017499037 566.6181462419912 572.1011921389689 578.4765748376192 529.2264112167604 536.1855006784613 497.36643570529435 601.1109713993827 
H: 433237 333.80025969051036 288.3760578142663 275.7111256842336 417.5453869222398 317.00144295436627 322.88073846347373 320.6323443999988 309.71726629152937 377.48021714755686 317.57138151241236 391.3945562521029 335.2912785398691 319.82312898662866 439.60823976555474 352.6784011917078 348.36120740836884 485.41667270955276 436.8237229382085 387.35016607765834 422.28979774361613 
S: 433237 344.9390759505221 299.72909548080503 311.5390580985938 289.66480800206324 266.1154907982029 276.31870174922017 386.2367109214359 264.6144650117375 367.19946941904664 308.3096031793857 307.82863810219374 295.81846440045405 284.33528807129693 400.21676055625113 249.53808972065048 384.04830441750573 241.64071445501207 327.342184752521 308.61916591241874 360.92935037756104 
H: 938955 570.389039711921 570.770407039119 548.0354942036437 569.8825013929343 532.9974378660529 606.343453606201 576.0006592899571 568.706847111398 590.0255375365825 559.9112735224918 571.3575716923158 626.3472960498198 590.6146791515962 543.3752037656603 569.302728247235 547.2426535455238 604.4275381519716 571.9699680780722 573.1764976616378 561.2572563045804 
S: 938955 557.6049027288739 559.9617683990184 542.4068470537734 563.9587867162593 518.0093859903238 593.5906864834577 569.5620230672789 568.8346277609313 581.8973633050978 552.024310161053 557.5068554995819 622.7304714604944 599.6504051778192 543.775047115176 548.5992860932533 540.4424865403621 595.9263863039547 580.5997953901438 573.6740799761603 539.336554212233 
H: 938955 320.2997263814644 376.5969839602448 341.1235770809665 347.9781344161343 300.0461118170787 401.77404452573415 453.10158133381947 464.26386054298615 310.10996524968573 405.82439028482327 294.509664958859 300.7469688199816 387.1691651791159 426.28999043245193 341.1870772192791 319.6832669969091 298.66595153461935 321.180334178139 367.3892387798158 385.3701971405989 
S: 938955 306.04153001277075 315.0690965654138 325.5515000289726 287.63288114091813 334.6030820834998 446.2104839196914 324.0417600063677 350.71374553665134 330.9133363689202 340.6737431956288 353.5546022030005 284.87844943496657 374.048567022808 328.05525257524624 398.40308279237854 304.12881053664836 356.49577925638215 341.95393409801255 441.2897083180347 308.1347367234595 
H: 574971 528.9020497381458 543.4686810063463 569.760963369415 564.9326651301654 550.1448933291748 586.8462973906364 588.162440095795 553.2089077594877 569.6470046317319 568.3288562965218 597.1119189390457 556.4280281105641 601.7820040466748 596.024843717444 544.9704502688892 548.7556359194655 541.927063010558 587.3737832206168 554.9990910641233 557.0139769859727 
S: 574971 522.9112475091462 540.0262560858644 561.6370270809502 569.3613848532681 540.7048709654166 573.0081157376844 592.1540420465852 547.4617101877736 567.4785871153597 562.8956081203518 582.7852930815316 544.872963105016 573.3833357032503 578.763020214837 539.5420467188171 537.9226737535494 541.4746250936608 576.4306879569682 543.0858499665391 539.1623021439417 
H: 574971 255.99603046492464 382.9476013275682 332.0545655332569 382.9004810538483 381.00355173492505 487.26587551778107 361.07202493286246 342.1066452891524 349.89582264671776 374.011499366333 343.1728367356831 417.59898822911885 490.14185839147456 410.0967622819046 283.7650553783494 278.97474293425176 352.46133135968034 380.5888075276541 278.9842350774424 425.14142884831017 
S: 574971 256.944721195418 326.8799274432069 325.7504948907337 454.64016140359416 358.34861369262313 332.58079661763395 400.25505642309264 267.36794349859537 363.3125319018115 371.8110908001455 308.81923828500504 317.8432136186951 363.0000110083021 468.34079734819494 306.2395042847921 282.8472476798645 294.5338815544223 430.10340694180496 316.5876014124808 360.83609598368383 
H: 755480 573.9921696271778 611.6739405555078 561.8905162692294 540.5893152360865 583.894496813562 570.2127970843246 609.7767918859747 552.1641384293662 551.8325443908966 583.7933116580642 535.9258411075158 558.6370448302173 555.7475434993023 584.4774070615301 572.2517748523375 503.8974073027012 606.1777288514932 567.5058194854365 546.9073926357663 543.7439575755982 
S: 755480 568.5667961176121 588.0301756158548 555.0343416888649 542.1854603189952 574.3363778159255 570.8428142402281 605.5790652594272 534.4775355003388 538.5071738527358 571.1466131005357 544.3036638324775 552.3781688500055 545.5508193193414 567.5311800639513 567.8004170620227 496.5261727570257 589.0950109605021 545.6746919821878 548.6376238498362 543.3294111626631 
H: 755480 319.73376188231794 306.8002186097061 310.5721420264284 530.7811050267103 255.12861524696544 286.14745812985007 513.1032290505598 390.7940148180957 405.16361435690044 317.0141411482936 262.96615464260856 441.65360181868806 371.0659095841875 465.0997216456379 268.08083334598604 281.29008759198575 319.3203629403366 377.5688694642957 291.5575181125583 340.15009158621336 
S: 755480 301.77314953494357 352.90957174804936 292.43126227852696 271.92469977850004 306.80764619482017 316.6898831520023 317.13207265181876 249.386023625706 315.29105434434626 312.4459404126239 297.0794053571175 275.12656301754464 282.7986749196191 531.1677381630547 308.4050326992362 261.78312213204015 333.89087888651943 331.9434137956486 383.73554370238173 352.03269075232356 
H: 959141 567.7081210350784 562.0878993898206 562.696955618222 587.1396281389908 582.5506205918216 577.282702734683 612.314973559087 565.0604655995603 565.4388043181607 551.5432225444719 574.4570599766413 603.4217498779884 538.585650121237 590.5263381563059 595.3517566003187 607.3074867389541 585.0674458708048 574.030485350133 547.1694438913248 589.882957663102 
S: 959141 559.1991592241416 554.8768183432217 552.4890546031394 576.2134289025563 574.9335122242977 572.2622204855776 610.5801658179638 552.0100367018711 556.4758649594146 549.7474942813833 563.3017693167584 596.3138842735922 541.6801236371917 582.6167994949909 584.145122212871 591.8573756166772 576.1975042108775 576.723224054876 540.3103098633655 574.8557804590125 
H: 959141 446.5793365621343 351.51072267370796 321.2202189361471 459.48961925886704 388.979844867252 308.8533779476011 366.0636901277653 309.58931413308574 340.25865132149795 262.73553804384966 335.3653090784941 370.9230583389201 406.48749509231703 424.70900419732226 429.9818405070792 407.1713403879794 669.8558146749824 286.3261232289268 336.7243391191123 330.1714353383107 
S: 959141 397.25601226445434 307.8341498174198 311.66366070914455 386.8910935736017 298.8385082782468 300.4881075113224 320.695278038533 319.5561758088035 342.3613806423114 256.3636075195392 422.4582245548907 382.9915322825646 299.6324252890563 340.51780564367454 293.76831083154644 413.0565217715227 397.78425845979626 375.9891223451865 307.688467459863 274.2763672815787 
H: 31704 571.9281381673095 553.0333475644412 577.640665978865 558.6871480749876 564.1136785397848 534.5940078111039 540.4159471915966 501.12436342998143 505.3256674327006 599.742137404298 551.884724348336 580.4729724654376 581.526701658584 603.2983091884391 568.4884691640725 558.06590638706 575.7498939901399 541.5518259175319 588.4060224370302 537.8011887470459 
S: 31704 567.0550553306845 537.2540876811233 563.539715703764 553.0777706876103 555.2490538962167 524.0358400549966 525.9844615668051 486.85952031398233 507.6241031144691 588.8379077777365 550.9241396050284 569.4644476853288 573.3563562507763 573.2104871059261 556.9842481209281 545.7468399368674 563.5404637555386 535.9778614383988 578.5562226543946 528.8454210729777 
H: 31704 374.1359308294198 275.30199265845556 479.6022974200023 355.6512918132298 339.4549241067633 301.7817104608503 386.7648705789827 388.004608891053 284.25360238625507 315.27921881181373 434.7217457371327 464.8087786472773 391.33282388508985 329.67893321196664 350.1981085425285 487.0261082367677 379.0358722499626 327.0387771027352 314.00690474904917 331.2400184056737 
S: 31704 339.7554251303871 278.5590450309367 367.03508167168866 309.6402171547769 302.8483016152108 283.38738823583276 314.06961235822007 274.3411620578283 274.61038784660303 356.42458192001004 313.40632271374915 340.5608440156809 407.6764176096191 306.2364480870529 360.5066930562371 244.41488147680772 368.6308598986167 303.62003506546296 301.62415459260086 322.86469533787204 
H: 857778 562.2878215020778 594.2994117561666 592.2110961002905 554.8485247270702 624.2943541704248 558.0209763109052 550.8996785434585 597.036328381965 567.8659373662305 573.5067659897434 597.5494433836766 561.6534911457078 579.9223741251807 557.4531626637621 573.8363764256383 576.9756496521306 536.5063996060104 576.0850418937312 531.1841436640043 565.0433510662658 
S: 857778 534.8086464887639 580.7090962433859 559.3670113915636 535.9112637310968 582.6435635656702 545.4017952516092 534.6688140191342 584.61049996957 567.0274276850166 571.7032219749352 591.4804683242429 549.2284700400892 574.192784022767 554.5936385073763 548.8501363407731 565.4885190132776 531.2086956652611 560.701042872444 525.3521016314781 557.2428185183438 
H: 857778 452.6480728175668 393.9149320528056 328.0014591807713 292.0622965239516 313.8822931782766 330.51462441008965 352.1247680601798 415.6707901068634 349.5798748347204 366.87118179070944 384.9895629561712 383.71468712894557 333.68523526719747 324.22501875357125 380.35667908194307 366.8150159464327 255.81516184668655 321.22364195908284 271.9358808359426 401.021902478847 
S: 857778 453.9695342890768 348.2492607937038 320.6666545285091 323.40191663275516 307.07530459051185 317.1564362657572 283.1504523583137 317.87455131342386 331.6266289919303 295.3753369051108 380.4259131060988 335.012671852649 326.16199017721124 310.6948301536534 382.9633060023626 334.1776649159749 255.7169502537477 366.75435806697294 316.20027275492373 332.46445640682475 
H: 543275 587.6853050595695 561.598744843634 580.8821341115481 631.7101399329721 552.2953207997724 576.6546448625326 609.2506107931109 610.4056784157449 566.7515919229311 582.3622358667681 547.1486515141819 580.6101903583102 576.0998797177356 556.320638841292 520.4532579891575 563.0068027834723 578.8783059120772 589.3886143540361 613.7117253278852 552.911474143322 
S: 543275 590.7513200347697 552.3235672886634 566.2958472504378 610.9169943687781 539.8764754645817 572.906209283448 584.796446755786 609.494218959136 549.5529942621334 572.6480441428617 538.6176421646672 572.7781965534481 564.2491197601494 555.2969730312269 518.5764231887903 543.2392133110039 578.5292376889205 580.6427529781588 603.9839155662829 553.4281808731645 
H: 543275 462.5559194011717 357.6938155085604 348.98267457552043 316.82237765541515 381.6499648124688 350.84639947585634 432.7100906627792 287.36700054985135 363.72372051954636 347.52138088488925 428.681224076893 309.1844713714025 303.4784027334898 372.2513484850105 310.3362477046184 338.1857983592001 411.8981213269101 543.956393141763 411.00013553267445 454.02349826684843 
S: 543275 380.33645825028793 289.1485896585271 349.2365225701493 341.3455036144599 370.49983361825423 476.18313126824734 484.9913716415575 364.6588167208927 369.8998703746545 366.5955776492726 390.8663230026515 372.432278046535 244.45250746105248 336.83491596322824 327.6074063979935 412.4614754564773 282.53529018606173 425.4757306006146 454.24180100351884 300.42881573458664 
H: 948853 588.3954430650654 530.6434876296306 600.8765596800415 579.8997080245521 542.9259015617945 574.405947613712 649.657100412842 546.5999120262662 566.1968438424265 569.5853908397914 604.4010519688563 574.287835410487 546.761225690967 606.4377285436137 546.2645197555894 584.2888235779001 533.2383911331098 563.6901852781115 571.6544630241378 546.764881161013 
S: 948853 578.2734448452971 522.7870179986843 578.8435224074265 572.0245699130816 538.6128169804387 568.1454346285856 647.1653673990784 546.1996612049802 564.6530158145048 572.6020139016642 593.0334148019024 571.2312721567935 536.2907884962008 588.2734909782832 552.4562068659047 585.0983682864276 513.9309039937307 553.880686011242 575.9676261351187 542.4784898125073 
H: 948853 394.0111015264664 336.66103536880627 465.65708819827546 402.6103908046214 284.4670047769034 312.7936455723445 525.0248565211575 339.95676831946105 329.305389073271 339.26091297040034 591.629928947157 395.04286176327014 283.371108860903 457.5388533001666 394.0305425245179 337.72468886647886 296.70231694084754 309.2158777610589 366.2902531581864 351.2486802122075 
S: 948853 335.9873855988315 307.79966026252123 367.3062093123407 387.7409267881716 260.27931707432083 369.99233162353994 358.4022013132398 394.51866070285035 324.60837054828403 334.23098947540467 398.77804616775813 375.9741444198259 281.76520541878403 413.6269674349074 319.1805581511314 386.13018273946113 267.74880656592273 324.72828602424903 388.1000062677152 304.5603456382915 
H: 888063 564.8589542319686 568.0882847699381 575.0378007885552 562.7900396915293 538.1853326513643 547.064809581019 577.4454406685265 544.2490374784571 558.6574133927012 546.7935404030384 586.9285863558337 559.8615081621624 567.9668718778225 498.5221569189264 565.6397978650249 572.565774792604 601.9741547783631 572.8646139184775 576.5818909125707 572.9291173930608 
S: 888063 550.3629911868661 564.2022308896572 561.5695904936665 551.4787393985441 534.2093249995961 538.7983953585597 567.533589115216 535.2667367195287 551.2362487074408 538.9756787909877 576.0094697991733 551.7728147773611 562.629220494673 495.6921693603046 552.2165253233928 562.9155958198725 604.3304190231748 565.9049449442906 554.7173331656916 564.8500661138997 
H: 888063 353.878623466071 350.2266683446966 343.44877549769257 288.20965145918456 390.9422718808129 355.50817412435117 384.05095633330785 365.74857898968895 312.96702697738186 384.5006774637729 400.2881607856052 479.71906449555826 265.109320353893 370.5276489863704 352.61936092229803 362.3356634716444 416.33520190151955 361.0286636372996 345.39286023857125 335.20310117780923 
S: 888063 275.88346775554766 298.64446867474317 297.0067581708514 297.7406048084169 363.36648976986817 284.3981589908388 404.70506510738227 287.3640621421711 386.2034537008643 367.37648422184407 415.17988207968074 353.1034160104397 286.5387188755669 296.57632747035586 324.0840367598791 333.27245519968983 330.16764529851343 304.45309391680723 258.23119269265163 371.5287931765665 
H: 222004 545.0049925619829 588.2542569986775 559.7526967505864 527.7934258585103 577.2319348676015 610.8620561498802 574.7418878677006 601.986063454893 608.8156603853494 612.4781300848639 565.6485803525895 588.3319355807977 547.5920156638002 544.6638329750916 572.1372727502389 590.3375829521523 578.8558524667991 592.4354047040293 528.3131869213422 582.7686951480887 
S: 222004 532.9360834257574 569.4092230167676 563.6264377702246 525.4077739133536 569.4794783677745 585.743688598786 564.9926895058082 594.5871641688641 598.2160210428019 595.7095628676998 549.9630701736871 581.7952215920743 539.0844795565542 539.657575358848 572.9594091444728 567.422418429613 585.574694988136 580.1514531207515 529.8320654535459 594.489523222017 
H: 222004 437.272758360389 384.5669044359948 348.32894829193947 350.4673000150916 351.27817113464715 416.37582101119125 453.3729167678923 319.0330362636864 452.4876212986945 315.54311143754325 363.88730236361204 330.2401135579088 435.8829823231411 311.312164476823 316.0211981834759 418.33120776205755 370.21102811063946 307.9359883053321 303.2981424389131 288.32967590302883 
S: 222004 262.82336230226946 416.4128928689654 291.1220494032949 386.4889083526076 311.0549196358205 423.83815842947195 352.89175768143076 360.2701413795256 363.4285441552626 367.67773719112637 382.74893340843886 331.0744706105489 368.9328650442072 274.638568800457 325.44109630412663 268.8986057045653 327.74975415167694 311.1555739689428 407.33271189927825 305.8220502545216 
H: 812312 551.3499791490453 543.7049378236018 582.1046730502998 562.1065618692717 587.1612145223047 602.8505111397285 553.3403698126886 600.5977412042524 568.8326063855175 549.7864235216728 543.3777717273623 589.6852837337013 549.0781374134871 565.3463797040962 575.3662645244818 552.6419728732377 582.3747702097643 557.8415494924105 568.0816526512527 617.1271960370283 
S: 812312 546.4863361764587 531.4553950754506 563.1878396138565 559.3489121085271 566.0677582581286 592.9214659711047 546.030577513642 584.5353679816018 558.9431337653112 537.7993563437386 543.7403356972513 566.1967182521189 537.8727704226905 562.0389817010838 563.7407126077533 549.586357256416 586.8147962899507 559.5723390487545 555.4060751872279 600.037480232545 
H: 812312 357.69383541481136 302.4116808627086 340.02948709138013 298.9798927525786 354.1151683300661 407.5573859756466 295.6193450590858 345.59908208521676 271.32960524669124 429.40604815075255 358.539772842717 424.3819664113416 324.75475529031326 315.37708386896014 333.01884475634597 303.0655089804526 415.3868777424376 340.891626415423 350.1051633328409 452.5728336582778 
S: 812312 289.75427559171976 235.32872485106688 282.02738922556 323.7601141821643 433.7357402240356 416.3500706371176 251.0179125519474 373.54976067428925 309.30783416305695 399.33920894686645 332.50316577930147 314.7779151155129 291.7279996278104 445.76493411967147 286.90642640263985 339.6255966611085 409.17542038016495 327.5098347362832 360.22396133153086 263.1137041037407 
H: 32085 592.9647908675762 590.1920869364361 592.6563481403565 526.346633144073 572.9187093606151 630.4632733080126 546.8667729665412 518.7823727257016 582.6954225792317 592.2194711100854 547.0344446690542 578.2744766733515 541.3750640311866 541.4663848316084 590.0452092858114 565.849574727917 577.722238676732 523.8328688749081 544.777214230528 570.5046726430685 
S: 32085 587.3990528594035 579.95619627432 591.1584355202937 517.6260151909694 556.1686184600046 606.4090668596276 545.0010703687628 506.19291534909473 559.7996759172754 574.7336062266626 542.6236324433563 556.6319696212805 536.0537208997423 537.6152667036549 581.646616202953 563.3343423065908 558.7444926675973 518.9783112502813 547.3200130683445 559.6221774467956 
H: 32085 371.9246166727301 327.980052945807 434.08388269615097 273.1334914108777 421.25492569431395 461.59024952814264 317.22017404865727 314.5144023721212 442.4370937052846 354.0256228374694 346.9864763943698 396.31393408022456 388.61441076795035 350.01258574698136 304.25712198689195 360.4296255184445 377.2616511803969 292.02138808605895 303.36940187984476 415.7710851232913 
S: 32085 256.9562829989607 319.8180399585053 363.3853007865789 301.86271450803497 318.84728794389036 415.0770372364246 282.2917475353147 319.71550401310196 317.0836153952694 526.5277668397879 278.25768789174776 291.6818809760944 386.59236897218875 274.7664810207141 373.00512502170983 409.03900610690636 387.29607814328745 255.62501862319039 325.23972837252813 284.63337229819734 
H: 567397 572.7547543403178 581.7231951623484 573.1922547660037 556.5958586125431 550.2695513022304 537.3625914484265 583.313941921353 547.3750810673694 600.5096371673629 603.6026122814726 577.2823805658583 600.799007120339 585.8271274440065 568.3109281062782 566.3919647019062 576.9476294605072 552.9412692551591 582.7077851826209 563.4705782155357 628.3446056934758 
S: 567397 555.6644613411597 576.6494760011797 575.7841330550004 556.6094547017485 552.8612228662932 523.7068424710116 571.8129797302946 545.9215339347626 579.5138550399676 592.0231493302501 577.7300431044995 601.6035199521076 563.1138192599935 564.9136311160024 556.7454951775296 559.0500683640757 536.3721983669816 562.8328007685636 559.2013282015308 616.6800872898046 
H: 567397 448.4302011520775 503.5840805368547 349.75665284143423 402.07266453086834 344.29306810889545 320.7693385080115 409.4077385139491 347.249938931375 308.95979679459504 449.9990874848652 408.1004098491916 339.7346824387761 337.18615580332454 559.3709637513089 327.62155979961784 443.92649749898317 378.89944827098225 482.0231755473991 372.8985874080256 488.46206149074857 
S: 567397 386.8966789142836 378.47696108236687 342.9095696438672 439.1159623611902 295.53017279326184 303.474010138166 413.25216364376274 320.9286271350522 318.1566459771627 376.5119423085852 350.2859561280547 294.24393920542747 338.59501760458966 379.8893897893078 328.16084731436376 349.6569803933412 334.879281185389 515.1926590724295 336.048298041712 370.1303608627438 
H: 528462 542.9265855745218 561.5979273931515 578.1881684301521 552.320843281973 525.225275825144 526.6411086008968 539.4310789066523 556.048174790577 529.0655071200625 550.6480931386882 565.8595365364222 554.1946381909185 584.964887554621 560.2198812536012 532.2587188822175 552.5872066570868 591.9575693628368 585.6896558755908 569.7987824172493 584.9943426105372 
S: 528462 537.3504359412609 543.2823394695912 557.7741679588628 551.0099652669617 500.829491550113 522.7611918606531 523.2876259359971 549.455759796594 533.7306435455356 543.8310454114179 558.5687719019268 556.0794322638557 567.7346520960525 559.1078313524604 530.6171668771808 542.5771098843194 582.3961538009298 570.9497057788185 552.4288000169872 596.5785569275598 
H: 528462 310.3134957045527 369.65374191051427 328.37868394633045 462.4555707414832 262.6008293391815 295.9009076018229 298.19447085784185 397.7563341070671 388.4646676735906 350.3927156964619 280.0774906444175 345.28781441868955 410.73745326435966 271.1222448304266 540.3357612455472 330.8792497290022 381.1163115998435 281.5096167218368 395.39743124555025 427.92182091195787 
S: 528462 293.25958492438195 372.2034409147624 344.4436255569918 372.80146585580445 250.83830578306032 296.2728816042034 294.48553706152603 329.5116111290905 444.41573905959797 351.540054793411 293.3868858984737 320.08109945280796 356.8757551971452 292.61271246289533 312.6605349260661 340.98472900839056 341.167813438885 308.77096981990803 352.09158015751524 407.6376805171579 
H: 816939 614.7575721658145 575.5343351443856 622.048065359633 562.6933613641016 559.691212564505 559.8476779272266 526.1135563796412 615.1780332263633 593.0112837196542 621.8948123856385 591.3506457267488 572.488251313086 577.0595174350475 578.5401960684245 571.8145076770531 549.0442850407907 604.788577730225 603.2817936016073 522.3097303555785 570.1581956586151 
S: 816939 610.9326835904519 568.1394393846772 593.939879633019 546.8803896493647 547.6554914687964 548.9925259144678 514.8903030904984 596.3010738745015 579.0487926455169 607.5037240148191 581.0323500426111 563.2344894283135 567.4642568485191 552.5271395264373 571.7007124256835 529.7661413957715 597.7184074107315 579.031960010566 519.4408688148976 557.1876248259176 
H: 816939 350.6378928672151 435.66697813046557 427.81040639592464 355.93422587728463 363.3612643939604 376.4582425435386 413.6948655143253 448.7858570614906 395.9388975290435 291.95740597237835 371.2079051426977 321.57868978694256 301.4193302113567 333.03922727989044 480.70803678290537 316.4581003010995 330.92873714451986 293.8873927651425 313.5601678936976 324.2928077309579 
S: 816939 349.0943801425705 422.8214948063706 297.42797021973826 331.67140776028566 343.8910261883891 325.4086394137156 310.7453961229768 319.3027697591886 356.95290010137603 328.2105315310784 340.98372674936866 380.1311217513289 278.65367476270234 325.1353151484385 371.5440362699124 318.5853704985687 294.85356839310015 276.7473076841546 287.96083673742777 313.4889208841728 
H: 457519 571.4430995455573 583.0760513365159 539.4090896864213 597.7477467910178 555.0018172723065 528.9750820084773 567.2924823372144 596.1047744524028 593.2239179722499 545.1575626792087 552.7298914855326 537.7659844395067 587.6870496652441 556.5400055886595 518.2666909937649 543.0643904663046 523.6528746809057 568.3309403985636 583.0449596897248 593.603654050072 
S: 457519 567.1062377731773 564.7992615281706 526.6624359139506 595.7767451427798 557.0897116462032 522.906066954578 558.9550660450354 576.498321818496 591.9083757867223 536.0084891922713 536.8785797080936 535.9072713115235 572.7389216511091 552.5384911185585 500.6228986178496 532.9344944197989 515.1036881679412 560.9344295966044 565.740431336712 570.8892195384599 
H: 457519 475.21530863612134 416.16156263929037 416.7077630459681 332.76070378995684 334.45271151342104 304.5378745666064 308.58780570129284 493.0578964367199 264.98752658112124 362.0790458425529 347.9609078348469 528.8612320074428 322.2745282836346 336.05419158238755 324.6497580714527 404.05446741293514 311.3985548399517 301.3585557511218 373.74677617401056 358.1702665610728 
S: 457519 421.02369028576055 368.53813430236636 373.6149741796183 296.82358646234144 295.1598980213418 304.6881212463391 300.99337881064025 387.25043978764 342.54273951044456 292.7979201924672 286.7070611979489 300.11649035861416 308.44938059659427 362.0181755183773 282.320959274566 322.1559106559284 329.2152704704508 362.49100097380017 266.94691200811894 293.3847524684556 
H: 177603 588.5858656086519 609.3213683444313 583.1396222855585 555.0685868700647 563.9410433645529 562.7311348397384 581.117903540193 603.4857030570329 587.5835186116375 523.3905045069445 571.6997256659382 578.9774505242553 570.4178547590369 559.7538074383219 547.4219069867654 563.3129438791544 545.7774528961592 543.1627313586231 530.7732428013916 579.3746834723909 
S: 177603 562.1274298404966 601.7052675217593 568.8024579466222 547.9893407269349 548.5861017723499 564.5621267084088 571.5431560937167 594.9299464368111 593.5936642601841 515.9924802693622 579.3253899837733 572.3914217931259 561.0332242727878 556.3368753253395 540.3079857058947 568.580466031202 540.8326656166539 533.7982010737724 539.6112625077111 566.397514912202 
H: 177603 412.96620993114556 553.1058067704053 420.2217631561236 327.5964600856262 402.36077307082724 327.0568499565213 346.7124373593451 354.43224138543303 480.6614752686846 412.59293318247245 326.9472705821057 302.0189962597668 418.1999545357567 292.1489109955331 339.391347754816 331.77220939919937 352.30528784297155 290.5909861616877 480.262570779916 314.6628883122258 
S: 177603 348.2895616340839 313.0356476246779 307.3955010968492 284.1707221465014 326.5268615406431 307.8115410960763 290.5990751110671 295.20340683783957 471.26879200321537 310.0182471629159 276.69224387044954 295.8167747039919 346.1132866199401 291.6381864473345 335.58951058861436 355.6977637579508 344.55652052778225 335.8816993449914 325.2456701851558 352.127008367902 
H: 53171 567.3939028146979 575.6644092082639 585.902684230364 585.1471891513319 589.4004980454863 540.4515518392617 597.8026889285585 526.3406992154122 589.850072324708 615.8812280532106 534.2784589544157 552.4500227109663 549.3596614714099 578.7797496787294 578.9939159638731 590.6088649514373 575.4191703233269 555.1322795598829 532.9742585803758 556.6700699583589 
S: 53171 554.0874117206353 560.2549239253128 582.8628314759734 598.7640846947639 579.8379916687488 533.8136623210586 578.7650045403443 525.9429872729572 586.759258762872 585.5600516426177 529.4429973847306 539.9932892289737 543.5358187573652 558.7912439850786 573.9001305203242 584.6903241823633 551.4696626766479 549.9120594860458 523.3948778961251 544.8324768225635 
H: 53171 521.5725426342552 335.9670854899607 380.8512233190541 305.25206937655787 374.35884282634646 327.56557960904814 479.20366400111925 259.7241425961467 338.3006293623996 329.042649186167 322.28085856626143 281.785932712489 386.11007845428213 390.19749444913236 440.462589349491 309.674453301292 335.6356920149159 344.4639963029988 319.3023226363932 481.9184922958575 
S: 53171 311.73117278479856 283.2177948770998 285.89482312591235 313.096833962906 249.8831842553457 352.90417012678364 368.17793770138974 302.684995926552 303.05987069967165 327.9004119251576 433.64240711056794 358.4171027370029 290.30069374443474 268.81248096879324 261.2647045681196 314.6700617052851 324.05651436047725 288.4647422954057 318.42594313826027 308.1876375520267 
H: 924306 601.7341734026468 576.1687560303473 599.5573171897399 580.8060546931281 575.595524422869 534.3484971171417 559.7082731200784 592.8063700473343 563.0331912577825 518.3511970432567 585.4212274028172 536.3016438984798 544.137184563699 525.6781748227695 558.6474450060807 566.481429595486 587.7608243428299 613.0352355281573 580.6442410057252 620.7608758281243 
S: 924306 597.0231891221268 568.8291550619458 587.238813858021 574.6910436634329 564.4256570591631 528.8210946997561 557.0982570066427 588.9105822958464 559.836275714763 518.2692237070946 579.2840944530514 534.9309903214807 537.3909538488945 527.9834605142615 543.5429124915894 557.1495523969753 566.9175062207544 601.7022790391278 575.086940583891 587.2016000227746 
H: 924306 521.5565291596179 298.21888170894346 362.97418819823 336.7913009426487 388.7090206806007 353.6361282935002 509.74440987838454 298.1401323727856 385.7534679340521 414.01871223136055 398.1766562193682 304.84002919343203 317.5948751357272 334.4553769959441 333.2795628243866 409.5435677833705 321.2449471128472 435.4494814711947 439.85023678332703 328.6340065568572 
S: 924306 492.5027995726343 275.6478814740518 270.19782615753536 309.91197785723 346.32923511441027 248.76404817128358 333.9909228619435 293.9461784794131 368.0102679513414 233.8199627153936 396.5968339475112 291.395557133861 317.1758378069608 275.2511951766105 340.3501828660386 358.47363968691377 308.83789376903405 368.4016842792113 321.9951576876177 297.92440805662113 
H: 233379 550.6387931852939 550.4275846833823 573.1766501683409 594.601798053299 541.0803130339933 532.6459573394119 543.415600930846 497.9060330590518 611.3500455012688 629.4419656141076 621.4752391608183 589.531591249197 563.5111044076606 581.5415031971082 575.8599356253454 553.248674924426 586.6168287442744 539.852609914864 611.1167953494278 590.178605130622 
S: 233379 553.3155998012318 555.108924732369 562.7562697932403 586.8407622422308 532.056508395874 529.4249430031456 530.3124651044542 483.7830194216007 593.830122944987 612.4648173464404 606.12175293151 586.0651363705957 559.7074022909553 563.47303408883 566.7273926436652 545.245109850071 577.5753666446794 536.6703461265279 606.0790946414232 580.6103092216573 
H: 233379 510.7015456927008 304.2659005205938 369.0965382650851 430.7742542235892 570.6953562006586 269.2694798079464 337.79567625642574 289.725211878467 395.695962652551 519.4981563119422 412.85384433577985 306.3008427762145 382.09754707177495 355.0496565845439 464.8685425127373 258.14705511445135 399.9219579577365 262.20290874516473 392.5107771812514 338.82428350241247 
S: 233379 527.618386995785 325.2811428451675 358.1407578094352 320.57593574645705 373.1670605426127 321.1940998391845 304.4982884092586 271.63880457107933 311.10886211871997 494.1374794908532 357.01333592055107 351.638980809367 368.2458881308114 612.0747753730355 309.747343381855 268.62431932425045 374.41365450244206 292.19137983808827 421.25753744487145 361.90117790583577 
H: 950029 571.5289759606826 557.2749368967376 566.3679445087631 539.1271724927157 579.948659535082 577.4852600237977 576.369444106274 570.8793110756222 559.1698321468201 557.1361117334244 605.2588195315351 563.9094393069755 522.0408448004822 644.156798408639 565.3971789303812 577.0052147977796 569.6019247063856 539.7403235710361 549.0819602628021 534.0916968246014 
S: 950029 570.4582946422466 557.7126085054888 560.5502590238772 541.0177251317892 577.1406619163727 583.25079214213 578.4437355323871 562.7944895131488 542.0814815719447 547.4015307236781 601.0886881873741 543.5408017246438 518.2813271131536 629.6605313563101 552.8162058344441 571.4589643686455 554.1470918467085 536.3311316209193 542.8150717662305 538.4765823437284 
H: 950029 328.90230512057497 441.98659101843816 326.0015322419954 300.60494126087514 378.4139583455079 477.79223800252 347.9286301919008 339.78185759309133 383.47933740741047 402.0172391202536 399.11445867855497 379.0627606743915 334.23768160118135 475.3512242117738 358.5668811423725 393.49090379902776 406.9999944720025 407.1888414728292 348.89343381602276 421.3214098727393 
S: 950029 321.814440536543 404.7783517088642 362.4638993177716 351.1740179337496 299.6403274620181 399.04190828104754 316.7346096802342 349.7170201310092 366.02986592198624 293.5100221312908 341.0234998168992 347.73287956271537 288.16305919658083 331.0046750991604 357.3545998605917 237.3913057594023 323.7934473344495 289.2997745305867 285.577719110229 337.8872993606513 
H: 410715 551.1165083289628 536.7703993048048 510.012324155167 567.4415271130813 547.039888636028 565.4442782480296 659.5288190316597 581.0156842178595 535.3404837289223 553.8722519273249 599.6912815537606 529.6708474949231 565.47477010278 595.5956300424492 581.2143519114911 588.5323389007624 578.0127365084569 534.4884465372637 572.6203389071115 596.5077707308867 
S: 410715 555.2059206278107 526.302971302744 509.09835117194325 564.427435959236 542.1453856936239 551.313235618319 653.3104497890365 570.9554247227115 526.9039154770222 550.3136415563254 572.449280200732 527.2793209830257 556.7769049581075 581.0817982812381 574.5627600051937 592.8229651863866 565.3768335421005 534.2531173398137 575.938057058039 576.5563279716976 
H: 410715 359.37922727690034 360.4021678654788 253.76969933345507 321.55479347984107 275.37696235757727 340.3912797662832 487.8652370013427 420.4575134890991 329.128735132342 361.7936177567526 368.3268325526723 322.66165318817013 286.11006392099324 271.4768579881181 301.27319550489153 335.03790522524787 308.2770186446413 401.7350871794811 270.67700837813885 367.66406665619724 
S: 410715 357.4749732807487 257.6885374033996 304.8544845658966 315.55525036715113 283.6431248347295 298.2865814475184 468.8905217898172 354.08008321681586 304.9588391288882 319.870203681937 331.58126140438753 334.54719979400505 284.9524653924075 319.1792997533721 269.8093557531362 428.043341787881 397.604519674211 369.9941483387233 271.10063014567663 366.7078400023252 
H: 169936 574.7728562872107 546.6493271081091 557.310417928418 555.4478515054241 569.9668476661382 551.182399491818 562.109863494847 535.3074148106193 556.8846688863902 555.8376034207295 576.7220757348174 593.3258427243055 532.711276939882 615.4985121033441 578.4453036564499 580.8640707691106 533.6156188971661 572.7397089221469 588.5455755213592 584.1719494981046 
S: 169936 564.0354332892335 535.2891019711544 538.7030145826745 548.3560656347425 565.3374516241297 548.0002426418555 554.3994910816626 531.5097499139404 544.7450386414571 546.5150449489785 584.1066026936792 587.8752170967015 525.9023222601986 601.2637127868207 567.3253129321247 588.62575536903 539.2570058107677 570.6520035599508 578.7627291460375 575.8919992581996 
H: 169936 333.3938677788213 305.58092296682577 325.894445782699 394.5268042224235 343.04064770624825 350.61033121570097 314.448076748781 458.60906174156975 339.9889045652002 294.3682947664161 437.2022844300534 325.60601247394044 395.30787484587904 326.9821908003375 402.5735472042825 374.683029622136 400.51897766279075 354.2953726160274 454.2239400844577 382.83214794359634 
S: 169936 334.5605657433162 320.83018364768805 294.4692951608021 331.358890848164 370.01029482651523 271.8314892084948 375.0546073260562 406.5090314194576 337.7125844236893 264.86439433092335 411.49369066149757 353.477352412973 339.52834386915987 301.6279750334237 343.5024360026931 388.66002891712344 269.831579604269 321.520511044131 441.4406208188063 366.28758068754973 
H: 299446 556.1640156292549 595.2316415093202 592.8800367621559 596.457998968424 503.3278967775223 553.7146850774735 583.5183901604881 540.4084679964559 541.9383752664098 593.9613483035541 594.2567085453753 591.0112356625622 615.5908552158281 595.5924100474808 586.6415506780422 599.7804708327599 573.684596751795 563.7248826467202 560.6984835027006 618.2783212913862 
S: 299446 548.8498625371058 588.082018290743 571.4124603349463 560.1976852124914 510.8759999648546 546.6059091065036 573.0057432353866 533.6639936229683 548.0804950644209 583.6712330653838 568.1969054513172 581.8469771768305 619.262728071422 595.7595375043123 575.55804783336 584.1289947345356 566.6921844170693 546.4542799015829 550.4373538396611 605.2188632754618 
H: 299446 314.3174955464676 367.74080649993203 404.59924139659216 290.79274700106737 345.2917284037285 517.431620180088 466.9343463213527 401.48572305706017 330.94909417745407 420.3951333291589 340.92509322888355 262.5587588718385 436.82708371336497 285.56902918116737 297.48174652757 328.687721610172 291.426153978067 319.90850252506937 365.1051434065713 317.83547527729786 
S: 299446 297.84500850877583 418.17717704322575 385.9718657817186 280.09870971252343 352.8577288225555 279.3197944612909 393.3163196976747 315.94622935461155 290.8412884105296 333.1669001994923 245.13196138050634 353.7849654398574 433.1952872012264 355.9947996056684 378.0575489740182 356.92231581789173 289.9796238923923 287.9156161784559 261.6804110208003 416.08039464811907 
H: 690690 523.5461039425161 566.2066974683428 578.4093829388167 537.4370585616218 562.6766963251979 566.8034060214115 547.3585263263558 557.974203529565 598.0212871958784 536.4114503662556 543.1773493175476 527.7869950195474 562.493283420914 578.1277224051208 532.0561810173056 574.1247188381284 519.9872978559938 566.3090166789839 560.6134517685306 558.8372915957641 
S: 690690 527.5635637388995 552.2188371354915 572.5616882827202 537.7610892417553 555.4329339644551 568.2990135098897 530.8310009024458 559.2261225682616 580.28372490085 518.3035208009645 537.4691920106774 515.4899452492818 559.2906289290759 573.738469916119 524.8131315981102 573.9290820633721 508.9686387473559 564.9337573097015 564.242266005194 560.9052768546849 
H: 690690 248.2757377518352 410.3396694609521 448.46594963556055 333.79627381053996 266.2787793631521 414.45841889380335 315.1895359926463 349.3650725023072 416.6606632759111 359.7474099254929 421.9092172654169 352.71554237618017 323.9277751788242 301.91878645982825 324.6802432060023 319.6311782068566 369.37255762824117 307.7269901707318 278.35256349827546 388.6436358724614 
S: 690690 259.35074388601674 353.72697660815106 382.6387673794596 287.8587468912032 265.92193969182955 408.72223748839247 366.035912428646 255.46517938753053 422.3620565234975 316.3175891221124 383.09067584261226 292.615976424035 304.2433132785032 287.5356419692537 342.1148456105646 446.93874664201627 269.43995392019565 292.89787307187265 256.01179416112217 334.05859680066516 
H: 266790 564.1888496710503 521.1487111809424 568.0101829033264 564.1252359238574 555.4259679500317 584.0531150889976 557.4662336925571 558.4435879292848 582.7437111759099 577.9308842023067 558.3567824868624 584.9785284606667 546.1287641293999 577.3047900848823 584.3260266427412 573.6832302442336 543.8793230907633 564.1238153787895 560.9502765914085 572.8997116499507 
S: 266790 554.3462786781349 515.5851372305183 559.6024940443482 563.4375305456983 542.779589943208 562.0216691863135 550.419963174308 550.0025218206865 567.5638461869532 576.4644631633142 563.9996592687005 576.3658275873962 542.0015565089445 568.4963634571171 580.0028605214522 572.3290540216864 540.8639952337302 560.0669760654011 552.3452123693567 579.3109097620397 
H: 266790 315.92761801756217 286.34535697238044 248.74642737800298 341.675715915375 441.2693132404531 378.383698647448 370.3715235396685 322.62596887754984 377.1996981126866 308.94884470247996 314.2608132081256 315.9439730638869 289.7750007918459 382.18788446837516 334.7559858798766 325.5390730280941 367.581363575054 323.4538868109074 469.0032573015563 343.0984878126885 
S: 266790 330.19699989897447 272.5924277869531 274.90261194420674 388.56710927553945 292.2761779863766 287.4860835561361 303.5203829244954 309.8810348212988 339.0868902736919 301.6179314028125 337.1749067897899 337.1098504594577 290.77379115903113 327.07233470538984 449.7856735971394 306.3669829521089 349.50856929460974 248.28490690109808 374.5460969073608 270.70148999330905 
H: 127352 590.5736945926982 557.4225852116538 577.3185141683562 557.8707864582633 584.3890029482151 554.6269466163694 572.7072680994529 556.5110375215553 568.2338457995518 590.2343680136429 553.5298999038098 609.0734481594548 586.6425143818623 586.1305435077104 567.7838827351604 564.9525217713564 578.1460983575219 599.3276282431218 598.1092634311653 558.6815751986547 
S: 127352 581.4350031917381 535.9092299898549 564.3970773737863 546.5175510418618 575.0730426862392 552.3759367210263 559.9577469260619 538.8577631364999 564.4202390904205 573.9806187547694 548.5042090848866 605.6246914573959 578.7887457989318 579.4064231011225 559.4128424385851 558.0802602241289 541.0296198527847 577.0976353900431 572.1060974365156 561.6732826101394 
H: 127352 427.2013883577107 298.2264913829377 326.8185964755994 296.3477401316822 330.84538590840515 447.9752025817447 369.3771042440921 394.8836778579292 431.26431370936194 301.09071672178845 331.8477235028617 522.3547475697252 424.51579420081754 326.4940655342615 307.6676830486965 392.4666624776337 442.2945782097474 399.9530038475309 467.1389924778946 254.06112261551877 
S: 127352 365.8026571353701 347.02736184427727 339.41180618714577 321.3063000243958 350.0528371416093 422.3502646919601 363.54671693095673 380.92718704357605 340.7876634513422 394.8679701583103 320.2293993734738 475.75049986766464 354.4368753036767 268.2757753423402 365.64059768501784 311.72834573167415 346.8617412378687 299.9913700748851 406.2528245359966 252.7710678977627 
H: 639541 563.0258469215768 531.312714357862 597.0166332471988 546.8138134986972 551.6822607932959 553.1407040416906 540.6893273816614 647.944358494828 567.3153518819769 585.3302072845221 545.8952655883281 572.4238678926183 605.4788626531803 578.7009407672228 562.4573240452854 590.4555124774274 531.2939945391478 590.0660906724934 534.9056174799339 539.2048603357616 
S: 639541 554.3574116188015 525.1741702455548 564.2106309529912 538.5804589566822 542.7870728646924 545.2359753640054 536.0064084395681 611.3103245570234 556.9314872500282 563.9873934070354 546.8685432908675 559.8348339943433 583.6129698798356 565.5620312462256 553.8074737830483 591.0816756402859 523.9947934488296 568.9850129322547 535.3980873121832 538.4516195054139 
H: 639541 458.9419071125665 317.6395766812616 373.43100087665687 317.75686377337473 423.4018855797826 416.84613254477097 377.96230172454864 317.14728576723746 266.5503625977609 382.1395993704422 409.3889982806576 330.3555253354918 343.74462920306974 532.4628667327547 322.5999399195872 405.6482177611093 265.2367619428557 336.3971410804186 292.5136746427639 384.1087823592009 
S: 639541 371.8494712150137 303.16033626937246 372.5452773430883 298.0548466009785 315.64061925054784 309.21246064425105 296.68201598046664 449.4664183851957 313.03755957062083 301.5252929083951 359.44502995447345 296.7259218180761 375.79526829334196 439.5007697052003 384.70372930399554 356.7521016513337 348.1255101402753 305.7877574562176 338.01828059547404 257.2739738201318 
H: 905597 534.266384023926 588.6979956529342 583.7524435094608 564.0552533389385 550.2425899283094 580.2607696139227 586.8244953467073 565.7028995404343 555.5033644696961 562.8356564399021 583.4197447114118 571.928277881281 529.1173862210807 584.4025667150333 566.3264653714971 565.7106763856801 556.8059638061832 570.3147766183913 536.9322784687256 552.9340530160215 
S: 905597 523.6091826088399 560.5221239449268 555.2091743961679 547.5416115343565 539.6693363280823 566.7754398970488 568.4744452666731 556.7912049333552 549.7037999377638 551.1664014129087 569.8391525835004 570.0461695505602 538.2739807386198 579.3750413498311 550.9873251930585 548.3292455809468 546.9617740092524 561.9244087361978 527.3343222209108 552.7040244790974 
H: 905597 308.21917419869425 289.3634943844251 288.3058802095435 344.3698302000349 322.259889303593 315.1705068870031 404.3221640180151 397.06140670248675 361.7579346679302 502.8740593951292 290.58584246508036 340.28787678177457 422.5298002087208 350.3076568498168 258.2008921398322 394.243909286747 284.9995047033789 244.9445782312343 331.29127115310615 302.9574401600669 
S: 905597 365.9362116324219 338.14821671614004 320.9773926075303 341.4681354776794 285.9901247835945 297.57382577253287 425.7978624796433 293.41916785816966 327.96744396339886 473.584451357713 393.88902962362334 387.75668442674043 305.9076101090203 282.437693298769 272.11051229255224 442.2907506689551 306.9427593479327 360.7842717763126 328.6544673144607 348.97644964822723 
H: 160369 563.9362307254091 562.5412048612642 607.8848757837742 596.8394353475704 547.1119389849503 571.1201600679238 571.9953602662445 571.9029385420616 550.4851962948329 549.7148549641611 546.6711719256602 546.0319070647952 572.8562977937329 564.9210994491849 557.2031514521067 612.6576809447182 555.2883002101934 559.4933747435912 576.0750541133415 570.1474762856417 
S: 160369 557.9333138289849 549.8486027593291 595.913694023094 586.1204660810461 543.5197064492032 561.9562501393804 545.3413084605045 564.0920401254834 541.0196079171557 544.2039350327318 547.0769703455782 538.1270759224277 560.7010425040754 566.753362782762 548.9683008390504 594.5620600387577 548.4516708825555 556.2513993237037 553.2081825077654 572.4833232753298 
H: 160369 356.77550495934776 356.70068306437537 500.4803185619675 340.03939267631296 329.7552033240696 318.33262044043107 433.4631811021462 348.3483171512517 280.27764711788575 388.586277932636 343.2959384154035 291.0465536331638 340.8415252006709 357.7508612328151 281.2060379573455 387.1811930071569 276.4526274603311 354.2253157918232 316.85057200325963 350.7633811480496 
S: 160369 371.6629213402201 326.9977785569325 350.80558368447305 309.5103087390683 276.95837695772855 291.87367900751275 325.9570516420515 343.5296248885788 295.0013703224823 286.2875881166413 338.4296482303155 308.7370998278975 325.85422563268526 323.2404975791662 346.67366898576813 327.9225027359366 277.98906325748874 386.6576887596748 277.5021602144976 299.2574510343808 
H: 582162 556.8129714312367 563.3923262841664 565.2827437913928 610.3434746031865 565.1809534733507 574.924438158079 531.9303746764879 578.5382928848423 596.1725463121033 544.5907217019519 579.1046731987337 567.9289809848239 554.89962705579 592.0380404762955 585.2888244355903 540.4140118540425 577.7676196303547 581.9549937342466 588.4642628730237 553.1891592867368 
S: 582162 541.8574406893591 554.7663385021084 560.4219182560125 597.3376414019724 561.2924110588991 567.0270665246786 523.6965725755394 560.6586984862598 577.7207775247618 536.1628137252214 568.7891014402277 575.71727406632 547.8646852793592 568.1421846204804 579.5816004287457 523.6443198049044 569.1279775193066 590.3894741782957 589.6705151120575 545.3206742544625 
H: 582162 307.4596717536479 460.44457813845963 303.39034906363025 510.8950025380606 260.33865324632546 473.3392833242549 460.1592036814589 318.3125556814565 382.8938767626097 407.1067852840968 478.7309544806985 398.8717969221247 349.48159086370276 456.56947969081574 351.68060835734684 274.81101137099415 367.9369621966497 486.82830694822576 406.5360430856432 554.5732810791237 
S: 582162 337.8281479846716 302.404261650486 255.9204952166867 309.78417407827516 292.9148462975188 371.3950156524266 298.76644746866106 327.4139430695628 243.0706706636579 343.01192097464093 364.69655311286726 320.7277371780002 254.28978946228222 418.48115322941163 287.9875063818104 349.2749832147098 380.2687971888298 340.8231517579654 280.2621796161095 385.07229279939344 
H: 132438 585.0062921299989 577.2592074338696 542.8344173981354 587.5265976897975 555.7660320050458 591.3046838630511 524.1815605256486 619.0236162550913 612.1375384528661 613.2860870484716 596.4445659567128 576.1549654770284 563.0913848357825 578.3181261394835 586.1279381807084 575.8264970770854 574.9134977747248 528.8993495369848 580.3340911288522 534.253588090308 
S: 132438 575.1431599693104 566.5669855700805 531.5421114628294 589.3212910394818 538.3905485888904 574.0382714184442 523.9785887319726 605.9258276828383 603.8753473821995 607.83727396638 584.6618930672495 561.4554447968741 554.108591354129 570.995383381169 575.5226344958995 557.0745422000732 570.217974279222 522.4937382687617 574.288451800565 524.5646223183892 
H: 132438 300.7505453565756 345.99047298184547 331.97436622837625 340.96222096318934 362.3986401040943 357.24575574088993 419.0637934783877 425.72232820983174 323.1662865696437 401.86766916667415 368.7662457679138 353.6316629641796 379.8673430559902 414.09274434951726 291.10661987584183 560.6802376637766 325.1553601444151 285.43180933160096 317.6374751539383 311.2072344409096 
S: 132438 349.05502970945366 332.6319867349141 260.4417287862372 429.3767786384964 324.344871873006 291.20391962628196 376.17543645714755 346.7039212867901 288.09220397636136 334.98351011361075 365.7454327880978 308.1078604883337 294.50224105175977 338.23985897735895 274.83720723291515 357.01731640211 302.1993709579517 288.1330251198689 370.34394625371425 282.3725575563912 
H: 500717 561.4049882736906 578.4485656470323 559.5284381417439 612.161300623159 565.4743640371775 588.5292808973841 547.690991883179 579.5437397170177 583.5623905535941 579.6882474628053 607.3122235933201 567.3180138114311 612.1270675990446 565.7054947974158 586.7137350989212 569.4331253797728 601.8714224014416 594.7384979125563 607.5741981342519 612.0273203754003 
S: 500717 547.165987203608 583.4496307810888 553.9189129663955 595.3079394356619 538.6896593128903 587.1239459627341 531.095067870865 582.9859418550719 555.3778079145853 588.0789833978612 608.7569115018101 562.8751995948617 587.9318432487665 557.9794380865965 579.80340271167 556.2842996938556 585.3323913972473 586.7820324308257 578.3009800836543 597.9835699255424 
H: 500717 293.5762132195666 356.42741320713446 389.65330042384755 385.2235558443012 366.5754677633211 323.08317339913725 313.9714793062899 395.94630888641274 335.5967123773477 446.24114867549457 615.6355665393131 561.2883986557812 350.2539458019058 316.0642985905145 490.7711222675181 371.2182176478597 470.1346981960407 354.437849456044 459.3313170586033 377.49842422493236 
S: 500717 346.92645348155247 317.01291364831445 339.7436076359276 318.11583910992823 275.3958846479374 356.81536059112557 282.3587236670435 419.9206050998531 276.9371833625647 400.9264384496946 363.27381095407395 538.760671085724 310.656027340162 353.5731346071816 354.4864612311699 265.10312081918016 283.8333815281713 296.43567082607353 389.7464523250508 297.2215731906101 
H: 13838 567.0305576287873 589.4291735813642 564.6033934352614 572.2113665822902 576.9238059006399 536.445650532649 555.0058989544141 598.5458311189527 585.652057506283 576.0048883344532 564.7464597158759 568.9157128328344 589.2238514352681 594.88865519249 572.1023260811661 566.5519665681422 557.7655535323756 601.9245876740797 543.3799407218614 550.4469672814437 
S: 13838 549.683277752793 584.5086612535517 550.3014648893367 557.3162398470969 583.2922955757518 521.5655601257623 555.4639287041433 585.2642510812831 571.4679200200338 582.5093285657405 552.7345522021677 567.2450536197184 588.7505709617554 584.3987964597294 553.7197032130595 560.5063852298092 543.2025135225267 592.8803503309676 530.523679219932 552.9993593215504 
H: 13838 353.47213102647976 413.5314435436414 330.7141538576724 455.8043140967344 269.60576376369767 293.2761236605894 273.0893591319151 471.0560700179866 395.6734854046982 291.51741548537063 360.5711734434375 343.4386899068234 307.1417873935427 338.59112806169657 337.29397716761525 379.47571909324 330.1632782215397 458.27160489258745 302.7036992023821 353.66508560720683 
S: 13838 301.1794803589783 312.90518747680727 326.485089269222 468.3184901264971 264.7904088947607 252.02015911430965 241.85473740744172 404.57891378249656 414.02655369079747 353.7174921756352 377.2868811446544 263.81343724780606 328.45778037764757 294.96756725700067 297.3183840396959 347.632324806318 295.29686104252823 324.28520694856707 334.8656244588859 363.5322000805233 
H: 640887 551.1514122648481 551.1580268093082 570.416258029161 560.8648091127598 597.991129511226 608.297923737253 588.4831269261682 568.3752425502294 552.1783797768234 521.8859304220108 532.069754802359 577.4315675227595 560.8896326088744 597.9670972358674 564.4915726916214 556.6239667449072 519.9391140108974 559.2555689748532 552.1634303593152 561.4021718029379 
S: 640887 540.7346297633084 535.899530712681 562.8112001805232 547.5996696396558 583.975778484241 599.076137050556 576.2547893549181 551.2443825003778 560.0302463922364 516.1328296819594 535.977390831643 559.0985520994802 550.7964207851771 568.2862548104218 541.1112150303723 556.7570070446046 519.1701913468254 550.61551692436 547.8237618413832 560.0840251260563 
H: 640887 319.5281174892045 438.2156110473759 307.93402161288395 267.4714199865661 418.9068284686507 331.07385983939656 416.15923458837534 374.06341033309633 301.2967635137288 318.01134918349186 264.166372899214 358.3353876070073 407.0953328544078 399.8465360833885 370.1113930624686 285.6634054179424 299.5610744593648 303.4682869068303 401.60450525555353 394.8699661237526 
S: 640887 303.60317047671464 304.30791157628255 314.5392708870408 287.7400960332699 335.45286587798375 483.4313232006003 387.7150407406095 311.48668338666425 322.10137448028655 288.78197900733056 297.65424967344546 342.2495798745159 311.9120695048758 375.02483619260505 340.5254684269091 361.671396597815 267.0574765327986 332.5693872675306 280.77949803404044 341.35647566805244 
H: 468307 560.300068554365 555.5036629828529 577.1255977629422 537.5872270309362 556.8828859469089 532.8216906619415 569.4018505228985 585.3482972314223 595.1301000483012 586.0152802737754 536.8386621245963 569.9406097676977 581.8373243134175 566.7880834505739 539.2818906241769 578.5722478452356 609.6065418793396 591.0593347768173 571.4194092172316 581.631751835796 
S: 468307 540.3232061567942 538.7213896843618 578.6117133653589 534.5838313602322 548.8692270966196 525.6456995327081 567.5209000128193 565.7592872031408 576.3100533326161 585.4739228226395 529.7591516294366 567.2464186033728 573.4404573474054 549.2879111639514 537.5393002419094 554.9685603491592 588.2926105884028 579.4332320968338 556.6436427837052 564.0352262460663 
H: 468307 429.4945197123622 280.2839198790609 385.59424672259286 377.2374495289906 285.00001835318005 351.22765755378913 344.24474650929346 377.1651186314974 340.2756171624878 482.7096798287993 363.5308832549607 321.8733329677584 420.9461858515398 323.1012941766847 412.79179541316523 302.88609283314895 380.42876654770265 422.45208025145354 375.09288419294086 377.7137220515631 
S: 468307 354.36196357026745 372.627275710185 330.4372978364524 295.6580412722421 249.32373407365478 259.22284238002715 485.2016452511733 344.46888712341746 329.78233349036856 515.1849812442669 328.28782235382977 451.68487796190954 401.9995287569628 376.06085104952723 333.324233942878 336.19155582633084 457.23584706717656 338.86096559971844 308.3000165761199 346.58158080761734 
H: 232371 523.9668543636526 541.2858808198818 541.9831789717125 601.0948152625507 606.1129777990383 598.9365877017387 553.2295142003234 547.9135840933457 539.976494300951 559.0209068768377 555.8281358301562 531.0676580467139 595.0272636276025 559.7806200839389 559.2652807007166 610.2008438237455 630.2315684094284 605.142158050084 552.7799310343242 605.4097404288523 
S: 232371 516.5411502507694 538.0969192219352 544.4075346077593 599.0609879759038 606.1234929790412 588.2396542036598 552.8078658529633 548.5779557259666 531.4852619093018 551.7526907392595 548.5212054658156 533.0442387794403 593.694947864935 557.9284961348411 552.1199443079176 603.4541905460782 616.408310848872 589.7884468451422 557.4950268531393 598.398705291514 
H: 232371 369.4377848832812 309.70626157330906 454.2029604573205 353.85698533251 321.7832792984218 338.1985727874743 313.02015800624014 564.1989118117513 318.75032802813814 269.3630575735494 418.66290418971187 312.816932752979 401.7199014988593 407.259817811683 386.9090198215653 417.23158487908455 365.5850924229067 373.5966019636212 263.7208964924374 479.7081546297115 
S: 232371 314.39987520966037 303.1182178074934 309.5961675757944 315.76713075792657 343.5278154887652 413.7817002916866 289.44201936929477 328.4249629223962 294.66601241875526 251.00345980109785 375.4060837248344 373.9890258560262 293.72616606421735 278.30255124103735 349.77386569162536 277.0281551320659 418.2963263652935 372.4945935759512 344.7010284690281 331.4644627657405 
H: 90028 576.3204988295176 564.432598238345 557.7995510130784 552.3461832609798 553.49880911008 576.1832440394898 565.1094726949287 546.7335918994518 585.2789345835695 545.7984412223507 642.7290741500481 605.9027716939224 589.6581212233067 585.0219155200298 564.4807699837784 579.4433966381085 551.7217915856909 565.6921131659 587.145352963583 604.3616474915648 
S: 90028 573.3319533661896 561.004975390946 552.6538604143911 537.0634236883199 540.5875764893877 548.7534681225858 545.8605922809177 539.8115525190814 583.3140696649479 536.8518539731159 617.8024580535438 593.2209620874725 585.9285207426607 577.6174094048206 557.5547609285866 560.8956669589911 551.0738314819206 549.5278176052187 572.1696709213161 591.4788501763311 
H: 90028 575.2123614938349 402.03004070894207 407.4902503922504 356.4906508088386 432.7236973728919 284.6280004816831 496.80801495597973 318.6635246393606 361.40129319292856 421.3872354977294 380.95980615105003 378.56807819383323 450.85316681832705 292.3891414703221 396.6025860863713 354.59589546151324 369.98859312240063 345.42597260910287 324.6051339194542 501.81804898910167 
S: 90028 269.1188579299821 339.6739691095727 261.4021236422907 319.761008074475 334.070699484924 313.0676984541383 430.1047641595133 289.2800839947011 485.7901826021171 401.3318900774677 407.19325701726973 428.3467906966985 315.51971335409974 335.31393985808575 328.4704134835799 288.6269255613857 320.37181646060407 290.7384663405145 402.88422967726365 403.9700066621998 
H: 31349 568.3833178826096 598.4493645320091 578.4438018950623 572.3434600446459 543.7533907391278 587.4889968443479 578.351504433937 602.1695728269997 561.779442984216 537.774592403743 505.0339550705722 560.3118640865171 612.551817982925 573.0137402258039 550.2904121103215 543.8313172814255 533.8616437774456 562.6244878116704 553.0869842373824 568.3640445653442 
S: 31349 566.378589878157 585.0233763620771 557.7170757677363 563.2411290231023 535.150846432832 562.0209216473806 575.4210048228158 590.1473995196496 556.8204495225468 532.9670380324858 506.48985762914333 549.9611017001769 585.8214281677023 562.472627146491 540.8523207073524 551.8985148616121 534.6044551000316 559.5220820388017 549.102118045343 563.3211471321565 
H: 31349 431.7684865732623 384.5925196705229 430.2786152721806 287.11850309486124 424.78359327159126 301.94071805986135 514.3819149828407 311.2203350116012 272.47232622729285 279.29150234537036 354.80277009897287 397.392791291614 367.062589971952 324.58970244515206 325.4897712691841 356.63381884412127 291.85122654299073 298.4742674341406 349.26199708858087 323.0807359646735 
S: 31349 321.9548132127022 449.2042222074857 351.00674365867803 326.56764083465384 360.1824058560933 361.8243233228991 325.46029010085437 320.79986885466144 294.7444000823796 308.5803566211353 294.7048975397233 281.2578292425467 352.4212150772086 418.23388744534947 380.64567691605913 290.02011142533735 348.8518131185399 298.8512174616851 305.1191064604088 279.8619316245542 
H: 185772 583.3408610976447 551.8575565216089 565.8916595627337 587.5054956487164 558.5034172287077 576.4836296937774 556.2390047488794 624.048400842609 540.0712782139395 554.4167433599334 576.5792634217551 575.314913858988 549.7660179341068 601.415411699574 562.9404056535067 567.9134863240442 562.3874294271034 556.3771866657904 584.763872578852 541.9095518862298 
S: 185772 572.9796895793751 533.4721754376076 572.1862569288971 570.2518290731409 561.359812457857 563.0459382787255 542.2957207799476 604.8331225446269 539.7504788827944 542.9942858178916 557.9281346688161 563.0838034365311 541.1471679264112 595.84137917654 548.5173710690254 562.4601881875235 556.442909767618 540.8150320640092 577.5288097035447 530.759134557641 
H: 185772 388.58662568150766 315.46552903211716 295.8137933740158 334.34778518017714 410.52133425192363 274.4003433218721 393.52917768168857 381.88164619975214 293.68629540789834 350.3055022087187 353.5516715085787 452.07040690571137 336.22721915927696 317.67518110747693 326.25396080164404 333.40643822217487 409.47589962791216 372.937589961122 305.318819132499 306.1168959435396 
S: 185772 328.15777279060353 296.2257242220977 317.578433582139 394.1295842158159 328.51745199878957 249.46682296689124 287.3184319621723 298.7386654814762 373.62757689026313 289.8183008016425 325.228040240614 452.0999484581138 405.8175653433564 427.176461651621 276.9555003785964 326.2904738954016 312.03664914431766 270.02092974599987 289.792458652606 332.08941029152044 
H: 406182 539.2829394844025 560.5771594988325 528.926356060527 595.9805521306015 547.4795586807409 583.1689310570796 583.5541463563585 571.4658522566765 589.1998930776886 561.5348465151694 575.8012893430646 575.0496783838014 559.3873360060607 585.7057273032044 592.2263664035902 532.0969595419306 557.9112989709639 541.4198916581254 587.4617619082928 573.7031334643652 
S: 406182 531.7497806187716 557.73904812786 522.954324239728 588.3776755575288 521.7428981965957 567.6001749838937 574.5510703038586 563.2945564650573 590.7971541021021 562.3698366900594 562.0592750575114 535.3305073469754 544.2868433305263 593.4290317912596 577.297413952224 526.9887852966626 553.49022607981 551.202277655435 584.1985814596558 558.7895732000854 
H: 406182 375.05416620349786 401.96902662401266 400.1441180502891 394.61722693156054 299.7792071816222 595.9164190856196 296.22775565336644 445.57544881489395 336.10147744392697 469.46955714477554 347.6173328602905 328.97815468695177 455.5547929493435 265.4199978453369 326.51576295642724 471.16596232796627 443.8759516655291 500.70398220082905 313.2064948666836 313.74583983011195 
S: 406182 325.9322111949153 426.27567187923654 302.4358084667523 327.912249712009 289.58042240632693 347.7490701677247 384.31554655064656 309.96624426580354 334.7766839710127 389.3454422419798 295.3780689505091 314.7306039261836 394.03295751156816 266.36815890022893 307.0019609733021 395.6664728605902 348.8541540125823 477.81136093186444 288.83826590596624 385.2955318767517 
H: 67605 522.5216135229664 531.7683038073428 565.7020866290217 522.6901297781819 612.6856594608468 618.4442082748552 594.5443292905989 614.8614410209273 577.9891767570633 593.2535288797433 572.2344308613626 599.4323063394866 554.8216925520816 569.995188637999 544.1757456466385 590.4113637695302 581.0599541515447 543.4769639104587 512.4176536547748 610.1499859517405 
S: 67605 519.0923151157534 517.5982418368272 557.2895731268685 518.289604910139 605.048189717325 610.4719530517921 595.3479389374919 605.1320020134626 551.8722112321732 574.8157563887526 568.7524760761421 588.4666700839895 549.4842224914166 562.4837963615978 543.4118427993405 577.3788233591233 563.0823901012564 536.181236611605 504.4353967087275 592.4535997314305 
H: 67605 324.58506792551503 252.1613423237036 506.4717868245477 320.93960365461663 471.6867807293717 388.97889627611954 371.1143996384124 356.4844826874162 372.82031960206507 507.51590247895115 309.34722963213784 376.0125105080134 451.1683465042338 341.43968852562597 317.4375673565253 456.6679170779734 347.393297863909 322.82402238005557 289.64245591439 387.4522666531602 
S: 67605 276.9165286426267 263.1641132853925 401.3601457867674 329.0843648129368 346.915780074952 424.26735118361813 335.0169096962774 317.3340867254199 383.9182573825715 328.2245457444478 288.23802823445027 358.77882574163607 391.71417711423976 316.5858783007294 289.5212725566214 268.34387385448525 278.8860623655518 323.5322187977688 366.9515756301913 298.72345613330845 
H: 597910 590.6787121250476 557.8556086594315 519.438485933399 585.9107904615755 589.7614542529308 548.3404738169571 585.2516622754426 551.9183412263784 579.5357490042802 543.4685745240029 564.8997319879712 579.2304889342793 558.1273795197512 574.0735905347127 614.4008987769403 573.7116365050038 575.6251976163952 569.812053118066 618.3739686466928 576.4207065348525 
S: 597910 588.3942026726527 562.1976184555244 518.9008987562617 582.6251267942883 574.9325229298092 538.8689433064762 572.1764144050342 548.2005473895131 586.4007592166222 531.131917352048 558.1694880077031 568.8314565545816 545.344378347687 569.9864073732468 610.7771208979734 569.8019352109712 566.54949138457 543.80350730705 608.1868014654281 570.7104310714051 
H: 597910 394.44426158386597 312.7249193297813 316.8059748915835 420.84152417902305 267.1320836065121 350.5946266602424 654.5878493993079 441.4833618192175 438.8027846788067 346.93244673044796 486.9389125758189 338.35412146103147 354.06092408266403 358.8465172675908 354.5276728857869 461.5060479297708 388.378441161592 401.4662105201635 416.048185948311 335.2779618589079 
S: 597910 296.1740524543738 336.3827665261286 251.92470165406365 338.80437714896635 308.92185022427867 279.6339986543812 430.0936106920846 347.2199518558477 367.9824393645599 294.1454502259117 373.49787140484784 283.9570484988422 341.8651857663048 320.00313396820576 395.23419179754245 349.92475471950206 343.4998535949025 348.16764057157405 479.7314353025904 299.01509534492607 
H: 212012 584.0330956083925 541.2440320558043 611.0626346123954 523.6694494690995 590.3485634854616 576.9355714642072 597.797684085543 622.6726422945385 566.8497377574622 576.1367254479422 533.2080988362917 564.4420404111083 558.4855354543403 543.0453911608436 586.9068180679408 522.814109901519 578.3686326124196 556.8254218944853 589.7196928238549 538.5564253898301 
S: 212012 562.8546281761414 531.196616864033 598.283541419304 516.385285470356 580.1194321390162 567.604857123806 575.0087946781935 614.1431566805036 561.4500023087276 563.5408225986085 526.756359629007 555.4479505593547 551.2733843039126 532.3546411747786 573.9733184818397 518.6135358546177 574.6963613831891 535.7734473415769 580.815496830767 546.4196808711118 
H: 212012 300.2367812034946 329.84352622697924 379.09754083215796 320.09751987697166 318.0524117461352 324.90237003549333 511.81421424392175 393.75593427026865 254.116150334569 304.2071033525183 321.39402231390324 355.3968552710822 332.337357725722 393.5908246782684 334.5445731559986 335.4980162979444 367.71662246097213 333.78766751879783 393.42816478277035 400.4525030281731 
S: 212012 320.58909571904644 355.38908422055255 433.2078243355697 323.23356816355437 327.4146657501489 321.46534527996323 458.2678023220142 474.79736889686126 326.87869120423363 349.7416743018969 280.19638416971804 288.31662818634095 281.31458244385914 317.45171035300956 325.8891289177628 313.2897046702728 384.7871839020107 304.62977110981507 268.1650996955748 301.1163355463896 
H: 833202 532.6416097967143 539.4194860969163 550.0070047739472 560.2756991670287 559.5975478733081 554.9261444766271 543.8092971323475 569.3029560537614 592.6617356430514 517.4231361617595 537.7192555509971 543.0631356444011 549.8958963197133 552.420482409963 561.2163194198748 550.1879445672542 587.9406948761779 524.750758584535 588.3964794997402 583.8920472398961 
S: 833202 523.689275336011 539.3863695940183 532.3215876511446 556.3514481177771 551.3728587376554 544.8647376461333 538.7627599190271 568.5223553986647 576.5299846540029 502.980503787589 530.273486503089 544.3153352088526 547.2492496728102 533.5080113650534 549.1841022142781 529.2720598141906 574.118438528444 509.96679480025927 582.5453081288971 567.1389128222128 
H: 833202 331.54895310444766 289.0224564145993 402.12303253108416 425.7930093315343 373.15988710755704 358.7445079346518 342.11835122010524 431.3752849554242 410.0198518518601 242.20778295731256 415.8561141476156 416.4248562301407 407.1104983120852 313.68145494305384 344.1632038927389 355.83590981739485 351.94995765083905 403.98626300200783 401.946761880812 357.2931076171229 
S: 833202 323.0974205438384 326.88224991053556 323.29451343737384 271.4661045767282 329.86709108870645 350.87134726260246 315.3011788373561 295.25241793539027 315.1973703895977 337.7927476055306 343.4995083566159 279.67857813683736 377.83663733689747 276.45073885269255 361.7346320006454 339.9268496322088 364.30594079701183 279.0309475980117 397.4845551800159 347.57317410161687 
H: 727009 627.5254581890639 625.4766931673739 561.210520546923 565.1278223710976 539.771341637456 547.0457832946997 567.1034319512628 543.7400761778915 596.7169146007067 547.0627877154319 564.6443248334382 550.1817261745516 602.263226191441 619.6887681622588 571.9121612720604 565.8060816891863 603.1637860536929 583.0294752347819 575.2149705170142 602.3053872274894 
S: 727009 619.6933116234268 595.1706476586957 560.278438816383 557.8398664456231 533.2135019738818 536.4421803077165 555.6945275925488 534.7336421187634 584.6139836814943 531.0235301805069 562.7657272911096 549.0684743566364 590.0651452359516 606.262594937761 568.3966346759561 569.9770892687433 585.2824002042493 579.8447039310274 556.8304983749488 590.8093405736239 
H: 727009 478.92405695597273 350.49288299788157 520.2885659669034 317.500411783246 411.9937481644385 336.2906051741794 436.1159397438045 357.24749136936276 443.3661935908584 330.4267035586184 309.04145836079704 520.5780503995807 576.9881669288321 462.01326906201297 311.48741044438594 490.7173477338866 425.70849627424656 440.69561742174 313.9152816723744 337.5884647496722 
S: 727009 323.0814773544862 271.18440130544855 276.8409968329074 260.22989369660553 274.97440654879745 254.09934329147444 316.21187642040326 301.9803390311036 304.5279775653389 265.2864878029664 435.4447598897635 431.4190055433055 268.7549254060526 386.5861569794316 326.3597109968959 389.0964394050609 441.4625993452648 363.8012732938513 273.6851803131632 263.3477154064594 
H: 658730 569.1117025417313 553.0443214774622 576.7522082396853 590.8013911945646 544.0588697309279 573.4199590156284 561.9022384453842 545.7313762293617 591.329644519792 563.4043635980495 569.8892581395179 554.5576504015951 597.8319247525993 570.110629480793 568.738800877515 566.4646628167826 594.6595034669748 589.8975812379462 555.6546196373337 516.2565528021009 
S: 658730 560.504057507253 551.2973334577077 582.715811142252 566.4764127132544 541.483401495665 576.4879236644356 550.6965161110271 542.9060432365605 566.038301339868 549.4873713503341 559.8029400339458 546.6117230946403 585.2668976270043 570.8450245313712 563.7983981824835 563.0003736976721 585.7182572584454 584.3544125213067 546.7562958384658 512.7342757788789 
H: 658730 326.27827831734083 364.7203936922721 300.4597900560865 301.16601076476815 365.96667577918686 493.5510698042965 345.5947578925743 329.6784740015026 420.84290088311343 315.0201268977893 337.2940776132952 336.55373007453426 431.3710917004156 308.0617358236692 353.14837203803927 303.3089056773027 392.75002346334304 290.0758235098986 286.3601885080189 295.14479673581064 
S: 658730 309.097740137947 484.87382692799343 293.68818991281745 362.5858994545434 273.82550171207436 385.3940626467789 305.5235047758168 325.46896240858314 486.67844653715053 304.01226385920603 325.4332365120468 350.183255907406 365.3602331718662 349.16502874611933 297.5855748492062 379.6135123403879 390.7133449642225 289.8693805238551 354.6828290025783 263.00739328569006 
H: 660215 547.4031125496903 544.7636041554539 576.1080547710828 567.1511730563734 558.564514803491 583.3813020639113 605.7451431393838 584.8879423403199 534.4806765274078 603.1754053178782 562.8134909591515 611.3602157805736 585.274448053635 578.1794147111287 565.0348561512153 596.8825535294195 567.0117092987565 554.4874478511705 567.0369483259759 570.5728346293154 
S: 660215 542.2575197003684 543.3011745146057 564.9107516439141 564.9019931704137 557.5905709455417 572.4466811108264 576.6600139631755 574.9203878554328 532.6981218116904 584.8395829198038 542.6949934875776 597.3894607806285 580.2294249985698 553.2919821139282 558.8313167183626 573.1346596194979 570.5972262901564 546.9357631917327 561.9091222711411 564.3996208623797 
H: 660215 345.6818646261006 370.16140498457673 358.52539469177896 503.0645967403498 250.62917805824463 296.73203464332397 332.24032394169865 342.97817877588903 336.8338486320894 373.0972546920564 271.8126369755331 307.4676301498707 327.29053201123617 398.7816679788675 418.7544834426362 458.62575729873623 384.55169470675406 366.52829990415694 485.5905258553198 435.53002579932706 
S: 660215 319.0297612107465 348.0376925094126 369.3943888216946 293.0468914650213 321.8678294430417 309.9460267412944 406.84588056205695 294.0704282104118 334.3211995779098 391.8695605527724 428.2677963303327 305.0720262585587 329.37018480126034 378.3762014848681 297.33376092884083 274.73676114204625 274.3521463487516 379.9623484230958 298.680915594527 357.79687134905885 
H: 692073 568.9039590293155 521.4196868546774 573.3704335751577 560.7085688184982 601.9398323299865 529.6762379660307 582.2665858793191 618.3602124095313 570.5819248890336 582.8749376225114 513.1490273268865 582.1918008527014 601.4922206230784 564.4104738899862 592.9899441761575 566.4446286338791 544.9901442282912 577.5174363742344 576.5657131021135 575.402458237762 
S: 692073 559.2264078412786 510.539406838517 553.8916303646625 546.8055840333269 602.8666744250146 533.3761335579519 560.9472989404907 589.6211469570688 546.6885226880387 578.6919011518648 505.2465073607031 574.4888991380484 580.6049763886937 554.3906027962208 587.9088147699941 552.4090629792851 538.5621599712224 579.7662025928946 567.6754154048249 568.9081230656564 
H: 692073 314.37936637055975 377.33804698436035 439.0783497490908 421.24767920598117 322.98725847147915 266.0132832232274 339.4888380155557 429.2083529177685 390.8305467379345 448.227945561668 310.7560243904258 341.1303714829093 335.50007584463094 386.82183060658645 326.7150898723653 295.6665426143696 377.6561969779067 473.3493555063862 323.36814321271584 348.00252543364184 
S: 692073 385.1953466270299 290.7952937627182 310.95309001638725 307.5703032071426 319.27485253324267 283.92805222329366 367.6120910052204 411.75374106774484 319.57211887623254 363.105197439918 271.43801113827175 341.49270547610416 292.63805958663477 393.3095406846596 271.37531490297226 346.02088426647055 285.55967161580946 560.6729704845404 326.246571094029 450.7408024785212 
H: 375094 1233.5192884298738 1183.3220380810167 1178.055780318886 1157.8173588733525 1230.1107846053994 1237.3270129842938 1192.2208715413892 1199.3964368174065 1261.9928394313863 1186.2918374589983 1240.3196462593933 1257.7259841117948 1150.8081137345641 1184.677293926032 1215.9961496067401 1208.8404783313752 1241.2044033993832 1239.2143962949074 1202.332100933336 1140.4852154646208 
S: 375094 1218.5589456062428 1177.4818673477666 1176.6616623506159 1152.5121461141634 1230.7828977839547 1193.9765367557984 1180.936853566649 1162.224611398619 1247.5306614885856 1175.5766090178777 1203.3475644858406 1228.4635935383035 1155.7845134375916 1176.514186193353 1199.8992548490075 1197.3952104235816 1237.5976722391665 1203.6553220522767 1179.9872892331655 1145.4517285546485 
H: 375094 813.9267856083754 635.8220209386816 722.0687976329418 777.8283262915864 672.8509235304465 649.9240116056218 832.7977884057245 535.1919247960964 1034.6967535539236 808.2617722857334 1110.0786488919093 895.4384664627954 759.5069318819307 656.1399891031846 802.7031059820057 748.1496748584824 976.0393624017006 680.5754906942349 805.3837057532858 768.2411716533297 
S: 375094 961.723248880059 619.4115139006744 582.1732189442512 678.0473784777631 716.8141286557267 828.3087370251999 832.3319734606333 575.6427039872863 699.1162779304066 585.5883448184461 845.8466256923062 638.5773427288428 627.0768626608611 560.0584908754031 698.7408664657644 821.9586861672456 668.922734458176 827.7552826475373 582.5071608196376 756.4305800722176 
H: 83214 1238.9019867181676 1196.41755283666 1261.2047698148915 1163.195624702285 1155.5667104976626 1254.4327698621894 1194.3364001405137 1188.5875758196294 1148.8999751003214 1100.1092884941427 1218.8548088671978 1216.4069059585572 1204.9773831733023 1207.2899967969267 1318.1261219468374 1233.5303505599186 1177.498957509419 1189.119079915033 1251.7350568344298 1199.576550682996 
S: 83214 1224.285902669674 1199.620690383522 1245.0499450952736 1141.1725321963063 1143.1297566731678 1260.108616071316 1173.0566673115657 1174.4062968366056 1146.789852908365 1086.4827041357746 1216.4672104078954 1191.0776004919812 1192.623761476864 1186.8556431898487 1271.877105326996 1212.0074764422034 1167.5234300222014 1174.9770680695817 1246.5590407032116 1193.9774656576394 
H: 83214 675.6666286363618 616.7221730369794 662.9738263274801 904.0920826306581 979.7557795938804 687.1744068155745 696.5511144963775 761.0476862865936 743.753990321859 762.5885447096003 695.8780221521218 879.814631666434 851.2370881147559 695.4688652101338 611.5102772316271 988.776438091919 1043.5399725329783 685.114467182998 670.0256151832375 684.078069417315 
S: 83214 865.1045828987488 690.458799353214 644.6183054029458 830.8697964251346 675.3273397400895 902.0595983777124 763.1444463075813 683.7978826587401 629.5298780506437 633.27306825938 592.4595107760066 686.1094658627316 754.7918436829058 702.2759395109816 578.7117183945987 736.5577142372794 1050.4338087472663 735.4801832283517 789.1540443035695 687.3623994299004 
H: 184745 1234.6306025308443 1168.1010004309926 1207.4149658475278 1174.5160638089706 1203.7145403701722 1206.5818976452097 1177.1265746881409 1182.1091781095743 1195.9310230944905 1233.9935686772917 1208.8111358235856 1122.336756762558 1263.9824381541412 1184.6628985235427 1246.1610639137 1124.6619446006105 1151.973675967451 1228.6589925462465 1264.295679989834 1206.8229443210623 
S: 184745 1225.1890323478021 1166.3364230445704 1189.4087217435172 1168.2204097315973 1185.690638721691 1198.739888255227 1144.1694930218785 1188.2307367982107 1186.312436529815 1236.5089889489273 1194.0281870989443 1100.711344319798 1239.427987587857 1164.415323051616 1225.4934940840624 1112.476067861926 1144.9973516151308 1189.867796866385 1231.644725646291 1178.725845506869 
H: 184745 860.3398344619782 736.9333665704535 778.1006129911128 937.1596084915677 674.0008982651378 1059.1947784376077 689.7735240122641 899.0695687354549 1092.3114260263646 767.2721660875843 583.8210417403509 771.8702125316391 657.7383531796929 831.1776137419473 877.8434867864355 525.8377358147642 527.9405999439603 1129.89744193323 963.3320972188052 632.4325272919021 
S: 184745 703.7851189630672 818.265642858607 708.7606780910847 846.1172660711964 585.2277297658532 652.595015538962 856.585624889232 691.3432415262807 739.7780566269379 628.9688300051426 597.8191288596086 712.7997328449492 656.5422460682032 738.5840320413453 605.503318315776 576.0058536661674 685.1426067578079 682.8224713334469 613.517127041992 572.7656958462344 
H: 579245 1160.3403236032025 1254.411745356041 1163.6605951208583 1257.477784490212 1209.551153228325 1244.9449910284666 1258.985542548165 1191.2995300580515 1218.0472437401197 1084.6856140852046 1232.23036486413 1241.1265539892067 1229.309654499835 1204.031158711184 1218.946806225696 1233.9972071306008 1138.6292872869465 1234.9573039361624 1237.6115165497315 1216.6423754646316 
S: 579245 1134.0776388360425 1248.4365683402489 1146.2777599922824 1230.76188585146 1201.614452176305 1225.1021219945737 1255.1361985551757 1175.355420423718 1213.796815707296 1095.8115581661332 1221.6936793901464 1237.7214059548703 1247.9624733537505 1202.9251747194387 1209.5052446988911 1223.2561369488162 1119.1203092417993 1255.1800128896668 1238.2242886407673 1196.7025032376862 
H: 579245 988.2368078207104 980.2065501693475 632.147008708508 652.616831991278 916.9694119136748 647.675506323769 893.4873987115991 562.2085958202492 858.3994515832102 634.0678588109015 766.9752147542578 798.5948843219414 709.6599990749226 790.117714372125 741.1596887704196 1125.5416576185694 679.5147807712142 754.6486848495224 581.3116768958199 811.2732382124868 
S: 579245 822.7393912001596 825.2074255918551 620.8371588153905 650.2698743369396 791.5893282922906 640.1100095387591 562.4391615565835 630.9235982542432 802.9688282760551 700.2229675849519 838.9753512837823 797.861424701738 802.0447145042391 574.9525208148646 740.7441418909211 688.0699024273487 703.3612428148178 757.2455613562094 579.892274078397 689.2412333339677 
H: 169792 1109.6246483748948 1191.9293591461806 1160.6683293999904 1315.211937303595 1115.515893462447 1354.020586281134 1266.4015947675682 1207.4898473288151 1190.1999186508351 1165.0866538502753 1233.8391187977768 1147.813345841095 1193.3161890604206 1277.6734925942521 1156.989206816486 1127.7887059023717 1243.64016369732 1190.599716355561 1198.1795951757883 1145.6239855453293 
S: 169792 1096.9245061991985 1187.767714344185 1170.9380169437663 1252.1431580038623 1113.3995509108988 1311.1816688671943 1259.3448796427133 1213.3035147303697 1178.7462432937568 1147.667306620509 1216.5198652953477 1145.1491855912766 1183.697772017594 1277.8451148246522 1142.4679337907519 1115.2921568200195 1219.056714396044 1174.1025562635266 1186.2734450445953 1132.0695234877824 
H: 169792 567.7684657069699 648.9739530898273 652.6810170781415 1061.4629731012578 644.716365589498 873.4014532789326 1114.8834742472764 708.3858368308727 814.4538561449107 552.6063103516863 729.2888935832777 636.6695235969765 760.7838877695791 1320.8561713736892 605.5839745312088 666.7056045575277 771.5643297387699 756.613418460397 877.4721549981217 724.6813122729785 
S: 169792 532.8056306674254 562.975750132498 713.0503218884352 669.7338764682398 563.3593525946305 734.7043457203978 866.7543676048847 631.7794378632623 584.3396686177114 679.3884935854331 666.8504244043091 686.2587951674724 729.0394420856001 933.1233367807588 674.6645512812227 676.4876679570642 716.4036268524231 694.7933466280246 752.639774366091 610.9807377464019 
H: 578281 1250.6390792210452 1266.8199187541159 1150.8611801694742 1216.338493399995 1204.5607189216191 1185.7059852661955 1175.1903794186885 1237.4429667213724 1176.0158616824856 1200.8237985046092 1204.5462671299617 1224.252920135179 1133.7094836465326 1090.0464759539182 1241.3165436290767 1235.0821004051277 1228.7834479894454 1169.4363075874458 1177.7191630399498 1234.4764818362114 
S: 578281 1255.7894212277981 1228.4802189824347 1140.0075112755958 1208.2069363473142 1181.6337557555867 1183.5475291024513 1182.3036002990132 1235.0012064403534 1188.949814827117 1171.6863894359767 1204.5836460508976 1201.937535952645 1116.4435717105616 1100.7897138856474 1196.8016568064977 1230.4691323322456 1222.3814201816858 1149.457223135265 1185.9844641766906 1211.7764124945725 
H: 578281 1049.4546017059067 690.9547272159704 645.6037850349926 697.1846763705744 735.7551419334468 566.4377875541421 762.6484665021961 798.9727937906573 570.7291763868367 735.2006417839274 678.0351000365096 1211.637854097899 1014.8275968586087 728.6345262603887 703.8664899067259 733.8146618558729 553.3917379081626 670.5061530381348 580.7174567424391 575.402349029569 
S: 578281 1060.5533248512745 638.5815638121069 590.0660308343369 676.0810860650457 660.7526078261826 720.4114425803904 617.3442330269152 836.4180581066214 911.2813834527926 606.0904216593112 552.1931805330844 915.1847132293672 594.6880116828593 551.1322456596862 637.4962428212234 691.853186849997 920.528290512798 576.817393707573 607.7549195248188 696.268323928782 
H: 799002 1193.6336522947815 1223.7487281122806 1163.9993666401303 1213.5087128503426 1227.8186606166041 1173.8328584606331 1213.361448406987 1249.3177928008024 1181.5842125191807 1192.4409268290754 1228.2682854850611 1206.4787170288953 1168.7922948574578 1203.8553377803769 1209.9849631140928 1153.2717249765176 1161.1856738712986 1283.637194565789 1121.3161957208088 1195.9657248074523 
S: 799002 1197.2191992367932 1212.2567639479712 1139.8418070479004 1183.4926210752058 1203.7978067085573 1157.9134789848756 1205.0719007943344 1215.2967839578566 1183.3500801501789 1187.760496362661 1207.5751663364692 1190.340832021417 1156.7100531080134 1191.9120521115574 1214.4435151290922 1140.9269305539535 1155.3297506765368 1265.970813824874 1109.586053403968 1200.9627986833636 
H: 799002 775.8730316284274 702.6982082810849 729.4461173040654 962.8140109903522 966.0555838542044 641.7266361731771 551.3261538696083 946.0238562188624 816.6551113278101 845.0415695114467 789.1909626787393 676.172287847643 761.5935527205424 766.8245459526577 685.3836701960756 1070.6021529435382 669.3841399930202 988.6856219001418 750.4725922638233 1034.1408056855835 
S: 799002 598.6627343199017 510.94182202793667 639.0676913889647 722.137442634286 1071.484493798411 669.6293514406426 683.2417473344416 738.0625162182425 669.4204775165939 631.6051966145427 721.2753913703436 646.1887061873849 706.9336289993919 765.4058446399883 838.1157878247164 858.0357176987178 866.7849873115235 719.056368226573 539.2346774074506 705.2067824892697 
H: 243832 1186.6398587006092 1136.0437418081665 1299.505869406807 1204.724391193512 1204.4057599991902 1222.26550543856 1167.3988069456063 1179.6130154842126 1198.1776373425691 1187.735458874114 1163.2225902657528 1227.051360139376 1164.0671379519345 1194.140832186792 1230.7826164031576 1133.0445865962515 1196.2261898232414 1154.793287624254 1231.8352855386686 1225.3594049972228 
S: 243832 1213.0386672915265 1134.5839748859778 1259.9802690883544 1194.2440985162716 1210.3574355996354 1199.8081821562448 1145.6475073698273 1140.761175730284 1195.987251117005 1174.2982644439664 1160.666252900802 1204.2897216285933 1146.1341568870114 1169.7649064264688 1215.4770955317776 1129.0911482996357 1187.0244995691 1148.078720543946 1221.5229083572133 1220.6415654570667 
H: 243832 783.9463152650279 653.2894264956653 915.8449421956667 698.257810300377 925.177492974452 907.2354590034574 573.1262610152401 710.2538373668517 600.5254554187088 503.7302990703042 763.0708486153501 708.6305931394568 697.1270535069658 974.2310570191528 955.3880674390762 691.5551761137638 1018.5942567221201 600.6653899560336 685.6566572004081 825.6454400196081 
S: 243832 636.2032525377152 531.6864448057288 783.9274621595412 567.974501904169 738.5550447182633 705.8464962832602 631.5603000661688 616.6962094617663 789.5115871508835 557.7918408285177 777.5608404565347 757.6586871507316 751.1352032814495 880.2670023874565 684.8242785171228 569.9448847843995 740.1435724528196 544.8131366759519 813.3758647684894 835.0567011525233 
H: 159526 1251.3416058136806 1199.3876753248817 1239.2179862806388 1134.343478106195 1185.2067228315302 1175.584459284662 1179.3741316668525 1243.7905935565914 1159.8441094227649 1128.0733984155781 1171.5055084722717 1205.5797794385824 1147.5378532338855 1205.48782059789 1163.7218931141251 1191.3601356422007 1234.2599762734433 1318.0698863954801 1207.8268191887666 1182.4998941935162 
S: 159526 1238.849879426566 1204.6137562433564 1209.788278338027 1119.1487549732965 1172.97898612791 1150.6222540139624 1163.0818683051966 1215.0258710224161 1155.3695413157407 1123.1691951813023 1142.1676605817386 1194.9045771490125 1141.8530682175865 1203.3393349015128 1153.3008798112717 1169.171393813662 1212.9521645163336 1304.9616317024638 1189.35077133723 1138.0135807243582 
H: 159526 634.400327517156 663.6646572274612 587.1142535570478 557.9210005238708 745.794294298484 668.6862850957723 661.574811408773 822.8916563409246 703.5399790442071 725.9098364496272 706.0446111954949 880.5320716615134 632.2792170436937 1049.592247143491 707.329502474721 765.3011842785355 664.0540839210513 708.6280347280622 631.069460815425 706.265480429415 
S: 159526 705.8300406964543 657.9364959123944 638.2767701556711 521.4967585361552 663.9952540373162 719.7347109336578 727.7076481862421 839.5020775667471 797.692169814287 726.9075985241745 722.2937818410018 799.4607272228727 615.3357414275649 722.8241207624797 825.4273356237917 700.1720489369567 600.842445368659 887.689064225309 526.9661328764172 615.6022996272281 
H: 526879 1149.0888118107728 1137.7979713819698 1189.3242968195946 1229.7276849162054 1132.6035580269918 1162.2505168262494 1151.903216361693 1126.333062657309 1159.1450246228887 1211.7999358301206 1207.1075657520882 1111.2057477107605 1159.6320284630533 1215.829219539239 1244.8942609361181 1112.5937256389104 1208.4408653422756 1201.3225566900403 1169.8760411669846 1198.5876192025078 
S: 526879 1146.6451370272853 1132.9735101969886 1181.3589375973208 1186.2736184269506 1127.9737690594645 1157.0680733875201 1149.0991542802271 1104.2069308324162 1159.2588421373057 1212.7496981151044 1198.1101105472878 1123.0860683165934 1140.143038612727 1191.0740085212512 1220.6524586912435 1108.123070793867 1222.7727610597706 1177.5092308317915 1169.2600407679386 1195.3411961004251 
H: 526879 839.4234917676175 751.1491551664805 818.7218766334311 1017.7531290569693 870.4439264313281 567.8457023144666 514.3710927097408 651.955035503061 764.3272815078433 569.191758293123 752.9177099591458 835.4508302914344 726.2230810197111 774.1858248219125 921.517639859724 606.2037549053443 920.1194062879041 874.2758499943988 625.6640260308993 915.5919839910374 
S: 526879 556.8577578616805 636.5521542049781 593.7885579784084 667.2308458050043 683.241942569496 565.8264948360433 708.5553913452784 777.2981169847543 831.1222379995796 558.7842572115378 783.9376407748739 595.2754288439115 725.0989664228301 895.8937302980484 649.5782044337263 552.9337242636412 883.66312526504 643.7581722500291 615.385467199517 735.1698033075754 
H: 7890 1093.879373852749 1180.0669925773466 1194.3670393646066 1235.6182044590346 1183.6716084955654 1170.8773206566711 1271.9802818721298 1200.1989916771313 1193.8824679904887 1224.108791018682 1260.7652109954836 1137.2972119272806 1253.8539362433135 1208.3658402218728 1133.8438314840164 1137.570132405768 1227.7491265386623 1171.888495326539 1199.1303287957992 1243.8680454558107 
S: 7890 1066.0883836791954 1165.8628090589912 1197.2819035783468 1207.585561257925 1165.2395501005285 1157.976840830468 1221.6102802959797 1187.1898446957819 1166.7827539076682 1222.9224955806383 1222.181568978215 1121.2551480421087 1229.663564212505 1198.1238812776298 1126.251520868042 1120.420761097893 1180.985536666613 1175.682930724582 1178.2434518633968 1217.4819651859657 
H: 7890 669.6454210732178 719.0982626113697 638.639962378412 685.7698254008047 656.5646212082166 609.5432834022052 706.4053022626997 715.7885771733796 785.8134916436265 673.780481018809 740.3656848952123 778.4477935928902 709.2509231399705 772.7656193622003 601.2104729373218 758.1994166233757 854.5501296919723 655.2772250692361 737.7657729620653 851.421120763176 
S: 7890 700.8119445870153 486.7370882034453 728.3166000669413 636.3599174569459 787.9991084513323 570.134255819783 925.4642981053009 644.4217596408117 639.8143383557405 804.6245606051056 852.2309718723765 646.340110313689 828.7850648399539 862.0957034341856 569.4672545233061 544.7471257706513 620.8404325032624 723.775289212513 749.8676037625659 728.2296728542788 
H: 557583 1301.7890051817828 1134.487406429266 1189.3619727484224 1232.2784432425824 1175.4183992076037 1233.984040520747 1233.5362737946875 1216.8479329036331 1196.2763628720957 1154.3265273131635 1220.6782424596167 1268.3684801550864 1137.5393063384179 1221.2821044863113 1176.349154502178 1194.1279966491236 1146.015194127384 1279.9806703399918 1138.4497461208866 1219.2050591794612 
S: 557583 1257.438133019351 1134.8081339623313 1188.3365262974946 1228.2503025115425 1165.9876789271102 1212.5914157094933 1228.4152902194899 1218.0170546078784 1163.9135355257902 1155.5033625369265 1205.1546614745323 1242.0339063041145 1128.0156706876191 1187.4928153656235 1181.544129744606 1183.571214395197 1146.2684455374078 1250.1716564390422 1125.9309982473912 1179.2217044885917 
H: 557583 662.7608195661783 643.1424424427589 676.7930222771098 668.4254544976544 643.5238814121572 679.274953790816 896.1095507553916 730.8006390934985 754.0353390903219 653.4222165759458 593.6339144504902 580.1111766121069 889.3526880757473 635.8303724354067 683.1490825650118 678.9677633444339 683.9786900761081 1323.5020798953367 625.8062126798783 810.8986391945115 
S: 557583 980.9465200174346 641.575525373081 619.6691935227077 795.5092093776634 622.5497277525054 676.2103389213097 710.0086681805603 789.0038143439567 894.1360291937308 748.3827650797484 750.5952592636627 593.0526368295872 727.9843580274894 547.5628558756825 982.9826304684337 589.9678697699071 569.7106074130708 906.186488755517 820.8298419300066 684.0047905188685 
H: 207724 1155.564304123218 1128.4087799514239 1237.6770016668431 1115.2827829668365 1218.5739078305055 1212.1998026416525 1186.4392410280298 1165.5066585312595 1269.7173362195028 1205.7395532265944 1176.4057648085227 1215.188319117708 1164.700738796529 1226.3131878969584 1220.593492740129 1248.1085607094615 1227.5461981051483 1174.4397619977117 1224.4716472851135 1173.2977932649192 
S: 207724 1152.9914367932945 1141.344763833954 1206.0986253927827 1105.5838663633672 1182.1515158489447 1200.5220567245153 1188.340475250797 1142.6810456235892 1229.3801236904021 1220.9313661846643 1178.4594252113636 1215.5641609471627 1168.5726364609545 1211.3808513511049 1196.1515907132193 1238.485411665473 1219.437214500022 1162.2745008478278 1212.4395456286545 1149.223258419251 
H: 207724 834.2062074100706 675.8859683169443 1184.001541207864 691.1947384334476 798.8112167987706 865.6810470409071 760.5500153555824 614.8961080575106 783.8494200409833 990.9967568842297 686.6257049004303 737.5395596006879 637.2789661143723 723.2608284895734 826.8645626906391 887.237614461866 1168.2042635638227 683.2161542097471 733.6220392610443 723.1838295281185 
S: 207724 766.9437030378667 720.83696634731 1029.1054128086928 624.3589303725757 736.7006071862432 975.5997893200109 688.3270907494068 662.0337652250452 804.2165210656079 1004.6507980345506 654.7688767572726 544.1120717191542 638.3884500359205 693.8322731415722 895.4133788540637 595.3871775971627 1013.0871849602964 667.0055437726152 711.3289749983314 626.1792157260398 
H: 982864 1188.6619608530361 1168.6813788664413 1201.0283847321805 1222.220640043763 1202.1962913156267 1214.6557539463608 1249.727903050624 1133.1687226494282 1201.217399631266 1122.6844239775462 1148.7069417118844 1171.0076216117343 1208.6047305197023 1171.281328713052 1156.2637130790872 1159.9343563283871 1190.6203693438517 1176.4231587307613 1161.6298949694317 1166.9378034648932 
S: 982864 1189.9863147280498 1162.223178133578 1174.1802188821532 1217.1331967694468 1211.526376245988 1201.0049876504272 1241.3587538292463 1104.4489900262204 1184.481698434304 1102.0800859910385 1131.708465073452 1160.6984009324412 1163.538012494802 1173.3296677575058 1154.6735450107599 1142.9489552200218 1177.7426190665924 1177.2228447128305 1150.4660786769598 1158.4257147169876 
H: 982864 763.9370566687695 736.2635259162263 737.4900289947017 863.6936540213685 742.8126687554357 885.0784805017576 965.6986116387748 614.8862434175708 868.6514387894995 716.894602518587 687.7290440234909 680.2881910578071 1033.710801403201 823.835072312174 773.253983161876 798.6439983466389 689.4679256417205 839.0526813810367 693.498049542454 690.0340792477374 
S: 982864 758.4817446384868 897.9970743956017 621.6373426052002 636.7691037209157 767.6300210882163 691.1780584099045 558.5404752414717 711.2265440418963 661.7695569407701 774.0786532650857 621.8613327397064 774.819312527375 482.87508243109824 707.3856522236556 552.2241254129186 721.7698412328295 722.7527236725966 1015.0513248058435 651.0667809960263 698.2095285680944 
H: 202272 1268.1835281176204 1211.5622522044782 1213.4467815732705 1194.860883840095 1281.525197849228 1142.1788082898158 1167.9100301255608 1192.984685663547 1253.3498012941932 1183.9266071469349 1275.2469654126915 1236.381432010184 1234.74980335912 1153.067786141872 1200.9571809414663 1219.9449335222243 1147.57187909976 1185.5156765874765 1191.8986558448582 1220.2891031630602 
S: 202272 1245.3124228263446 1201.192060301404 1179.1976131765841 1185.3203623098927 1243.0716293146647 1143.7710234027452 1170.9502508620453 1159.2345323137522 1262.8093358656504 1177.1966798699825 1245.1633853511491 1211.6769184270659 1224.866838680616 1139.234442229034 1193.9136516977433 1207.4722582943348 1120.348964474082 1158.2772036767005 1180.6036904736416 1237.107512220473 
H: 202272 904.5980188308416 851.3236769954991 769.7154475594057 577.9186981651338 948.7351699080955 814.4096414240643 602.225119573409 972.4540731395191 619.8297759653138 779.8639683366621 792.0309737792031 875.8922641377437 821.7995889048619 785.9214734040177 814.4535690679389 764.2379246256695 717.2940723534009 639.2395647188233 888.7847768321745 820.2512605787665 
S: 202272 946.8780455623033 565.7862415475977 771.1833283586261 638.4698943539192 608.5570878409515 696.5700844394407 565.3968678264697 640.4894078247272 675.8424875545192 764.0638172959904 781.815834186406 934.4271651704893 685.2661166288887 584.4552755971317 566.7877314399274 714.667098875642 705.9338565421857 576.9276839546769 868.8910981973911 914.539890107217 
H: 587258 1133.454425892183 1152.1759599038164 1242.1078434805574 1184.7704655358552 1195.8312590639082 1211.4534531619909 1239.8233076237289 1249.460841414771 1164.735085683826 1209.2461764632767 1242.6318190678337 1220.9299418005817 1151.4884554398554 1190.494977654238 1184.8614469387107 1256.913512603703 1178.8250055005078 1142.4618902643115 1263.8746308141835 1158.2353132764993 
S: 587258 1133.2212683437194 1119.5435771735265 1220.4043268316643 1156.1634090711304 1192.1310325483303 1226.4288246193494 1228.9452365340835 1220.0436590225509 1153.7038053364001 1202.8593254910934 1193.7247056116319 1208.7230520111686 1136.2495717703798 1192.9196381808927 1188.36543319802 1256.5843598735466 1153.879644294812 1129.2459391472464 1257.7162292633257 1172.5424747070044 
H: 587258 782.2508846789092 716.4706866133369 1081.7261918376473 986.7994784455693 708.5668757843182 808.8688946909286 888.612018828657 792.5699479191184 756.0370380515129 765.3691378770387 710.8119950319516 850.7535386511491 606.6990894625185 660.7243531976571 643.5186416372976 904.8794884425604 740.918308077634 675.1162845686016 1048.1259253710618 516.8111200470101 
S: 587258 691.6790967545264 710.3173985100922 655.2546292810698 767.0172768250093 966.2008439615926 811.0015477912197 944.7090821871099 876.8220346149715 573.836671357967 620.428220467592 709.8356906352848 621.3468125293557 582.6950259027375 702.7710204432409 642.6589817903366 698.3442230139774 776.1205253441328 663.8461632334302 900.5540284090582 689.4218525907496 
H: 475115 1233.156127487879 1237.9628024272351 1141.026236453222 1148.2491296194353 1223.3511816124574 1204.5341346387058 1127.9643250543033 1213.8305163780165 1226.753821071683 1199.780925242315 1195.1013749365657 1248.3607312659024 1154.0460421762127 1243.679157314012 1140.355224657902 1173.7535841679687 1195.8871977221202 1131.2713131949008 1291.843864327718 1190.730517481584 
S: 475115 1268.6289206896577 1227.9731603803548 1137.6054706282098 1142.1540009926928 1207.6662869037766 1192.7644788974108 1125.5950740014132 1216.5188266793446 1192.072713840979 1197.8224529063755 1176.1794443503934 1247.9232459626976 1154.1965738129236 1225.2619594826963 1131.3458658715103 1167.1650813133783 1184.6926459524987 1121.5361500809863 1235.2648494944535 1186.007728693886 
H: 475115 732.1884725388414 684.700713238213 560.0784013834506 493.6744748939914 877.5001398831441 721.1149065432129 740.265787487949 861.646273550726 658.0292209220738 967.0025119514233 885.1281595871137 1055.3740350109242 685.105912479107 584.8379330681424 689.9382002781454 714.5790834404843 702.6635398495148 577.6674261617713 910.329674606158 818.062549482423 
S: 475115 652.7775740757995 784.7328756911494 596.4581451404919 642.896479084495 790.691104324912 610.1611689225286 683.0060186814746 845.2404685257384 854.8941419812191 651.5393821112916 619.026908562852 699.5574172826714 558.7464229355204 614.5029850054899 665.1087607924248 715.714020759871 613.1946390298634 568.7072479247574 675.1351492752259 842.4112393061062 
H: 727082 1243.059976261115 1199.4100441459502 1164.9118916557218 1240.7499782438224 1183.1363399261313 1150.0901540104837 1260.07512068291 1271.83089490959 1174.8579488134803 1175.9224541420936 1226.8053860571422 1237.1923659177787 1237.9882132661817 1276.940920385501 1191.2454554577675 1211.7218801720996 1161.6163725809997 1239.7121256233079 1216.6479521320073 1178.112977723798 
S: 727082 1204.3099287687758 1163.2755553598054 1148.2920927610219 1229.14018739299 1176.2623794201354 1108.5287087950994 1244.20650198036 1254.6767209736267 1183.500140990431 1168.767549832083 1210.8299924636015 1210.3525554373746 1246.5271128272198 1223.7861575724464 1175.9135318975536 1211.1887757373568 1160.0787601631446 1239.6260731663817 1189.0225967405804 1187.015731354992 
H: 727082 1026.3991474908037 596.7911507284304 776.1262506430785 529.8981887095769 880.4700693107059 682.7519488451527 853.9494700170002 986.8844161485554 682.295733374654 688.9398604263423 1073.7663513280488 768.3304422349123 742.621911031355 654.8363072640537 780.614997524175 888.9889065336785 534.778253094947 815.4132632325309 832.0391568432603 672.1084154470595 
S: 727082 807.0900967103131 597.4265592960531 754.079138709385 590.5087860581586 712.7323730367265 638.4976306150647 780.5269335273156 703.0430184773302 773.8754526655964 610.6192759836437 923.8045802152492 620.2015902412314 770.472142888598 824.1950563806514 699.5103772404103 819.6133724994704 615.6584648253285 545.2582779759646 767.3536143018836 632.9610907674822 
H: 540706 1194.7516772145254 1222.9202337054605 1191.0657022947055 1185.64868763816 1248.7043324240112 1244.3650911990908 1120.725874026417 1161.9476527439638 1179.4435252495584 1184.229177899545 1273.1881101907263 1208.1770156792727 1201.4084348103388 1201.032607947667 1131.4183920486298 1239.6481667262003 1131.1479828032273 1212.5781699251775 1241.426555502307 1252.3068574532062 
S: 540706 1168.5691272894744 1219.0157046479562 1188.8948027943954 1177.866675894138 1251.7191542932208 1238.8168996299232 1135.2582166594452 1154.740916467152 1153.4605744114388 1163.788623560672 1252.8111277938658 1175.8838286002826 1188.401448515529 1195.2291421220634 1112.177010743086 1241.4188143974536 1115.5390005923527 1206.35297162466 1201.958584585909 1246.921548796113 
H: 540706 807.8064712854075 672.4441225656644 698.9440702330468 897.1478663884674 647.496332500297 704.7547839833363 726.706450366572 715.0465526717386 742.8191624085237 743.245397527932 850.9316199829176 865.2813715666459 933.501041659793 849.5380173301395 640.8105097218811 965.7251016079849 633.9128471106868 898.0163708152808 769.8341377772111 750.7058206855384 
S: 540706 663.879917277731 613.6162188973763 697.0063948004155 738.8679240712089 639.0589719776895 754.2280086666717 634.6333696526682 613.9661354659784 579.9656901201164 744.9406397557618 893.7993894755427 582.9909710724572 733.740649018573 664.0049839835848 697.6986488044836 1082.462034705528 634.5378246519681 485.64082046870084 817.901122634616 737.0164798395749 
H: 472207 1147.4058465594826 1291.9123132920142 1216.7202708104144 1236.1681656278183 1163.0725636594495 1240.9840583700695 1172.7535513835926 1179.715902328011 1245.9177268393983 1159.181444991668 1196.3577763893115 1224.5478525500346 1253.4477580877017 1208.1132983971477 1193.810715367358 1143.393517065291 1240.3742018047833 1165.371652023428 1194.2906924297909 1258.6070094308186 
S: 472207 1144.5880744371727 1267.4589532855148 1196.6571258543509 1202.9756180290244 1145.118429283406 1232.1773316435422 1161.2973905944234 1178.4122944495714 1233.7190355310279 1145.7401609746978 1189.6959898749453 1226.7524104135339 1236.9394424739996 1212.8601973449645 1177.93358409172 1132.2127920139922 1234.6873490802425 1165.6898460412167 1170.8860294255803 1239.2524861012748 
H: 472207 714.370178470216 757.6364070234497 760.4917913936946 678.5786085641847 736.2781045402955 687.6967380260093 727.5936605602622 821.0530364852896 1117.8403397768445 767.5748481952908 833.5645400732217 755.0903266930345 888.9800108493797 781.705599952636 782.9380387506002 687.4105757771564 774.405009240601 661.4576518937166 911.9376902340647 785.4663047334192 
S: 472207 575.9529546562657 792.7523002553829 867.7272383971094 691.6253295801854 716.7767848202973 687.9633746239145 777.8405226591352 559.5848296587958 657.4512947919984 592.6266404835691 710.5422451418066 655.3849466498765 719.6955186029381 740.329515092378 751.5033897016455 572.0195391168338 614.5968870054955 768.8522039032372 749.0560653132572 724.7396575957387 
H: 180727 1223.5271986256116 1160.088441471652 1228.8803719660443 1276.882450350643 1178.7223052560228 1169.7780507234086 1174.0494071141056 1192.7707755347803 1228.7860989125243 1163.1727378568892 1155.741028759069 1182.0254096692836 1204.680498069217 1141.2439882385665 1141.9812335885827 1208.6894668122761 1207.6372753573944 1234.8482402838015 1165.8422084945412 1218.2655959844262 
S: 180727 1189.290457806181 1145.622607527802 1207.677235260349 1250.6491340070188 1166.2387501664864 1152.8057283290889 1168.4959722715319 1190.264857550821 1217.7469460362897 1137.137199330366 1154.8966834299413 1161.852153669105 1198.04808530483 1121.7652686669462 1132.7874982694182 1193.763596997452 1190.108272863955 1219.631258575768 1147.425593250092 1205.9248566336448 
H: 180727 687.2922704635514 772.0268942565433 699.8559569243835 579.2922143196708 780.5448510794253 791.3790952831735 867.5292677375892 909.2484256698284 730.7607688996079 653.4345613675283 910.523736645022 721.5434268421899 793.4762465116956 702.0415580902917 756.2350738499633 839.798537263352 756.899481055851 708.9439074248985 678.4509768818182 723.5059387096896 
S: 180727 647.0200741462281 912.0397544948753 856.985754004813 570.0483130765938 794.4376111604145 792.0981912911368 695.2345168549926 822.7137182897467 690.3004475121363 673.4321777416255 712.5185499603206 810.0566034719188 605.0060382015272 653.7656598581361 685.5468866553294 740.5536081281039 703.5074819100821 751.3775973649703 878.4779439463848 687.2022129577571 
H: 497401 1200.3131411330382 1211.4703127999046 1156.2184094087606 1146.2506279984254 1216.926233952674 1203.837391833262 1219.0731864954723 1216.1735487324022 1237.0142866380093 1194.617842648866 1203.1109703551688 1226.7423726195798 1183.5950006584017 1179.0573993051717 1204.0393912521645 1172.8107772673527 1165.1372054862295 1185.8495812031626 1211.296219949749 1186.427898490591 
S: 497401 1185.6422102390713 1228.1617436157558 1150.9373362555266 1115.4087851531262 1223.7879726461622 1188.3070775581443 1204.564243803351 1179.614637898335 1249.4044167424638 1183.5350636387113 1209.436155595824 1219.8907791437812 1166.6123781098163 1166.6093568829494 1184.5181931721584 1166.8898495668357 1146.0649859412874 1163.6150571374633 1194.497357019425 1174.640455251684 
H: 497401 988.0630356218231 533.519704192649 771.0200650162044 686.9625213172897 831.4993705290876 672.366156506298 1331.0447322330751 558.5461288207584 795.5595885627972 665.194196461192 1051.385850402847 770.7666530627332 780.8007076990123 869.9479718786178 753.6925728915016 733.6227153242995 618.5849745135902 834.0161137126647 860.6769244912093 855.1750669957992 
S: 497401 911.8050183488629 510.97173243091254 640.564554354192 596.2231688469628 771.685021322325 783.4185049361919 794.6943968453279 595.2077903783083 662.4385634003022 693.3395483622505 846.2899664120163 885.3562120133249 600.6555265910446 930.3970081051183 561.4182180942446 634.4836983703447 616.7586009165838 701.2045965466425 757.7575143844327 569.7279744596074 
H: 994648 1169.201247660568 1185.772891156215 1234.2964555089643 1150.0615131930654 1272.5360120643147 1179.383105963529 1264.7196237781795 1204.078253252087 1253.9177121501216 1194.1010865267958 1130.6627497220954 1219.607658343823 1236.5697379408732 1127.8872594101367 1166.667354887374 1177.7096041658704 1236.8735878016776 1173.7098448772203 1149.381189409515 1199.9931661887658 
S: 994648 1166.2600663813598 1181.0650034243315 1189.460733485687 1146.2964969800926 1275.2497057022658 1173.7625279795595 1246.6649435724698 1201.5305376483857 1264.0743530151303 1176.4073828371177 1123.0325613811979 1212.0490886450089 1210.0583382191821 1098.9769266666783 1159.849981997692 1176.9385598197307 1191.544903863702 1142.3958779810068 1130.1897604866956 1183.0499486578744 
H: 994648 709.4394603647945 639.4945284598091 760.8496152405378 610.1340594412042 668.3102540918771 695.3206771390483 640.5643743168778 807.0600006038978 882.5802960013652 749.7555480662065 903.6171775502648 1157.3264823348734 850.5630030094012 832.8690362028623 1064.8075011061087 601.7001324063982 761.2440468915859 747.6979822026794 737.4035886142854 897.9044893228445 
S: 994648 769.7862333790005 678.6316787075917 725.4115086170269 637.9296105458574 888.8357737849838 660.0125923958469 620.7099550679342 1147.8302044092793 815.7956829958565 604.2695633683833 673.9109208106488 784.1192381925338 765.3008115747846 678.3724485701125 678.6799415293767 771.5371112989632 627.4327569083625 587.8697542019452 758.8613615400438 591.6928846236797 
H: 393560 1213.359715348753 1183.930000904394 1290.1416725629597 1205.1152266522377 1184.224137639189 1210.9225804448788 1188.9016969193128 1196.077915324563 1202.343814440117 1158.5410156831072 1157.9638290541718 1131.8121997379287 1163.9383230023568 1174.2036446616014 1089.662298731911 1226.8814907536143 1252.9796614936652 1200.155367554757 1243.2866431217615 1138.7489221933367 
S: 393560 1213.0452031056088 1159.2244392546033 1254.975656331856 1186.5709976446224 1172.2522072644801 1200.3332332086486 1173.973617174093 1180.0120904691307 1189.6249199806296 1137.9602541843751 1161.4325099304197 1105.034917818472 1162.7418104620576 1164.473489041273 1081.5647615078 1204.2034502899191 1243.4831301812328 1175.0893668338686 1227.8649107488786 1133.3348482076035 
H: 393560 865.2741703381624 778.4134993126218 889.891875470095 707.6119324450932 720.4956127041954 781.9153371457988 636.251238378285 730.8952111271282 1073.1339010997747 890.4692415870493 801.6143995999788 612.5202142880545 606.842411432466 832.6487307735213 515.5121962051749 946.4747829027212 774.1123190796183 743.8460058839051 938.6176344676193 580.8784644510533 
S: 393560 603.8991689398108 833.0731665665636 653.9082761786675 916.6404814955915 690.6864202377183 835.5948053510282 703.5666691890522 673.2965313974271 659.6780411659414 777.2561842470732 838.1529882451954 626.2399153346279 533.4016011816452 666.7182967283676 581.120277398337 646.6093370516978 597.7349597810475 618.2519926559221 834.9654286065346 725.3246187874048 
H: 652375 1168.3416486724898 1255.757948176263 1223.516879428094 1232.8030563097009 1172.4947665481081 1126.7104514898708 1154.6264989197807 1203.3811434238996 1158.7556991417075 1163.0091661342187 1242.980651877166 1224.0379444665464 1186.9313430075488 1244.9195929823711 1122.9001341240344 1182.4409603530116 1188.574025476423 1169.3986211397296 1255.4111139568429 1164.358866010408 
S: 652375 1151.7371132100357 1248.6219529450777 1231.8937750534535 1213.7008319343997 1178.2532505371892 1131.1636309047578 1136.8615495817426 1175.0939938134495 1158.3755378376509 1138.1085326355671 1262.9997093912575 1224.736440444586 1181.1834277442408 1250.1804492585925 1101.7644344813232 1170.2500135848227 1183.6891855815177 1157.8421561915573 1252.0492510634635 1151.8234241990715 
H: 652375 657.8270011381386 1018.138443444772 602.4228225541691 772.970203595901 692.981882658577 730.2454917994218 735.2122939435748 642.4005422120499 700.0922433357923 635.9565482528471 1082.1943043058563 756.2049425717564 715.4019720768445 814.979885519815 915.3444482089335 883.9795630287316 856.9901777728585 875.177159877529 720.3206623743534 956.6483548255817 
S: 652375 810.9403255473459 751.7100819357031 877.6467763569636 684.3836282497838 524.3874713606947 723.6978446134614 733.9067269295437 943.1695316563012 847.350285286844 626.2663539798165 727.1105861495937 680.5053199009841 838.8325911264823 1039.7042728732597 869.7993096022179 672.6782378291911 838.9055861173779 738.8802001353554 595.4815918293361 765.7109048874195 
H: 896391 1290.043104668284 1228.4514856147443 1202.485177344202 1214.909734109819 1188.56676544633 1200.406566941768 1235.7478202886048 1149.609653800413 1215.5258872543973 1198.7584428522707 1310.8792580456748 1152.5899736916388 1166.282711377577 1178.2399920443183 1191.8262879413173 1254.9871877033331 1218.592449832621 1186.767114454865 1221.185413644779 1217.4681193767203 
S: 896391 1233.721033687727 1228.9909341207283 1198.353699837793 1219.7908213777848 1176.047874674809 1186.067861267966 1237.41570557718 1155.9945098355765 1213.5576355357018 1191.3650139958472 1266.5402078876975 1123.457501275121 1163.4992769525068 1167.5660777946155 1189.0770979317874 1232.3767651017347 1205.1170354382061 1181.9359191892559 1199.9992190974606 1208.1805735874843 
H: 896391 798.4126323295475 643.6960335631295 735.2026863934635 844.3863988859786 672.2346698674909 836.3356294569792 1034.8308362876528 782.5445073487093 794.5895891110747 684.7818016438837 865.5998769962666 803.3082943483294 595.4158341876523 865.243267320354 580.8718354996614 1052.2625699984285 657.128466715295 730.3460813694414 792.357544837777 792.5365014725884 
S: 896391 932.5910579312093 926.7318112360264 708.2142389849004 651.4742782446394 547.0604062656304 668.2425632929803 725.1458948514072 871.6060260911038 770.6165188985236 706.77395249927 896.1544861829651 686.109558277408 593.3638977168158 669.5244482129016 583.5790412386951 817.063190089684 663.6275736745692 702.8713139847566 677.4113850831889 535.4601587505838 
H: 71230 1211.084186534197 1169.169059699484 1180.2911687822013 1211.3901382347879 1260.1917366427488 1110.3756394855184 1200.313817392417 1133.1017189019526 1248.05142589541 1183.724797673318 1153.5849569352865 1221.2465222443013 1208.537377017654 1199.3464894228662 1166.4057465483206 1238.7370064621475 1202.3138338607546 1182.9601336533146 1241.9628288049055 1176.0889367727596 
S: 71230 1212.6090584566723 1161.86238548089 1163.2495464542592 1195.659598191744 1240.5122485013196 1099.6443100725055 1182.107024470183 1133.369241304809 1226.4921758729774 1188.3393647121343 1147.3082438477502 1200.028147687729 1205.3207032191283 1196.3868177262789 1157.8740988236116 1232.0689999826843 1185.3024639543128 1175.5994286793 1237.4405915464192 1159.042278578163 
H: 71230 701.8967164133453 653.6970129280933 715.0428434156876 617.3999419708696 1088.5474151146705 642.9795737762815 782.4712979105357 660.8284229026906 931.5738040792992 737.5890344420402 796.1543764167129 727.5611832498566 1043.7965619874215 744.0728410148328 576.5710063593056 686.2574037946002 820.7819116875056 641.0658678770043 823.5765255873036 710.3145735682818 
S: 71230 751.6784547981529 561.6288182535947 749.0592555129298 659.0846911624162 759.2987506847796 661.5066004560401 811.177141777871 622.5686237535167 831.2861423366555 659.6277095070503 831.0853562958499 675.1563791781412 887.0199269411532 699.8320020967085 546.4919915509513 675.2368571133065 635.7362825997279 567.0367114928325 731.5807514145512 646.7574036737489 
H: 684373 1195.580334778527 1130.790288805313 1195.0136859439515 1122.7694381618246 1222.866321644026 1232.6735707140492 1145.116392760787 1208.2980616458096 1209.6704716713919 1193.663798891957 1222.1860189946199 1167.8258943426606 1292.6084475702362 1148.8438685743456 1135.191555217155 1218.257155628587 1148.1475457762526 1183.8822564354418 1181.5779683633339 1176.1157225901802 
S: 684373 1189.9964053552656 1118.5654155506568 1182.9847555925603 1115.9210956576642 1194.4719807086362 1233.7871252756252 1136.0329998309473 1201.2885407231083 1203.4788140656547 1196.9975323768922 1207.3966728938274 1130.4792459313333 1295.1135850010664 1144.0563132781851 1110.016281838969 1206.520315321378 1141.1504804959536 1181.0499623543194 1171.0288293842245 1179.0812856214638 
H: 684373 759.4681769659524 519.2418829392203 773.6620039972462 671.0216128381211 989.7437650286225 766.0190426545279 735.7870788046547 1229.5010660001585 874.1997027763083 688.144325494812 900.489581826437 572.2837999508889 650.748481188677 603.9985206726504 781.9005187280558 801.1981333023876 561.2625098725163 630.5859798073217 605.6926069951434 559.7648167780103 
S: 684373 748.3552116249854 546.4838393518833 708.1887352929963 593.7856634796518 708.3700740836308 917.4254121760073 540.2604725044023 816.8680695364137 582.1340730101876 831.746513119944 620.472545148173 635.7635259038396 514.655853347943 613.7707755586434 668.5535369531427 942.387550121113 656.0803331748956 536.2470644903977 817.0737603129126 626.0323124896084 
H: 452007 1141.8072801523838 1138.3524685794946 1147.5123919499656 1229.7110471344329 1195.053903739815 1148.2503275614426 1207.1418536733272 1188.4981192390906 1201.2473418570214 1239.2665116644812 1198.20199966524 1258.6156056335608 1213.228947757745 1233.4029263989546 1176.7086365675232 1251.2307411851355 1237.322316651244 1198.7680917963503 1221.7153138803908 1289.1386250749697 
S: 452007 1127.9761507866954 1134.6648050647418 1167.9315532836147 1240.4275694757707 1180.3966659531186 1131.0025986394774 1204.5261771660919 1173.0159638108416 1203.3241712111324 1228.791659387681 1190.2338882147535 1216.9617505545602 1200.5002341068107 1224.0522696679727 1158.138674705203 1245.6211500394068 1217.2366767254337 1184.2619805964714 1243.4488769753266 1298.2554694757039 
H: 452007 663.4852914371596 779.0918634739542 596.6343311323848 652.6062119645568 608.870183551558 701.9477036360666 631.9893129346812 787.9100528687854 691.7729257550136 1270.121380512155 860.4306475996142 818.0551974665178 738.349551815273 677.0558599833461 575.9768160921838 777.7002261564454 721.4053417359922 667.2471590832721 713.1326133107307 777.3745113045818 
S: 452007 571.4338358779872 632.9200744002807 608.2549190016712 670.1838201466171 615.7045278201285 718.7337320052015 545.3133485966488 724.5297916197565 664.0415914230265 709.9543684628014 743.1491649060193 677.7892878666856 749.8164253778357 714.8908027655646 688.8887381085543 776.5969266041108 618.8331282465275 712.7376511908421 837.907565774163 629.9651720016096 
H: 979003 1207.8350908708965 1199.4897905371752 1201.0827112146696 1111.2042131477967 1147.2688881199065 1143.0221751647953 1252.540613637552 1113.3720276689203 1204.8300550987433 1161.957862571984 1219.2584253760183 1233.6005195855591 1208.1106927930798 1254.6137848552935 1184.5658004309648 1248.3413701313482 1171.2870910338067 1217.6930879117112 1187.8695764093575 1195.354629741992 
S: 979003 1176.2173247203202 1186.526816446082 1180.5872923083923 1080.744046100847 1138.0804094976631 1140.9710480071553 1242.5791791119966 1110.528424396573 1193.8978387613367 1145.1097887875476 1196.039230432213 1206.6196227656446 1189.8828782294977 1203.6397132874984 1187.1374453314245 1260.6545709323552 1136.1683882365505 1187.001333483894 1181.1609489072985 1185.272064387818 
H: 979003 758.9677979826134 595.7590537701145 982.0617212777214 757.0380548121796 584.889806077993 744.0637072931045 901.7638797854501 801.8251188734249 714.7806221749768 689.32016854971 843.8637424071777 882.2718133313787 749.6320863 893.7216881275762 874.9371185545745 728.1445658213216 696.3380418378058 613.4455634508357 540.7761100935594 669.2549316460505 
S: 979003 671.4820015723383 595.0465751226953 877.0949757440629 676.3262423486271 596.6955876822338 802.4140745618112 852.0771274544097 867.2962426235689 781.6682055328408 711.6038085731053 728.4323644398476 855.4722695099172 781.5210804572547 709.9929657245706 881.3915898477851 596.0662619984219 564.4865173355531 666.9399025189372 706.9616990360247 651.7586722619941 
H: 277699 1239.280834761246 1150.1697430045087 1273.9636743941928 1255.6216359370976 1274.9557372248876 1265.588272274633 1220.4876753151007 1101.7836487394484 1176.4283522045903 1209.8364909327775 1161.2614366950468 1153.979485361148 1177.118622735576 1251.929267088558 1201.0985099291427 1236.377900540989 1244.3728810299172 1213.5152663968167 1211.976634027585 1164.2324976467014 
S: 277699 1228.4980113147437 1141.9269201227296 1238.8330325035827 1230.1531488732865 1242.952067033957 1256.2884243288304 1208.9254319972467 1078.7616701070003 1162.77978681127 1201.6674027128474 1136.7096245256128 1142.7872836518911 1172.7528529412239 1227.707844652291 1185.9454395868477 1226.5934478505808 1227.6741571476093 1194.9612207524644 1193.479133772542 1163.0807655765673 
H: 277699 809.9172085746753 622.4939189608942 927.3087210466518 716.492069912554 800.4251428654283 896.7377876361251 779.1735345013003 717.7811308074882 672.5211353663539 722.6964987433696 757.1035688117109 797.4445994302025 633.7791923704486 957.0409996014882 676.2022382850997 985.3492817013121 1143.762714137483 806.3860744065807 614.0740534245343 551.9833895757857 
S: 277699 692.1174689001945 667.9318386346401 868.4097498764495 638.8927252049774 790.9523642401355 827.4896216872296 764.5733829281229 663.6696460349885 722.8511200010703 768.4865030799737 881.2710556871953 795.3462211209102 967.3001878676758 765.7462744705887 541.019978164251 571.1471791804385 790.0615854188146 673.2970458621211 724.0728782187784 551.1479140067996 
H: 885395 1199.096405974679 1203.7649775007214 1228.673059776009 1196.0643032183737 1119.8526701708 1260.431457463738 1173.071587509224 1202.8137453883833 1185.392635416862 1127.2342506844777 1271.0925049290058 1077.0094441684064 1203.945192735825 1231.4116274936525 1100.4919925451804 1240.239381466205 1258.5559792888155 1178.9308208399916 1197.7549246382996 1089.4988329336336 
S: 885395 1175.1527495409734 1203.784014474824 1193.5705371933211 1180.528979442515 1124.4019147499448 1249.5244383823429 1175.8542850538413 1232.1304570257994 1200.5183907285418 1156.322352498141 1261.131433111794 1070.0644778109418 1200.966092061763 1199.0888564217748 1095.6838004007998 1235.9604442711525 1223.8314238537325 1169.129410165344 1174.305668158034 1085.9176049252176 
H: 885395 729.4061411067938 714.8060558979557 803.3518130839475 731.5679735118065 816.4711116274964 899.7018202836382 664.0744089685913 598.6983656276984 893.6515451028632 769.7989477812032 700.5777776753506 598.6763996875953 1193.6163872328796 986.0320165347971 562.6694858014857 820.4605228019924 726.7642224490413 633.9445355492729 557.0319726583427 722.1557757319547 
S: 885395 693.5837534738343 670.935360036595 611.8727823547133 731.5978353322699 490.83183396652373 687.6106438810028 724.1185187807756 801.9823065219513 630.6177085483617 638.6832254435989 655.3605161129351 595.7602168872311 630.9632270070715 573.1308244157344 592.571682083696 846.6238833730686 706.3254823641872 565.6600564545173 511.01818433259206 579.1875343523083 
H: 910503 1152.0637702212969 1174.9008131829391 1215.5026297516135 1317.8161617224303 1192.628513101902 1205.5768732879244 1164.0448788049096 1162.2726513673338 1143.9650117904057 1176.0950390370306 1142.5814104190254 1172.0263383061688 1207.5211172779157 1138.8596632156145 1181.0707650969914 1234.7303842874278 1217.2044445364033 1215.446547099917 1198.7140214926305 1190.9728062047773 
S: 910503 1128.7836290768264 1167.5641013549096 1195.1834437261966 1299.3371537714854 1191.561068765319 1172.467087857452 1176.3982573595395 1142.0386372645082 1126.9849751457361 1186.108511288479 1140.0011329185975 1165.071244409954 1188.5005104062975 1110.6121227696935 1174.0322604548567 1219.200262565627 1226.66886002866 1184.3915505998295 1169.1330873625745 1190.3437141016987 
H: 910503 650.2643547496182 703.4212156029137 1031.3146235303134 870.0539043315279 656.7326949653614 863.2990618911269 707.6358925341966 913.0541545965708 540.5813956060194 759.5175124597268 697.1848847166184 680.9768933803242 908.7593141358491 1031.5725337873941 919.8469379740683 709.7082092002669 618.8287701831558 619.9232216401343 720.6475343048945 664.25937776202 
S: 910503 834.0266183441587 736.6674151268506 820.6274873902304 870.1803462224786 808.4339868969446 862.630846312076 590.0669077973257 860.2405912491314 532.0149015974984 850.2787494406529 742.2177725189456 679.2959714994946 713.58139267146 1008.4026222928318 659.6232101008561 720.3521289785662 545.3823769288143 571.4138992078879 718.8816953762775 615.0910857516018 
H: 477560 1208.8142260358675 1249.3734081613923 1210.200570959866 1177.366499775436 1179.103595759501 1173.2493722454494 1209.3575611348717 1179.2807519429398 1205.6180447749366 1250.364205610227 1261.6077447451448 1245.5207015285741 1200.9527934863313 1337.3293449869782 1243.3187348080082 1238.0395261112137 1266.0869748498353 1123.8233858336666 1243.406345790435 1202.257762684684 
S: 477560 1189.4205153628984 1216.8631640330002 1211.0766758154857 1168.5082124481041 1152.3196681968018 1153.9718863495889 1182.4792156549572 1153.3671209233703 1192.8727306438857 1262.8044457027138 1237.321358231457 1210.255616088077 1217.9879344493365 1302.5773956654161 1239.678095798608 1227.11490348226 1270.494162187433 1111.8682292385822 1218.1940793748547 1193.7287340870341 
H: 477560 778.9409232433381 1010.4102170128626 937.1189687806024 798.3506869796952 808.4365952483597 579.4555434008372 703.6734721382458 909.2444500326837 731.821155449766 1020.2926968663168 733.7392408348225 996.7500938925099 874.8970888734784 657.0489294555042 803.8744986148771 689.6011265410809 683.6383109905503 627.0436641408886 744.1944751084111 787.5307761701962 
S: 477560 814.5984004232911 783.8589719411983 674.162387686631 637.7396258538062 551.569500718589 588.8736046145193 501.1874303796243 699.9471708480277 888.2185116985909 911.2083537647607 595.932752235791 673.4308593248154 828.2066787352425 745.9426949444156 537.0796922714611 684.2148932991573 682.9932018597395 712.3421647198127 640.1374852791599 649.7191217619011 
H: 801968 1206.0924118570476 1181.1888504067485 1182.830244736641 1141.6865718866595 1205.7945488493547 1214.12958405881 1235.8452731029831 1236.4253994260096 1165.5679064693431 1306.6441761549327 1210.2241512598932 1138.4421614255318 1187.056584568 1193.334038953119 1261.964943969346 1203.774829007933 1119.6188205886272 1279.053322093203 1179.3998051287726 1204.9250392577383 
S: 801968 1192.4702442448884 1151.6823688800728 1198.1208981744792 1124.1749812217581 1192.8646619709305 1181.7785535615897 1204.7849105970242 1224.252558916818 1155.435899947934 1259.456968662812 1204.3319197753256 1151.361055782019 1161.104918178409 1155.4551803378727 1242.2310523597716 1203.39554701057 1115.729610559975 1257.0099762432305 1180.1850927464686 1191.071194088284 
H: 801968 590.5115559694814 769.3706321588857 634.7209202193013 675.2233974755777 861.0806776767931 712.5802059936367 726.954580611849 790.8988374896948 666.5875550124531 664.7455391600121 763.723275676789 559.3966240181838 618.256593888486 637.9203812198291 652.6135997136481 755.964926163111 819.0334083651222 895.7912579413259 691.0000225124451 868.2755163064086 
S: 801968 654.2649393755428 639.101608877459 634.741524368322 821.0745557888455 943.4511129263437 614.9325832385676 801.8272090726437 874.5576547016794 701.8608750019744 565.6611487419315 754.4824466999887 588.6434294483248 520.3482438860743 580.4413688789425 630.3096192246378 656.8419856635188 788.1289765296419 723.0445625330215 588.4038073337954 774.9357949706093 
H: 790059 1151.2694863240358 1229.2364228744807 1181.1732560923697 1181.983209211221 1245.0582981424145 1226.743234838437 1190.2441216373973 1192.5218264647053 1284.0128261812742 1146.8332971180255 1206.4329277089175 1213.6041697900723 1188.5190828588327 1258.3170294967065 1193.043118240583 1250.5391565803527 1168.304272805881 1225.2149082868605 1219.6285809082478 1203.2454139102188 
S: 790059 1146.498239225943 1225.2398199005693 1169.2500680606154 1170.1163147589273 1232.461780242718 1204.8273018671005 1187.8810785969727 1174.349852763574 1278.6624355581655 1137.018666572515 1198.3539485368813 1193.0612443392824 1158.9298373289423 1243.4870593183896 1185.4435868443923 1245.0069291750972 1157.714070961498 1200.6901929676542 1199.9565532897404 1174.9407817255508 
H: 790059 991.1560028282707 782.9498773928223 622.2989815650656 718.9590316001074 755.4057151538681 896.6429240987856 728.8843167343629 1048.7068834276747 727.2260003224618 610.0842602266606 793.4139196014677 743.765961365106 637.8933871594508 520.2638404386647 822.4394803843616 1087.6859565305997 733.4985047987888 647.1473544677651 666.6446874794885 908.8685047639805 
S: 790059 774.3563244906724 712.7104031538194 563.0316649170201 576.0798179644756 550.3601505757663 836.4738653315882 881.4691855863218 837.8344414923015 524.7519231579652 762.7965942779964 795.550693196714 662.6931067321071 686.82431414042 601.0284660792588 854.8978848912748 755.0246257134949 794.5080924337051 567.5445102185114 585.8151969533137 685.9032563278095 
H: 310066 1129.8902695591944 1157.287109703617 1137.431449305925 1243.7921170017598 1193.724753791721 1220.037123798002 1185.970017306209 1134.9081626488228 1205.6722249771276 1199.2098036925233 1178.9427735565723 1186.209449224673 1188.9594478667832 1147.4042914035442 1173.7761165762179 1241.905043948009 1224.9593508760152 1169.5249069362387 1094.8834370360557 1154.5021868295214 
S: 310066 1143.8658414665006 1143.9302798920462 1134.5956801409254 1214.4062405209283 1175.0451022442355 1206.8516022661695 1158.1593840550108 1119.5257830434787 1196.2647096707358 1204.6728407827634 1162.4202302250062 1175.0573835973692 1167.4708937854455 1133.5226258237935 1128.553081330521 1212.3186418138628 1228.1536375017492 1169.0040595814864 1094.9823274831979 1150.6086175260975 
H: 310066 757.998064052136 668.2786830826466 706.0567160550488 1024.5289311280726 1107.3738733975504 821.8901616787756 805.4971746335459 805.7746096944055 721.9282054434204 764.3498571941496 870.6848940555069 767.758797804739 893.4804499030855 901.4724176095066 627.0898646639384 945.7786406435085 944.4982112981869 861.4695776219968 654.0077995252295 685.5963676913957 
S: 310066 615.6370794676473 613.022048116484 725.6711981080578 949.6649139893007 815.4799026030204 905.794282345252 602.467634863432 815.6966067936474 642.0541731672442 614.7606221629987 732.5412473737852 886.2558070835536 674.6193549156421 753.3272453356539 650.3612050808464 731.0985448321195 727.8325571019784 697.4582606032443 593.032879393043 594.4519003402307 
H: 170585 1184.8943867240382 1217.6381677494571 1134.4051534007392 1218.3038554053724 1214.9230547754278 1153.3801592558302 1244.2038228963402 1196.8348835355712 1147.724912771795 1206.5507753787017 1177.8952494028415 1180.2813139786965 1158.2827980106988 1215.7623598487169 1176.3263711092309 1192.6360174366744 1176.4301663495078 1163.8138809375969 1145.998802647588 1164.5495125969528 
S: 170585 1149.8569435273266 1191.6049955277656 1129.23182854356 1191.888317925421 1190.5092492923359 1145.789368392584 1212.9878403696625 1167.312071033111 1130.858683744295 1194.9962171822629 1171.1482099809893 1160.106484562358 1167.7695037099247 1188.7978907486654 1167.1874419118878 1175.6999312957057 1170.6521821693818 1147.3813098337084 1134.5844194162971 1164.3402977584126 
H: 170585 783.9903387406916 737.8363305184664 689.2099462038727 932.7334529794992 645.526378019038 989.078693996438 742.3559144739454 922.6646755141335 745.0269369717342 660.7703579947503 701.375082456975 702.6679890847306 605.8882367115145 813.5194444631019 891.471395060104 516.3865147842614 733.1969361627256 675.3226096391643 770.9869420002632 917.1425248891406 
S: 170585 576.1616909131027 654.9354817600326 572.6274296054374 667.6695986488886 673.8660970341875 858.4340320682495 700.5510398000368 712.1248186378054 590.6863913617982 666.288963514795 743.1753300858103 670.4913867265915 548.7674760585642 700.1198844555558 971.9148862976649 666.2101076628552 673.3411832620122 600.8163610398724 523.2415899036404 585.7127271902071 
H: 213537 1212.8867327855496 1201.718845831387 1138.8311928467122 1121.3713183939053 1148.4542682575805 1199.538575465857 1131.5664942628534 1181.9016175522386 1173.0956882791077 1221.1955159672325 1247.9779087200545 1184.332203834615 1216.4389361739295 1298.1179993909157 1211.5823028330176 1225.5464527810818 1247.1572621207056 1076.4547335447803 1272.9660916678963 1193.4634147376669 
S: 213537 1208.3575503787918 1181.6525467217966 1151.0026854884525 1120.263863477131 1148.8108377202968 1193.3048194622133 1114.1531496993657 1174.936983837298 1168.0382434712176 1212.3450684632226 1224.9090284167357 1163.8730235976577 1206.6579743452646 1263.1574772955698 1186.4764202612475 1219.2073688714036 1233.0159434789298 1069.143804128439 1260.1373519079646 1179.296091457025 
H: 213537 820.8370171017073 560.3083434478096 777.5349491984596 931.2168979689376 609.1377259529316 655.2268347715506 665.0060391001782 909.6289031264895 859.679198361555 588.8436763811882 803.6318160395856 643.763278875842 675.1872313323026 913.1410313856776 1022.7154918995773 785.7278097553415 1081.0295122026794 618.3026025416425 736.9287001078063 877.3025258667332 
S: 213537 669.9841957443654 765.1434903356085 825.5802370987676 687.5802499644825 608.0211647464945 559.0956790122639 525.0476020286465 604.8171976914756 766.7147378440172 689.68249696997 1032.3675710108091 837.7928729068062 545.9366214142761 684.0672188997912 843.5660941999513 592.9769563833629 725.7169423888248 651.3135236640759 673.9486258255395 709.3594945165482 
H: 365175 1117.377491420085 1187.3499859877886 1198.7602672894516 1173.9486426769047 1194.195564729913 1145.465301311737 1171.7517450949483 1149.2046826696155 1182.955025932815 1273.8465986328663 1198.7124265520238 1206.5760491459973 1203.6670421220588 1267.5440788223698 1187.533588683272 1107.412009135934 1200.010196868003 1165.1575072976107 1150.4690078165652 1195.1568677593532 
S: 365175 1140.7422197983474 1168.5313442917106 1184.0347443934158 1176.1910783672022 1181.6795332530505 1148.9945297667068 1161.064210641954 1131.9462342422182 1178.1869495010183 1263.0087776114385 1233.363751425152 1194.9288266144517 1193.876749431267 1241.5674348985167 1158.426210012997 1087.1804806668758 1182.9535450034602 1173.3969831770555 1117.1982045233658 1189.1007424525908 
H: 365175 892.8297750179092 861.3966269371284 781.8806026415295 638.955839646473 892.0872940141448 872.2743660694773 776.0829273862375 671.9147705222014 710.1685249620758 773.4215303399317 671.5597679036434 990.9026002621448 651.3484837479726 768.9004003096525 701.7196598489328 815.7724986944248 748.8477075503208 928.473956021993 671.1218036230404 771.5400694495241 
S: 365175 580.4911871670632 811.7530740871595 570.6478423692795 643.7266688467673 707.6356118862406 695.4992542032592 817.2651091914101 597.3842988452681 629.3694560449334 876.5163533713807 615.3338490764164 753.8170950872329 751.090260208377 710.1486926634676 551.6538504372086 606.2239624652537 871.9743621988318 642.0943145042095 570.1787313420223 676.1989730766779 
H: 381887 1260.3163420661415 1208.0457753234502 1185.4047288869515 1215.4422770701108 1139.2472520153144 1177.0125241166847 1173.0646901803293 1184.3564483425503 1103.7779338234607 1158.0983534357222 1127.1527426280093 1195.7062055154774 1166.949766902185 1176.1276311643828 1163.3215064525116 1202.3214934912885 1180.4526391156196 1197.4867601378633 1186.291608613358 1228.4123207865175 
S: 381887 1244.6505622882876 1187.9471740068432 1185.1683937598084 1209.9508969042522 1132.9466339961323 1153.8856087491183 1162.9258144211356 1157.7000264511084 1106.995093147136 1147.883162459515 1130.9636025899417 1175.3587228938463 1187.270955924302 1163.9990706123838 1154.3250918762103 1200.3681992532333 1178.1420067368838 1175.6672585750628 1180.11522340933 1219.5036929177768 
H: 381887 829.5172246649422 829.2056235151845 655.0302151914215 684.9842118735909 739.6332571234294 640.6831453128465 651.633472191911 922.6407959924767 1017.6870192604479 706.0987510420637 686.0693220753443 578.2656101992446 797.5160408878237 560.0863388055419 809.9564603112331 822.4614540855453 757.6944374499456 575.9163109243237 720.2990162597368 799.8054504335665 
S: 381887 961.1958430763318 751.3442974082013 748.7238205848381 611.3649595678397 684.3908463250191 621.9340136188933 572.2140091048635 954.4165466835011 595.8514377762915 719.9661872431365 630.152631805243 637.405784085163 758.244789674548 636.2534376129373 748.5608534839776 728.3711450356458 661.1869597743408 606.4632221367032 640.9093779129071 692.9780582179574 
H: 475182 1199.1970157320475 1207.9866680844987 1231.1009851095205 1276.0588950291014 1219.1480721695593 1226.9207647262124 1085.3570879832716 1215.7430212170707 1206.092968688491 1242.151504458347 1172.8023716828552 1183.0690458518077 1221.673231072837 1228.3142947846602 1289.5404122106866 1183.3499948440399 1126.5361567808804 1203.8243352958325 1208.843303894079 1294.5448972811657 
S: 475182 1155.7138020306265 1199.2007829164809 1209.638320748478 1240.1013020126195 1203.5391141604555 1219.453716412513 1074.040771433724 1193.0278978411825 1203.4517204762274 1195.8174658389555 1168.13126090208 1196.428295514199 1211.2675791193806 1188.7241051439817 1253.0846943886218 1176.6001877568654 1157.4974092163002 1192.390220939704 1203.869253808066 1261.3942068643748 
H: 475182 593.4714581199188 572.0932940445049 676.9751520450304 797.2196097489724 829.2023190366955 688.4016034697229 721.3084837588947 580.6807196901888 750.1360191930745 559.6288471202173 710.23083748854 808.8540221021327 749.6139928956519 935.0016377619693 677.9537898361571 591.8605564895173 758.3210248637243 884.0640694224024 1046.6354042800644 1069.0297633803457 
S: 475182 617.7510885915749 679.4410740625225 812.6475329333933 738.5229931908984 783.5443753787908 737.3674254549119 748.7684138420816 703.5490834162584 656.0276407945972 760.5693919317276 610.268830181179 573.2663162192284 739.404852667538 645.8869082225781 679.079366900483 660.2406451829683 662.8059170452577 589.3500003688522 731.5820045428525 969.9587749663616 
H: 913508 1226.5868594835867 1194.7432196907107 1168.3934493343936 1162.5026956161803 1280.598100480018 1175.5405752770207 1235.2288085424764 1147.1799442420916 1157.615730923559 1234.8982678610932 1186.032777541956 1159.2392534257463 1271.4806840999597 1200.0402956274334 1182.6337057498245 1161.7859483772397 1121.054362095758 1167.1790462076322 1186.3940361840232 1235.1687038796883 
S: 913508 1200.5997720998969 1191.9801297358183 1162.1426443248101 1159.3661139851206 1254.9286616199192 1147.091256389016 1234.6530019479915 1144.3195790239622 1144.3309821791881 1232.861515274126 1173.0055690839922 1180.7187520340099 1261.0908008349727 1213.5036791729926 1171.5764360887115 1137.912056360884 1109.731619540973 1163.79420717129 1180.8710026019164 1205.2888646955025 
H: 913508 892.0339501792031 768.5136507448827 736.5926136561134 804.4591810776543 758.3572885951479 927.6673881655843 1035.0849307302167 745.1799839677969 872.3236988014168 855.7108362432626 632.1150538014097 557.5630212043532 1082.7900680236614 861.9840767784344 671.6669547418795 649.5246351760372 715.895376221678 703.840132572373 785.0336689873205 969.0844316320488 
S: 913508 746.4924084073407 734.1912753079928 632.1960992069249 570.7633438911064 900.4612555505253 820.5003267110148 787.3803235283547 683.6682869601941 640.844946520741 798.656792536587 866.7773812235337 710.2943221803451 751.4845550591367 747.1063287337244 783.6017607018841 609.149908620515 675.7432979108037 615.9228885556311 641.3504018385173 676.2927426524549 
H: 448293 1197.487984921545 1188.9147219108665 1149.6109939708635 1159.9729403576464 1269.2820919454464 1166.9448623468074 1260.5005028135554 1178.9995076713442 1239.0257562766735 1200.9803625461811 1152.378600733219 1169.445971344108 1194.0808905950175 1183.742074368271 1170.728060860908 1140.6781110394295 1204.04865239963 1285.3983523237998 1261.466936175902 1120.1890415237672 
S: 448293 1185.4818487967473 1171.8871349935544 1130.7487773599953 1165.7087215733657 1236.9936355897055 1160.6834065394837 1237.190969361241 1174.5579269472616 1247.4112868324462 1184.8989523718878 1137.4087619226837 1161.4648229729464 1186.567201076658 1182.0574318107597 1162.5808774764735 1139.8907611833215 1187.0113098614622 1262.8737569394307 1219.4145351660163 1117.0547975275724 
H: 448293 620.2911841633514 743.6142770975665 582.5972299656588 946.4102476761256 987.3650199158135 651.7246396838301 942.4529477252274 700.1037434920264 1039.9666225800163 678.3079980431406 630.5064281718242 604.1624870746268 817.9272240011345 671.0600309235354 667.2391634469064 684.7913752420654 896.8047499863197 868.7316265157588 896.998335608919 808.6409365306897 
S: 448293 707.4164021788365 550.3622276543789 651.9402568006388 651.2280616480125 804.5999418267562 596.2243299679864 762.6220700737508 665.2232726997773 784.0836726388967 554.5495912879279 634.342037289995 629.8296866475464 705.716771470704 701.9485878643417 604.1003724602014 704.2858629168667 830.4799388974923 687.1992657450118 681.9637627550109 765.5422344896295 
H: 870968 1124.5965955178042 1212.253761305286 1084.4914207854151 1243.0864483829007 1172.8296272284313 1211.8549820506892 1195.4016810854894 1185.047637591511 1155.27242409195 1275.0499723403825 1184.9949561337817 1198.1105262731323 1193.503812813581 1150.9512247285693 1193.693102906804 1158.6969809770073 1290.4130772514654 1226.3233242702015 1234.2071391759562 1225.9301885399454 
S: 870968 1129.915752534158 1185.3500671068678 1078.5144510393613 1216.164077254035 1170.3005506215527 1196.016034587157 1173.2944410895207 1181.7870571799153 1121.5721584286027 1259.097677308112 1164.5660085431437 1185.9255612408704 1181.1858588513321 1138.3878240733409 1180.7503966573922 1163.4212739684178 1220.221305541426 1191.616599394968 1227.6641199731987 1207.0607353192586 
H: 870968 693.0488575760118 836.6648758221149 785.682891595434 750.866014606722 650.1480916442703 650.458612867504 686.0927898051146 799.2041094848449 713.8302300682702 987.3894537535316 857.1569364286186 682.9272134217712 724.6785132833234 734.0768998413971 1222.2602295769016 746.7101265714974 682.2639477438676 815.8942102456152 843.491871235209 705.2919499285622 
S: 870968 619.4556677863345 711.1987373343 556.8484219407122 653.7026572531851 877.1944675779056 649.3461259080708 648.1597701880381 766.8480627452266 672.6576382589412 726.3092045687682 741.4447705304462 784.6800820559666 799.1871726250721 683.3404084052189 842.6446932361896 771.75371358213 845.5058375156041 635.7685039672647 794.9910075036311 795.0068168916973 
H: 349668 1217.1594634132334 1197.0579696015332 1170.6794915062833 1175.1844127579657 1204.2468159668247 1186.694129887798 1152.398775451785 1207.5313658028317 1239.0597706700923 1192.0419842488336 1205.4680269220821 1252.661701803362 1229.3685609159907 1181.5289319714495 1275.520605535673 1177.9962058384804 1169.0139786005543 1245.2345495511897 1192.903429441162 1116.9139755836593 
S: 349668 1203.2534880011406 1184.5379239033773 1173.669071635077 1172.439428539904 1191.2750778190882 1171.235196631307 1150.8799416497106 1197.3727618454109 1189.3830502765184 1192.0893648563906 1193.1299268978062 1228.1448029535663 1172.903809473129 1147.6349418137104 1218.4062226643819 1159.3480444385839 1152.4334029174436 1230.5985247660424 1189.7039924310834 1105.485919421767 
H: 349668 683.5874005147939 863.1750722599002 622.6676022367703 808.3008776855976 670.5460162467363 862.9312340150838 650.193838589519 736.0007792454321 782.4994755671997 661.1559950639694 629.2351042470401 1033.5336563331944 764.1975313852511 808.9278953424366 1009.1263861236829 947.5779696159419 752.1323400480702 728.2358385328221 721.1737295588965 691.1210871092247 
S: 349668 499.07985624650706 695.5232544935299 580.3727398140537 628.829759897237 796.9845897279785 624.7130106305844 552.7772954244635 747.2461678371731 839.2356007598228 536.6741161237929 666.6087403398965 1108.328985590159 657.4092203087143 677.1572877086008 1011.7677498649225 811.8217096227719 669.7099848691579 760.378269130864 678.1810073329237 615.2914150092301 
H: 267627 1221.5177886669599 1210.0858549297848 1199.1820969708801 1245.699305918142 1206.872106159517 1225.9682862280308 1290.655111540126 1121.9400205164097 1206.925485103673 1239.7033529144103 1155.363841876185 1161.6884767769764 1194.2762363643214 1101.7637686116625 1255.7281745114287 1202.1794162880067 1155.7921689818727 1168.1971398533838 1260.6016063549507 1204.9096573231363 
S: 267627 1205.8571940069069 1212.469104867116 1199.6900018682372 1234.6478317625954 1181.0838863629665 1202.396620222785 1238.2669410980423 1112.7992161325799 1174.8028303056171 1213.189597892315 1140.9405736976378 1148.2039051943457 1183.3945724385135 1097.217058897684 1261.2621622590666 1204.4511359154571 1139.3655238681865 1176.9157648327105 1231.7041870400758 1196.8634963652319 
H: 267627 849.6708627960174 844.283380899076 950.1624969347924 648.3730122125423 657.9083370109845 889.4772047610072 776.7032605520526 768.691618379348 699.7809871794406 736.2571820699198 841.2789573863674 759.7739126779576 683.7174672762691 632.0707703234259 868.2779459833093 657.2935358179196 833.5725668258607 644.8474916539041 682.2446405362256 587.9663104716129 
S: 267627 771.3358928118538 702.8868161027804 762.1138515162256 706.0568776275919 587.6542702124963 851.1109552767576 909.7378232881682 674.094194584381 557.7915382273319 623.505420880773 819.7985598117864 692.0591825279814 636.7490766727647 658.6986704130487 854.8880342738231 690.6688922223543 787.8855042433789 776.52683724657 626.8398257312302 620.4154557525364 
H: 229206 1137.8655813862104 1144.9898618844522 1154.8619997588569 1180.8279875026772 1182.083829093515 1293.2346362465382 1211.9938042280564 1146.7568795970217 1258.057283348128 1093.3667930378626 1243.1772492079774 1223.4573979640584 1165.8334986210941 1152.9416256313114 1141.516235252222 1144.3846069164351 1227.3330055893075 1226.4297200286785 1194.9723656879246 1194.7058188526858 
S: 229206 1129.9784063216634 1120.8907214344915 1138.058227930553 1157.1741318962947 1168.5876359952722 1236.0724717625492 1183.9830757389311 1148.5114366760854 1258.950413503434 1105.7016078178178 1225.7754768149473 1198.6671867314142 1168.2810997191127 1131.966581080245 1124.0866079149284 1130.469730492558 1216.3846672893012 1215.9774669509015 1155.1834998926931 1192.3894296505935 
H: 229206 649.3334792779773 580.4036905070594 590.9611244423522 748.410928888783 988.4151662887647 668.7278298521843 511.80113893381065 888.9968589504193 873.9488199451132 607.6895336649445 572.7307756887363 663.0756450968311 698.3317937214372 663.0670656716063 649.8173733953852 802.3699949542678 600.6821678454876 781.1176885727702 623.0536794542779 754.2740300365755 
S: 229206 877.7332436752771 590.483578406175 735.2330937281521 724.1532226695292 563.724250617145 825.5187674106122 641.0406075950168 778.9037616785289 880.7280657162801 514.9984754302882 857.5906548001113 780.6116101539448 681.1514727485059 581.0159643871199 731.3290692530727 548.3401177338873 820.876597689509 614.4162684996751 587.1787973830769 887.1749816156639 
H: 232874 1164.0933489849456 1189.1932999211053 1114.8389496702239 1199.1677255601383 1164.1098406163603 1136.4173318231424 1214.9053204209347 1134.4296580486505 1182.7965643612672 1210.5283685214115 1233.1132604579584 1193.1614117286183 1171.1335213481314 1208.3369750073707 1168.1050666605413 1247.7271562263302 1183.5317381608947 1159.939173372973 1225.1759720643315 1227.950858419061 
S: 232874 1160.6081896642531 1161.977899250573 1103.6820555150102 1185.000346618366 1159.1677482570292 1130.2522657079376 1197.1502535872244 1138.7799813088725 1166.6126048763258 1182.9321011885343 1223.090848836436 1157.3557180060195 1159.7826183903237 1173.716108264954 1146.1158570414802 1227.285314474338 1173.7216349682285 1173.4276088588165 1196.421454799655 1196.4578510470378 
H: 232874 692.4050093328567 684.774273817346 703.6416693745794 1068.2848931460496 850.0753543305462 919.8868195368894 672.7131778880839 924.5016419270487 705.2493447642031 749.6327305165826 1185.8138997212334 702.0115087585958 641.2127044694315 822.9794918209938 821.7500023247937 722.7608455293642 654.9748184641194 680.5207896630194 819.5735160451044 777.1312497308026 
S: 232874 762.9490917940415 792.736045153406 748.2296960673804 872.6184022126344 652.6032800304694 642.3351813863666 614.6308970934637 788.1048337821685 813.4278391169488 821.8570390322891 749.7916087122171 846.2002220490479 608.1612172534432 830.3558991875096 757.2622737451899 878.284366035595 656.85786456679 749.295029248536 818.666648106291 730.5459078146444 
H: 230859 1187.9243796875576 1213.1885831877141 1239.4445951327764 1212.9559142355529 1234.8483175732017 1167.0010513321483 1195.9469645801178 1187.1812817974073 1204.8719143178 1210.6591962462508 1190.1377556306413 1267.2590006289036 1207.9328202924091 1205.61560327213 1213.7095981304294 1198.1525729542316 1238.6743939831376 1206.3367713139453 1237.6226933507742 1279.5469750836553 
S: 230859 1204.9384391902665 1180.182462949111 1239.1843902511348 1218.668904309959 1200.496906251197 1150.994289726957 1189.1711642072773 1167.2358465902703 1210.8155036046287 1203.5930910782922 1201.977461273684 1253.9146560402885 1194.4054970687712 1185.2660501749458 1203.5061689186948 1211.630400286257 1211.781338967487 1205.6480030634048 1222.1349350382698 1275.4198634270156 
H: 230859 701.6793873719025 773.584979985012 974.7814941915573 863.0665253758059 831.2062697050261 888.7496012696437 967.0595890965915 737.5009897787455 908.7157544807706 861.1257207442137 865.4287813839843 720.7048329875176 1019.8666942194046 719.0082534858909 783.9854170346713 637.1689943310682 850.9666123261164 735.0742914074514 804.3647005828017 946.1461521847046 
S: 230859 670.6933223138856 557.8169233965295 638.132113655579 736.1544221262396 726.4503419120896 867.0791176328341 943.4248063577007 638.2479800076878 582.7529059423516 663.3683630387769 946.0167789100311 581.5628787038725 598.0845745911913 620.4451865168974 631.1313184404312 648.0455862345651 514.5759441852006 851.540061833369 700.0662453204359 765.5882135984299 
