H: 550988 157.96827004471373 140.23298649089162 131.31228202363965 150.67494308867606 145.58372900087625 118.33357107676366 131.1362843321639 138.9846361279436 105.07191819610108 146.62596385779167 120.52973819448087 131.36486820422178 135.89660636248098 100.60767450789506 126.74021308515391 136.51981207081081 124.80574329454211 121.97661628254262 129.33445349833278 155.13978226594625 
S: 550988 157.96827004471373 140.23298649089162 131.31228202363965 150.67494308867606 145.60633565131346 117.93961397145762 131.1362843321639 138.9846361279436 103.89377326485231 146.62596385779167 120.55151052610866 131.36486820422178 135.89660636248098 98.45431217693432 128.01662952196992 136.51981207081081 124.92861467051947 121.97661628254262 129.33445349833278 155.13978226594625 
H: 550988 54.75931169525082 49.6763845430164 43.77076067454656 51.05728664559249 52.55439113682408 45.91145067329489 48.573602166731526 46.8304706104988 42.9791235038791 48.909577839581175 51.340325819653685 51.52827740885207 50.415135865889205 36.23830656824295 50.839738237673345 46.22666246558878 50.18204777950995 52.411595878432394 47.65242383867602 55.59112960219875 
S: 550988 54.75931169525082 49.6763845430164 43.77076067454656 51.05728664559249 52.55439113682408 45.91145067329489 48.573602166731526 46.8304706104988 42.9791235038791 48.909577839581175 51.340325819653685 51.52827740885207 50.415135865889205 36.246890345409206 50.839738237673345 46.22666246558878 50.18204777950995 52.411595878432394 47.65242383867602 55.59112960219875 
H: 51391 147.04309588458696 106.91352965603593 106.26123778208853 148.15707118466307 150.14965466692172 104.99642804556136 135.22653832290433 103.62142364205373 112.80971474603218 115.36135776610337 143.88936246528408 142.4809864163399 135.2702114465932 146.57672306764456 133.4385017144291 110.18186878699285 151.8581782891441 127.49252730944875 110.29051365862922 118.70576280159617 
S: 51391 147.04309588458696 106.83068502852016 106.296530989507 148.15707118466307 150.14965466692172 104.9688421067603 135.22653832290433 103.62142364205373 112.92350438631493 115.36135776610337 143.88936246528408 142.4809864163399 135.2702114465932 146.57672306764456 133.4477475135823 110.18201082238849 151.8581782891441 127.49252730944875 110.34314593492394 118.93705862239264 
H: 51391 51.337821955203395 46.553531422083886 47.014539077056746 49.852576839656145 51.162268116498744 46.205135549253434 49.77048086604889 45.51766261311087 45.77643386625804 48.904397641231526 48.31277190754017 48.346134399628596 54.70054644524704 51.26955660280073 52.25254895190726 44.37179822079788 51.11428111509175 46.393099636107195 48.96460598844995 48.58338004675466 
S: 51391 51.337821955203395 46.553531422083886 47.014539077056746 49.852576839656145 51.162268116498744 46.210377839812054 49.77048086604889 45.51766261311087 45.776433866258074 48.904397641231526 48.31277190754017 48.346134399628596 54.70054644524704 51.26955660280073 52.25254895190726 44.37179822079788 51.11428111509175 46.393099636107195 48.96500010338147 48.58338004675466 
H: 484066 145.22434621488785 123.32180748263463 142.45518099173225 136.35019429725014 162.9270530978826 154.12499089698844 106.26436663816952 156.14201472836513 143.18813385219826 94.2177358270503 125.09476661211326 139.7879200181437 121.60774956605607 138.64809234728517 137.04761214488624 135.99263773298523 101.35038570457203 110.85545833713023 155.43295278016512 131.25064374274714 
S: 484066 145.22434621488785 123.32180748263463 142.45518099173225 136.35019429725014 162.9270530978826 154.12499089698844 106.26436663816952 156.14201472836513 143.18813385219826 94.25355137359122 125.13893093861623 139.7879200181437 121.60774956605607 138.64809234728517 137.04761214488624 135.99263773298523 101.35038570457203 110.85545833713023 155.43295278016512 131.20875930468648 
H: 484066 54.71812238993826 45.743883554961144 49.631092171384786 45.93253589967545 55.72053087750585 52.01632129974203 40.84177970542898 52.90575869211956 53.28425943375727 33.604494226306656 43.38325428456695 48.07907316777157 45.67253239879001 48.87817943007471 50.132341733677094 47.24416278906944 41.57021134492657 43.31382933505924 52.27010602228626 54.26370100761414 
S: 484066 54.71812238993826 45.743883554961144 49.631092171384786 45.93253589967545 55.72053087750585 52.01632129974203 40.84177970542898 52.90575869211956 53.28425943375727 33.604494226306656 43.38325428456695 48.07907316777157 45.67253239879001 48.87817943007471 50.132341733677094 47.24416278906944 41.57021134492657 43.31382933505924 52.27010602228626 54.26370100761414 
H: 328401 143.99530475741008 115.83604463401963 143.78529055366468 114.10167674085463 156.3595487353741 131.51564176525883 127.23343336884744 134.62797463161107 138.80915710040807 124.10594446792192 143.39768618255013 110.42989558340135 157.5371143165826 147.26231074753292 148.6818542837942 136.1023324790808 132.02483335189626 140.72976195066948 124.50546030505653 143.17210708657547 
S: 328401 143.99530475741008 115.85899220727491 143.78529055366468 114.39462648764086 156.3595487353741 131.5176802241277 127.23343336884744 134.6373023918572 138.80915710040807 124.10594446792192 143.39768618255013 109.24511673057113 157.5371143165826 147.26231074753292 148.6818542837942 136.1023324790808 132.02483335189626 140.72976195066948 124.50546030505653 143.17210708657547 
H: 328401 51.98327806900503 50.29542391268736 49.27172225416412 45.681256341407405 55.357254204912984 46.90151998013232 42.56409780634756 46.36760249026665 48.50541479929331 50.01683279976369 47.79922872751669 43.78759807883579 53.92953741856354 50.490572229888784 50.34440908165056 51.45907351317672 47.95390187148351 48.14083367306406 50.19998431346554 48.4167435545472 
S: 328401 51.98327806900503 50.29542391268736 49.27172225416412 45.681256341407405 55.357254204912984 46.90151998013232 42.56409780634756 46.36760249026665 48.50541479929331 50.01683279976369 47.79922872751669 43.79060442333115 53.92953741856354 50.490572229888784 50.34440908165056 51.45907351317672 47.95390187148351 48.14083367306406 50.19998431346554 48.4167435545472 
H: 653844 132.09990260352447 124.59834063973938 147.23109618358112 136.65528919996635 136.24116859809115 117.97211203678411 102.23719819728565 158.82830194100003 132.08027763629428 141.641499492609 129.6133065981044 117.56157282158794 160.88103980158797 119.22663073498653 92.32386937133056 150.66802092680274 121.51368410421311 111.64158055216737 132.79150000895538 139.90788623024858 
S: 653844 132.09990260352447 124.59834063973938 147.23427420729124 136.65528919996635 136.24116859809115 117.6898414160392 102.41553690531065 158.82830194100003 132.08027763629428 141.641499492609 129.6133065981044 117.73741973460301 160.88707238756533 119.22663073498653 92.32386937133056 150.66802092680274 121.51368410421311 111.64158055216737 132.79150000895538 139.90788623024858 
H: 653844 45.478005664858486 46.36254623061755 50.79560409217425 52.20772865754766 45.41372286603039 49.832975782923654 42.96006921606608 53.335175262283066 45.47824453063278 55.9306345366347 51.74820355510092 45.6940798420574 55.29548680096587 43.15925050188767 39.537334158643965 54.6448972022117 44.0312705900326 47.433319802397115 48.75492359149877 51.694516976031665 
S: 653844 45.478005664858486 46.36254623061755 50.79560409217425 52.20772865754766 45.41372286603039 49.832975782923654 42.96006921606608 53.335175262283066 45.47824453063278 55.9306345366347 51.74820355510092 45.6940798420574 55.29548680096587 43.15925050188767 39.838582007068325 54.6448972022117 44.0312705900326 47.494271394538416 48.75492359149877 51.694516976031665 
H: 792459 141.21328855765313 118.99322476096998 139.04854092187202 118.360725609562 142.5102787841411 138.32168432574065 154.76066232064827 147.65264437586424 103.46997026120737 149.8568234936809 102.90984502663602 136.1660236932293 138.77639906808776 139.75179061191864 147.7896975659946 124.91560941317962 107.00618590409097 135.26271745730702 153.36148676473326 125.60834363073603 
S: 792459 141.2270062274731 118.99322476096998 139.24269904791458 118.360725609562 142.5102787841411 138.36514250842413 154.76066232064827 147.65264437586424 103.53329137939569 149.8568234936809 103.08745279803104 136.1660236932293 138.77639906808776 139.75179061191864 147.7896975659946 124.91560941317962 107.00618590409097 135.26271745730702 153.36148676473326 125.60834363073603 
H: 792459 49.95514423679856 44.85847218669323 54.1151095031087 46.007726180662296 49.468459357709555 50.31617396417521 56.609058757318756 50.6839461530986 44.82968467397819 49.95227449789369 39.953718477469536 46.22511760763759 47.10304874393556 53.35393670525437 54.072432047843215 47.919918702511794 46.36458498493275 49.300783347667384 53.926125499846634 44.38024685013392 
S: 792459 49.95514423679856 44.85847218669323 54.1151095031087 46.007726180662296 49.468459357709555 50.31617396417521 56.609058757318756 50.6839461530986 44.82968467397819 49.95227449789369 39.94766224309874 46.22511760763759 47.10304874393556 53.35393670525437 54.072432047843215 47.919918702511794 46.36458498493275 49.300783347667384 53.926125499846634 44.38024685013392 
H: 881345 113.27625117609384 124.58343626916763 138.41874057040988 129.3512424479881 112.87530061178745 135.17810714003846 137.88544124317153 139.20302425353478 144.3226859701097 123.37695202753554 138.7679763559648 136.14150592211524 133.97061138160876 135.86573964404184 136.6105636798601 127.32939079476444 110.83465797776635 128.70854643829853 164.83643811319143 145.07172500581248 
S: 881345 113.27625117609384 124.58343626916763 138.41874057040988 129.3512424479881 112.8824720014838 135.17810714003846 137.9591848156402 139.20302425353478 144.3226859701097 123.326369372275 138.7679763559648 136.14150592211524 133.97061138160876 135.86573964404184 136.6105636798601 127.32939079476444 110.87824182711628 128.72950095323006 164.72840570024778 145.07172500581248 
H: 881345 47.50098988259669 43.54577883114661 50.26393958176785 51.13632764353336 45.74183433024807 47.775934082702726 51.55740227797676 48.11526175457747 48.561759261970394 51.448877988757154 50.87976937740358 52.92498697600639 45.915293872124366 54.81677946504347 47.45754583470271 46.88091566251946 45.40910104612066 50.061121565453035 56.78431142935688 50.57894528241941 
S: 881345 47.50098988259669 43.54577883114661 50.26393958176785 51.13632764353336 45.74183433024807 47.775934082702726 51.55740227797676 48.11526175457747 48.561759261970394 51.448877988757154 50.87976937740358 52.92498697600639 45.915293872124366 54.81677946504347 47.45754583470271 46.88091566251946 45.40910104612066 50.061121565453035 56.78431142935688 50.57894528241941 
H: 865730 126.96232978668075 152.76383588013002 119.4636010522693 143.5687191691183 154.74361219585907 108.58715307575216 126.37584179203509 151.95216668667325 133.37784760356837 117.0928020896893 146.25617932032543 119.29984848308891 131.90702588868595 136.62417446402856 130.87552019298414 125.92700671659162 130.79131558159924 142.5865517292291 120.54614192598854 134.55688796644665 
S: 865730 127.01824766681784 152.76383588013002 119.55938578095413 143.5687191691183 154.75309892374375 104.3560739965834 126.37584179203509 151.95216668667325 133.37784760356837 117.0928020896893 146.25617932032543 119.3402761612401 131.90702588868595 136.66227185887539 130.87552019298414 125.92700671659162 130.791605221369 142.5865517292291 120.64816406006885 134.55688796644665 
H: 865730 49.45620421428356 51.05430649377335 49.30200834240266 47.85623972303941 52.411554315139206 36.35009607001275 52.03594636071444 50.65072222889115 49.51502015401511 47.230153832168284 51.391478929329764 52.63193976407769 50.66322378808985 53.42705903714247 48.89008837614515 46.37831896618743 53.532625944601115 48.65580506574449 45.42277857404518 48.12177231487323 
S: 865730 49.45620421428356 51.05430649377335 49.30200834240266 47.85623972303941 52.411554315139206 36.16824091996957 52.03594636071444 50.65072222889115 49.51502015401511 47.230153832168284 51.391478929329764 52.63193976407769 50.66322378808985 53.42705903714247 48.89008837614515 46.37831896618743 53.53596943067572 48.65580506574449 45.42277857404518 48.12177231487323 
H: 908273 138.6970206425349 145.6485145101925 103.73879772810056 124.41664079730955 143.58135660780965 137.620262632279 138.95525345320914 133.28615227958215 97.55990729166184 119.52951794742836 140.42430429870254 137.1694039378245 126.13872493101495 146.46754587200846 142.4125443532978 136.5657419635562 148.85034977639492 150.76279202626142 141.4682333219209 111.2186084004366 
S: 908273 138.6970206425349 145.6485145101925 103.67774017105606 124.41664079730955 143.58135660780965 137.620262632279 138.95525345320914 133.29156249534824 98.25798393664157 117.56179863279448 140.42430429870254 137.1694039378245 126.13872493101495 146.4783796408932 142.41754900968007 136.5657419635562 148.85034977639492 150.76279202626142 141.4682333219209 111.23577679038746 
H: 908273 47.787156459458096 51.12122603985437 43.011365276736534 48.197166207613506 47.86045220260326 46.837346456685786 49.68302628397368 52.223534882039964 37.85392089363715 42.25921801116366 49.658228525724596 50.58275332917678 52.41878433348264 54.322045942363395 51.28320195291285 48.78037768450229 53.845544572214834 51.65588316453899 51.07543113359344 48.07694595690324 
S: 908273 47.787156459458096 51.12122603985437 43.011365276736534 48.197166207613506 47.86045220260326 46.837346456685786 49.68302628397368 52.223534882039964 37.52594995471886 42.29694342822383 49.658228525724596 50.58275332917678 52.41878433348264 54.322045942363395 51.28320195291285 48.78037768450229 53.845544572214834 51.65588316453899 51.07543113359344 48.087929819507025 
H: 946650 135.98213011805458 138.05948282978284 126.42642267053924 100.38756597172198 114.55064048458277 147.82760231558106 121.97674008543926 139.08254466518906 139.6415041850369 143.68776454870226 135.6744992212623 124.9032064731798 173.71588318137677 121.41273658809928 113.11566964179146 118.41082993501372 148.91612659591854 105.13147094091894 147.27193386970714 136.87017442188318 
S: 946650 136.00673438459515 138.05948282978284 126.42745710192392 100.38756597172198 114.4244434198575 147.82760231558106 122.08877172541864 139.08254466518906 139.6415041850369 143.68776454870226 135.6809632218869 124.9032064731798 173.71588318137677 120.65455884759308 113.11566964179146 118.41082993501372 148.91612659591854 103.94896487310223 147.2809267950178 136.87017442188318 
H: 946650 49.967424985858 50.63594704194765 47.62876407730042 41.53224586860983 51.12982395913657 52.803326806434654 48.655295146785036 47.75656544850637 51.71050751733844 55.02960052881351 49.49053477651212 45.49785033219127 58.95938626969243 49.152171648990794 48.901753645307004 48.37931116917101 54.993787419972946 41.656659250407685 49.184662360801816 49.27517270197635 
S: 946650 49.967424985858 50.63594704194765 47.62876407730042 41.53224586860983 51.12982395913657 52.803326806434654 48.655295146785036 47.75656544850637 51.71050751733844 55.029600528813525 49.49053477651212 45.49785033219127 58.95938626969243 49.152171648990794 48.901753645307004 48.37931116917101 54.993787419972946 41.658422661248956 49.184662360801816 49.27517270197635 
H: 491248 123.52203006345744 146.37508412815274 96.67868473367663 130.77172900423008 113.13041633673839 97.90966552854603 149.09648760445546 135.7200385000304 119.09278126156158 144.84975784328813 127.59554182489512 132.41820355110488 156.2901414388997 136.96483726400996 136.73784430951176 151.7702047358519 148.68651611696436 155.0269760462506 116.65583000566805 133.49856799054788 
S: 491248 123.52203006345744 146.37508412815274 96.94263465918189 130.77172900423008 113.18393784319031 98.11811735417625 149.09648760445546 135.7200385000304 119.09278126156158 144.84975784328813 127.59554182489512 132.41820355110488 156.2901414388997 136.96483726400996 136.73784430951176 151.7702047358519 148.68651611696436 155.0269760462506 116.90434784750049 133.49856799054788 
H: 491248 51.99278386257576 51.66202275901268 33.277603004047045 46.36836997093449 48.340560103680545 41.880254262484705 49.698829201485175 45.348745977468745 50.56989487693596 53.62673527548139 49.764385246614914 46.86611026168158 52.09671381296666 51.776291907300546 48.51844844139303 51.89475563515935 51.35514581767136 53.85468832959407 50.12874665598559 48.456357359196055 
S: 491248 51.99278386257576 51.66202275901268 33.28244111301294 46.36836997093449 48.340560103680545 41.880254262484705 49.698829201485175 45.348745977468745 50.56989487693596 53.62673527548139 49.764385246614914 46.86611026168158 52.09671381296666 51.776291907300546 48.51844844139303 51.89475563515935 51.35514581767136 53.85468832959407 50.12874665598559 48.456357359196055 
H: 391750 139.83658366521703 106.32688173185917 104.29648115136531 116.21399359851591 148.64816670822668 115.85241518189693 149.28883398132987 153.59599890431153 131.40346549051873 155.09176507578192 129.12840009607422 113.51990180821579 136.01181052354994 129.42120098468615 158.45930687155712 142.75399965674748 150.19467263074847 141.05219984299947 106.21028287378341 134.63991803495784 
S: 391750 139.83658366521703 105.8027073271652 104.24878758586172 116.23377327288391 148.64816670822668 116.5324536186862 149.28883398132987 153.60658774870834 131.40346549051873 155.09176507578192 129.1499720980621 113.65831954585923 136.01181052354994 129.42120098468615 158.45930687155712 142.75399965674748 150.19467263074847 141.05219984299944 106.21028287378341 134.63991803495784 
H: 391750 53.81173037266682 42.09966113907774 42.73159848801892 45.85058014316312 49.98141424127327 48.645954555226865 49.95108336149503 51.198666301437214 46.44032347653216 52.073662065345786 51.265636971117935 48.710805142109486 47.93220986659727 48.891889783932406 52.819768957185744 47.802216091913074 50.43445933957194 49.15559887433632 44.9111010177433 47.48629920550166 
S: 391750 53.81173037266682 42.09966113907774 42.73159848801892 45.85058014316312 49.98141424127327 48.645954555226865 49.95108336149503 51.198666301437214 46.44032347653216 52.073662065345786 51.265636971117935 48.710805142109486 47.93220986659727 48.891889783932406 52.819768957185744 47.802216091913074 50.43445933957194 49.15559887433632 44.9111010177433 47.48629920550166 
H: 10117 155.02166960262608 108.59896687256803 129.87122757056488 149.41062383213696 127.25279021878269 116.04773409350808 120.53010624023064 140.09608142984192 106.07007802450003 135.0422770736336 122.98446453014067 139.41196618359095 158.43973811780225 115.44755397382616 118.6849570979868 139.7768035509206 119.0335328981175 116.22714455116561 139.15826612355318 149.18128357520123 
S: 10117 155.07007162606905 108.59896687256803 129.87122757056488 149.3009508751713 127.28985496991525 116.04773409350808 120.53010624023064 140.09608142984192 105.67658798386513 135.0422770736336 122.98446453014067 139.41196618359095 158.43973811780225 115.44755397382616 118.6849570979868 139.7768035509206 119.03353289811749 116.22714455116561 139.15826612355318 149.2534225934128 
H: 10117 53.39333992845794 45.891918243519854 45.620343813936564 53.69001890060087 48.98853981402707 45.67858036521315 44.31818689916479 49.641504716764885 42.54842437161061 52.7044081433225 51.30734056388405 46.47065539453029 52.99118331117295 47.133299780570255 47.97322935788805 47.61752456089985 39.957638426178946 46.48555493239844 48.3200891605366 53.638659169213014 
S: 10117 53.39333992845794 45.891918243519854 45.620343813936564 53.69001890060087 48.98853981402707 45.67858036521315 44.31818689916479 49.641504716764885 42.54842437161061 52.7044081433225 51.30734056388405 46.47065539453029 52.99118331117295 47.133299780570255 47.97322935788805 47.61752456089985 39.957638426178946 46.48555493239844 48.3200891605366 53.638659169213014 
H: 529483 107.01260785963795 133.28777156733807 141.3518575659969 121.47831782310584 141.59368855422457 130.93470255112462 114.86455786043165 147.4297410577227 139.3516099925546 118.51944357207701 146.5658372236228 97.87566630732985 121.66530465440579 126.84763864997275 98.77998805438895 124.09164452738666 121.41331754250707 118.53767891503442 142.2900311363761 137.78739191977385 
S: 529483 107.0347933355461 133.28777156733807 141.3518575659969 121.52353734631686 141.59368855422457 130.93470255112462 114.86455786043165 147.4297410577227 139.3516099925546 118.51944357207701 146.5658372236228 96.81877059491049 121.66530465440579 126.84763864997275 98.77998805438895 124.09164452738666 121.41331754250707 118.53767891503442 142.2900311363761 137.78739191977385 
H: 529483 44.4361249019104 45.148914049943976 51.366291851291756 51.11988407560113 50.308311943421636 47.770881631891065 49.2374703082693 50.27981362233232 48.22990225944812 47.36771470702321 50.60217027606628 36.191485649423576 46.35939428385666 47.4491042122887 44.96057822998519 48.64286788313412 47.35060067884498 46.88213162949639 48.62033525877651 47.94284675105203 
S: 529483 44.4361249019104 45.148914049943976 51.366291851291756 51.11988407560113 50.308311943421636 47.770881631891065 49.2374703082693 50.27981362233232 48.22990225944812 47.36771470702321 50.60217027606628 36.191485649423576 46.35939428385666 47.4491042122887 44.96057822998519 48.64286788313412 47.35060067884498 46.88213162949639 48.62033525877651 47.94284675105203 
H: 83392 143.22374571403657 97.8428433481371 152.79021646677657 127.49409051187904 129.1756641732183 129.65242229774597 154.69105999739512 146.807614754806 142.7108450143137 145.42007648228508 144.77440475222534 156.22240846171204 137.3642172870385 102.08748485803358 143.4734726980816 133.53364593401972 160.78619974974578 99.51196404022734 94.46837004511556 137.18001262898335 
S: 83392 143.22374571403657 97.51045318200835 152.79021646677657 127.56378482710618 129.19659173885023 129.65242229774597 154.69105999739512 146.807614754806 142.7108450143137 145.42007648228508 144.77440475222534 156.22240846171204 137.3642172870385 102.08748485803358 143.4734726980816 133.53364593401972 160.83497148564334 99.54384342734916 94.64084784550943 137.18001262898335 
H: 83392 48.723180130056164 39.812962153169195 53.95346711803337 50.20383905110509 50.57294446477791 50.96835549093169 51.563686665798336 50.202155069867494 54.55242292562875 48.76072119358696 48.25813491740844 55.861308104074105 46.53143340668746 44.22054251792202 49.99645251731375 46.09016303396929 55.113185128935584 42.91662654461041 35.354253615453366 46.130329529105495 
S: 83392 48.723180130056164 39.816964252525175 53.95346711803337 50.20383905110509 50.57294446477791 50.96835549093169 51.563686665798336 50.202155069867494 54.55242292562875 48.76072119358696 48.25813491740844 55.861308104074105 46.53143340668746 44.22054251792202 49.99645251731375 46.09016303396929 55.113185128935584 42.91662654461041 35.35082628615909 46.130329529105495 
H: 712244 100.89496862927045 144.52232178166008 95.2972451701049 125.65850778130289 128.1861690513414 142.66285094844244 142.62680946044142 108.53338092848006 127.40440171971557 112.65100427666862 134.77952127768145 107.65343478480807 115.46126307263106 140.69716635452093 138.06536074702248 128.9245853905829 132.52041714120745 140.50207709982078 128.48066681969715 115.92099597343878 
S: 712244 100.5471381333234 144.52232178166008 95.2972451701049 125.65850778130289 128.1861690513414 142.66285094844244 142.62680946044142 108.53338092848006 127.40440171971557 112.67257776173136 134.77952127768145 107.89937435816304 115.5442368061947 140.70320350227956 138.06536074702248 128.96271411283342 132.52041714120745 140.50207709982078 128.48066681969715 115.92099597343878 
H: 712244 38.67895801315114 51.38130704507831 40.03620377338947 48.12778213575458 47.017943702345065 48.78246185327887 49.738330917253414 46.04284565834772 47.76896239745668 44.90037631095496 46.06493614663746 47.92218012913126 46.60294112620251 48.60683185046198 52.27464305451709 48.83486153397167 47.85884421879602 46.834025699940234 50.344240864664094 46.3422267852059 
S: 712244 38.67895801315114 51.38130704507831 40.03620377338947 48.12778213575458 47.017943702345065 48.78246185327887 49.738330917253414 46.04284565834772 47.76896239745668 44.90037631095496 46.06493614663746 47.92218012913126 46.60294112620251 48.60683185046198 52.27464305451709 48.83486153397167 47.85884421879602 46.834025699940234 50.344240864664094 46.3422267852059 
H: 367820 129.81625424215076 109.99397773408587 162.07448085628027 149.95471350603398 119.76151535467156 131.81320414091408 155.53292619514693 132.41951517442877 145.7396229632135 135.9094870678027 141.65122419340247 127.78293095842025 107.74212415079107 140.16523847533674 132.69764660951117 138.2783399977673 155.87265464228784 131.9934711312767 120.84741170523799 115.10965963104027 
S: 367820 129.81251355449186 109.99397773408587 162.07448085628027 149.95471350603398 119.9529929570551 131.81320414091408 155.53292619514693 132.41951517442877 145.7396229632135 135.9094870678027 141.65122419340247 127.78293095842025 107.77220591038797 140.16523847533674 132.69764660951117 138.34208943012646 155.87265464228784 131.9934711312767 120.92420323129035 115.110688192277 
H: 367820 52.992220127018435 47.94854827070564 54.47213685473384 51.99700037248069 51.173762090283134 49.54727181962705 51.84430873171567 45.703573946298675 51.82983767732167 46.833121353432624 47.21707473113418 47.74444307531842 48.16652283362593 52.08797212352224 48.60670068265492 57.65645336215938 52.643810133735364 52.205478261015706 51.93494982768632 46.68742520724107 
S: 367820 52.992220127018435 47.94854827070564 54.47213685473384 51.99700037248069 51.175834186458566 49.547271819627056 51.84430873171567 45.703573946298675 51.82983767732167 46.833121353432624 47.21707473113418 47.74444307531842 48.16652283362593 52.08797212352224 48.60670068265492 57.65645336215938 52.643810133735364 52.205478261015706 51.93494982768632 46.68742520724107 
H: 73116 120.2082371654826 129.8469727929516 124.76901354390729 136.44701393268522 151.66954122816404 147.18950312950483 145.77817096037006 146.1752893957348 110.62239959242152 140.31430383111172 99.898485364775 134.324758552881 110.35017275441373 105.30923237063645 135.8727774153783 122.87190951873141 121.21142560533877 133.01679955662146 138.04276863286665 156.66423073227432 
S: 73116 120.29178548485916 129.8469727929516 124.76901354390729 136.44701393268522 151.66954122816404 147.18950312950483 145.77817096037006 146.1752893957348 110.65175512753983 140.31430383111172 99.898485364775 134.324758552881 110.35017275441373 105.92235109018841 135.7561848115261 122.87190951873141 121.21142560533877 133.01679955662146 138.04276863286665 156.66423073227432 
H: 73116 50.917554079489 45.528889633659595 52.56283066835131 49.12314983353545 50.79378664404227 54.47178233846817 50.69537323099776 49.66658594648529 46.67777323457011 48.704122371695526 41.1802840961161 50.689086216143124 44.52672207118653 36.61418358020462 45.79369480887202 47.40389036514067 43.32471806520582 48.692634023468315 47.185947616458336 53.30165285656485 
S: 73116 50.917554079489 45.528889633659595 52.56283066835131 49.12314983353545 50.79378664404227 54.47178233846817 50.69537323099776 49.66658594648529 46.67777323457011 48.704122371695526 41.1802840961161 50.689086216143124 44.52672207118653 36.62039831659261 45.79369480887202 47.40389036514067 43.32471806520582 48.692634023468315 47.185947616458336 53.30165285656485 
H: 547394 125.94023908917852 118.5349702273658 138.83950613894362 103.6079309075697 134.1071362842718 99.78022778972041 122.60136788576807 99.9553442154279 151.5638761756466 137.9632192891076 160.02108302511496 119.88653327230439 145.31365466708075 123.27803478907795 122.65591308232732 142.61580658563088 129.37694134447784 141.70047033717856 98.27996253320687 154.26332739193734 
S: 547394 125.96184589651024 118.5349702273658 138.83950613894362 102.80071747278073 134.1071362842718 99.8033180580013 122.60136788576807 99.9553442154279 151.5638761756466 137.9632192891076 160.02108302511496 119.88653327230439 145.31365466708075 123.52551680293035 122.65591308232732 142.61580658563088 129.37694134447784 141.70047033717856 98.7324051092978 154.26332739193734 
H: 547394 44.01715936130007 47.59291361369234 47.85107487654143 39.58980167692072 51.99947273302224 42.72059587998613 47.85524872484591 40.00426849029407 53.3918013435999 51.469154322844275 53.76358442848932 46.953752979451025 52.53869590089893 50.06281888485033 45.650854550282446 52.345794774234086 48.17866450339366 50.228758047163964 43.92251130316079 52.971464066523275 
S: 547394 44.01715936130007 47.59291361369234 47.85107487654143 39.58980167692072 51.99947273302224 42.792819736830666 47.85524872484591 40.00409410297586 53.3918013435999 51.469154322844275 53.76358442848932 46.953752979451025 52.53869590089893 50.062818884850316 45.650854550282446 52.345794774234086 48.17866450339366 50.228758047163964 43.925644723624465 52.971464066523275 
H: 690190 112.4035406591595 122.09725807025467 117.21511200785412 126.74662005275667 141.11572510950074 147.97919946056783 115.54119276408058 118.16585375154553 109.07147195565494 126.20815571677475 133.88319757069493 146.98920218771644 111.87881985586952 129.11373460231604 135.66456314089623 142.57692880027042 119.84777940100176 154.55236185873713 157.22714133891608 112.37619289354079 
S: 690190 112.42231469417791 122.1019231182761 117.21858212090947 126.74662005275667 141.11572510950074 147.97919946056783 115.57319115711216 118.16585375154553 109.07147195565494 126.20815571677475 133.91242766909417 146.98920218771644 111.88022106610875 129.1893715011963 135.69289291237666 142.57692880027042 119.92983237447564 154.55236185873713 157.22714133891608 112.37619289354079 
H: 690190 47.96976089429166 51.37140779947834 50.70438593356922 45.75739761106262 53.84394604649347 52.90789968965965 47.534780480095606 48.25980434663152 46.94192778653785 45.713040710605654 54.94170206576476 50.56627264013756 48.33321491628368 50.678833050734404 47.361717921411284 48.24151481149729 49.848090981915334 53.502694368651326 52.42323633917171 45.47363484910236 
S: 690190 47.96976089429166 51.37140779947834 50.70438593356922 45.75739761106262 53.84394604649347 52.90789968965965 47.534780480095606 48.25980434663152 46.94192778653785 45.713040710605654 54.95153786529384 50.56627264013756 48.33321491628368 50.678833050734404 47.361717921411284 48.24151481149729 49.848090981915334 53.502694368651326 52.42323633917171 45.47363484910236 
H: 786693 127.7881974433259 127.71917694844562 132.73875907370163 120.37693971676664 152.23595178171203 92.76052177213035 134.51362727173782 125.08099029100046 118.35947436690552 99.64034464512417 118.31740643409752 129.33470132049362 91.75603767443549 153.33151537451155 131.03782293943013 132.56211312368538 99.83658007029643 127.11169137002446 137.7227305749341 121.31747163187497 
S: 786693 128.62511050855275 127.71917694844562 132.73875907370163 120.87221139363116 152.23595178171203 93.01460970342157 134.52022985569266 125.08099029100046 118.35947436690552 99.43565288642226 118.42212405085131 129.33470132049362 91.7060425707418 153.33151537451155 131.03782293943013 132.56211312368538 98.95069613617618 127.11169137002446 137.7227305749341 121.31747163187497 
H: 786693 52.72833185850593 45.95237189748845 52.14393056377018 48.99357717298056 51.655442128433954 35.411190931188905 52.53900028745874 48.66022371288488 46.72429150564296 42.17258123033626 50.78234207242111 52.255009528051616 37.663494901527244 52.340693217843146 49.01837896848883 44.18737104122847 36.1762036299186 42.37056379000818 48.65511358985827 51.62105081915515 
S: 786693 52.72833185850593 45.95237189748845 52.14393056377018 48.99357717298056 51.655442128433954 35.411190931188905 52.53900028745874 48.66022371288488 46.72429150564296 42.17258123033626 50.78234207242111 52.255009528051616 37.66157833580138 52.340693217843146 49.01837896848883 44.18737104122847 36.1762036299186 42.37056379000818 48.65511358985827 51.62105081915515 
H: 111907 163.66818733475753 116.72005238886811 117.4163171344093 140.4288752373383 143.52269135122825 148.43564857387614 145.83836075759518 139.4503529418211 121.41858805511525 111.46439447798213 142.6249417994178 92.91714888751619 163.94323020038388 151.19856703084713 126.22940416245677 144.73340618057017 132.7489943933546 138.96688355625253 161.87212972370153 105.95461920208814 
S: 111907 163.66818733475753 116.72005238886811 117.4163171344093 140.4288752373383 143.52269135122825 148.43564857387614 145.83836075759518 139.4503529418211 121.44218204935486 111.46439447798213 142.6249417994178 92.9371461120626 163.94323020038388 151.19856703084713 126.22940416245677 144.73340618057017 132.7489943933546 138.96688355625253 161.87212972370153 105.95461920208814 
H: 111907 54.55606244491926 46.39295926175052 45.42856152693606 46.80962507911272 48.15143927194122 50.20726921828359 52.0029613742336 53.341579340786005 47.86912097219892 49.91093499271587 49.707098454152415 37.63883445368102 55.826735189603696 51.255697228626126 47.506702621019485 52.33010125496559 46.6702964940754 46.32229451875082 53.95737657456719 45.71560154796943 
S: 111907 54.55606244491926 46.39295926175052 45.42856152693606 46.80962507911272 48.15143927194122 50.20726921828359 52.0029613742336 53.341579340786005 47.86912097219892 49.91093499271587 49.707098454152415 37.63920419598227 55.826735189603696 51.255697228626126 47.506702621019485 52.33010125496559 46.6702964940754 46.32229451875082 53.95737657456719 45.71560154796943 
H: 993483 139.88882773781168 136.09359432955534 113.4251960894906 139.31168874635233 120.918135852019 141.36334113103905 103.56103407534155 103.45205635342298 136.5963313756518 123.97732178527501 125.00870638289906 151.31129095315532 112.1901923279249 113.15636303151186 122.32271086074985 146.03849674663718 135.2738244136153 149.71922130751915 142.6010482214152 135.49525285812342 
S: 993483 139.88882773781168 136.09359432955534 113.4251960894906 139.32886970714574 120.99991025168343 141.36334113103905 103.56103407534155 101.4165170411334 136.5963313756518 123.97732178527501 125.00870638289906 151.31129095315532 110.73956486241639 112.2952202489632 122.32271086074985 146.03849674663718 135.2772449826045 149.69864547843494 142.6216424828195 135.51700544000386 
H: 993483 48.3568165523364 46.81046344393261 45.059223711190356 53.794443648711976 46.64222508928638 48.05236267764094 44.08513625154306 34.91259562740258 50.38997990798973 49.12390668134916 48.66365488576619 51.540034823605666 43.52806600924744 45.316867560661976 46.0343615365799 48.67949891554581 52.70195839825038 52.65938946774298 49.7731737472584 50.29590924832886 
S: 993483 48.3568165523364 46.81046344393261 45.059223711190356 53.794443648711976 46.64222508928637 48.05236267764094 44.08513625154306 34.539213514789324 50.38997990798973 49.12390668134916 48.66365488576619 51.540034823605666 43.52806600924744 45.320452660271116 46.0343615365799 48.67949891554581 52.70195839825038 52.65938946774298 49.7731737472584 50.29590924832886 
H: 960669 159.9127735208744 99.6004077357941 148.45972562688308 173.59399954001867 102.12560197904182 145.98302622158184 132.9098627118946 137.1560034826069 154.6939354024913 152.69067088028723 136.27258377674872 142.79015694472295 102.8351385998645 145.63970884323246 147.38725203090638 145.5616556690215 149.13705079649586 135.94458650624514 109.61932445538234 123.73421169008333 
S: 960669 159.9127735208744 99.71421849003532 148.45972562688308 173.59399954001867 101.96353381659378 145.98302622158184 132.9098627118946 137.1560034826069 154.6939354024913 152.77626347976152 136.27258377674872 142.82588950245685 102.8351385998645 145.63970884323246 147.38725203090638 145.5616556690215 149.13705079649586 135.94458650624514 109.62297603995215 123.73421169008333 
H: 960669 55.61327708192397 43.35283867227303 49.581176538563874 59.441733291925566 34.35827218263763 50.39133167094656 54.28947433439944 46.04342216573408 51.56464513416376 53.83751787151464 49.69406916997278 54.102687852260374 45.44712613023547 51.68179435239381 50.74633995645273 48.67658223144771 50.903477498052816 51.479129256847955 47.14845688003377 47.953787952429536 
S: 960669 55.61327708192397 43.35283867227303 49.581176538563874 59.441733291925566 34.32865001532982 50.39133167094656 54.28947433439944 46.04342216573408 51.56464513416376 53.83751787151464 49.69406916997278 54.102687852260374 45.44712613023547 51.68179435239381 50.74633995645273 48.67658223144771 50.903477498052816 51.479129256847976 47.14845688003377 47.953787952429536 
H: 680214 155.60687208297017 135.320161235962 120.57430353892994 146.29289213279299 148.48865092963075 121.78669252780685 145.0622597432351 155.01360902416738 98.37636694939974 133.45383209373335 117.4159831913314 121.10586825952346 143.82959723643444 128.99497355067462 137.16636599612104 103.46480517274898 107.21316243716363 127.8134810225203 147.77111944696247 98.0049923610838 
S: 680214 155.60687208297017 135.320161235962 120.57430353892994 146.29289213279299 148.48865092963075 121.95035017373968 145.0622597432351 155.01360902416738 97.45061385109679 133.45430244339377 117.42504876412785 121.12330589029233 143.82959723643444 128.99497355067462 137.16636599612104 103.47765281017493 107.24381566570426 127.8134810225203 147.77111944696247 98.0049923610838 
H: 680214 54.29533582842845 45.10672041198733 49.59118305447256 50.34711210103655 49.6458547844369 48.89795089623723 51.152602041310374 52.99500438014808 34.57802753477038 48.508657216556834 47.48412326780104 53.47773102336675 48.63234688716244 52.50549575860265 46.14171297401049 39.80039143455317 45.4237049706091 48.351492223617626 50.10852327208581 40.33292973306994 
S: 680214 54.29533582842845 45.10672041198733 49.59118305447256 50.34711210103655 49.6458547844369 48.89795089623723 51.152602041310374 52.99500438014808 34.60903403331981 48.508657216556834 47.48412326780105 53.47773102336675 48.63234688716244 52.50549575860265 46.14171297401049 39.80039143455317 45.4237049706091 48.351492223617626 50.10852327208581 40.33292973306994 
H: 437145 129.08019391712693 139.93064200181726 136.49600224361004 142.16458352454794 131.16852648400763 103.42550111070946 130.52567786103134 110.25321654143558 104.41357206228696 105.10266014263489 106.55164830716176 125.37297325092733 138.8157400356861 107.3416450648672 141.03621127940906 127.92028560101684 124.00745406011572 128.02497802292646 131.28181774980177 114.74474649044032 
S: 437145 129.08019391712693 139.93064200181726 136.49600224361004 142.16458352454794 131.16852648400763 103.58743556148664 130.52567786103134 110.23616786940374 104.41357206228696 105.10266014263489 106.70130132438034 125.38006445479363 138.8157400356861 107.34630759408648 141.03621127940906 127.92028560101684 108.47211451701936 128.02743194483523 131.28181774980177 114.74474649044032 
H: 437145 50.843482016403264 48.6889391304799 45.98508639301724 49.36297129205398 43.757720313341885 36.92645360164583 50.35859354629616 43.574395924766925 42.30540157199432 50.26149880826971 47.108240029683905 52.89409726780475 50.251606580048346 44.466371280401916 48.57075397517693 53.63589542509545 46.205122901029924 48.03087221933866 53.24115248782926 49.42484710110556 
S: 437145 50.843482016403264 48.6889391304799 45.98508639301724 49.36297129205398 43.757720313341885 36.92645360164583 50.35859354629616 43.62031671685942 42.307935296068734 50.26149880826971 47.108240029683905 52.89409726780475 50.251606580048346 44.466371280401916 48.57075397517693 53.63589542509543 46.205122901029924 48.03087221933866 53.24115248782926 49.42484710110556 
H: 537261 108.33285035433798 105.68108537820599 117.27727248493915 141.27263962926583 137.0033467006663 133.51160230200247 113.9461265914714 160.11242377582175 154.26550906826776 114.32095554504251 126.21660293815025 146.43390097162336 128.96841225175993 137.61909140136922 136.49244608053647 107.849360282185 112.46410207703089 139.01802994512553 111.0470007851891 148.54034059026932 
S: 537261 108.31444883219704 105.68108537820599 117.31125712692901 141.27263962926583 137.0033467006663 133.51160230200247 113.9461265914714 160.11242377582175 154.26550906826776 114.48958337400184 126.30603422506844 146.43390097162336 128.96841225175993 137.61909140136922 136.49244608053647 108.3362524829604 112.44769948752459 139.0598716922557 111.04804060800471 148.54034059026932 
H: 537261 45.48017928732299 43.48435619492379 50.55754131172468 54.947276978802286 50.560829115026166 50.76040932327863 46.441127410010424 55.21016718301715 51.988744082186 48.2637435327358 50.668174802651535 49.96498352040153 45.4024125651544 47.83328489901065 51.233848480582836 42.26463291651935 42.22424458541675 50.479044997972544 49.73584917067065 51.53257776253673 
S: 537261 45.48017928732299 43.48435619492379 50.55754131172468 54.947276978802286 50.560829115026166 50.76040932327863 46.441127410010424 55.21016718301715 51.988744082186 48.2637435327358 50.668174802651535 49.96498352040153 45.4024125651544 47.83328489901065 51.233848480582836 42.26463291651935 42.224244585416756 50.479044997972544 49.73584917067065 51.53257776253673 
H: 402200 142.7229711042997 128.52040285931244 142.38103952927244 115.51421960833468 130.99677566602554 116.21046505205395 120.44558493469648 144.59551531146468 118.35440959594573 149.71581953251334 139.28684150020737 127.74822357835153 114.66293740143237 117.53307243802236 139.88534002265115 130.0653618852098 119.90868769086775 130.84640477562377 150.21909041935962 132.53569618743407 
S: 402200 142.7229711042997 128.52040285931244 142.38103952927244 115.42885472386313 130.99677566602554 116.21046505205395 121.5968439558974 144.59551531146468 118.67871194315626 149.71581953251334 139.28684150020737 127.74822357835153 114.66293740143237 117.53307243802236 139.90438778360217 130.081217964011 119.90868769086775 130.84640477562377 150.21909041935962 132.53569618743407 
H: 402200 48.27168373199264 49.28166128910056 51.590127804098195 48.56594964264308 52.34921232268904 49.942850994048655 48.75972913034527 48.41323374462014 49.15691484692051 53.96060185494806 48.19941048637354 50.98629576484452 48.053953300760355 50.49236130749186 54.99638717498858 46.100352331441925 52.77058673579369 52.35584054318563 51.6074953288843 48.09880575322393 
S: 402200 48.27168373199264 49.28166128910057 51.590127804098195 48.56594964264308 52.34921232268904 49.942850994048655 48.75972913034527 48.41323374462014 49.15691484692051 53.96060185494806 48.19941048637354 50.98629576484452 48.05724559978213 50.49236130749186 54.99638717498858 46.100352331441925 52.77058673579369 52.35584054318563 51.6074953288843 48.09880575322393 
H: 12269 150.7177533936301 112.90713680824697 141.93111923052524 137.7554484916749 99.27140193845784 145.177386012329 150.00593010866461 129.13824400160405 103.22541480534014 147.35535651116936 147.13266612954448 94.43295182183438 127.75124671183292 137.1902273029383 147.7373879602533 135.25207222895298 138.39325728920866 123.8117142996214 148.92468699447448 127.90333956500274 
S: 12269 150.7177533936301 113.01986595232049 141.93111923052524 137.74076455034424 99.3426365061556 145.177386012329 150.00593010866461 129.13824400160405 104.25154664736861 147.35535651116936 147.13266612954448 94.43295182183438 127.71274589975377 137.1902273029383 147.7373879602533 135.25207222895298 138.39325728920863 123.8117142996214 148.92468699447448 127.90333956500274 
H: 12269 52.77196388521865 48.35240507232699 48.73879967127884 51.62652426476361 40.25508889339261 50.31857364436978 53.919736011777765 48.732973668049226 41.81434065043538 50.732955137007345 50.402035296295885 34.05116829021611 47.955697300465424 55.72064676681916 51.44546081308378 50.33084781235974 46.131085763069535 50.47506013074267 49.641562331491585 43.90230972893409 
S: 12269 52.77196388521865 48.35240507232699 48.73879967127884 51.62652426476361 40.25508889339261 50.31857364436978 53.919736011777765 48.732973668049226 41.81434065043538 50.732955137007345 50.402035296295885 34.05116829021611 47.955697300465424 55.72064676681916 51.44546081308378 50.33084781235974 46.131085763069535 50.47506013074265 49.641562331491585 43.90230972893409 
H: 418003 111.70946167161907 145.4571768575249 138.01913523879554 155.3454524343995 133.67591434533028 91.76507938743796 120.3021419730357 107.18021705440495 132.35790811541833 130.9491563550232 145.44242941298546 124.37402793812427 145.94229711132311 138.68829138161502 101.05904385656791 160.66517116326483 124.9124969094287 139.2054393813488 130.64065976798958 136.07165300647273 
S: 418003 112.06821373919601 145.4571768575249 138.01913523879554 155.3454524343995 133.67591434533028 91.76507938743796 120.3021419730357 107.72864408160306 132.35790811541833 130.9491563550232 145.44242941298546 124.37402793812427 145.94229711132311 138.68829138161502 101.05904385656791 160.66517116326483 124.9124969094287 139.2054393813488 130.64065976798958 136.07165300647273 
H: 418003 47.26079491977901 49.28734898931497 51.35696126097093 52.38341897245241 48.10718752477188 40.482461582118 49.12269183358709 44.64512323609827 48.45657026243293 47.150827984494526 48.48080980432848 48.06606494230499 50.278182116186926 48.26666176382493 39.50681092911875 54.92934459341881 52.25231766231169 48.29397585567986 51.53927672465654 48.59482384710407 
S: 418003 47.26079491977901 49.28734898931497 51.35696126097093 52.38341897245241 48.10718752477188 40.50461599678935 49.1226918335871 44.64512323609827 48.45657026243293 47.150827984494526 48.48080980432848 48.06606494230499 50.278182116186926 48.26666176382493 39.51775561717601 54.92934459341881 52.25231766231169 48.29397585567986 51.53927672465654 48.59482384710407 
H: 94872 130.359546375541 124.2865604160271 131.00593023195674 117.33874828306415 132.61250244216524 116.41453370847825 119.07837414133895 131.77885017256278 157.07332193283625 130.49042444301753 123.86650164301545 156.3368319227541 117.3486667128044 123.65465461509923 128.78252566171605 124.53002690076143 104.31689063721583 141.44645336875686 119.42781826663881 91.47674699090737 
S: 94872 130.359546375541 124.2865604160271 131.02231234897087 117.33874828306415 132.61250244216524 116.41453370847825 119.50026825361829 131.77885017256278 157.07332193283625 130.49042444301753 123.86650164301545 156.3368319227541 117.3486667128044 123.66650552216247 128.78252566171605 124.53002690076143 104.5426168329954 141.44645336875686 119.33054741253056 91.47674699090737 
H: 94872 44.310249868806245 44.68480675512254 50.2383532891795 48.38555989115024 50.66212715897394 49.424741746620015 50.40538313471737 46.19981439461016 53.881469992022275 46.70306459131464 51.71543967524912 52.21840625211148 46.47777771706085 45.36295348184346 52.753017334713576 53.08700130190837 45.84295150663636 47.359733489467814 49.76362896414441 37.7354690693408 
S: 94872 44.310249868806245 44.68480675512254 50.2383532891795 48.38555989115024 50.66212715897394 49.424741746620015 50.40538313471737 46.19981439461016 53.881469992022275 46.70306459131464 51.71543967524912 52.21840625211148 46.47777771706085 45.36295348184346 52.753017334713576 53.08700130190837 45.86230002472344 47.359733489467814 49.76362896414441 37.7354690693408 
H: 428777 134.90725084062237 144.89463253661228 148.00195554586395 141.59748843697145 108.90958646766428 142.95379709865034 154.28895938183598 127.70340004985708 125.92640262670838 147.7992035307077 154.6829709470963 141.11240227216285 142.95498538812814 128.6850132611504 166.26322645615693 150.71075352125484 136.75538706546462 150.17129378990853 150.96939850041264 143.99254870950168 
S: 428777 134.90725084062237 144.89463253661228 148.00195554586395 141.59748843697145 108.90958646766428 142.95437925197095 154.28895938183598 127.70340004985708 126.07494375137276 147.7992035307077 154.6829709470963 141.03600760540868 142.95498538812814 128.68942009868982 166.26322645615693 150.7688643161831 136.75538706546462 150.17129378990853 150.96939850041264 143.99254870950168 
H: 428777 46.54502020897736 48.29821084553741 51.012112302370255 47.199162812323806 36.795450337213836 53.03032845866848 53.93400440040015 44.785316348057705 49.03239490907601 54.81823344526538 52.64394924535105 49.34726019550951 48.303176494916606 49.338038710802294 56.36878154782984 52.85332084321348 47.67793808305176 50.744271661113935 50.541177524174735 49.818104713446374 
S: 428777 46.54502020897736 48.29821084553741 51.012112302370255 47.199162812323806 36.795450337213836 53.03032845866848 53.93400440040015 44.785316348057705 49.03239490907601 54.81823344526538 52.64394924535105 49.34726019550951 48.303176494916606 49.338038710802294 56.36878154782984 52.85332084321348 47.67793808305176 50.744271661113935 50.541177524174735 49.818104713446374 
H: 207189 137.3856660190107 138.4696433315972 143.8387433770046 158.7494768789162 128.96233413440575 123.56684255567973 135.41955808577123 123.04768354781594 147.18975830463333 132.01675847963472 138.53667581361142 109.26853565982707 131.87470055374996 124.81167516702192 117.34347225792504 122.61381458843739 131.65066654757607 125.16725646720535 135.36299115543125 104.14882369035284 
S: 207189 137.43057771547217 138.4696433315972 143.8387433770046 158.7494768789162 128.9385083507873 123.62467899574443 135.41955808577123 123.04768354781598 147.2131591716371 132.01675847963472 138.53667581361142 109.28102428492664 131.87470055374996 124.81167516702192 117.34347225792504 122.61381458843739 131.65066654757607 125.16725646720535 135.36299115543125 104.14882369035284 
H: 207189 49.19899634293145 47.02327395880012 48.532756264725684 53.23021566190906 53.439847786158474 48.04999398510526 55.6100269055207 41.23956928576185 52.304840728937 49.0560171931461 49.344418325541085 48.37154858337868 49.23109821740941 46.84045805038414 50.161538669482695 48.95958685165071 47.769130137855484 49.606491944875565 51.86044472195711 38.09578787011951 
S: 207189 49.19899634293145 47.02327395880012 48.532756264725684 53.23021566190906 53.439847786158474 48.04999398510526 55.6100269055207 41.23956928576185 52.304840728937 49.0560171931461 49.344418325541085 48.37154858337868 49.23109821740941 46.84045805038414 50.161538669482695 48.95958685165071 47.769130137855484 49.606491944875565 51.86044472195711 38.031057351115514 
H: 761554 126.43158259723639 131.72000002000087 123.61730562839334 130.92072455310617 147.1592103276359 135.595987761557 127.01715328293375 135.7751584749744 90.53752341483327 133.71375857647635 91.47882778168275 116.98615320619088 125.18968670688648 124.84626830741935 129.9723808863328 160.81966716604018 121.94414254921453 118.03021312309852 105.33515437320892 108.32174050153539 
S: 761554 125.56608122166169 131.72000002000087 123.61730562839334 130.92072455310617 147.1592103276359 135.50287582996785 127.01715328293375 135.7751584749744 90.53752341483327 133.71375857647635 90.12411954659144 116.98615320619088 125.11523214120558 125.10058337570477 129.9723808863328 160.81966716604018 121.89371559345862 118.12394647917658 104.4775294804236 108.39736010854296 
H: 761554 49.80472224612451 46.98937952629777 45.02140789059357 47.14248966682958 49.677028616656806 51.063832380305385 48.00485143681094 49.68347978401769 31.094034546137646 49.152048798335734 37.57336816076168 50.22000758371128 49.795509704267204 51.64136574950281 48.791764809739966 53.606555722013375 47.843627763727326 44.619786541120185 38.56427329661715 37.80917462285954 
S: 761554 49.80472224612451 46.98937952629777 45.02140789059357 47.14248966682958 49.677028616656806 51.063832380305385 48.00485143681094 49.68347978401769 31.09211990954573 49.152048798335734 37.57336816076168 50.22000758371128 49.795509704267204 51.64136574950281 48.791764809739966 53.606555722013375 47.84362776372732 44.619786541120185 38.583556074231005 37.77348941766847 
H: 768347 131.02185496047196 160.53675266417704 148.112625917729 143.53687907800835 126.91544071586985 148.19217536325152 111.415965570803 126.79889816373543 142.3335325442887 133.00108563893627 129.49006973182492 134.38867275373815 101.03825301324802 135.82391263976308 139.7103986660801 139.54946891815806 122.93665226723418 113.61537887990644 149.27327415217616 138.1357158118985 
S: 768347 131.02185496047196 160.53675266417704 148.112625917729 143.53687907800835 126.91544071586985 148.19217536325152 111.40889679133497 126.79889816373543 142.3335325442887 133.09087740204782 129.49006973182492 134.38867275373815 101.02032125959067 135.82391263976308 139.7103986660801 139.54946891815806 122.9505007070843 113.61537887990644 149.27327415217616 138.1263760050963 
H: 768347 50.312434170409496 54.079431735215074 54.95610346806931 51.74922452305638 48.57700642073645 51.470316569297296 47.67022589584163 51.18262052332265 50.19013757961656 48.50292877638693 43.8093624628172 45.480213876299324 42.454847439141695 51.50345068912941 46.8341530069735 50.69465887428766 49.519170174757235 48.01251595655352 51.248219049016775 47.32561466752356 
S: 768347 50.312434170409496 54.079431735215074 54.95610346806931 51.74922452305638 48.57700642073645 51.470316569297296 47.702610998157006 51.18262052332265 50.19013757961656 48.50292877638693 43.8093624628172 45.480213876299324 42.454847439141695 51.50345068912941 46.8341530069735 50.69465887428766 49.519170174757235 48.01251595655352 51.248219049016775 47.32561466752356 
H: 27076 117.04998444812938 147.47052794212252 117.57703329208279 149.42446277838764 140.3848252358165 129.32705083621482 109.66946704205363 89.04711025940345 140.4391114970481 115.98111195904343 113.09311287445604 148.7444920229781 137.79941720740297 144.51335592134552 110.20436860520007 163.14509692407455 123.3956251934025 143.0675804330248 134.3250596675169 136.5566629556022 
S: 27076 117.04998444812938 147.47052794212252 117.57703329208279 149.42446277838764 140.3848252358165 129.5111532958278 108.34160056094011 91.60004094113064 140.4391114970481 116.00488909552811 113.09311287445604 148.7444920229781 137.79941720740297 144.51335592134552 110.22688933994093 163.14509692407455 123.3956251934025 143.0675804330248 134.3250596675169 136.5566629556022 
H: 27076 48.06307469377377 49.25327857021152 48.05462351838421 50.15836273910388 48.805406474811726 47.37716947326673 42.07269171347355 35.40623036276922 49.54994225893976 49.008113709963446 47.82361750690162 50.31826016523048 50.315077270173155 50.178474691853786 46.12463024586719 55.31653900719859 48.29132482835885 49.467453996862375 51.56785306821596 45.58869104677895 
S: 27076 48.06307469377377 49.25327857021152 48.05462351838421 50.15836273910388 48.805406474811726 47.37716947326673 42.07269171347355 35.40623036276922 49.54994225893976 49.008113709963446 47.82361750690162 50.31826016523048 50.315077270173155 50.178474691853786 46.12463024586719 55.31653900719859 48.29132482835885 49.467453996862375 51.56785306821596 45.58869104677895 
H: 700407 102.88122782072853 119.38380424990726 128.61147842572927 138.70588411672335 139.0561048070344 117.56977194635016 146.93029488905734 106.14977760798173 143.5176443865696 120.96526888157702 136.01166964377143 115.69516648664253 144.22879245048486 139.3680515784271 143.9978870087788 140.03035847728486 141.06487818859236 116.8900578339647 117.80295309624971 132.82572123567073 
S: 700407 103.11497185728902 119.06535327995154 128.61147842572927 138.70588411672335 139.0561048070344 117.5733883227951 146.93029488905734 102.60671655470006 143.5176443865696 120.96526888157702 136.01166964377143 115.69516648664253 144.22879245048486 139.3680515784271 143.9978870087788 140.03035847728486 141.06487818859236 116.8900578339647 117.80295309624971 132.82572123567073 
H: 700407 41.0705924028214 50.89879230428719 52.64495082527315 46.2352947055745 47.85347167841163 49.39868409678926 51.1933872450337 35.82122876183181 48.21292566106553 49.49581776831304 53.47997651344147 48.17578891533114 55.10039543004039 51.67069791177683 50.66498695451202 48.678228248392976 47.082331631820075 44.95186709976905 45.89817736451671 46.1331818392892 
S: 700407 41.0705924028214 50.89879230428719 52.64495082527315 46.2352947055745 47.85347167841163 49.39868409678926 51.1933872450337 35.800327770781244 48.21292566106553 49.49581776831304 53.47997651344146 48.17578891533114 55.10039543004039 51.67069791177683 50.66498695451202 48.678228248392976 47.082331631820075 44.95186709976905 45.92992438187045 46.1331818392892 
H: 126005 141.40627748119365 128.59163295085932 134.79773480783325 159.35022188257918 144.02894811176998 109.97074050975515 149.1396602974509 125.18944296866523 142.0101480145717 123.70949223292729 121.03340489235187 133.8111104470432 104.72608880331637 112.45090122483103 120.09927415932589 142.50723844251843 143.21841245192928 150.86354555829243 98.15274701151988 140.8116214418255 
S: 126005 141.40627748119365 128.72054152382935 134.80872799923262 159.35022188257918 144.02894811176998 110.50324466904752 149.1396602974509 125.18944296866523 142.0284160353861 123.70949223292729 121.0460326771635 133.8111104470432 104.72608880331637 112.46051217853221 120.09927415932589 142.50723844251843 143.21841245192928 150.86354555829243 98.15274701151988 140.8116214418255 
H: 126005 51.661480757458165 53.31818731798597 52.04153685031699 56.07308567796036 54.52202232895152 47.54313980997262 52.66408242225102 41.72981432288841 50.277356772213395 45.736914405555055 43.76341069508915 46.95502034536246 35.30744538332959 45.513602069388234 46.17052955549029 47.50241281417284 48.214681938420284 50.287848519430774 36.312502190443524 55.338954772974375 
S: 126005 51.661480757458165 53.31818731798597 52.04153685031699 56.07308567796036 54.52202232895152 47.54313980997262 52.66408242225102 41.72981432288841 50.277356772213395 45.736914405555055 43.76341069508915 46.95502034536246 35.30744538332959 45.51878525154062 46.17052955549029 47.50241281417284 48.214681938420284 50.287848519430774 36.312502190443524 55.338954772974375 
H: 259627 143.5769421262504 105.85504739032595 137.63136075744995 140.7135538863886 145.4379977859973 157.04510636505373 136.71632743060152 142.00525892900512 120.91800706870619 116.44029131345727 126.4845630264155 149.02478470790092 143.44759968247578 146.6254049526565 157.56249726417548 137.3263883911758 149.99424930275745 141.66782861757378 169.50572802019502 156.79589779374464 
S: 259627 143.5769421262504 105.85504739032595 137.63136075744995 140.7135538863886 145.4379977859973 157.04510636505373 136.8252254770203 142.00525892900512 121.01073975783997 116.44799092550385 126.49325917784377 149.02478470790092 143.44759968247578 146.6254049526565 157.56249726417548 137.3263883911758 149.99424930275745 141.66782861757378 169.50572802019502 156.79589779374464 
H: 259627 49.364187084370045 44.60541459999423 47.48832526951205 46.904517962129574 48.676217385511336 53.456858812337636 54.292346933133466 51.07199758415244 48.184660899429986 48.49298896008688 51.54288247321881 51.184468918773455 49.44926667659499 49.26143818425941 53.77377142184482 49.434945468996496 52.16753659196039 48.39833930087111 57.3259644352196 53.03918527763842 
S: 259627 49.364187084370045 44.60541459999423 47.48832526951205 46.904517962129574 48.676217385511336 53.456858812337636 54.292346933133466 51.07199758415244 48.18466089942996 48.49298896008688 51.54782067593548 51.184468918773455 49.44926667659499 49.26143818425941 53.77377142184482 49.434945468996496 52.16753659196039 48.39833930087111 57.3259644352196 53.03918527763842 
H: 50618 131.18190333804438 88.80501301903719 121.76578808936408 127.9756403571844 142.1168846584807 130.34201120751155 142.31420443291734 119.40652495201932 162.02337911247162 145.67125750426345 105.60515920469291 125.23987515904292 126.38105132462277 125.91826943717773 143.28696641531803 113.11344703600287 146.45083535595504 108.48469958174469 115.5483943073149 110.03570393985615 
S: 50618 131.18190333804438 88.80501301903719 121.76673783009393 127.9756403571844 142.1168846584807 130.34201120751155 142.31420443291734 118.5742412849339 162.02337911247162 145.67125750426345 104.45822553441594 125.17110937695627 126.31840612465784 125.91826943717773 143.28696641531803 113.11344703600287 146.43188760601026 108.21448071221164 115.57691755506998 109.94603579413226 
H: 50618 48.70833564356354 36.46718244945917 47.77273051543472 50.571870633694985 49.253038372252504 49.13615541132232 50.91099843813026 41.357530541999665 55.29292237017294 49.993268815232085 43.11718983073926 50.26007116458501 48.995694034519836 47.19437416958491 51.13542113165023 45.60288600415582 51.26772027930786 44.91816170821261 46.99836401169287 46.81923646386066 
S: 50618 48.70833564356354 36.46718244945917 47.77273051543472 50.571870633694985 49.253038372252504 49.13615541132232 50.91099843813026 41.37241165766514 55.29292237017294 49.993268815232085 43.11875210644214 50.26007116458501 48.995694034519836 47.19437416958491 51.13542113165023 45.60288600415582 51.26772027930786 44.91816170821261 46.99836401169287 46.81923646386066 
H: 178737 152.72712052557722 133.51747020142795 111.0223823899755 114.59080032482636 148.86652215839987 143.89139990957892 154.13699017579185 140.02976708154304 124.83200359839765 140.9226625734736 141.64735723672743 131.63942409239633 88.47912492654733 129.72097292029326 132.40726579923006 151.20507982472924 117.41437836108527 111.90214712384635 146.10803396160833 130.93915961029558 
S: 178737 152.72712052557722 133.55737234336854 111.22845052588637 114.60097115657345 148.86652215839987 143.89139990957892 154.13699017579185 140.02983865270414 124.83200359839765 140.9226625734736 141.64735723672743 131.63942409239633 89.55134264483566 129.72097292029326 132.40726579923006 151.20507982472924 117.51077211290465 111.90214712384635 146.10803396160833 130.93915961029558 
H: 178737 50.90904017519244 51.843405247696 44.02077073087464 50.31861756131519 50.90912608751193 50.61932126581501 51.977513589165234 52.40466429275616 44.811281070749416 50.13089590594254 47.385854108580716 46.61033877405145 33.910220274636494 45.69441807130242 44.36895191991543 50.40169327490973 46.65187544724198 47.39775755972678 49.289933202139196 51.25630610385394 
S: 178737 50.90904017519244 51.843405247696 44.02077073087464 50.31861756131519 50.90912608751193 50.61932126581501 51.977513589165234 52.40466429275616 44.811281070749416 50.13089590594254 47.385854108580716 46.61033877405145 33.912052455053654 45.69441807130242 44.36895191991543 50.40169327490973 46.651875447241984 47.39775755972678 49.289933202139196 51.25630610385394 
H: 506687 139.9362213524805 107.14651120982126 145.94265877781498 134.19473699959966 97.60490348499742 103.92731488109429 118.69014115122101 133.4628867416144 133.21654815584228 156.53123295382693 121.18338857265502 146.7460202926362 144.4828983893102 125.88051671086923 121.12708616546092 136.20229492327155 130.54518544869867 128.72113763683964 134.24228026905305 132.30111636566252 
S: 506687 139.9362213524805 107.14651120982126 145.94265877781498 134.19473699959966 100.85746733643934 103.5605077575787 118.69014115122101 133.4628867416144 133.21654815584228 156.53123295382693 121.17480669528408 146.7460202926362 144.4828983893102 125.88051671086923 121.12708616546092 136.20229492327155 130.57916635604926 128.72113763683964 134.24228026905305 132.4035627818985 
H: 506687 48.68962153907116 40.65988502736722 52.29789982265269 49.72297645072589 33.87186528779716 39.169989349397646 45.087300652798206 52.03841319190842 48.41146888398872 53.281821774185865 49.949939350397436 53.50086468610684 50.934300551021856 49.71436334964329 49.2565341738277 51.09534695160193 53.20580470224748 50.55506350958992 46.79774351239213 47.31975092082035 
S: 506687 48.68962153907116 40.721714456627474 52.29789982265269 49.72297645072589 33.87186528779716 39.169989349397646 45.087300652798206 52.03841319190842 48.41146888398872 53.281821774185865 49.949939350397436 53.50086468610684 50.934300551021856 49.71436334964329 49.2565341738277 51.09534695160193 53.20580470224748 50.55506350958992 46.79774351239213 47.31975092082035 
H: 897851 113.93624565188418 130.1301727005843 143.69896781169962 126.52904373400636 106.08615382563566 136.67404964064448 105.9339062707961 116.6396481764537 113.32044718491579 140.45272768315706 104.11333795947843 125.07621026765025 150.71479867008907 134.38000876090894 114.45682206397267 145.09250633956836 129.56377146232828 126.82382376767404 87.07010326124374 135.95886699342174 
S: 897851 113.97022502145579 130.1301727005843 143.69896781169962 126.52904373400636 106.12252565251168 136.67404964064448 106.02719767113729 116.6396481764537 113.32044718491579 140.45272768315706 104.15247121397279 125.07621026765025 150.71479867008907 134.38000876090894 114.45682206397267 145.09250633956836 129.56377146232828 126.82382376767404 87.07010326124374 136.03075785098042 
H: 897851 48.32134505121612 50.865690145178235 50.74716698566969 50.80304216191206 42.49064598496452 49.22613465061512 45.57433567473565 46.38380279501144 44.86029679012132 49.59109101812313 43.702108805772355 52.68108572978106 51.41812944446605 48.991443488954744 48.95225692705427 48.75714035770473 45.45689130670384 49.925190644890364 29.979552893672622 53.426886416196936 
S: 897851 48.32134505121612 50.865690145178235 50.74716698566969 50.80304216191206 42.49064598496452 49.22613465061512 45.57433567473565 46.38380279501144 44.86029679012132 49.59109101812313 43.702108805772355 52.68108572978106 51.41812944446605 48.991443488954744 48.95225692705427 48.75714035770473 45.45689130670384 49.925190644890364 29.990946518747744 53.426886416196936 
H: 543264 130.37946283053938 135.896801314703 130.7572008229803 158.7070726396996 130.67412215374392 152.4485552033269 139.7627632600866 137.6042147777156 124.0074477468405 149.30596034422354 140.47402062648143 109.75602355820112 137.94059783213694 138.90179422989564 141.5928604085605 147.8867928138135 131.74708036316997 148.5510750359965 109.79977978823565 133.31158497851496 
S: 543264 130.37946283053938 135.896801314703 130.7572008229803 158.77905337576294 130.67412215374392 152.4485552033269 139.7627632600866 137.66760704155027 124.0074477468405 149.30596034422354 140.47402062648143 109.75353426938851 137.94059783213694 138.90179422989564 141.5928604085605 147.8867928138135 131.7540054446224 148.5510750359965 109.8089764765576 133.31158497851496 
H: 543264 45.907135590268936 46.27427126529962 45.625265603399164 56.99385959967326 44.242726083728584 51.30663598160986 49.009649880207824 48.65583723448723 49.928972441587945 50.962979501466386 50.72752337705676 47.84882703045919 49.33843917910719 47.56554303618562 51.803401909848745 50.26430460321953 44.98417253901224 50.91667836318259 45.611017625694295 50.427069743128136 
S: 543264 45.907135590268936 46.27427126529962 45.625265603399164 56.99385959967326 44.242726083728584 51.30663598160986 49.009649880207824 48.65583723448723 49.928972441587945 50.962979501466386 50.72752337705676 47.84882703045919 49.33843917910719 47.56554303618562 51.803401909848745 50.26430460321953 44.98417253901224 50.91667836318259 45.611017625694295 50.427069743128136 
H: 614902 120.15000626761397 120.68336415717687 92.0147264326901 100.36779767531574 120.7012185795387 156.42401983438532 142.07965102760352 153.18174658103018 145.93079957535605 153.98506097610206 131.05611643219197 127.23373226845811 116.04650026554074 149.55388560427758 142.61999759220507 138.20910667400386 146.5117367937288 128.84859160468042 112.79327260973407 118.9862256610198 
S: 614902 120.15000626761397 120.68336415717687 92.0147264326901 101.50688021999771 120.71985749964016 156.42401983438532 142.07965102760352 153.18174658103018 145.93079957535605 153.98506097610206 131.05611643219197 127.24440864813724 116.04650026554074 149.55388560427758 142.61999759220507 138.20910667400386 146.5117367937288 128.84859160468042 112.78808635159126 118.99412932590147 
H: 614902 44.62878189393723 49.397012180924754 37.472439449253415 34.16936412093638 47.645455011764184 52.21767237468862 53.4098073456595 52.92822142883569 54.42058761589152 51.328353658700706 44.12503168875076 49.59939384736396 49.95215873297176 51.71269663605349 47.66694081959037 46.06970222466795 51.69424074582467 54.27098658885907 48.38062714465585 48.44833562810958 
S: 614902 44.62878189393723 49.397012180924754 37.4757551231351 33.922335843182026 47.645455011764184 52.21767237468862 53.4098073456595 52.92822142883569 54.42058761589152 51.328353658700706 44.12503168875076 49.59939384736396 50.05343749273322 51.71269663605349 47.66694081959037 46.06970222466795 51.69424074582467 54.27098658885907 48.37396930443898 48.44833562810958 
H: 237829 113.48946650463638 122.37533697141379 134.47854690263617 133.78915481760362 146.13300202338408 141.6846923142877 148.6763860162495 128.16598515593392 134.28611094092594 148.25721082408583 123.42365136274063 110.08986894184417 135.46185271110255 132.09717364906453 135.1397716581406 109.23697897159364 123.4717790381176 103.67623255621127 122.49987216313377 117.86419332148128 
S: 237829 113.51028320593426 122.40812018663433 134.47854690263617 133.78915481760362 146.13300202338408 141.6846923142877 148.6763860162495 128.16598515593392 134.28611094092594 148.25721082408583 123.42365136274063 110.07036666483988 135.46185271110255 132.11764826525268 135.1397716581406 108.35792599443455 123.4717790381176 103.67623255621127 122.49987216313377 117.86419332148128 
H: 237829 48.37625953590939 52.56357565643849 45.627290820643694 44.82762120908085 51.14648592566912 47.38700518198578 50.679605123230125 45.579278631774926 49.25091558090396 52.642864653469886 45.56585546583395 47.476658603047824 45.15395090370091 51.76813973778734 50.16340044550123 43.648731128307986 46.91746058340675 44.400699651806335 46.221094372649716 51.54426216439985 
S: 237829 48.37625953590939 52.56357565643849 45.627290820643694 44.82762120908085 51.14648592566912 47.38700518198578 50.679605123230125 45.579278631774926 49.25091558090396 52.642864653469886 45.56585546583395 47.476658603047824 45.15395090370091 51.76813973778734 50.16340044550123 43.65544212275709 46.91746058340675 44.41186182126542 46.221094372649716 51.54426216439985 
H: 37571 132.4458859318218 144.79447246070572 99.41112786800342 144.53026669679858 124.31130990319446 152.58465456869607 115.98946889247057 127.03455200277426 117.98264541415969 155.63692581326617 140.72151075775943 92.70617929806416 116.24486747490563 124.83067069965665 126.91320019849822 123.80517342816846 116.4439252389669 120.56737057481332 146.54690992044414 137.342764104341 
S: 37571 132.46816978767052 144.8791573337396 99.41112786800342 144.67403751022042 124.31130990319446 152.58465456869607 115.98946889247057 127.12432249977869 117.98264541415969 155.63692581326617 140.72151075775943 92.74260557120098 116.24486747490563 124.89906376284911 126.91320019849822 123.89659820867715 116.4439252389669 120.56737057481332 146.54690992044414 137.342764104341 
H: 37571 50.903195243012476 52.69730706284101 38.24124185802129 52.83545788173628 50.102779641562236 50.99808200722448 46.24120569263407 48.175605774114345 48.29843368148609 54.62946923094724 47.6888713177589 41.833049746155126 48.634055053118516 52.45994807061496 49.94659534442399 47.60572324637122 50.06963626775826 47.227156015876325 51.18103355184224 48.439804273603855 
S: 37571 50.903195243012476 52.69730706284101 38.24741428569321 52.83545788173628 50.102779641562236 50.99808200722448 46.24120569263407 48.175605774114345 48.29843368148609 54.62946923094724 47.6888713177589 41.833049746155126 48.634055053118516 52.45994807061495 49.94659534442399 47.60572324637124 50.06963626775826 47.227156015876325 51.18103355184224 48.439804273603855 
H: 558190 139.25882167913053 131.15895731050904 154.95673274095614 130.10019951556666 109.84769143811269 154.8138771993601 143.12076485482757 101.9685454118899 133.5195784780028 120.76254006737803 134.90191771342162 88.25888823284919 150.22831068732455 96.47686317314468 104.68320380711317 104.65308604322273 139.84527922054855 152.60278706370767 142.61678985372163 140.23092863899058 
S: 558190 139.25882167913053 131.16857463079086 154.95673274095614 130.10019951556666 109.84769143811269 154.8138771993601 143.12076485482757 101.98740348257445 133.5195784780028 120.76254006737803 135.20171251100498 88.25888823284919 150.22831068732455 96.50820894607831 104.68320380711317 105.26223741118766 139.84527922054855 152.60278706370767 142.61678985372163 140.23092863899058 
H: 558190 47.17035160398105 51.92499295647276 52.44565119814217 46.4658178658771 46.88839008849334 52.4353218378221 47.70692161827584 46.42006843746675 52.177379588785065 46.89941138982463 49.92731331965874 35.90556955495796 50.643184360592244 32.35063013218121 43.02478677019919 45.392356588180895 52.146778147677544 51.453794689333876 52.81259855473894 50.05489396454132 
S: 558190 47.17035160398105 51.92499295647276 52.44565119814217 46.4658178658771 46.88839008849334 52.4353218378221 47.70692161827584 46.388239050768064 52.177379588785065 46.89941138982463 49.92731331965874 35.909008641558636 50.643184360592244 32.35592321674998 43.02478677019919 45.392356588180895 52.146778147677544 51.453794689333876 52.81259855473894 50.05489396454132 
H: 83345 106.33541519993133 117.17010862648907 136.90783688127448 135.32725986980748 146.91763922887307 114.8253070959282 93.4272492876647 143.76366394295366 142.5763942994495 106.88283728399279 117.31079003165883 136.0404323285561 107.31123427764453 124.68361040649283 110.79181978530643 139.47266425575333 140.89123957176986 111.28955051817871 121.9140916693173 94.53481622596233 
S: 83345 106.33541519993133 117.18000684238154 136.90783688127448 135.32725986980748 146.91763922887307 114.8253070959282 93.4272492876647 143.76366394295366 142.7208367904809 106.88283728399279 116.95084346774638 136.05629464093076 107.31199357933318 124.71751165702736 110.80102482859394 139.47266425575333 140.91387026572454 111.28955051817871 121.9140916693173 95.28783994480453 
H: 83345 44.914125903241114 47.26428456141346 51.31541494923263 49.151618353009205 53.60115975613403 50.25466472469933 37.39008860576797 51.774929527000076 48.36871277841209 44.883062630993486 47.54448085758373 51.76341260028553 47.85725297031414 50.91667543499489 47.37248626532103 47.36969342427581 51.81579601011576 44.158973545841505 52.44761527007819 38.10423521093133 
S: 83345 44.914125903241114 47.26428456141346 51.31541494923263 49.151618353009205 53.60115975613403 50.25466472469933 37.39008860576797 51.774929527000076 48.36871277841209 44.883062630993486 47.54448085758373 51.76341260028553 47.85725297031414 50.91667543499489 47.37248626532103 47.36969342427581 51.81579601011576 44.158973545841505 52.44761527007817 38.114814404677375 
H: 578811 146.80068954055722 134.08183788981697 138.15142765473334 130.93152563245113 117.14972871815802 161.34449422851137 145.2803873154974 139.8456779657313 138.91971638901643 138.12880995452898 149.53721491652192 145.2258804858787 121.77239453261137 90.26966143948073 107.46564016093969 135.98748718654878 114.13260359944266 134.23980750303267 131.47172988865347 163.98600572793137 
S: 578811 146.80068954055722 134.08183788981697 138.15142765473334 130.9448776408605 117.15359116357182 161.44463150055785 145.29115006173828 139.8456779657313 138.91971638901643 138.12880995452898 149.53721491652192 145.2258804858787 121.77239453261137 90.26434401328606 107.47723480652878 135.98748718654878 108.01143856528586 134.3753649107306 131.47172988865347 163.98600572793137 
H: 578811 50.179395942697276 46.23959230945291 49.746552569953366 50.94026055410956 48.68699773023972 54.656689359331416 48.873990160313866 47.5246695876986 50.81704941563806 49.29304668632573 50.37083682859472 49.53197165808237 45.663553311082474 36.76655074337358 42.516843433949376 48.119147151373994 43.520489719247614 48.13574050756464 49.2923404671781 55.422513115509844 
S: 578811 50.179395942697276 46.23959230945291 49.746552569953366 50.94026055410956 48.68699773023972 54.656689359331416 48.873990160313866 47.5246695876986 50.81704941563806 49.29304668632573 50.37083682859472 49.53197165808237 45.663553311082474 36.78029346178863 42.516843433949376 48.119147151373994 43.520489719247614 48.13574050756464 49.2923404671781 55.422513115509844 
H: 247863 215.24498226222659 282.54611876596965 235.10091030569004 280.5805357842611 308.94184254523446 279.95845821014586 207.84971267544196 278.93503548537575 281.7610240605239 291.3180075897197 230.00976713328038 267.01476710291115 292.86532966558997 251.4788922456449 218.2245115357132 211.71575387365405 258.6451029420457 258.5082882763025 278.1753299931939 259.66743948150673 
S: 247863 215.23405400916332 282.54611876596965 235.12170243171016 280.5805357842611 308.94184254523446 279.95974898807333 207.95627812939787 278.93503548537575 281.7610240605239 291.3683196699559 230.07718593539067 267.01476710291115 292.86532966558997 251.51116137917006 218.2245115357132 211.7921870676196 258.6549135132365 258.5082882763025 278.1753299931939 259.66743948150673 
H: 247863 85.1190622213406 105.21638431082738 95.05282227369189 97.85460225834194 103.26440141816926 100.93429853848012 77.67441925335997 100.82909502565447 94.27696167833794 104.34353353059196 95.7029843902613 104.20373700366551 103.84230312489328 97.53320086184826 92.88129214785666 85.49746914378517 99.16384195998509 107.8075066361228 96.34943158380504 99.71554931598236 
S: 247863 85.1190622213406 105.21638431082738 95.05282227369189 97.85460225834194 103.26440141816926 100.93429853848012 77.70366052720861 100.82909502565447 94.27696167833794 104.34353353059196 95.7029843902613 104.20373700366551 103.84230312489328 97.53320086184826 92.88129214785666 85.49746914378517 99.16384195998509 107.8075066361228 96.34943158380504 99.71554931598236 
H: 645035 242.44760493809014 269.45552542104497 304.1644523330749 289.61018651661516 231.6791566919283 249.09318597437593 244.9528547732147 254.7068154973176 257.7151071831075 269.40236987371236 251.89003686456283 270.3330591945439 282.5736236790871 277.4687442963098 310.0400071917312 256.96835028492734 305.55678811379477 282.2358020204197 261.87589397389996 215.41121520793894 
S: 645035 242.4737628683556 269.45552542104497 304.1644523330749 289.62687375885736 231.71183096060716 249.09318597437593 245.040447793345 254.7247319874309 257.7151071831075 269.40236987371236 251.9326996421741 270.340013921589 282.5736236790871 277.4687442963098 310.0400071917312 256.96835028492734 305.55678811379477 282.2358020204197 261.87589397389996 215.41982231192665 
H: 645035 100.51352039891965 102.19638511618196 103.27889996211142 98.34557954873422 92.18246813405702 92.38170436259463 98.93896069903107 100.21112239170921 95.48158676692069 92.67621209948604 100.03042407172777 96.29416404111328 107.79164179215365 96.29146232360372 103.81402756752831 104.26944649765794 103.67953136423944 95.40245890950101 99.8772324689679 93.38818621481323 
S: 645035 100.51352039891965 102.19638511618196 103.27889996211142 98.34557954873422 92.18246813405702 92.38170436259463 98.93896069903107 100.21112239170921 95.48158676692069 92.67621209948604 100.03042407172777 96.29416404111328 107.79164179215365 96.29146232360372 103.81402756752831 104.26944649765794 103.67953136423944 95.40245890950101 99.8772324689679 93.39436968925361 
H: 117796 278.43752926526076 288.51410111158685 281.40759519801304 199.5139092753894 208.99596271305293 273.28018819972027 230.40579554525547 212.18626574391226 259.0699544292744 198.74697258295066 227.17737033075372 305.9594972072568 234.36772243006922 227.25119957426097 242.15344086227273 318.9423408917769 261.0719161544504 273.58112308159417 306.86043522711145 218.3000265034539 
S: 117796 278.43752926526076 288.51410111158685 281.40759519801304 199.15717856789425 208.92450825072132 273.28018819972027 230.40579554525547 212.21396286856594 259.2009642239106 198.76760091515996 227.17737033075372 305.9594972072568 234.45635084498932 227.2900735108271 242.15344086227273 318.9423408917769 261.24357730175194 273.58112308159417 306.86043522711145 218.38987077353747 
H: 117796 94.13437456221097 100.52202275676014 94.83869585906073 74.72368604191998 86.50686246344357 93.36341323107989 92.31098768261634 86.73966553171829 102.86981810010693 83.2376987784505 85.24283834681722 101.98649906908568 88.18051081587086 96.2224709065783 92.9048173189888 110.20411988758336 101.98587467141023 95.0083062853264 106.25801112453516 93.27637162300825 
S: 117796 94.13437456221097 100.52202275676014 94.83869585906073 74.72368604191998 86.50686246344357 93.36341323107989 92.31098768261634 86.73966553171829 102.86981810010693 83.26153535855683 85.28232368593692 101.98649906908568 88.18051081587086 96.22601677088079 92.90481731898882 110.20411988758336 101.98587467141023 95.0083062853264 106.25801112453516 93.28611376753986 
H: 17343 198.48431024114905 284.1605733406364 298.42506600224203 298.81985603288655 321.4468634251592 267.2363932367183 278.3957561351699 257.989980911208 240.11928630098495 259.85072453999936 288.9252578293613 203.25251885159767 215.63656101824319 240.01674375543362 261.68423135161447 290.8988329361376 274.7470024919688 259.33786378433206 258.9486327649589 268.35753762383655 
S: 17343 198.48431024114905 284.1605733406364 298.42506600224203 298.81985603288655 321.4468634251592 267.26447926351136 278.3957561351699 258.16978140904763 240.11928630098495 259.85072453999936 288.9252578293613 203.25251885159767 215.63656101824319 240.24573843996285 261.68423135161447 290.8988329361376 274.7470024919688 259.3845525237089 258.9486327649589 268.35753762383655 
H: 17343 69.58772342941072 94.72019111354547 102.0591281039968 101.37418463164097 107.32843634810588 94.19849967602141 98.83161541139016 105.18354619183306 102.31733507559093 102.46388672181033 97.29392432124638 82.88658382189114 88.90837973142683 97.20495428393264 101.75982527837503 100.4404950746627 93.75348525248826 100.45275172097675 98.5210444753044 94.4613899085817 
S: 17343 69.52877330274129 94.72019111354547 102.0591281039968 101.37418463164097 107.32843634810588 94.19849967602141 98.83161541139016 105.18354619183306 102.31733507559093 102.46388672181033 97.29392432124638 82.88658382189114 88.90837973142683 97.20495428393264 101.75982527837503 100.4404950746627 93.75348525248826 100.45275172097675 98.5210444753044 94.4613899085817 
H: 62277 288.0281924268186 290.2856028661491 284.08415642351486 260.76110177849966 295.43923943954 307.07660842867364 286.9469576621358 292.0543570128878 301.42857444003516 252.22326961561518 303.74130071057317 263.196414575166 212.18833645071933 306.7814360242658 254.56518881448662 294.67857675635685 283.50480913565974 195.19991149936072 297.9492029358573 295.14659034090886 
S: 62277 288.050464762985 290.2856028661491 284.0912718987987 260.7605795965735 295.43923943954 307.07660842867364 286.9469576621358 292.0543570128878 301.450734533833 252.22326961561518 303.74130071057317 263.196414575166 212.18833645071933 306.7814360242658 254.56816921631858 294.67857675635685 283.51552738054704 195.19991149936072 297.9492029358573 295.314278679049 
H: 62277 102.66613899783235 104.00468621135467 98.99969307992929 96.96482533955445 102.16495903099728 104.72183317991562 100.68209962273579 103.55737463655012 104.41056703951865 90.71123096998731 101.63539794307842 104.10441138167667 91.23677364931089 103.99274165163406 105.01045965701198 98.60626268146798 98.73635796127616 74.14240303227452 101.82336163645627 106.83527805776473 
S: 62277 102.66613899783235 104.00468621135467 98.99969307992929 96.96482533955445 102.16495903099728 104.72183317991562 100.68209962273579 103.55737463655012 104.41056703951865 90.71123096998731 101.63539794307842 104.10441138167667 91.23677364931089 103.99274165163406 105.01045965701196 98.60626268146798 98.73635796127616 74.14542616277532 101.82336163645627 106.83527805776473 
H: 143054 257.2211163308467 238.89782036547874 305.8427050720111 208.3718548963312 301.19088137175453 282.2799456435242 226.93424660137217 271.87578083966514 210.6980176784429 289.8366395513943 232.26207016206405 269.9472224540547 280.3092878130724 321.5373846746633 291.94238970712604 304.89814322212675 262.9451510074911 308.5644759284976 274.15291983693015 242.88880462969328 
S: 143054 257.26157243719507 238.9085428031153 305.8427050720111 207.66684552546909 301.19088137175453 282.3639368297532 226.93993746100583 271.87578083966514 210.90649329054634 289.8366395513943 232.26207016206405 269.9472224540547 280.3092878130724 321.5373846746633 291.94238970712604 304.89814322212675 262.9451510074911 308.5754535082072 274.15291983693015 242.9141481499217 
H: 143054 96.99442723791088 104.28490209614161 106.27949005673605 77.82891451354872 103.13359671635244 104.11297023024294 97.8320926699305 103.6027940226921 79.28657360158844 97.36822111034162 95.9504297937568 93.68541768541536 99.60893959538271 107.95729781075069 100.65281161181393 102.51811384866008 98.56922163691326 105.10826241824134 99.44209952912267 96.32515353852922 
S: 143054 96.99442723791088 104.28490209614161 106.27949005673605 77.78977225629568 103.13359671635244 104.11297023024294 97.8320926699305 103.6027940226921 79.2929473360838 97.36822111034162 95.9504297937568 93.68541768541536 99.60893959538271 107.95729781075069 100.65281161181393 102.51811384866008 98.56922163691326 105.10826241824134 99.44209952912267 96.32515353852922 
H: 421218 291.7986420205163 259.0023143564752 244.46542513456748 267.72220750121363 265.53650810150276 201.72236356049424 279.972968078122 236.42581815418168 247.94075463494838 196.9728537134868 271.8932275483854 272.96915429205166 268.7561671236704 304.48290841290896 279.6342976482978 205.17765323272047 237.8386630405252 278.27095759389164 296.5754540061802 312.4432810894797 
S: 421218 291.7986420205163 259.00673499863 244.92716967000152 267.7410079686133 265.53650810150276 201.77512748635817 279.972968078122 236.4306680398785 247.93872891528926 197.0357870857718 271.8932275483854 272.990728131278 268.849609011177 304.48290841290896 279.6342976482978 205.243157225078 237.8386630405252 278.27095759389164 296.5754540061802 312.4432810894797 
H: 421218 100.60713752536931 93.46538834011929 99.10165560995907 100.50814659414719 97.78601934973044 78.14504536241074 99.62547564934798 99.55228207076492 100.3050690773117 78.00200758891906 98.54118883588863 98.4687316534044 101.99290616822637 101.79813524505946 94.8894105549289 85.14580234920665 92.07908779483643 99.22396153724873 104.75347123212211 105.36399238692609 
S: 421218 100.60713752536931 93.46538834011929 99.10165560995907 100.50814659414719 97.78601934973044 78.15024366495803 99.62547564934798 99.55228207076492 100.3050690773117 78.00509916255108 98.54118883588863 98.4687316534044 101.99290616822637 101.79813524505946 94.8894105549289 85.14580234920665 92.07908779483643 99.22396153724873 104.75347123212211 105.36399238692609 
H: 644105 244.26026169909295 302.4971480309005 221.55717731376168 238.68698271893913 237.14333472744718 297.2711401613382 217.37240944827374 206.71083336787945 284.73384397612585 249.82780006429817 287.8313308638941 290.03738689587396 282.8276428792812 205.23535900538081 268.1516235921661 280.79349422014445 230.88630377959973 264.1724201837449 194.9269493448469 254.26130749800964 
S: 644105 244.2741607243147 302.4971480309005 221.57761015010226 238.68698271893913 237.15381276844153 297.2711401613382 217.40053961158844 199.40665669341044 284.73384397612585 250.07815609783142 287.8313308638941 290.03738689587396 282.8637949626932 205.25070851731792 268.1516235921661 280.81747917275777 229.77259712888264 264.1766694804227 194.9269493448469 254.26130749800964 
H: 644105 90.12958480189094 101.38363562434475 93.62010508725535 99.59265826410738 96.9287746344573 100.41129600241534 92.32594160302104 72.00982442603845 97.14772732506802 93.87629780620263 98.6111859649783 108.28468495233706 100.05659987059619 87.92032238070864 103.93703361513653 95.31350044540729 93.09834438512739 94.59354450368056 69.82628191303091 98.69507173925275 
S: 644105 90.12958480189094 101.38363562434475 93.6275284604861 99.59265826410738 96.9287746344573 100.41129600241534 92.32594160302104 72.0330215450103 97.14772732506802 93.8762978062026 98.6111859649783 108.28468495233706 100.05659987059619 87.91490919977326 103.93703361513653 95.31350044540729 93.10055764390877 94.59354450368056 69.82628191303091 98.69507173925275 
H: 291442 211.01447585469532 220.73476806756594 273.30081759889936 252.89911787765797 282.48958283707753 292.02377147657864 312.485628206283 260.00395995273703 260.8132585127969 283.5849326776475 239.93337546924002 292.66104408023125 227.52476295633556 246.05933436473424 245.51372589942002 266.48317059197063 263.60435888980237 280.727855167878 293.47986653515557 265.5089092020127 
S: 291442 211.05384633714388 221.03781039136766 273.3427656582285 252.95366318006046 282.5107785144153 292.02377147657864 312.485628206283 260.00395995273703 260.8409400424656 283.5849326776475 239.96632891027616 292.66104408023125 227.52476295633556 246.0903402668909 245.51372589942002 266.48317059197063 263.60435888980237 280.727855167878 293.47986653515557 265.5089092020127 
H: 291442 91.25862152549773 93.59738003842884 101.81792947380076 102.41691385949132 100.95235067615424 98.40238453217097 109.01103106050219 105.64666447854843 93.45623283794448 105.15284092086024 95.52914710372593 97.61193357320904 96.01176951983653 97.50840300456098 93.75449379395529 96.05097808875135 95.409579434906 95.31500313252688 98.78921744039101 96.77639738276952 
S: 291442 91.25862152549773 93.59738003842884 101.81792947380076 102.41691385949132 100.95235067615424 98.40238453217097 109.01103106050219 105.64666447854843 93.45623283794448 105.15284092086024 95.52914710372593 97.61193357320904 96.01176951983653 97.50840300456098 93.75449379395529 96.05097808875135 95.409579434906 95.31500313252688 98.78921744039101 96.77639738276952 
H: 148024 195.07670851018693 286.90592482209127 287.88222461874676 276.01384757966815 282.57789800252414 240.72590483130853 214.92111557104352 237.02936372299158 275.0382041715724 272.38442829083897 221.28980001551977 237.64244004661407 208.25903327781626 292.49175660537776 283.221663858988 272.33961489593406 289.09528087276306 263.33493432307125 290.98324175104864 253.16931352779187 
S: 148024 195.06664631898346 286.90592482209127 287.8898119705141 276.01384757966815 282.57789800252414 240.72590483130853 214.96078249308368 237.04400847152803 275.0382041715724 272.4213327404756 221.7204585112015 237.64244004661407 208.25375277146526 292.49175660537776 283.221663858988 272.33961489593406 289.09528087276306 263.33493432307125 290.98324175104864 253.12754913021698 
H: 148024 65.3902025458911 100.06059379538137 101.73844820046486 105.9495828975366 100.78082103963887 98.3594524783182 77.70995918261256 99.6228631719384 93.3010729674649 102.28885079966543 92.78319657811231 104.56115618791908 87.70701498149779 98.3887668680686 94.40722128632942 100.57169802647286 102.89628330835141 100.40362571311091 104.75722962103421 102.67549388038886 
S: 148024 65.39013481527269 100.06059379538137 101.73844820046486 105.9495828975366 100.78082103963887 98.3594524783182 77.72700761939318 99.6228631719384 93.3010729674649 102.28885079966543 92.7815545091196 104.56115618791908 87.70701498149779 98.3887668680686 94.40722128632942 100.57169802647286 102.89628330835141 100.40362571311091 104.75722962103421 102.67549388038886 
H: 592752 217.02454342440507 224.77088267468702 245.90904985470937 251.8128111611511 284.97859866176293 261.87539160040166 275.0270424497783 262.6885878779731 268.53879374167207 307.2657048335504 270.8014145131272 239.06668527140036 302.523025567344 324.89230719156586 226.35777625684904 224.10252253782068 283.42681514935305 298.8947728782591 203.83626961335233 243.71068901067946 
S: 592752 217.02454342440507 224.98321294917204 245.95956764958822 251.84156795148155 284.97859866176293 261.87539160040166 275.0393312519531 262.6885878779731 268.58741680407553 307.2657048335504 270.8014145131272 238.77841872117276 302.523025567344 324.89230719156586 226.48512031542253 224.0954297468117 283.42681514935305 298.8947728782591 203.82997700865144 243.71068901067946 
H: 592752 93.84005670273773 90.9912518157303 92.99001398293035 103.58729318359237 102.35756435472395 97.07402053534837 97.5511355671262 95.97167509482753 95.95751963360426 104.13624358641859 94.15379417483604 95.20661416437963 102.51866641870996 108.78969953917569 92.11379248071879 94.85048742075197 94.47560504978439 103.95879485266616 81.47208994687415 99.90051484635059 
S: 592752 93.84005670273773 90.9912518157303 92.99001398293035 103.58729318359237 102.35756435472395 97.07402053534837 97.5511355671262 95.97167509482753 95.95751963360426 104.13624358641859 94.15379417483604 95.20661416437963 102.51866641870996 108.78969953917569 92.11379248071879 94.85048742075197 94.47560504978439 103.95879485266616 81.4895062740878 99.90051484635059 
H: 913532 221.04254061411996 279.6096683873462 273.43050876994863 208.19643572489284 295.96785456652697 288.9176461516478 213.58044359963947 263.1011819421731 252.00213120188403 289.3953650533825 275.3540147370664 193.19283904927727 268.4419011419956 237.46191584888302 249.47977736935087 253.0451669140766 220.32023101751676 286.8429203695199 288.6368808955 272.5233350095859 
S: 913532 221.4424311538291 279.71857439746907 273.43050876994863 208.29642872965164 295.96785456652697 288.9176461516478 213.4904082238651 263.1011819421731 252.05710148358915 289.4216347257101 275.3540147370664 193.22738622982283 268.4419011419956 237.46191584888302 249.47977736935087 253.0451669140766 220.32023101751676 286.8429203695199 288.6368808955 272.5233350095859 
H: 913532 92.56170528578292 101.68693100989351 102.22911374187571 81.10387027362361 101.04017455232942 100.59480265981871 83.29157157031472 98.32692566121652 94.40742669416495 101.72846111927001 98.7549561112917 66.23413596940745 104.30193201970482 97.74554968216897 89.37747731540793 94.06292293588027 91.40506612090184 98.23927006694568 100.42858967481399 90.84111166986195 
S: 913532 92.56170528578292 101.68693100989351 102.22911374187571 81.1329730232487 101.04017455232942 100.59480265981871 83.29157157031472 98.32692566121652 94.40742669416495 101.72846111927001 98.7549561112917 66.2365725177757 104.30193201970482 97.74554968216897 89.37747731540793 94.06292293588027 91.40506612090184 98.23927006694568 100.42858967481399 90.84111166986195 
H: 584471 218.96342579434437 243.27017751259606 240.37446644506971 284.2288262027938 207.63361864522327 278.9514005495115 291.04587692914384 246.87963680939538 267.8560728875462 272.6670671982683 224.03885458531587 236.15008777626068 302.7738645128923 285.61596506897564 274.6204441716241 278.8582872317483 260.865784890667 246.78377394175982 268.4437439032276 266.99371546042653 
S: 584471 218.98896577355444 243.27017751259606 240.37446644506971 284.2288262027938 207.96902127777432 278.9514005495115 291.04587692914384 246.87963680939538 267.8560728875462 272.6670671982683 224.05707256066162 236.14035200095765 302.7738645128923 285.61596506897564 274.6204441716241 278.8582872317483 260.865784890667 246.83486601474866 268.4437439032276 267.0152832387697 
H: 584471 91.4434061933275 96.07500956189051 98.94850322065038 99.39695128179474 85.37023463261266 98.96491219154277 98.04129530028219 100.54773914545552 104.51128424139317 95.12254662646946 91.57767988460557 94.86916874745918 103.43216524307756 99.84167708872054 100.92002918837939 105.72068227329507 89.33478089578024 95.88087338421956 98.28871507566376 105.86374406625484 
S: 584471 91.4434061933275 96.07500956189051 98.94850322065038 99.39695128179474 85.37134727783388 98.96491219154277 98.04129530028219 100.54773914545552 104.51128424139317 95.12254662646946 91.57767988460557 94.86916874745918 103.43216524307756 99.84167708872054 100.92002918837939 105.72068227329507 89.33478089578024 95.88087338421956 98.28871507566376 105.86374406625484 
H: 359097 289.6982453425301 266.4474547783517 218.21524248634614 298.8778915967692 297.6303402431397 288.69100690520503 280.28374255130916 260.06047428551636 235.85970090282805 322.3809725905092 280.3089415211459 254.7288264017212 259.3936807656978 290.5221935896713 197.42240572678244 238.71479607014473 214.55155903975898 281.593927041312 300.73767967066055 277.09094058477035 
S: 359097 289.6982453425301 266.4474547783517 218.5654622499569 298.8778915967692 297.6897766156288 288.7642414600977 280.28374255130916 260.06047428551636 235.85970090282805 322.3809725905092 280.3089415211459 254.75077481938868 259.57073384215585 290.5221935896713 197.45417519461927 238.71479607014473 214.52433173504602 281.593927041312 300.73767967066055 277.09094058477035 
H: 359097 98.7578195337982 89.91896260978983 87.59521152248674 101.43278595160146 106.95700404427977 105.21280869525123 100.94231297571596 94.70857496650574 101.59263389643952 108.04730699635118 95.42229022199761 98.04806801035045 99.1711992292731 99.20607625378703 77.87280461033735 88.97969182312296 91.10011473510428 97.62567140623955 101.50903706500425 97.04726636132679 
S: 359097 98.7578195337982 89.91896260978983 87.59521152248674 101.43278595160146 106.95700404427977 105.21280869525123 100.94231297571596 94.70857496650574 101.59263389643952 108.04730699635118 95.42229022199761 98.04806801035045 99.17119922927313 99.20607625378703 77.87280461033735 88.97969182312296 91.10011473510428 97.62567140623955 101.50903706500425 97.04726636132679 
H: 604065 274.4946995663552 250.6237141819497 208.97974042657987 228.53458957175803 245.42833392561056 231.75790745321103 274.622277772185 252.93906404125116 233.03996501297556 256.1818070399624 290.6029827440289 237.6350447614465 312.601019705913 275.72183652285077 272.4011112109816 247.83799944624533 288.15205561738037 257.5285731564246 247.10236733514455 288.15275805037186 
S: 604065 274.4946995663552 250.6237141819497 209.01879655716502 228.54490585331789 245.46906195009947 231.88867312260797 274.622277772185 252.93906404125116 233.07832199486012 256.36840001825755 290.61816772288876 237.68735935017114 312.601019705913 275.72183652285077 272.4011112109816 247.83799944624533 288.15205561738037 257.5520466801235 247.13768115824405 288.15275805037186 
H: 604065 102.31719504601193 98.51142040553786 76.37806207073443 98.33511286075422 96.29696951579476 96.22576102159105 96.91956446050752 91.54789242144156 95.3134095588928 99.39097286620382 106.35390066639641 99.59990678335751 105.9675873772903 104.7925874898893 98.77740416703749 107.61799348117967 96.51805338879684 97.9268600111511 99.92081617375861 103.08293448060446 
S: 604065 102.31719504601193 98.51142040553786 76.38941770092852 98.33511286075422 96.29696951579476 96.22576102159105 96.91956446050752 91.54789242144156 95.3134095588928 99.39097286620382 106.35390066639641 99.60554780087578 105.9675873772903 104.7925874898893 98.77740416703749 107.61799348117967 96.51805338879684 97.9268600111511 99.92081617375861 103.08293448060446 
H: 113097 264.9654954921681 278.79431309943715 287.13104275612426 281.2949834920045 290.3278562301278 261.9689123032157 254.48170474422975 229.7232686637343 245.26742925657834 288.8084175985875 211.83099742334292 287.15126212354284 315.2330697341226 205.99760583352648 289.3308284498436 193.35903362244179 261.3728410429159 296.65443510615074 229.58453266090282 313.7588943405307 
S: 113097 264.9654954921681 278.79431309943715 287.13104275612426 281.2949834920045 290.3278562301278 261.9689123032157 254.4967506815003 229.7869946335748 245.26742925657834 288.8084175985875 211.87731535605016 287.15126212354284 315.2330697341226 206.0046638264059 289.35838355067887 190.48604772623025 261.3728410429159 296.65443510615074 229.58453266090282 313.7588943405307 
H: 113097 99.92991193070775 95.34766616703028 97.58130185289983 100.32509648877503 98.36124104200123 101.06149428719159 99.15231308359452 94.9688109999207 98.02147608478985 100.8461572165018 73.85999341803813 104.58842414682398 106.35386541370143 87.02263589270522 98.82251888632996 70.99262912101351 91.16162810219441 100.96684390394182 95.62315855272709 105.46120271779981 
S: 113097 99.92991193070775 95.34766616703028 97.58130185289983 100.32509648877503 98.36124104200123 101.06149428719159 99.15231308359455 94.9688109999207 98.02147608478985 100.8461572165018 73.85973526362793 104.58842414682398 106.35386541370143 87.02263589270522 98.82251888632996 67.92717553485195 91.16162810219441 100.96684390394182 95.62315855272709 105.46120271779981 
H: 561330 265.2094151516621 272.74883097093607 260.06241807684336 285.1863408073312 285.05589737756446 244.63968557399022 297.3469884009636 255.99614762524038 277.68690169901527 271.79994825435523 281.02405914178684 256.60822836442037 209.7136321873885 319.5321929214376 287.1026272226511 282.09763002459783 309.48868649564 255.871616150754 254.542031919854 269.5913098289739 
S: 561330 265.2094151516621 272.74883097093607 260.06241807684336 285.17464897280496 285.05589737756446 244.63657810651455 297.3680703181812 255.99614762524038 277.68690169901527 271.79994825435523 281.02405914178684 256.61073124489803 208.18684748576973 319.5321929214376 287.1026272226511 282.1027906888538 309.48868649564 255.871616150754 254.5540632507542 269.5913098289739 
H: 561330 101.44156451896215 104.28950809891452 101.32679628438703 107.28575924191576 96.88833361694033 97.90593272439607 103.30540577433854 101.26727082555638 95.8375429612811 101.99101571494906 96.95088042479411 97.36497845807777 78.45412369498122 107.49522568114149 96.36524342755564 95.96892759646232 104.60720694181694 101.59540759880761 100.47227888465059 103.71556288342659 
S: 561330 101.44156451896215 104.28950809891452 101.32679628438703 107.28575924191576 96.88833361694033 97.90593272439607 103.30540577433854 101.26727082555638 95.8375429612811 101.99101571494906 96.95088042479411 97.36497845807777 78.45412369498122 107.49522568114149 96.36524342755564 95.96892759646232 104.60720694181694 101.59540759880761 100.47227888465059 103.71556288342659 
H: 227990 277.11611809926274 277.781564712897 270.4845566612983 206.4563111901654 229.1373895947458 248.92872364751958 280.9173761519237 271.47124713895874 230.32031391585107 251.75603176133595 243.21308980585542 264.23146638918496 245.26914563098555 295.4316665062461 263.59799853290815 265.23433681773054 292.72476857749285 313.6113314567197 249.42235534028103 323.21822999689425 
S: 227990 277.12605916572 277.781564712897 270.48455666129837 206.11091821543224 229.13539925565416 248.92872364751958 280.9173761519237 271.47124713895874 230.66057503076416 251.75603176133595 243.34030166213284 264.23146638918496 245.51684185840512 295.4316665062461 263.59799853290815 265.23433681773054 292.72476857749285 313.6113314567197 249.42235534028103 323.21822999689425 
H: 227990 101.64977935635616 94.10663222999622 90.16151888709928 87.49271105929577 97.25546633716104 95.02057964838212 94.94337426034406 100.64149805232618 97.03790240714996 100.01684285931834 97.46125097066307 108.2577706215056 100.30550317948008 100.92001581336729 101.87259825792681 102.4255858824573 97.57492285916425 107.38445088460468 92.7089799980067 109.83274638292032 
S: 227990 101.64977935635616 94.10663222999622 90.16151888709928 87.49893139137644 97.25546633716104 95.02057964838212 94.94337426034406 100.64149805232618 97.0389204271002 100.01684285931834 97.46125097066307 108.2577706215056 100.30550317948008 100.92001581336729 101.87259825792681 102.4255858824573 97.57492285916425 107.38445088460468 92.7089799980067 109.83274638292032 
H: 719370 258.43980247749914 296.6727101825424 255.88696824647468 414.92156928443075 222.42527657484257 264.1144634262537 282.03115772647664 287.4826242623143 277.6857557870428 281.65213150109616 284.0062338040034 279.76261155045256 259.683452601013 255.69066322276225 284.3132146050973 215.7626832420197 243.4820660148794 287.3474167171655 289.6271292364061 284.599016250984 
S: 719370 258.4484591446021 296.6727101825424 255.9036039084539 275.53647069904224 222.4251858186732 264.1144634262537 282.0346554728677 287.4826242623143 277.75640691710794 281.65213150109616 284.0062338040034 279.76261155045256 259.81513898049076 255.69072538789962 284.3132146050973 215.82123841990798 243.4820660148794 287.3474167171655 289.6271292364061 284.599016250984 
H: 719370 103.4629501881036 101.28815675223355 105.97849429665882 106.73731852642732 92.74219242099969 94.72900839981115 101.11326001392352 98.51568101230154 106.40705638405178 97.36427476693243 96.26447943915834 93.25420385015083 100.04372052779027 95.64693069542221 95.20082301692217 89.88579572176064 100.9433215577636 99.91302860621188 98.95328011363755 99.51794998468867 
S: 719370 103.4629501881036 101.28815675223355 105.97849429665888 106.73731852642732 92.74219242099969 94.72900839981115 101.11326001392352 98.51568101230154 106.40705638405178 97.36427476693243 96.26447943915834 93.25420385015083 100.04372052779027 95.64693069542221 95.20082301692217 89.88579572176064 100.9433215577636 99.91302860621188 98.95328011363755 99.51794998468867 
H: 934148 221.1839457182426 274.2260075876287 288.58182795428837 288.2566618050553 196.75405212776803 250.31389188218014 219.18059356931303 255.41644134594088 215.64040672034727 242.32980686602778 269.96484590729347 299.5544495473071 281.4002836739639 245.64357525292144 239.20582107136926 240.59622262623483 236.4099198808748 264.48306657958074 242.33548246585084 257.5001488430724 
S: 934148 221.21296854852983 274.36028481068297 288.58182795428837 288.2566618050553 196.75676949528747 250.31389188218014 220.78691030843248 255.4468620464395 215.64040672034727 242.32980686602778 269.96401825254526 299.76317126819936 281.4002836739639 245.64357525292144 239.20582107136926 240.5801144101154 236.4393077270846 264.48306657958074 242.33548246585084 257.5001488430724 
H: 934148 94.7271396349523 103.90705156379855 100.14128505772332 96.86851810003341 76.36635929781355 97.5759375292351 94.17517394135983 102.46193346156743 93.45592445493939 100.25096764786775 100.29731100044388 105.97512376950877 96.36104240967661 94.12021633577979 96.64713659618559 99.77883449410888 104.13461214111496 89.77261872485263 101.54349510527159 102.34211409412327 
S: 934148 94.7271396349523 103.90705156379855 100.14128505772332 96.86851810003341 76.35707811618111 97.5759375292351 94.17517394135983 102.46193346156743 93.45592445493939 100.25096764786775 100.29731100044388 105.97512376950877 96.36104240967661 94.12021633577979 96.64713659618559 99.79276916103355 104.14104314342414 89.77261872485263 101.54349510527159 102.34211409412327 
H: 495365 344.68680677299375 289.29182254628415 251.61243867595647 307.62722776153504 261.8151705669028 262.044535382254 253.03821271183415 267.9362854590625 267.6858863403778 299.1032395846597 292.7756570218395 237.16183785422265 254.06610480881974 279.9012138549594 270.7258447023886 290.2879604494318 290.05204562580997 295.2616771182838 274.94596411347896 280.4080145385615 
S: 495365 344.68680677299375 289.29182254628415 251.61243867595647 307.68665748325725 261.8151705669028 262.044535382254 253.03821271183415 267.9362854590625 267.7071960675045 299.0899559041433 292.7756570218395 237.5014484566935 254.07046079957422 279.9012138549594 270.7369772612262 290.2879604494318 290.05204562580997 295.2616771182838 274.94596411347896 280.4080145385615 
H: 495365 116.2516486349963 107.81709198609661 96.11548646415585 109.81661179458712 98.75170114858396 94.60556365819795 100.5714012933929 98.4396871872905 96.30680580289483 106.35406137965936 100.83995684243874 99.27867465336142 101.43244282409096 99.28664098518792 102.27663695452777 102.39459309893307 99.41260391349259 99.6008939847988 92.03140888219902 94.66759880376465 
S: 495365 116.2516486349963 107.81709198609661 96.11548646415585 109.81661179458712 98.75170114858396 94.60556365819795 100.5714012933929 98.4396871872905 96.30680580289483 106.35406137965936 100.83995684243874 99.27867465336142 101.43244282409096 99.28664098518792 102.27663695452777 102.39459309893307 99.41260391349259 99.6008939847988 92.03140888219902 94.66759880376465 
H: 858449 294.43723619891546 273.85921586072794 206.38691048138216 324.7366155852497 224.12888667980295 240.46108966424046 293.826296162604 265.6211155065105 226.58792583617156 227.4204548897621 264.2525607735752 261.361967701727 303.0793842588317 277.4690684825643 303.18203171182756 301.5110937586867 225.54699751926725 255.9469826378782 222.14853243211897 211.94952185545677 
S: 858449 294.43723619891546 273.9148988559384 206.4021655503242 324.7366155852497 224.12888667980295 240.46108966424046 293.826296162604 265.6211155065105 226.58124897555044 227.4204548897621 264.2525607735752 261.361967701727 303.0793842588317 277.4690684825643 303.18203171182756 301.5110937586867 225.56043065099186 255.9469826378782 222.1599687815361 211.9843980052351 
H: 858449 99.02909837015457 102.47901303992481 82.58417253067354 109.75090016514598 95.16556627637598 93.06701931613591 103.13130528914827 94.29990563154898 96.20281260718163 97.47328206825955 95.075588254226 101.4811471891954 103.00717387982547 94.56802031000466 104.92746231175458 104.29844323360587 94.25052980087837 95.50727246182203 93.79922312989238 83.8531636297733 
S: 858449 99.02909837015457 102.47901303992481 82.60414982533842 109.75090016514598 95.16556627637598 93.06701931613591 103.13130528914827 94.29990563154898 96.20281260718163 97.47328206825955 95.075588254226 101.4811471891954 103.00717387982547 94.56802031000466 104.92746231175458 104.29844323360587 94.25052980087837 95.50727246182203 93.79922312989238 83.90608259089277 
H: 320180 264.5380455857491 296.9108548483048 263.8825371631847 286.4007806583948 265.41203944861854 214.98338825048162 220.1974612720583 285.17937058051075 268.51246464297583 271.65310204964334 206.21997493908535 291.1597578222947 300.40891877655747 214.85998898389633 280.0629510849001 285.03994657275814 271.1938791105235 245.53918110515013 229.41968568061338 292.3171161129939 
S: 320180 264.54734082440723 296.9108548483048 263.8825371631847 286.4007806583948 265.4220618064221 215.09645349733125 220.3042004435573 285.17937058051075 268.51246464297583 271.65310204964334 206.22271348462473 291.1597578222947 300.4095569735276 214.85998898389633 280.0629510849001 285.03994657275814 271.1938791105235 245.53918110515013 229.54815532450286 292.3171161129939 
H: 320180 97.92231083442422 100.60607678669872 99.22978676920783 97.65739064567322 101.94165431542334 91.99330325883238 97.46084931758502 98.56990254337677 95.52635992090642 97.20198225235544 81.18768879103841 97.41888412821837 101.32366226245027 89.40340780611649 100.72833704797851 96.58272253405045 99.80812839217432 94.36958598380745 98.70644891044533 100.9305949650294 
S: 320180 97.92231083442422 100.60607678669872 99.22978676920783 97.65739064567322 101.94165431542334 91.9948041042583 97.46084931758502 98.56990254337677 95.52635992090642 97.20198225235544 81.1873685879812 97.41888412821837 101.32366226245027 89.40340780611649 100.72833704797851 96.58272253405045 99.80812839217432 94.36958598380745 98.70644891044533 100.9305949650294 
H: 499624 224.41080266759764 268.7408548056148 248.54373331780235 238.19186519856302 237.2094868962301 249.00856292248696 243.5988387013591 272.5431141757474 252.53025468972717 272.47308923373754 314.98890079446136 266.7529370766662 238.96670562764493 211.72557302412204 279.81314069449843 295.1654546195849 217.92405018305703 287.8738311692891 312.77017671805515 263.9150944888487 
S: 499624 224.41080266759764 268.7408548056148 248.54373331780235 238.2591711226137 237.21790933942822 249.0148975084785 245.95852132417426 272.5431141757474 252.53025468972717 272.520955144796 314.98890079446136 266.7529370766662 238.96670562764493 211.67006867230245 279.81314069449843 295.1654546195849 217.96220974866404 287.8738311692891 312.77017671805515 263.9150944888487 
H: 499624 94.32012115277315 96.42901525863049 90.4280795109427 97.67265765833055 99.98880275537826 101.4448616322875 100.96640255743158 92.13611846249596 98.95276231050185 102.40063623826086 104.99630026482062 91.70765293698327 99.0417241287412 80.04229345255352 97.37379523145566 98.42625320076172 89.44320157803061 97.40222229976928 105.0470661492202 96.56963966950833 
S: 499624 94.33290672540963 96.42901525863049 90.4280795109427 97.67265765833055 99.99893316653598 101.4448616322875 100.96640255743158 92.13611846249596 98.95276231050185 102.40063623826086 104.99630026482062 91.70765293698327 99.0417241287412 80.04642327160684 97.37379523145566 98.42625320076172 89.44320157803061 97.40222229976928 105.0470661492202 96.56963966950833 
H: 774415 266.0698557811349 310.9182586163082 291.92292159224877 288.0416560643119 270.96800343420813 286.0195418099247 287.2325253262528 199.74936370923163 284.78897484779776 236.91344127280172 250.33282147025724 212.1781161176166 247.92466594691174 276.37596040963876 270.27948885823554 274.61959341428064 301.77238492267975 270.4136361546005 284.600159405995 237.24156297038846 
S: 774415 266.0710910906245 310.9182586163082 291.92292159224877 288.0416560643119 270.96800343420813 286.02908142142775 287.2325253262528 199.78108220194292 284.78897484779776 236.91344127280172 250.33847685608194 212.1781161176166 247.94306091994167 276.37596040963876 270.27948885823554 274.61959341428064 301.77238492267975 270.4136361546005 284.6558020207152 237.99673751410955 
H: 774415 100.79808870966066 103.63941953876945 100.99478677614701 105.19582082809663 103.91811138189101 101.76761834237065 100.13371501306096 83.77153988884046 98.65686877983364 84.96208049091327 103.5120376932064 91.48570972951701 97.91652447915259 94.00424859556344 95.62346040107064 103.53621419637965 102.55177148710222 96.8249825052006 108.59936610202118 99.47596106829934 
S: 774415 100.79808870966066 103.63941953876945 100.99478677614701 105.19582082809663 103.91811138189101 101.76761834237065 100.13371501306096 83.77153988884046 98.65686877983364 84.96208049091327 103.5120376932064 91.48570972951701 97.91652447915259 94.00424859556344 95.62346040107064 103.53621419637965 102.55177148710222 96.8249825052006 108.59936610202118 99.47596106829934 
H: 642278 262.77170657422533 278.5976825130893 299.9471972663354 305.22420313508104 308.5213733649455 286.0918664429177 227.32405516037457 259.3542785824969 283.30480053171686 276.115873131137 301.6781532276771 294.1152023211468 219.30745583038555 282.1211029365894 279.91497460897307 276.8469014970222 262.84444767210914 224.73043925790958 200.75759303622115 288.60644240821085 
S: 642278 262.77170657422533 278.5976825130893 299.9471972663354 305.22420313508104 308.5213733649455 286.0918664429177 227.32405516037457 259.3542785824969 283.3143730398711 276.115873131137 301.6781532276771 294.1152023211468 219.31202470884259 282.1211029365894 279.91497460897307 276.8469014970222 262.84444767210914 226.80665014949432 200.79429403529195 288.60644240821085 
H: 642278 98.03097479430683 96.13242085754962 100.64552133549078 101.74140104502703 104.76946416663078 96.04161710968629 94.47372793436264 93.46820866563102 96.42647296418389 98.30868165027096 101.15556667261325 103.09105582052004 95.94773805524703 101.40004404670884 93.56255059137803 95.19677572101165 89.955268639476 83.9569346000434 84.43420981684385 97.60410926186192 
S: 642278 98.03097479430683 96.13242085754962 100.64552133549078 101.74140104502703 104.76946416663078 96.04161710968629 94.47372793436264 93.46820866563102 96.42647296418389 98.30868165027096 101.15556667261325 103.09105582052004 95.94773805524703 101.40004404670884 93.56255059137803 95.19677572101165 89.955268639476 83.9535214670293 84.44997495669524 97.60410926186192 
H: 988631 293.84799476788766 259.74535501505756 251.02014252285295 252.36263191700738 267.495156773524 301.34400718331847 270.9232583967971 283.8492119749134 330.2470575657615 274.85691550518953 274.508415396919 266.2201597864666 239.1426413031226 223.94187495047515 228.13157818366844 246.43587148675925 221.0793058088365 298.88861033724174 296.7897383559578 307.68753656890163 
S: 988631 293.84799476788766 259.74535501505756 251.02014252285295 252.36263191700738 267.495156773524 301.3576750993791 270.9232583967971 283.8492119749134 330.2470575657615 274.8756434934574 274.508415396919 266.2201597864666 239.1426413031226 214.20702996068215 228.17079028183363 246.45176317329026 221.03429090552012 298.88861033724174 296.7897383559578 307.68753656890163 
H: 988631 100.49728773906205 97.06225438816514 94.084369965894 94.92063387887764 103.84684408445455 109.05066726586621 90.63773332902859 99.33249969119059 112.71574256161789 103.29449383790813 99.057871222616 99.71010529272701 101.6114242974745 86.9802243042946 100.45426383041932 103.25233411876766 86.81890001210537 102.44719300031002 101.61639390995187 102.56251218963384 
S: 988631 100.49728773906205 97.06225438816514 94.084369965894 94.92063387887764 103.84684408445455 109.05066726586621 90.63773332902859 99.33249969119059 112.71574256161789 103.29449383790813 99.057871222616 99.71010529272701 101.6114242974745 86.99160383448637 100.45426383041932 103.25233411876766 86.81890001210537 102.44719300031002 101.61639390995187 102.56251218963384 
H: 50987 298.6829353495166 233.8223594914769 280.73083358728843 236.64590488593177 237.7440966215716 234.4877573559737 256.8278725761286 239.77554268613213 261.2503905298125 205.52116163359824 260.68268864065647 276.0773008508287 267.7830259050149 259.6240625054556 290.53281346776504 292.90090933468184 286.1583119942763 300.4441183785128 282.53430385908393 283.5174624485967 
S: 50987 298.6829353495166 233.8250831659741 280.7630026121135 236.64590488593177 237.79532752179597 234.5486726669055 256.8363477336075 239.77554268613213 261.2503905298125 205.56616787732432 260.68268864065647 276.0773008508287 267.7830259050149 259.6240625054556 290.53281346776504 292.90090933468184 286.1583119942763 300.4441183785128 282.54214678417713 283.5174624485967 
H: 50987 108.70768433251277 101.96883253494256 102.29918419889088 97.91831753558284 97.6641657259421 97.75303741730909 104.99090716410878 99.04439699946543 97.39484745674659 89.66394026954214 97.40693589602158 95.9765203685118 95.3332698601567 101.97456502728947 98.48569397297416 99.93289675845156 102.18079360048155 100.14803945950429 103.31681390337816 101.94882880947213 
S: 50987 108.70768433251277 101.96883253494256 102.29918419889088 97.91831753558284 97.6641657259421 97.75303741730909 104.99090716410878 99.04439699946543 97.39484745674659 89.66394026954214 97.40693589602158 95.9765203685118 95.3332698601567 101.97456502728947 98.48569397297416 99.93289675845156 102.18079360048155 100.14803945950429 103.31681390337816 101.94882880947213 
H: 182926 300.9213179691561 232.93934560375473 295.0167212280657 273.4278993811683 289.4200731402872 272.1376420443815 285.1457678311282 227.52249920876403 296.38879730356456 252.7184350237201 312.6726178877944 224.89321212939447 248.62643233347373 292.07069400697503 291.55674469654616 259.3920430736292 250.15824488994974 203.37099602781817 286.6318181243514 211.41462664188032 
S: 182926 300.9213179691561 232.9944483076366 295.02523261851 273.4278993811683 289.4200731402872 272.1376420443815 285.1457678311282 227.5426358530336 296.38879730356456 252.7184350237201 312.6726178877944 224.90649662369347 248.62643233347373 292.07069400697503 291.55674469654616 259.3920430736292 250.16862681283473 203.17105656270215 286.6318181243514 211.41462664188032 
H: 182926 103.46634699956229 95.58133831799375 103.12703626733989 100.17599711649206 98.4911744797317 100.3068582006901 100.12716736767598 96.60923591007254 100.81168191365082 96.58831626980265 104.4557655850828 96.97618247225573 95.59648193345137 98.80180051727388 105.71724108863074 89.5381800059752 101.46106059199157 75.112802785564 98.79393204728156 83.08203996253573 
S: 182926 103.46634699956229 95.58133831799375 103.12703626733989 100.17599711649206 98.4911744797317 100.3068582006901 100.12716736767598 96.61098087945473 100.81168191365082 96.58831626980265 104.4557655850828 96.97618247225573 95.59648193345137 98.80180051727388 105.71724108863074 89.5381800059752 101.46106059199157 75.07226169420365 98.79393204728156 83.08203996253573 
H: 876952 245.33131612272254 274.9384835950319 197.47153948951933 298.10661314857896 223.004167902437 207.71090373201258 238.69316459508255 287.4387783500046 217.06151330495405 288.1427317325243 274.77964619972954 265.4272004350598 287.2209305047821 263.6712366832704 243.7167547836505 273.62706860894826 283.70522939013455 284.1876747012364 277.1657347263348 237.86071788300035 
S: 876952 245.33131612272254 274.9384835950319 197.09432582094215 298.10661314857896 222.89186479272655 210.80722779286899 238.69316459508255 287.4387783500046 217.03686363061212 288.1427317325243 274.77964619972954 265.4272004350598 287.2965357469711 263.7306604243303 243.7167547836505 273.62706860894826 283.70522939013455 284.1876747012364 277.1657347263348 237.86071788300035 
H: 876952 95.40159422643623 92.08626986950289 69.93077801351973 101.25200658597048 94.20155181469626 79.78302423160825 95.42029183052368 100.28565264456572 91.4228987459045 98.97214606198524 99.04173611037561 108.60019194653808 102.0087187815674 102.96485494067164 96.69576914473092 99.07219095045012 98.97745167765056 97.67055798420093 96.35079205761686 94.74223094592732 
S: 876952 95.40159422643623 92.08626986950289 69.93077801351973 101.25200658597048 94.20872834589512 79.82968548062038 95.42029183052368 100.28565264456572 91.42497201658468 98.97214606198524 99.04173611037561 108.60019194653808 102.0087187815674 102.96485494067164 96.69576914473092 99.07219095045012 98.97745167765056 97.67055798420093 96.35079205761686 94.74223094592732 
H: 434110 252.44295347153536 272.6748175587695 303.9697775209101 270.0507480424158 257.3008385337688 273.3450798618098 288.931981394297 277.6634991637693 248.01351499877987 266.61048436926416 262.1263271527701 227.07380123182165 264.9584774299792 225.26331542127434 276.2852362807835 236.03287473159835 299.68837398509197 267.2175332863598 258.45018743737455 226.22828999332407 
S: 434110 252.55044332763796 272.6748175587695 303.9697775209101 270.0507480424158 257.30558348347637 273.3450798618098 288.931981394297 277.6634991637693 248.0189583081845 266.61048436926416 262.1263271527701 227.07380123182165 264.9584774299792 225.6752183751536 276.2852362807835 236.03287473159835 299.68837398509197 267.2175332863598 258.46097901287675 226.22828999332407 
H: 434110 97.91823836850511 98.62828029035674 101.96027018737358 91.88973748028953 101.8013844935382 98.6751147653837 100.31056391812268 94.51154113741903 100.78952715536718 112.16201016898763 93.36296377905273 96.76143699380297 105.8779383887132 96.89033752166722 105.93889526004176 97.36193558747519 107.94027248361662 94.48539608055735 97.17327525014376 98.67857889598622 
S: 434110 97.91823836850513 98.62828029035674 101.96027018737358 91.88973748028953 101.8013844935382 98.6751147653837 100.31056391812268 94.51154113741903 100.78952715536718 112.16201016898763 93.36296377905273 96.76143699380297 105.8779383887132 96.89033752166722 105.93889526004176 97.36193558747517 107.94027248361662 94.48539608055735 97.17327525014376 98.67857889598622 
H: 618981 258.3731389832791 257.78150214577636 293.2388203464309 239.4744443336485 306.43919031013496 300.665253322803 296.6194925413496 284.6790549683367 282.4008510609053 270.74590602356244 275.1314791609909 268.5871520871506 277.22791838388974 275.0721338413854 314.0016030928268 296.9032427700273 243.8027526083405 307.7395458050089 285.69907070276867 281.99530472472634 
S: 618981 258.4084092697128 257.78150214577636 293.2388203464309 239.41319658252183 306.43919031013496 300.665253322803 296.6194925413496 284.6790549683367 282.4008510609053 270.74590602356244 275.4619719539465 268.5871520871506 277.22791838388974 275.0721338413854 314.0016030928268 296.9032427700273 243.81556250717213 307.7395458050089 285.69907070276867 281.97990218962235 
H: 618981 99.51592533382154 103.22377811650472 98.86151511210376 96.42139800163055 106.81457807219233 103.56259562687232 102.81985451958951 102.92739893276136 94.92255015504112 101.28348935346277 97.01593470445346 97.13604657902734 95.13864792404763 94.19949506592359 109.81084311516088 102.61190489075733 96.26077827925305 108.3940184730818 98.64547541892651 97.00928883029486 
S: 618981 99.5159253338215 103.22377811650472 98.86151511210376 96.42139800163055 106.81457807219233 103.56259562687232 102.81985451958951 102.92739893276136 94.92255015504112 101.28348935346277 97.01593470445346 97.13604657902734 95.13864792404763 94.19949506592359 109.81084311516088 102.61190489075733 96.26077827925305 108.3940184730818 98.64547541892651 97.00928883029486 
H: 903421 241.77316203658202 190.82661008438487 316.4698120203826 214.58454185364138 276.24149203829535 209.27616386507543 248.73551201341732 240.55776112917601 245.97603824930454 220.46024193945223 195.32741099927674 271.5428119363643 253.48608062437322 285.44240801794416 290.49805100032984 252.5177668927687 278.780968500302 299.2271686852797 254.8531053947385 282.18516923958236 
S: 903421 241.67748869043996 190.94314173432647 316.4698120203826 214.5963153908301 276.24149203829535 209.27616386507543 248.73551201341732 240.5525677585129 246.05999216899883 220.83432012759204 194.9271511762604 271.5428119363643 253.48608062437322 285.44240801794416 290.49805100032984 252.5177668927687 278.78555721466626 299.2271686852797 254.8531053947385 282.18516923958236 
H: 903421 102.7762415117718 74.76970127490904 105.82663053185294 90.16430418122458 100.78189222687166 90.64342291913312 100.65133558288359 95.04747939746282 103.79505810447024 90.61474011202866 73.64537872962072 98.82086244924194 103.52905830410259 102.61189573911554 98.62930138411605 98.74976467945287 98.33069385095068 102.13660685453054 100.46354070129219 99.84912786796603 
S: 903421 102.7762415117718 74.77096152995891 105.82663053185294 90.16430418122458 100.78189222687166 90.64342291913312 100.65133558288348 95.04747939746282 103.79505810447024 90.61474011202866 73.00965376525761 98.82086244924194 103.52905830410259 102.61189573911554 98.62930138411605 98.74976467945287 98.33069385095068 102.13660685453054 100.46354070129219 99.84912786796603 
H: 842394 225.60686170015506 283.4758396397327 256.54880927226816 291.84664109871426 290.5209573907293 269.31031139754526 241.06710143723507 279.385768291372 270.2630485970706 286.86382047934626 204.3937008836943 205.64931552331106 253.846784576294 265.4785956543328 266.0722031204697 272.8063735061032 210.71124828525888 262.90549252830675 222.79745862522563 272.3933226513418 
S: 842394 225.56554179479306 283.4758396397327 256.54880927226816 291.88232253835776 290.5209573907293 269.31031139754526 241.09828362986394 279.4053809114815 270.2476194110245 286.86382047934626 204.41012068609166 205.40319315533546 253.846784576294 265.4785956543328 266.0722031204697 272.8063735061032 210.9493763875729 262.9251006415794 222.97947724716363 272.4153506673774 
H: 842394 93.11022773351696 94.51037042031301 96.67716149503043 98.50601963345368 97.1084604896768 94.45028738427817 101.34686806017031 97.34129534564893 95.98923658136655 100.01958275383004 89.92379305120967 80.0077801277289 101.04414364511288 97.72156000975606 104.16600125064126 105.3159159375829 69.34305131369696 94.70244407804067 98.95170150633375 100.75447324680846 
S: 842394 93.11716148130992 94.51037042031301 96.67716149503043 98.50601963345368 97.1084604896768 94.45028738427817 101.34686806017031 97.34129534564893 95.98923658136655 100.01958275383004 89.92379305120967 80.00882157339318 101.04414364511285 97.72156000975606 104.16600125064126 105.3159159375829 69.34920631253708 94.70244407804067 98.95170150633375 100.75447324680846 
H: 815333 244.04141405001454 225.03044776905872 296.4395547140507 259.06111602683916 272.4974401708339 240.20511151376402 240.14797710635807 247.1456548851928 190.09566121857165 206.926612105513 289.31461392003735 267.4726386996547 245.13237508815646 277.405989659265 265.0816800363926 252.06761658655088 205.65481983786444 202.6126137116937 300.65169455925377 291.9083263223001 
S: 815333 244.06280603187378 225.03044776905872 296.4395547140507 259.0780124991697 272.4974401708339 240.29962120632743 240.21763818382954 247.1456548851928 190.12321507633683 204.68559724979463 289.31461392003735 267.4726386996547 245.13237508815646 277.405989659265 265.13044778751777 252.09113633290517 201.841968015324 202.71338256761166 300.65169455925377 291.9083263223001 
H: 815333 92.08552486260741 95.33706531129758 100.25103672127332 103.37144676507509 97.99062235797044 99.17784086598053 99.14517335586041 104.32049302555785 75.1195744510319 82.92599955134287 97.57819768310937 99.90955632697006 100.02328011945731 99.83669725699855 98.86235281610847 100.1482180362011 72.89579955067761 85.87950734260015 104.37945313280512 99.08226712599782 
S: 815333 92.08552486260741 95.33706531129758 100.25103672127332 103.37144676507509 97.99062235797044 99.17784086598053 99.14517335586041 104.32049302555785 74.66025175620182 82.92599955134287 97.57819768310937 99.90955632697006 100.02328011945731 99.83669725699855 98.86235281610847 100.1482180362011 72.89579955067761 85.87950734260015 104.37945313280512 99.08226712599782 
H: 316992 292.4975794796341 263.4101744341798 240.02705708419222 225.34197240578118 243.00979576097342 211.6670003749308 275.0289596725552 250.8031940968848 304.3083328059244 280.74617937420135 256.3292281642505 222.3344284716707 256.03356578461063 281.95458766458296 258.07030223915586 257.32581461616337 290.36432175361927 216.36741044233597 250.75974120610252 268.40307066294685 
S: 316992 292.497583778611 263.4101744341798 240.0522296543084 225.34197240578118 243.0665122109628 211.6616969800106 275.0289596725552 250.8007196568357 304.3083328059244 280.74617937420135 256.36302164231915 222.49437592433972 256.03356578461063 281.95458766458296 258.0732033840901 257.3320369220591 290.36432175361927 216.37567512950852 250.75974120610252 268.40307066294685 
H: 316992 97.83232495660648 97.81217724739575 99.74611006302872 91.78137907212295 103.23756340705624 85.80656814107284 112.88803087885387 97.78783017093139 103.65616012669193 97.82963556616417 96.40841408172271 90.14819980597977 92.520889509037 97.52999162525278 103.30252299255417 97.54143574752902 99.5307582900134 92.62592496654545 91.17007827063284 98.22676809740561 
S: 316992 97.83232495660648 97.81217724739575 99.74611006302872 91.78137907212295 103.24140239549547 85.80656814107284 112.88803087885387 97.78783017093139 103.65616012669193 97.82963556616417 96.40841408172271 90.15564685932546 92.520889509037 97.52999162525278 103.30252299255417 97.54143574752902 99.5307582900134 92.63270690434321 91.17007827063284 98.22676809740561 
H: 666144 209.8260229066674 260.536148530215 297.55711705200105 240.0715672779219 224.46077639143232 273.66170745441724 294.5811246201301 232.58148396756536 315.623337374253 228.1036616367238 230.89798211968014 287.0953773743385 259.55561317648835 284.2963139726453 287.45182144475206 258.4080241506425 273.13005030534976 200.77889776856765 220.92073134561355 250.73016212973135 
S: 666144 209.89503428521184 260.536148530215 297.5652953655268 240.0715672779219 224.6144220874923 274.16517087475864 294.5811246201301 232.4345738041162 315.623337374253 228.14436277008429 230.46875389628457 287.0953773743385 259.55561317648835 284.2963139726453 287.45182144475206 258.4080241506425 273.16208266999996 201.584901612775 220.9822220531781 250.73998239861155 
H: 666144 93.81047331438072 95.60043622140581 102.12613339008145 91.4419356669518 85.8322348326156 100.61144915938145 98.91722182659122 97.28600255823461 106.61839726508934 93.35169744569822 93.89833423056706 102.6019317528584 94.98432728876284 94.76543799088175 98.15821389079765 93.52453026503109 107.23378664269686 77.58727777350232 94.39139284147964 100.86639947302567 
S: 666144 93.81047331438072 95.60043622140581 102.12613339008145 91.4419356669518 85.83483518200346 100.61144915938145 98.91722182659122 97.28600255823461 106.61839726508934 93.35169744569822 93.89833423056706 102.6019317528584 94.98432728876284 94.76543799088175 98.15821389079765 93.52453026503109 107.23378664269686 77.59655652244585 94.39139284147964 100.86639947302567 
H: 455894 213.55326434992722 251.74042111182888 216.48688626566346 272.66179417604764 218.85097311467044 217.366954353366 212.17212596678235 212.20937816204992 241.4181859006244 291.46201972709963 215.55795710631654 278.44890825114925 230.85829581501545 268.1274114281621 205.0481966665414 298.28235856305423 223.32136992088076 278.3885763905907 239.5949390715861 233.90868007700286 
S: 455894 213.58311451004607 251.74042111182888 216.48688626566346 272.7340048782867 218.52941456579504 217.41684162042293 212.17649220467888 212.2547739438938 241.497154038096 291.46201972709963 215.65243106235147 278.44890825114925 231.25919409398838 268.1274114281621 204.95149087537942 298.28235856305423 223.32136992088076 278.3939680433949 239.5949390715861 233.9086780798097 
H: 455894 89.18854388555042 96.31858419510715 89.17457136664851 96.21969200582024 92.70411425108877 91.71284614489433 89.68908330491955 71.55109455806405 101.79511067107069 103.66363609411795 90.23106561050575 95.03740935036161 98.68261805603154 96.49093691884852 83.48020719657481 100.11714096351425 95.13567378189268 100.37801697464329 95.94926961341075 95.1828369862154 
S: 455894 89.18854388555042 96.31858419510715 89.17457136664851 96.21969200582024 92.70411425108877 91.71315312023249 89.68908330491955 71.49624063268413 101.79511067107069 103.66363609411795 90.23106561050575 95.03740935036161 98.68261805603154 96.49093691884852 83.48020719657481 100.11714096351425 95.13567378189268 100.37801697464329 95.94926961341075 95.1828369862154 
H: 737739 306.2030094451959 272.69405157852754 267.98675299685635 292.4620467026997 287.5349408732219 186.47120814140143 275.6808510687827 270.1031517034324 245.38976069024056 263.76074696646776 219.79918741524452 244.43394772398273 252.85067535424315 283.0919192572459 224.93196381496492 272.84232098450343 234.13355883993518 220.57850479670398 269.73175438680926 252.60037375475483 
S: 737739 306.2030094451959 272.69405157852754 267.98675299685635 292.4620467026997 287.5349408732219 185.3134568219981 275.6808510687827 270.1031517034324 245.38976069024056 263.76074696646776 219.79918741524452 244.43394772398273 252.85067535424315 283.0919192572459 224.9347010796859 272.84232098450343 234.14926788074797 220.58453742208897 269.73175438680926 252.60037375475483 
H: 737739 104.21958932100313 90.89801719284269 90.80373596577112 109.94164225699461 99.06922174930504 66.55972569944065 107.37223309187902 98.67008423664903 93.56689324783608 104.1545622104691 82.82230288339744 97.3537624418236 94.0918615304168 95.81592488354221 96.10749753353453 110.38346366853939 96.85050121775132 89.52782501488205 94.44113086780902 98.65564450018975 
S: 737739 104.21958932100313 90.89801719284269 90.80373596577112 109.94164225699461 99.06922174930504 66.55972569944065 107.37223309187902 98.67008423664903 93.56689324783608 104.1545622104691 82.82230288339744 97.3537624418236 94.0918615304168 95.81592488354221 96.10749753353453 110.38346366853939 96.85050121775132 89.54870256221325 94.44113086780902 98.65564450018975 
H: 745367 293.57307631224336 254.065753746069 256.922100145013 288.3057157637622 269.8575320934186 231.40943594828343 251.9575134286277 270.27574800160255 234.78010828281248 281.4520074054165 256.0355677235334 319.20300001114805 268.51301564850723 276.54257629953815 302.2504880743723 260.032021446559 236.68886081320042 242.52204380891249 250.39950387756195 290.0709325599142 
S: 745367 293.57307631224336 254.065753746069 257.5189947107189 288.3057157637622 269.8575320934186 231.40943594828343 251.9575134286277 270.28255857206324 234.78904992984926 281.463318396109 256.0430108938634 319.20300001114805 268.51301564850723 276.54257629953815 302.2504880743723 260.032021446559 236.68886081320042 242.5563986545968 250.39950387756195 290.0709325599142 
H: 745367 99.01557343103177 90.66860737885298 102.49445793374825 99.49040999686481 98.23964220206763 94.68603690278385 98.78375535025073 95.98765195899107 95.1369975614708 98.03920772094352 104.08294363901045 106.40100000371594 98.92487173084535 100.47903998926611 103.39470945543914 97.06820720623723 95.40543329641976 89.65336263465412 97.11263394865905 102.29459691648003 
S: 745367 99.01557343103177 90.66860737885298 102.49445793374825 99.49040999686481 98.23964220206763 94.68603690278385 98.78375535025073 95.98765195899107 95.1369975614708 98.03920772094352 104.08294363901045 106.40100000371594 98.92487173084535 100.47903998926611 103.39470945543914 97.06820720623723 95.40543329641976 89.65336263465412 97.11263394865905 102.29459691648003 
H: 141984 241.85889922569947 258.65368706331975 243.37380191171195 249.21900720892305 276.1392965806442 255.8016818031395 296.88725918587903 271.0389802395042 232.56609343091134 220.44340122175305 265.55150799100926 281.57561032125284 275.1834007384495 241.1374398088569 244.8993013903419 297.20116079875305 244.4200341092735 272.34267170321135 272.2732083435676 257.5465337821749 
S: 141984 241.94765233046516 258.65368706331975 243.38483192795914 249.24570789698993 276.1392965806442 255.8016818031395 296.8891115839055 271.0389802395042 232.57591184009863 220.59852796736106 265.57788526031374 281.57561032125284 275.1834007384495 241.16999259481068 245.02727004381492 297.20116079875305 244.55188565332986 272.35868164676504 272.319953406508 257.5465337821749 
H: 141984 98.34924278958336 101.17940544210467 93.8026320338487 98.63823281584976 101.87052125254326 102.7339546744844 104.56069342296998 102.9261743454799 92.84196312110706 91.72325076047034 105.78208127177062 107.00570828800618 100.20234859003088 104.42469410145928 95.81971528991583 100.61095441783873 99.26252400668199 102.76050465805984 100.16008405371988 93.45822592733008 
S: 141984 98.34924278958336 101.17940544210467 93.8026320338487 98.63823281584976 101.87052125254326 102.7339546744844 104.56069342296998 102.92617434547995 92.84196312110706 91.72325076047034 105.78208127177062 107.00570828800618 100.20234859003088 104.42469410145928 95.81971528991585 100.61095441783873 99.26252400668199 102.76050465805984 100.16008405371988 93.45822592733008 
H: 865470 285.85905935531093 257.5544209921959 268.6772360849554 241.98952748365195 265.42060489109923 268.5782600220712 275.95764075734616 256.517247142712 271.9398017366436 216.21520712917905 296.1921492726206 210.2057632672105 214.53871639556556 270.11196973418396 285.6719361164995 239.68819247534918 273.54201719250995 301.0053836770409 278.3579985590468 271.61597511770856 
S: 865470 285.85905935531093 257.5544209921959 268.7079783346997 241.98952748365195 265.4623486213786 268.63543845890837 275.95764075734627 256.517247142712 271.9398017366436 214.8843422596104 296.1921492726206 210.23929628995432 213.70686443510743 270.11196973418396 285.6719361164995 239.68819247534918 273.5241009350908 301.0053836770409 278.4004757999539 271.64373313066636 
H: 865470 98.52301615617041 96.39227263708993 99.85452063182824 103.24669956506399 101.55808358463503 101.81453062719888 92.60639918649824 100.39225115106954 93.37859119363357 89.35747897613498 98.73071642420706 87.51913254393004 81.35708438214752 94.24159967035122 100.21301625956906 101.7257914392781 104.57900417770833 101.38984291556338 104.2814468431578 99.07102324231103 
S: 865470 98.52301615617041 96.39227263708993 99.85452063182824 103.24669956506399 101.558083584635 101.81453062719888 92.60639918649824 100.39225115106954 93.37859119363357 89.37317555451871 98.73071642420706 87.5443581774902 81.35728840223338 94.24159967035122 100.21301625956906 101.7257914392781 104.57900417770833 101.38984291556338 104.2814468431578 99.07102324231103 
H: 547964 234.00627009931029 217.18359182872183 224.13219392933044 289.2704484346569 244.37641381168143 235.08540338259155 281.84860836778444 224.67775906839944 222.21485750734638 300.6356542605012 284.0079642225027 243.33436489662532 293.8276128388693 291.0404763621385 235.78954317314654 282.02239813498386 261.1296881924602 247.22824968419613 266.9087065989595 259.9992457873968 
S: 547964 234.0254904296462 217.18710886141588 224.1740396840633 289.2704484346569 244.38964552054355 235.11486772866036 281.8576788757093 224.4468041835902 222.21485750734638 300.6356542605012 284.0079642225027 243.41228724123903 293.8276128388693 291.0404763621385 235.78954317314654 281.9593232055409 261.1296881924602 247.24077204782685 266.9087065989595 259.9992457873968 
H: 547964 100.21447814878422 95.07405987897334 100.13636575101665 97.25752771587965 89.68262617579505 99.88557802547913 99.09472875580882 86.78669159766388 94.29089945858338 102.76105414508137 98.71328373504855 101.02449843093183 100.79521643422353 99.89482787992009 95.93702100494725 105.61550962588154 94.18151558919645 97.43725042771602 103.21989532086594 98.84520202975501 
S: 547964 100.21447814878422 95.07405987897334 100.13636575101665 97.25752771587965 89.68262617579505 99.88557802547913 99.09472875580882 86.8215213360422 94.29089945858338 102.76105414508137 98.71328373504855 101.02449843093183 100.79521643422353 99.89482787992009 95.93702100494725 105.61550962588154 94.18151558919645 97.43725042771602 103.21989532086594 98.84520202975501 
H: 819980 278.72799294385186 301.07314578410177 254.97261244372746 190.36988986068056 246.8144001801517 267.0902518675983 224.62391059625483 299.6512256273623 302.3894600830225 245.00176305029558 278.23778402889997 202.3238174145095 238.2153599045932 299.0367816596551 207.29203974772707 350.68294072491864 210.33252908336829 212.80008551787535 273.044646854391 278.92386933414605 
S: 819980 278.8297499886194 301.07314578410177 254.98765257247015 190.36988986068056 246.91893581405094 267.1005837374753 224.99235815248187 299.6512256273623 302.38946008302264 244.93375177484805 278.23778402889997 202.4085178865697 238.336756924281 299.0367816596551 201.9605826344219 257.3562309344717 206.41039072780836 212.80284270521034 273.044646854391 278.92386933414605 
H: 819980 103.00982858881933 106.80658416387686 104.31174063384836 70.71875399963535 98.81044890942994 98.28970984285478 95.63244205103551 99.8837418757876 101.48902615860509 100.91490388536157 97.31949422045419 88.34654541247131 97.9474803598954 101.6908038699813 73.73740428962863 102.67267548700438 70.07509311921517 92.28433176007617 92.53325485947269 95.95785510282542 
S: 819980 103.00982858881933 106.80658416387686 104.31470227507381 70.7693656481304 98.81044890942994 98.28970984285478 95.63244205103551 99.8837418757876 101.48902615860509 100.91490388536157 97.31949422045419 88.34654541247131 97.9474803598954 101.6908038699813 71.84992010004312 102.67267548700438 70.11467157167189 92.28433176007617 92.53325485947269 95.95785510282542 
H: 889084 296.96874696647455 224.24305690212412 304.28732971054 277.12380877069097 225.9750704510153 275.0595520726772 261.77438665946227 288.53217860250334 308.8422594370431 227.8929119794553 224.25769624537716 277.304715373313 263.3600144190016 219.58618309248197 273.24686631197886 308.6538393347029 211.1357221181818 220.03094333750482 281.42726806992107 297.53602748438374 
S: 889084 296.96874696647455 224.6392078987946 304.28732971054 277.12380877069097 225.9750704510153 275.0595520726772 261.80656284822095 288.53217860250334 308.8422594370431 227.82015305401907 224.25121014735464 277.304715373313 263.3600144190016 219.59881864463716 273.24686631197886 308.6538393347029 211.1357221181818 220.0729557142009 281.42726806992107 297.53602748438374 
H: 889084 101.41807752602669 84.59094264236819 104.7565329638341 101.94311201185495 95.51681603297256 98.51397304599936 105.31470873901665 99.35247104320204 104.41310975749161 97.82039770000151 96.18152336062036 98.6794000862576 97.97666626150276 89.3694921598681 91.09968184906688 103.17923710165434 85.04679190600079 95.56817230964992 102.21934898069692 100.9460652092065 
S: 889084 101.41807752602669 84.59094264236819 104.7565329638341 101.94311201185495 95.51681603297256 98.51397304599936 105.31470873901665 99.35247104320204 104.41310975749161 97.82039770000151 96.19371312017294 98.6794000862576 97.97666626150276 89.3694921598681 91.09968184906688 103.17923710165434 85.05175677672646 95.56817230964992 102.21934898069692 100.9460652092065 
H: 687713 267.8932181948295 228.8761256873571 288.8365467665022 217.80591130314698 260.38609540754317 298.29117671530713 268.63260343914385 293.0079181456256 284.6790697615363 261.91479080162793 236.33086000626878 240.11199496914043 283.8426231159219 281.68566272976506 213.0074120375107 273.87478224444055 283.82610395539473 310.19971820258456 317.6484530924203 204.23475378088457 
S: 687713 267.8932181948295 228.8466461292247 288.83896492406507 217.82573173529482 260.38609540754317 298.29117671530713 268.63260343914385 293.0079181456256 284.6845800431855 261.8537976306579 236.32934863510891 240.1229512612409 283.8426231159219 281.693732732148 210.01156895006807 273.87478224444055 283.82610395539473 310.19971820258456 317.6484530924203 204.66080746923234 
H: 687713 100.20060226105205 92.31492641509085 103.96238711186851 88.5545348770265 93.26533060627517 99.70467156479114 92.92208095290827 97.81263175767248 101.39489237659117 103.25636152219604 95.58277422684071 102.18726854103235 94.93771680879743 95.09143179876813 83.33118980716398 93.48979368846031 99.1866705502177 105.63810332328738 107.51601043052568 79.07568178092028 
S: 687713 100.20060226105204 92.31992941359934 103.96238711186851 88.5656857216592 93.26533060627517 99.70467156479114 92.92208095290827 97.81263175767248 101.39489237659117 103.25636152219604 95.58277422684071 102.18726854103235 94.93771680879743 95.09143179876813 83.33438286047695 93.48979368846031 99.1866705502177 105.63810332328738 107.51601043052568 79.4265902152916 
H: 650723 283.57794652139006 261.3675813447748 227.72175112220415 311.2040675524921 245.0226369917873 283.8226119390744 233.63395182820986 268.4868949797875 263.2451540714346 272.6417266596432 250.21469348173193 273.3961844784304 227.74577300446856 265.12860823166227 229.32854238505266 220.12657756230863 264.9000238490845 274.5452448099008 208.5258019449292 245.8680785520755 
S: 650723 283.57794652139006 261.4302150162521 227.72175112220415 311.2040675524921 245.33228162936965 283.8226119390744 233.63395182820986 268.4868949797875 263.2451540714346 272.6417266596432 250.21469348173193 273.3961844784304 227.81434456862144 265.12860823166227 229.5642635219543 218.69165727728168 264.9000238490845 274.6017976915293 208.52493589391395 245.8680785520755 
H: 650723 98.26402115822934 103.40906880225884 96.28917516716727 106.51142983954418 102.41664819129727 96.17036060011151 95.7625756885041 91.66483650052893 98.43444483098394 100.00116179970739 90.4624626599366 94.65026865788018 95.42437504139136 96.67066837556449 87.46590666918533 77.58795293155069 90.66088755292807 99.0817974489678 89.41662955432406 97.05840638540592 
S: 650723 98.26402115822934 103.40906880225884 96.28917516716727 106.51142983954418 102.41664819129727 96.17036060011151 95.7625756885041 91.66483650052893 98.43444483098394 100.00116179970739 90.4624626599366 94.65026865788018 95.42437504139136 96.67066837556449 87.46590666918533 77.58795293155069 90.66088755292807 99.0817974489678 89.41662955432406 97.05840638540592 
H: 324473 284.9615547311097 278.77451382838154 284.4539855262375 280.64810395635516 286.70603699157846 287.32116776512635 297.98210969851704 287.7187732749553 289.9114647813775 200.27840293700316 312.77697180884854 221.54311958905515 304.63330858468726 273.2939423441895 245.99751306145586 269.904800665108 301.367348892078 294.46577183841845 293.4133731508151 259.5632599989378 
S: 324473 284.9615547311097 278.77451382838154 284.4616179630261 280.64810395635516 286.70603699157846 287.32116776512635 297.98210969851704 287.7187732749553 289.9114647813775 202.32786608826262 312.77697180884854 220.5686800858127 304.63330858468726 273.2939423441895 245.99751306145586 269.904800665108 301.367348892078 294.46577183841845 293.4133731508151 259.56783689309674 
H: 324473 96.34872156558315 94.75407258611126 102.1150288469425 99.23805856952862 96.14329619907484 96.71063660126887 101.95957262782358 99.98898888309328 97.8093733634465 84.1350992822802 105.70165743732922 84.35044690893628 103.40956276312718 101.22844611841387 96.52807961093822 90.8891401909428 104.65986164273234 98.27505868516715 107.03325601157452 90.5307372125068 
S: 324473 96.34872156558315 94.75407258611126 102.1150288469425 99.23805856952862 96.14329619907484 96.71063660126887 101.95957262782358 99.98898888309328 97.8093733634465 84.1350992822802 105.70165743732922 84.36065013454572 103.40956276312718 101.22844611841387 96.52807961093822 90.8891401909428 104.65986164273234 98.27505868516715 107.03325601157452 90.5307372125068 
H: 525489 223.4104126209503 291.7683267953818 200.16112603797723 265.3913485924173 205.13778803505758 271.8542854839583 282.86509905786 274.5474751737139 279.6429522075843 325.7095667721027 251.41642342927875 253.18100959018872 197.15000340649564 187.5867431015206 303.33938393409 209.91799660021886 281.56033368558536 317.98563461783726 246.9290349317873 184.49255599871339 
S: 525489 223.42219949261943 291.7683267953818 200.18855965482388 265.3913485924173 205.11621750043633 271.8542854839583 282.86509905786 274.5474751737139 279.6429522075843 325.7095667721027 251.34942845243344 253.18100959018872 197.25939901039862 185.90921683967392 303.33938393409 209.93337271925776 281.56033368558536 317.98563461783726 246.99390329176535 184.2244623354822 
H: 525489 97.37555580224202 104.10941262533136 82.2891277988017 89.40312971304148 84.05004255729055 94.1865199309258 95.05616751205459 96.05886117260671 95.26444115003164 110.82702528473219 100.51448732387834 93.46195632347256 78.12097629248859 65.0065898407833 110.57845284752851 83.1324964277135 94.32228776608112 107.63571825122902 96.90562503790835 70.37728409655155 
S: 525489 97.37903552696162 104.10941262533136 82.2891277988017 89.40312971304148 84.25679527824994 94.1865199309258 95.05616751205459 96.05886117260671 95.26444115003164 110.82702528473219 100.51448732387834 93.46195632347256 78.1412117314055 64.91100742407023 110.57845284752851 83.1324964277135 94.32228776608112 107.63571825122902 96.90562503790835 70.38099139959358 
H: 178292 288.54949287759007 226.72655737962356 263.9021084409985 297.3252577640159 229.26822726598695 283.0403608180963 205.49865132258088 228.09800872438012 289.23675707073517 289.94935485712585 261.0932586204087 240.95588717794482 261.77237058177616 261.620881520516 267.32691221769517 270.4647424823581 242.32061182186195 238.40638449620383 231.3466349103212 275.33794510792796 
S: 178292 288.54949287759007 226.72655737962356 263.9021084409985 297.3252577640159 230.57321072827688 283.0403608180963 207.32288329579467 228.09846702429027 289.23675707073517 289.94935485712585 261.0932586204087 240.96333938922822 262.0767656625019 261.620881520516 267.32691221769517 270.4647424823581 242.33782532679191 238.52798999397038 231.37467371333108 275.33794510792796 
H: 178292 97.57828277164305 95.0681750538771 103.22979660867439 99.73248768296719 90.38949447685896 94.54579897420315 81.56572935450674 97.14112885954253 105.43114785391415 98.94605139153497 91.93564531489614 91.3110775813271 101.26772306539405 98.30268510436626 95.90616032307686 91.40948481742657 94.22899582753877 102.23990660011285 94.07244104668847 104.89980514295823 
S: 178292 97.57828277164305 95.0681750538771 103.22979660867439 99.73248768296719 90.39196710451563 94.54579897420315 81.56032609059248 97.14112885954253 105.43114785391415 98.94605139153497 91.93564531489614 91.3110775813271 101.26772306539405 98.30268510436626 95.90616032307686 91.40948481742657 94.22899582753884 102.23990660011285 94.07244104668847 104.89980514295823 
H: 444508 488.3079796606737 606.7397314501615 520.5757345963174 419.04751324770496 623.1766003981681 531.3769608162359 553.0444281084067 615.9877494307469 415.2331451355368 560.3764737011031 556.473816759662 561.9324042989196 417.3780121589417 542.8497530786464 513.5806145162106 559.875305130763 544.249291845583 391.59111723012677 554.5849411243416 566.1353386969873 
S: 444508 488.3079796606737 606.7397314501615 520.5792316104474 418.870039042594 623.1766003981681 531.3769608162359 553.0444281084067 615.9877494307469 415.2406145497625 560.3764737011031 556.473816759662 561.9353219404014 417.475285377224 542.8497530786464 513.5993432726617 559.875305130763 544.29039859617 391.59111723012677 554.6077828042623 566.1353386969873 
H: 444508 197.36232453133053 211.35160238459957 201.9198869339812 172.7777054129112 208.340384588337 199.60159189572624 191.82127751443406 210.56805837887978 182.72468821821175 194.5311426965577 190.9925459637168 201.6949416791863 178.409616772885 198.31017984449994 199.04408907589703 187.7691374916908 196.08387974521614 148.5549050344187 200.63594355040175 214.0616954600379 
S: 444508 197.36232453133053 211.35160238459957 201.9198869339812 172.7777054129112 208.340384588337 199.60159189572624 191.82127751443406 210.56805837887978 182.72468821821175 194.5311426965577 190.9925459637168 201.6949416791863 178.409616772885 198.31017984449994 199.0440890758969 187.7691374916908 196.08387974521614 148.60133568824517 200.63594355040175 214.0616954600379 
H: 720319 549.1097724157027 505.3893863326558 535.2615700255183 533.294154437604 488.65590383685867 586.1690124304502 591.772131945078 533.4605485106688 423.29247232375184 586.3836644276312 543.770139241674 567.2498966654894 422.58955866843576 557.0027346747174 548.1010821412783 510.8814934012113 571.7221683163012 631.2752719779457 425.0673236574369 489.30181300326944 
S: 720319 549.1097724157027 505.4229537462387 535.2615700255183 533.294154437604 488.65590383685867 586.1690124304502 591.772131945078 533.5860284328637 411.9107957089645 586.3836644276312 543.779953834442 567.2627330489644 423.1572566316029 557.0027346747174 548.1010821412783 510.9380508526923 571.7221683163012 631.2752719779457 425.22375549133653 489.7208642900027 
H: 720319 191.15208303551378 196.82448178774123 188.9752143868075 192.04892484406673 190.86845666608863 201.50920758966748 201.0431546006631 204.98305457014578 141.67838833011416 196.86984935826302 193.94338932292004 198.73217094043787 178.3099870729658 190.25166162732572 207.16461170903497 194.00740088789416 199.27997402738825 215.07609728178397 175.34164809357608 198.7183140490116 
S: 720319 191.15208303551378 196.82448178774123 188.9752143868075 192.04892484406673 190.86845666608863 201.50920758966748 201.0431546006631 204.98305457014578 141.0317973462 196.86984935826302 193.94338932292004 198.73217094043787 178.3099870729658 190.25166162732572 207.16461170903497 194.00740088789416 199.27997402738825 215.07609728178397 175.34164809357608 198.7183140490116 
H: 302440 592.5127231450949 565.0859592697852 510.2222699609264 394.99383070944543 566.9726106800136 580.80831885966 561.3824477552274 544.8384138503204 428.69176302802873 524.881825179007 588.0400282280466 565.7507993036357 545.7590393160806 569.8183350336712 490.34919251526986 454.48811834399083 475.30357954276695 603.3026037934538 629.7696605113721 476.02649653790485 
S: 302440 592.5127231450949 565.0859592697852 510.2222699609264 394.27272817953576 566.9886415133811 580.80831885966 561.3824477552274 544.8384138503204 428.2103905526769 524.8898473678923 588.0400282280466 565.7768778525422 545.7772958998222 569.8183350336712 490.3559680227274 454.5579326573836 475.4755863693417 603.3327908042289 629.7696605113721 476.08415771261144 
H: 302440 206.57885799064294 194.70261024960465 201.04926990167377 146.80104330022513 196.97893291675172 196.3081007147267 201.9234346989156 195.4506130311053 171.48895134846032 196.0881009841726 202.46260530014018 200.6624580361034 198.54306680611086 197.39870995896683 200.3552002096579 189.04008546736804 197.1089411794548 206.8253638009539 211.9287210691189 191.1465971246871 
S: 302440 206.57885799064294 194.70261024960465 201.04926990167377 146.8143462399947 196.97893291675172 196.3081007147267 201.9234346989156 195.4506130311053 171.4920512680867 196.0881009841726 202.46260530014018 200.6624580361034 198.54306680611086 197.39870995896683 200.3552002096579 189.04008546736804 197.11329296418668 206.8253638009539 211.9287210691189 191.14659712468682 
H: 28390 506.24411968247745 557.0393329196952 569.00367269428 495.2902003850469 490.003310995702 570.036187834268 478.3697066940247 581.0192059356824 484.71160415923094 550.1571274643394 576.8329352612001 587.3807195244736 548.268723592576 551.0382020094366 563.8684720743845 437.1880977367685 556.168952315429 420.5509226426582 500.1841116012397 462.9740422264719 
S: 28390 506.2579245603136 557.0708639601456 569.00367269428 495.5082245346105 490.0271560553889 570.036187834268 478.5445842038988 581.0192059356824 484.7480327286545 550.1571274643394 576.8329352612001 587.3807195244736 548.2795171294068 551.0424603395705 563.8684720743845 437.22419880243115 556.168952315429 420.65764514491934 500.25554436993673 462.979769089766 
H: 28390 202.51622392839423 195.21831208496616 199.71947791784785 201.09071519761622 200.28326018336716 194.99396693586658 194.34122815314205 198.13467602551145 199.92609674460374 197.33956884276805 198.27556458662312 196.98453215583922 199.42535295904648 205.7582816964108 199.68440861620212 189.48495725886858 191.88033674562595 169.33509985854135 204.0740049377038 191.72976232456037 
S: 28390 202.51622392839423 195.21831208496616 199.71947791784785 201.09071519761622 200.28326018336716 194.99396693586658 194.34122815314205 198.13467602551145 199.92609674460374 197.33956884276805 198.27556458662312 196.98453215583922 199.42535295904648 205.7582816964108 199.68440861620212 189.48495725886858 191.88033674562595 169.33831353454124 204.0763032617909 191.72976232456037 
H: 650929 592.2107552844416 501.45443305327154 489.37454702005215 443.0121930635419 570.4193489019021 577.1061167850937 516.778796691072 524.5782114057519 550.1107215571187 565.1064223537795 593.2358442243046 499.21315388430946 460.8206769024754 513.0975086385085 502.1334089486894 559.0150277257272 554.0965748638783 637.9885605515442 574.058272909744 483.9549871281041 
S: 650929 592.2107552844416 501.4590857725604 489.66924437486193 443.0088905501226 570.4193489019021 577.1061167850937 516.778796691072 524.6064160865443 550.1107215571187 565.1064223537795 593.2358442243046 499.2084961765176 460.8175431884416 513.1153799735378 502.18351574662603 559.0284060393554 554.1448484836001 637.9885605515442 574.058272909744 483.9549871281041 
H: 650929 200.94267755230598 193.80708691936917 200.96311842923217 183.72822522075074 201.92750436626204 194.63014179061327 192.15251268671275 197.14707243859996 200.7613452120174 209.30895441169085 198.94026160683325 196.03016923014079 195.60356148051173 191.42843196381747 206.4083001904392 197.3945150473893 201.79495353931634 212.6628535171813 204.1130202134147 194.61853411443946 
S: 650929 200.94267755230598 193.80708691936917 200.96311842923217 183.72822522075074 201.92750436626204 194.63014179061327 192.15251268671275 197.14707243859996 200.7613452120174 209.30895441169085 198.94026160683325 196.03016923014079 195.60356148051173 191.42843196381776 206.4083001904392 197.3945150473893 201.79495353931634 212.6628535171813 204.1130202134147 194.61853411443946 
H: 675030 466.80657455822904 445.15086403312665 526.089513494754 381.9504126469948 464.6997443734275 494.66432996789035 399.2410135144666 430.48363992030215 568.1890227667469 579.888927846961 583.7677589535178 596.1042926052704 515.5367887740169 444.28427845596036 503.5421051597238 604.4429779205977 418.26910837049013 596.6794402873726 484.5084410136682 569.6935117566261 
S: 675030 466.817396739434 445.41487592858306 526.089513494754 382.0021397981191 464.7992756980199 494.66432996789035 398.0922442076231 430.5746770490491 568.1904193735195 579.888927846961 583.7690689263312 596.1042926052704 515.5367887740169 444.22281327683663 503.5439364430592 604.4429779205977 418.27542565357055 596.6794402873726 484.712878806991 569.7189083767005 
H: 675030 187.81095306753852 181.97094319487533 201.17202681997546 127.29101354526597 197.39044955255554 195.79743585017775 161.04852206487556 185.75735299697064 192.67008826793307 194.0772895624007 209.62849389535083 200.44468454197937 195.06012610667455 175.76146596330804 196.79113355274032 209.2079626105949 168.10550258161607 211.09428163676623 195.75180425765416 203.42148554379335 
S: 675030 187.81431696990037 181.97094319487533 201.17202681997546 127.29101354526597 197.39044955255554 195.79743585017775 161.0597691218664 185.75735299697064 192.67008826793307 194.0772895624007 209.62849389535083 200.44468454197937 195.06012610667455 175.76146596330804 196.79113355274032 209.2079626105949 168.1118093319217 211.09428163676623 195.75180425765416 203.42148554379335 
H: 678545 576.7114719031272 585.9228337327004 558.3149066000638 444.7085897581721 569.4412477060165 568.3019612355796 546.7373333833792 507.84870062090323 548.998108723087 465.50556958054557 549.0431101769756 579.1311658518612 463.32281126676406 589.8751869769324 532.4965421919904 519.7629326685644 538.9336158382621 441.151803011158 468.9242913380802 519.3923454318034 
S: 678545 576.71938018939 585.9265106052477 558.3149066000638 444.31661962943133 569.4412477060165 568.3019612355796 546.6993594237034 507.84870062090323 548.998108723087 465.6206317395361 549.0789999673686 579.1311658518612 463.92540906921676 589.8751869769324 532.4965421919904 519.7683692659792 538.9679401774936 441.24809572959845 469.16000493413674 519.4160709590054 
H: 678545 202.91022151263795 207.06740849223954 201.52829580020932 184.5050204078049 199.1318918422282 196.37360261886514 207.7046034334945 198.44676727447217 191.59950040107321 194.50838093363154 200.10622862622873 200.730411803255 196.56520924341552 205.87258790290724 200.52256000388925 198.89651184067114 200.28749163097513 185.31304622865886 193.44207904896976 207.5519732039032 
S: 678545 202.91022151263795 207.06740849223954 201.52829580020932 184.51105500764675 199.1318918422282 196.37360261886514 207.70460343349447 198.44676727447217 191.59950040107321 194.50838093363154 200.10622862622873 200.730411803255 196.56520924341552 205.87258790290724 200.52256000388917 198.89651184067114 200.28749163097513 185.3158476145778 193.44207904896976 207.5519732039032 
H: 989706 595.6052437918286 517.4262768667294 434.4101327751904 566.8894230174005 504.5486689013066 516.465373421821 601.0402359085466 506.9298222258402 562.0920485373159 549.5073753653381 401.78041063000876 436.08043410936693 453.9651993508324 583.0322121208998 430.7821670108853 575.6648298338981 472.03768413084794 503.0243057301974 552.2366165019941 572.7943691255969 
S: 989706 595.6052437918286 517.4262768667294 434.55134951685153 566.8894230174005 504.5713387441751 516.465373421821 601.0402359085466 506.9298222258402 562.0920485373159 549.5073753653381 401.92654365447777 436.08043410936693 453.9756630293226 583.0322121208998 430.8734788330337 575.6648298338981 472.04921070867607 503.0243057301974 552.2366165019941 572.789536075494 
H: 989706 199.20531487769 202.28807366455092 188.61462255971134 191.76124802018 203.07186742786686 195.27060041672812 207.59726886446484 197.32792231705548 202.6183652347382 202.99396274899797 138.5597623099344 178.11311402840983 195.78533343737234 196.61521555398414 182.71486644902782 198.51405000968936 189.20728708716175 198.22491611473757 187.20751357881582 200.48350477625274 
S: 989706 199.20531487769 202.28807366455092 188.6165835014114 191.76124802018 203.07186742786686 195.27060041672812 207.59726886446484 197.32792231705548 202.6183652347382 202.99396274899797 138.30701970928553 178.11311402840983 195.78533343737234 196.61521555398414 182.72640653257776 198.51405000968936 189.20728708716175 198.22491611473757 187.20751357881582 200.48350477625274 
H: 3946 479.8710647193917 600.8663691638384 400.8536916670693 414.89553147099906 480.03632079067893 601.3415331407989 539.1431726550495 555.9234535796897 549.9124497120154 433.2557526113342 487.7372594564777 564.3646059163559 524.0254441949155 562.7922238561135 530.877302614083 541.7116439984288 488.99648160071445 585.5402766097296 549.3693491548219 404.0391528097315 
S: 3946 479.8710647193917 600.8663691638384 399.997060109288 414.8775970950243 480.10292413658095 601.3415331407989 539.1435279820292 555.9234535796897 549.9124497120154 433.2557526113342 487.73046125441005 564.3646059163559 524.0254441949155 562.800600325695 530.959288258461 541.7165968207356 489.0244884279007 585.546559583064 549.3693491548219 404.1357391117187 
H: 3946 191.25968930017484 205.44275141968038 148.10486210935534 173.86095040927353 195.159136458338 201.1000632814915 193.68397077632045 206.25528428268544 203.42935976316713 190.81882178549455 196.73312412735388 192.06357698470774 184.34756930268864 191.6553475129348 203.60661110659774 196.42852269903128 195.08470733857104 204.93397887760668 197.85272448152992 154.146023181084 
S: 3946 191.25968930017484 205.44275141968038 148.12292123799156 173.86703602694172 195.159136458338 201.1000632814915 193.68397077632045 206.25528428268544 203.42935976316713 190.81882178549455 196.73312412735388 192.06357698470774 184.34756930268864 191.6553475129348 203.60661110659782 196.42852269903128 195.08470733857104 204.93397887760668 197.85272448152992 154.14763051706782 
H: 327679 503.64517701123555 481.5994817867076 580.0577696652088 564.72925390573 488.49106071796194 495.3187540736379 569.6335011917276 561.0622686499981 401.20860957247373 579.238778342713 498.0989262205758 482.4667762008948 498.07144418726915 539.4829695238159 547.397347563327 499.9187402679093 543.435081945735 511.43524168058553 497.0817607443026 568.2687021136876 
S: 327679 503.64517701123555 481.6470382077574 580.0577696652088 564.72925390573 488.63263434283755 495.3276570355814 569.6440079727687 561.140911830861 401.0075604191051 579.2685084499468 498.1131920289076 482.4581937107969 498.14035105716596 539.4829695238159 547.397347563327 499.9187402679093 543.4289549011849 511.52634773053904 497.157701653504 568.2687021136876 
H: 327679 203.64203517997984 197.70256024484655 211.88110617440572 189.9746951802921 199.44492411163253 196.49399134625116 205.4719686604226 204.0357422769388 138.67814336524884 204.11549238776306 193.9061076125601 208.0816190756045 193.64742365012725 200.80454630246447 198.93325257029596 190.48349738774795 193.02873092346402 203.81814627088738 199.271520657384 194.59424105853296 
S: 327679 203.64203517997984 197.70256024484655 211.88110617440572 189.9746951802921 199.44492411163253 196.49399134625116 205.4719686604226 204.0357422769388 138.47126028417296 204.11549238776306 193.9061076125601 208.0816190756045 193.64742365012725 200.80454630246447 198.93325257029596 190.48349738774795 193.02873092346402 203.81814627088738 199.271520657384 194.59424105853296 
H: 260830 501.76273138898466 561.2924386745742 502.8929177372484 511.613644179541 519.9118386268864 620.3574505488023 518.2177566662774 475.2953938257047 588.1727848978619 520.0986184171342 559.1913355318478 584.8088023154587 533.6301631613919 532.6331532596838 586.285894931864 485.358534499679 578.1575362572466 550.2214788029942 557.6179828858988 555.0236841522827 
S: 260830 501.80814348304665 561.2924386745742 502.8929177372484 511.613644179541 520.0103347072907 620.3574505488023 518.2221007130181 475.36012815154197 588.1727848978619 520.0986184171342 559.1913355318478 584.8088023154587 533.6710213359197 532.6331532596838 586.285894931864 485.4580289391399 578.1575362572466 550.2214788029942 557.6179828858988 555.0236841522827 
H: 260830 198.70024627809593 201.6730941512801 197.13268426379062 190.10265838649158 203.51616528384704 209.09680278316785 197.3961109935387 200.58251543179904 208.1651796616016 197.05612660649726 195.23955085539635 203.1336374197042 203.2020991842784 197.62175107266208 195.5749029262659 205.23989835205998 195.42530269377906 194.8084636922221 191.5228223128447 192.94058056247206 
S: 260830 198.70024627809593 201.6730941512801 197.13268426379062 190.10265838649158 203.51616528384704 209.09680278316785 197.3961109935387 200.58251543179904 208.1651796616016 197.05612660649726 195.23955085539635 203.1336374197042 203.2020991842784 197.62175107266208 195.5749029262659 205.23989835205998 195.42530269377906 194.8084636922221 191.5228223128447 192.94058056247206 
H: 186211 553.5110826143183 554.6527176084893 592.8186538516052 480.6689009256712 489.99524246268294 438.1406673605403 558.9476006632121 545.9568286892112 511.58742585618074 571.1194638912325 567.909098537606 559.9248715922282 539.4386168596616 635.2445088959038 576.3969437944713 457.5220818503455 598.7432629366567 509.692224772527 497.4466160553321 482.83181579007993 
S: 186211 553.5110826143183 554.6527176084893 592.8321266007706 483.6214874972715 490.0708788062998 438.2386653416582 558.9476006632121 545.9568286892112 511.59854642430497 571.1178651075027 567.909098537606 559.9796469693026 539.4386168596616 635.2445088959038 576.3969437944713 457.5723924060069 598.7432629366567 509.7879637414374 497.63833836723387 482.9562547435848 
H: 186211 190.48609440044783 189.20192054419167 207.7959147863925 199.8149090049824 199.9912416238855 186.110113320114 186.70043023141056 196.68522465622138 202.64898105237882 210.11341921529188 196.08716165951 207.74220033792525 207.8584369402185 213.09026427371182 196.78772346849794 188.56488046760307 200.99735284127456 199.5813182023434 211.12447442673692 200.20676190316829 
S: 186211 190.48609440044783 189.20192054419167 207.7959147863925 199.8149090049824 199.9912416238855 186.110113320114 186.70043023141056 196.68522465622138 202.64898105237882 210.11341921529188 196.08716165951 207.74220033792525 207.8584369402185 213.09026427371182 196.78772346849794 188.56488046760307 200.99735284127456 199.5813182023434 211.12447442673692 200.20676190316829 
H: 738185 580.6342282046041 592.1656600319657 538.0910201271928 588.9573520101151 523.1029160368929 518.8262519595046 535.9819097062561 499.9194370077892 443.7941126106807 454.7069053182466 429.8218084300412 465.1405864189518 494.61890979323516 456.7499880982377 515.0342974158867 592.9058961988704 520.6316800549776 479.7941231919747 423.188855981142 571.2340780986144 
S: 738185 580.6342282046041 592.1656600319657 538.0910201271928 588.9573520101151 523.1029160368929 518.9177576474802 535.9875574842849 500.415251975065 443.80222459133574 454.722084143147 429.0166852738547 465.2085449024761 494.6475006562569 456.88562849988034 515.0342974158867 592.9058961988704 520.6328147044209 479.81663322588395 423.29277507745303 571.2340780986144 
H: 738185 206.75571184323206 202.32275465199527 195.30590594177917 197.27568143905293 200.7634711593008 193.80689482312187 184.76509827438437 199.82788752648943 186.0830631162931 189.58168330552718 148.84202466040665 190.7732255663293 199.95011011112098 193.15796503895902 191.90180747953897 198.09164864186096 187.06464411612433 200.6656517428952 175.7942614779303 195.54931518788837 
S: 738185 206.75571184323206 202.32275465199527 195.30590594177917 197.27568143905293 200.7634711593008 193.80689482312187 184.76509827438437 199.82788752648943 186.0830631162931 189.58168330552718 148.8415266866413 190.7732255663293 199.95011011112098 193.15949942555656 191.90180747953897 198.09164864186096 187.06464411612433 200.6656517428952 175.7942614779303 195.54931518788837 
H: 73798 559.8093956422769 577.5687521671299 466.39967802978913 561.158375296705 535.1698031165668 594.0778893734871 551.7819699126491 548.2476436258802 553.6624810062783 562.7927328504264 404.9191968649302 566.5272826854817 403.72686824400375 556.9970322151289 553.4846361848287 559.8182560896694 464.9837454250405 385.11548789167796 528.709211079665 548.9459238691431 
S: 73798 559.8093956422769 577.5958685321158 466.4243223160403 561.1586990399156 535.1698031165668 594.1137962848246 551.7819699126491 548.2626831211472 553.6624810062783 562.7927328504264 404.9191968649302 566.5272826854817 403.8797150643027 556.9986553799359 553.4846361848287 559.8182560896694 464.9837454250405 383.88031625866824 528.709211079665 548.9674804491416 
H: 73798 202.61394487675878 198.17853445639406 195.73432281159648 196.77541118059776 191.1642883836142 218.50247932246086 201.03702300784764 209.915074828876 197.40775100405773 203.91422974067447 160.19186834689214 202.3521862272362 160.9528710108669 199.55897070565373 190.91544240854427 203.99777248562074 189.92263878022638 136.08174379709018 193.58732288006777 210.4242785784294 
S: 73798 202.61394487675878 198.17853445639406 195.73473456349166 196.77541118059776 191.1642883836142 218.50247932246086 201.03702300784764 209.915074828876 197.40775100405773 203.91422974067447 160.19319953641383 202.3521862272362 160.98250983322288 199.55897070565373 190.91544240854427 203.99777248562074 189.92263878022638 136.08890778092032 193.58732288006777 210.4242785784294 
H: 203341 481.3209183317104 595.3119172295142 530.6872258145535 404.262762757165 541.308846829003 596.6969341026854 545.2914699971311 550.7405675058462 481.35539840134425 620.7967782336347 451.17833862580886 607.637578447212 482.7263475931817 565.1345254342593 531.8163000548723 442.593793544885 578.9459735350324 506.7091135946966 539.4316582720445 572.510235536496 
S: 203341 481.3209183317104 595.3119172295142 530.6950109106451 404.52071270688623 541.3132598831985 596.7073234418735 545.2914699971311 550.7540192810156 481.6405815912463 620.7967782336347 451.160894343523 607.637578447212 482.7263475931817 565.1421666754222 531.8311367587413 442.61334251327645 578.9459735350324 506.7091135946966 539.4316582720445 572.5219939695195 
H: 203341 196.3899746438365 204.78644007159755 203.4507793283642 143.234484387025 197.41074529863968 202.70389632275234 194.507496171392 197.75008429762826 195.06706656226638 208.81258776876842 189.30707407311104 208.0843166565335 193.24648635696636 203.84825411477146 211.98398563138375 190.1714892368801 213.02048314101938 202.35666124251915 198.35273920317903 198.32488668419361 
S: 203341 196.3899746438365 204.78644007159755 203.4507793283642 143.23512983143098 197.41074529863968 202.70389632275234 194.507496171392 197.75008429762826 195.06706656226638 208.81258776876842 189.30707407311104 208.0843166565335 193.24648635696633 203.84825411477146 211.98398563138375 190.1714892368801 213.02048314101938 202.35666124251915 198.35273920317903 198.32488668419361 
H: 584995 602.4283665886879 520.5595782318579 488.9387993880841 592.7008797404374 521.2765033976185 547.093872335899 479.14458475394537 458.02727888899807 410.9071642177308 564.7732508105563 506.21915961189524 514.3957962021279 533.9773842660034 559.9584872895789 530.9626125441079 417.3659006799994 557.0615525888803 549.1749560796823 431.0425735891645 511.95161771707427 
S: 584995 602.4283665886879 520.5595782318579 489.0762457309258 592.7008797404374 521.3376671887877 547.093872335899 479.16335850397576 458.03538931393706 410.79462692304537 564.7732508105563 506.3551608580369 514.3957962021279 534.0094522910084 559.9584872895789 530.951027491113 417.44667109165823 557.0615525888803 549.1749560796823 431.0052391468075 511.951901171342 
H: 584995 200.84161823404398 196.6923300994833 199.38771488173282 198.22903772719118 203.95426073443014 206.0590783552341 194.59758582872973 190.40695510362607 156.12291286959075 197.64825158146405 211.14812207481646 200.3627602065276 202.60693421838667 198.14518234208964 194.64456958681944 178.0243050716955 196.383267526408 189.30894045151854 171.9574395410533 195.4701216648924 
S: 584995 200.84161823404398 196.6923300994833 199.38771488173282 198.22903772719118 203.95426073443014 206.0590783552341 194.59758582872973 190.40766902075413 156.12856729127148 197.64825158146405 211.14812207481646 200.3627602065276 202.60693421838667 198.14518234208964 194.64456958681944 178.02387235822434 196.383267526408 189.30894045151854 171.98433277622 195.47012166489245 
H: 535776 429.28857730403024 560.3581655720776 472.2657060509737 606.3674583476367 503.1542243487416 598.8670529112228 481.22634427172443 573.819461831696 522.9487474228828 554.7144395401087 628.0736101423507 609.8055518630949 417.3022940035334 567.7881647509922 517.2556810148942 570.2903851605075 460.7441685341711 463.41648835018196 538.0818382913955 481.13368660274386 
S: 535776 429.36285335899964 560.3581655720776 472.37516476646925 606.3674583476367 503.27445743443684 598.8670529112228 481.3795384893244 573.819461831696 522.9487474228828 554.7144395401087 628.0736101423507 609.8055518630949 416.882440010409 567.7881647509922 517.2556810148942 570.2903851605075 460.7441685341711 463.5821020567472 538.2704724209927 481.4383346294367 
H: 535776 163.80509435397684 201.53528910633904 207.0818276178988 203.31525037365932 196.09527583647784 202.29885599630444 199.8177633034227 191.2731539438985 198.17223822083108 199.76147070624856 212.51088765636385 206.43590680088744 168.65252198922852 194.57009955052584 203.64692433527784 201.82091278348284 196.73704460719972 194.54215267626145 200.62709955112044 202.57493762906765 
S: 535776 163.81301597317497 201.53528910633904 207.0818276178988 203.31525037365932 196.0952758364778 202.29885599630444 199.8177633034227 191.2731539438985 198.17223822083108 199.76147070624856 212.51088765636385 206.43590680088744 168.68028672425942 194.57009955052584 203.64692433527784 201.82091278348284 196.7370446071997 194.54215267626145 200.62709955112044 202.57701593325706 
H: 541018 504.46348386482504 415.14711231250385 445.12056795449524 507.3545027357927 464.779355152034 540.6169406216374 554.3714305230851 527.234722833385 568.3824142950023 558.8091747281778 522.0833782417118 601.4469301503616 468.4992731972521 423.86639366669266 502.38075322522 577.3837343345041 555.9733542442362 554.7592344855972 563.3131198077866 430.91841904436416 
S: 541018 504.46656503690144 415.0977034402818 446.02708080869627 507.3700395173653 464.7913683605479 540.6603257368296 554.3877270825584 527.3956496258259 568.3824142950023 558.8091747281778 522.0953502165222 601.4469301503616 468.4954011880044 423.82718873198894 502.38075322522 577.3837343345041 556.0216007492384 554.7767211343446 563.3131198077866 431.23197882066063 
H: 541018 195.46817468624926 161.34662332537542 188.162683289387 184.95541108957826 196.40790011265543 189.30943284153466 208.76431528052467 196.57856529874704 191.6134201653805 192.56143180022238 194.59427003283355 201.69676312812024 184.90522482925797 176.5010048107304 197.1757205584995 202.2922825037507 202.3057551359369 208.33229971203468 210.35016887991534 167.5145749053941 
S: 541018 195.46817468624926 161.38047843020857 188.162683289387 184.95541108957826 196.40790011265543 189.30943284153466 208.76431528052467 196.57856529874704 191.6134201653805 192.56143180022238 194.59427003283355 201.69676312812024 184.90522482925797 176.5010048107304 197.17572055849965 202.2922825037507 202.3057551359369 208.33229971203468 210.35016887991534 167.5224446394439 
H: 50230 495.8476590855553 592.9241631923848 568.7297752427091 595.6824033790373 570.4704137836602 583.9864196279568 509.9862717835906 562.0276772462092 495.41479343418587 432.20913243617406 590.6461141723856 453.00964894600577 574.2735786245869 477.1117341301938 558.7970343788794 449.7134560058329 475.1906108553397 531.2340461367774 562.2493028505255 472.5379637171075 
S: 50230 495.8476590855553 592.9291677377653 568.7297752427091 595.6846476674092 570.5032692571524 584.0126752611206 509.9862717835906 562.0428691867371 495.4452836040884 432.2638617995463 590.6461141723856 453.32906237408883 574.2735786245869 477.18271788431974 558.7970343788794 449.683250999878 475.44627141333604 531.2437954130944 562.257462574651 472.56362017493063 
H: 50230 192.57087681249047 200.37429546776337 201.05033154293676 203.7049518280221 199.5061110294808 197.92574070673012 191.7376972648301 208.15474444000242 198.68683226018692 187.26183889055224 208.16093611609034 189.90191569932736 192.49611244604156 193.62255570383027 191.08565070304132 187.56615880436144 191.95249345181963 192.6225594917 196.3972746854771 197.04243144901713 
S: 50230 192.57087681249047 200.37429546776337 201.05033154293676 203.7049518280221 199.5061110294808 197.92574070673012 191.7376972648301 208.15474444000242 198.68683226018692 187.26183889055224 208.16093611609034 189.90191569932736 192.49611244604156 193.62255570383027 191.08565070304132 187.56615880436144 191.95249345181963 192.6225594917 196.3972746854771 197.04243144901713 
H: 981760 554.7837550430884 531.4257166892846 541.467081071611 542.1926291406531 511.14184582670254 552.3873231079717 534.4146466762786 565.210482926601 564.6818467671296 579.1316840187294 530.220428530815 418.24215140783843 575.571094436511 581.8189409887788 596.8007454377448 495.45777675388763 504.244996358399 425.69558163520475 564.846943320549 579.1818746022991 
S: 981760 554.7837550430884 531.4257166892846 541.467081071611 542.2393315248969 511.14184582670254 552.3873231079717 534.4146466762786 565.210482926601 564.6818467671296 579.1316840187294 530.4882317355189 417.1120855040497 575.571094436511 581.8189409887788 596.8007454377448 495.45777675388763 504.280560357988 425.71632329948926 564.846943320549 579.1818746022991 
H: 981760 195.0139246510218 200.01339509774715 198.67692614452565 203.26164494927653 191.59643524446292 194.23732947043308 204.8506917204018 194.70681037261238 189.37182487782215 203.38389934177027 207.7225055232853 160.80596068078722 195.56151380673086 195.79225933061966 201.73116630892147 189.6800959526897 201.1318689235591 176.8796920180508 199.40169406706022 193.6152171612132 
S: 981760 195.0139246510218 200.01339509774715 198.67692614452565 203.26164494927653 191.59643524446292 194.23732947043308 204.8506917204018 194.70681037261238 189.37182487782215 203.38389934177027 207.7225055232853 160.80596068078722 195.56151380673086 195.79225933061966 201.73116630892147 189.6800959526897 201.1318689235591 176.8796920180508 199.40169406706022 193.6152171612132 
H: 476854 464.9214380504589 490.349191660402 571.4561592992759 568.628620511087 574.1560389653777 414.38125583268214 536.7703117863791 553.2492214963961 549.6603779547045 632.0647647578472 547.55384096439 524.6887488804729 589.4701427398456 513.0974762637709 443.3622130108536 551.7474027462181 483.3765404573203 582.150105054601 591.7168484721221 537.1883883731136 
S: 476854 465.04392882219787 490.36631123338753 571.4561592992759 568.6413216606547 574.1560389653777 414.4051043778737 536.7707328875733 553.2492214963961 549.6690814121545 632.0647647578472 547.55384096439 524.6887488804729 589.4701427398456 513.1020714903672 443.4119977699389 551.7474027462181 483.3817777270524 582.150105054601 591.7168484721221 537.1883883731136 
H: 476854 190.79506590453792 200.32974435838574 200.51656404681373 198.45408292706094 200.9258823174139 165.0195656640328 209.05118262365067 200.61304298941195 199.22740000057667 211.07609996479613 190.82525776561437 193.0221436586616 201.93367181988904 192.3004402686826 185.3802780977671 207.95573645523226 188.97831691791663 194.32788963313317 199.48934109777 194.30003174518603 
S: 476854 190.79506590453792 200.32974435838574 200.51656404681373 198.45408292706094 200.9258823174139 165.02632533045778 209.05118262365067 200.61304298941195 199.22740000057667 211.07609996479613 190.82525776561437 193.0221436586616 201.93367181988904 192.3004402686826 185.3802780977671 207.95573645523226 188.97831691791663 194.32788963313317 199.48934109777 194.30003174518603 
H: 484285 447.7699833824035 532.9095513533861 569.1926202668506 589.7528224212039 423.471687650414 559.3399033596232 518.1919641086521 502.0591827275765 540.3913140307413 416.01744137352017 456.9721042191787 504.4421653531636 597.9360478954752 526.5669309548572 586.8609226011505 567.513162934598 441.0130015040582 574.2721448377175 400.6545625336719 555.6109528876882 
S: 484285 447.88496307997747 532.9515520306303 569.1926202668506 589.7528224212039 423.49801845818695 559.3399033596232 518.1922335796045 502.0591827275765 540.3913140307413 416.00604882118074 456.97968195696336 504.4421653531636 597.9360478954752 526.5669309548572 586.8609226011505 567.513162934598 441.08732095825815 574.2721448377175 401.3878097511708 555.6109528876882 
H: 484285 187.5959334325618 193.58565048853677 192.91950781658542 201.74979562707261 177.69364558314183 205.56563681288907 196.70124518502817 194.05985896900089 199.70513036001722 170.7541326896862 192.12470335634092 197.37694900889164 201.83876346481372 200.97676725409625 195.62030753371724 195.11648971715687 184.1276390733121 202.8921637040055 138.58503758909893 192.76526880400434 
S: 484285 187.59607834976947 193.58565048853677 192.91950781658542 201.74979562707261 177.7369234787432 205.56563681288907 196.70124518502817 194.05985896900089 199.7051303600172 170.7541326896862 192.12470335634092 197.37694900889164 201.83876346481372 200.97676725409625 195.62030753371724 195.11648971715687 184.1276390733121 202.8921637040055 138.19315793557513 192.76526880400434 
H: 766327 586.686890432706 423.33390429532506 590.8747307935975 556.7666776524508 505.34283504513166 503.5146021757612 389.66091304610467 556.5760210772916 439.46552226156655 511.57528554454467 487.3047597682269 549.7984402440917 576.5608762296039 441.58136929233154 473.67383725733634 507.637760185621 445.1778634077679 559.3844111605755 549.4019847404388 621.1572602516245 
S: 766327 586.686890432706 423.37288547619767 590.8747307935975 556.7882349615677 505.36485410864685 503.5146021757612 389.7540397633176 556.5760210772916 439.6691034117844 511.589787820361 487.31080415465635 549.7984402440917 576.5608762296039 441.69475124062313 474.17318069421634 507.64543012774493 445.1365155865 559.3844111605755 549.4019847404388 621.1572602516245 
H: 766327 200.23352196386784 179.23307994780657 201.62163536169666 204.79674523827418 203.82206868487978 199.33416400407168 169.3397977561131 207.60402649692062 187.9873490404455 205.0862673877927 204.13156603837538 198.455823200702 194.0021548206259 188.15071995615378 193.53035608229536 186.4517563802842 182.40695251001208 218.59530902897546 206.34242856422955 215.208399977362 
S: 766327 200.23352196386784 179.23307994780657 201.62163536169666 204.79674523827418 203.82206868487978 199.33416400407168 169.3452334188082 207.60402649692062 187.9873490404455 205.0862673877927 204.13156603837538 198.455823200702 194.0021548206259 188.15071995615378 193.53035608229536 186.4517563802842 182.40695251001208 218.59530902897546 206.34242856422955 215.208399977362 
H: 560693 536.2495916825352 565.0020836487259 382.8321051031337 539.3238317956628 524.9111401403482 550.5661769373289 567.8135881432245 530.9439162966362 428.92084379644757 442.01103852153824 577.8133303714951 563.9824533465178 557.4475882450364 521.859127456099 585.8554423504613 456.2938771379215 419.9395516115049 565.1422179302241 409.091897035905 523.8272616158745 
S: 560693 536.2525478777599 565.0020836487259 379.9873286463866 539.3238317956628 525.0215402458978 550.5661769373289 567.8135881432245 530.9439162966362 428.93287139002734 442.05547399239254 577.8133303714951 563.9824533465178 557.4568581513458 521.8604306003531 585.8554423504613 456.3265851019178 419.4728225745541 565.148679880069 409.21035717918494 523.8272616158745 
H: 560693 202.2348104353184 189.88379283179185 128.7912333745684 195.9679527479633 198.70866676001936 208.6733912414558 195.7390616302623 205.11472270559952 177.8397482457482 187.812925697775 195.46528449187292 198.22770519287434 210.89806321925306 202.18768684583557 199.76091984165035 197.06032996654227 174.90723709436185 210.59665578229843 176.51797831064428 185.45276481283173 
S: 560693 202.2348104353184 189.88379283179185 128.6230184697368 195.9679527479633 198.70866676001936 208.6733912414558 195.7390616302623 205.11472270559952 177.8397482457482 187.8422334111442 195.46528449187292 198.22770519287434 210.89806321925306 202.18768684583557 199.76091984165035 197.06032996654227 174.90856434850272 210.5966557822984 176.5297727148982 185.45276481283173 
H: 581100 580.3152873903714 612.0837567993552 470.82906792913445 535.506867678571 620.5651158090748 415.62622376309537 491.1588590517338 521.5044142178111 563.2652903534538 515.3665208363686 437.4884747269283 553.5448983930377 598.6139144636143 462.56915082533226 451.18407043574234 558.5296972851182 448.82973029562964 497.7117579033679 563.3940258387527 574.1339193310562 
S: 581100 580.3152873903714 612.0837567993552 471.0831250316 535.511003079736 620.5651158090748 415.6591122852173 491.2035996825511 521.5044142178111 563.2652903534538 515.3871961323755 437.5145667511314 553.5549208296858 598.6139144636143 462.5736566702398 451.18407043574234 558.5296972851182 448.86925843358176 497.7117579033679 563.3940258387527 574.1339193310562 
H: 581100 197.9177359729243 207.68628840068712 191.4869576833578 193.59496506940738 208.66569781086565 178.66694154912355 208.1061626784598 191.20328710721208 204.52971495551017 203.13188525942644 181.87496821091563 198.58042732150258 205.7963746197907 196.3341851484171 185.34369466351527 202.23126018731853 187.92958515507203 202.97407072958646 207.3066521509981 198.107093069794 
S: 581100 197.9177359729243 207.68628840068712 191.4869576833578 193.59496506940738 208.66569781086565 178.66694154912355 208.1061626784598 191.20328710721208 204.52971495551017 203.13188525942644 181.87766348523607 198.58042732150258 205.7963746197907 196.3341851484171 185.34369466351527 202.23126018731853 187.93027623568005 202.97407072958646 207.3066521509981 198.107093069794 
H: 58652 562.8066306052069 594.6806406321946 501.2004413855108 524.1248830527517 456.09781827925633 468.13876710807807 562.1213003650568 553.598890739504 591.1703063150759 440.26632056076807 575.7733082988099 448.1280988261254 588.3087377516417 609.3457038105707 490.9569440220548 582.0148480935986 533.6297068580897 514.0776261348886 588.1378725716286 478.90621572027766 
S: 58652 562.8066306052069 594.6806406321946 501.2004413855108 524.1646139938223 456.21681684919986 468.13679368534565 562.1213003650568 553.598890739504 591.1703063150759 440.28131424313614 575.7733082988099 448.1280988261254 588.3087377516417 609.3457038105707 490.96350128829977 582.0148480935986 533.6297068580897 514.068551354377 588.1378725716286 478.94324127342287 
H: 58652 187.75401610121395 200.28917070726192 199.13359202366266 188.88260971592268 192.7835270213729 192.998929163505 195.1720072541591 194.75122346794873 201.3887844822809 187.7955481020629 192.9772583752212 191.03757116580408 198.94321455632453 205.06463070414043 206.34300205411702 199.299532680398 196.69466598125513 203.4790895038207 199.96272063320043 201.156930178696 
S: 58652 187.75401610121395 200.28917070726192 199.13359202366266 188.88260971592268 192.7835270213729 192.998929163505 195.1720072541591 194.75122346794873 201.3887844822809 187.7955481020629 192.9772583752212 191.03757116580408 198.94321455632453 205.06463070414043 206.34300205411702 199.299532680398 196.69466598125513 203.4790895038207 199.96272063320043 201.156930178696 
H: 962025 499.4500729016465 507.0238552241824 595.2658529403893 444.1944007033042 575.2900862231359 575.2233912306625 414.1912361926857 590.7558657379439 573.2825795674364 506.22087973310374 547.0606406000037 419.53330170653015 532.3841368896863 583.2301894397061 481.2381390870842 588.9217450624529 536.9382448512657 561.4006389017179 541.3103495983087 565.5451435971268 
S: 962025 499.46846959909084 507.0238552241824 595.2658529403893 444.1944007033042 575.2983760305984 575.2233912306625 414.079804742543 590.7558657379439 573.2859899595654 506.25896721795584 547.0606406000037 419.53330170653015 532.3841368896863 583.2301894397061 481.2966600781255 588.9341483392408 536.9382448512657 561.4006389017179 541.3103495983087 565.5451435971268 
H: 962025 199.10948644587276 199.61968197012024 201.13536838250815 186.49548280749156 202.45677437448862 198.5810886726986 150.20442173207016 198.15764955894622 206.90177614118272 206.75337599060367 205.41409029427948 160.06529836795147 197.7962046165874 213.19343467113256 194.4947591198694 201.35614556974213 193.99251640495615 199.15575634291991 195.92755090608102 204.55346648062095 
S: 962025 199.10948644587276 199.61968197012024 201.13536838250815 186.49548280749156 202.45677437448862 198.5810886726986 147.1078952464421 198.15764955894622 206.90177614118272 206.75337599060367 205.41409029427948 160.06590410455144 197.7962046165874 213.19343467113256 194.4947591198694 201.35614556974213 193.99251640495615 199.15575634291991 195.92755090608102 204.55346648062095 
H: 911177 573.7188859301776 411.15987320100726 452.31387989666007 570.200614175641 573.2805366324179 575.8848677248006 543.1024035604509 464.1453926838847 447.694204725069 580.6798678708225 475.2155614353806 592.9843995419021 493.2746829718866 394.7080391307154 577.8895175676032 433.177856274057 558.9993446220315 591.4839163572088 482.73952174924335 488.9235374097361 
S: 911177 573.7188859301776 411.4740686742565 452.3068192750641 570.2087152090344 573.3389774213459 575.8848677248006 543.1082884908031 464.1970001842656 447.76738367086307 580.6798678708225 467.4076317472816 592.9843995419021 493.3139532973715 389.36730070531996 577.8895175676032 433.47188547944086 558.9993446220315 591.4839163572088 482.7635915304392 488.924461082603 
H: 911177 205.78537686721472 146.9923318934475 193.9798235093456 202.72346202748787 203.0648540721462 198.71230149578975 192.45028865717467 194.30287264694203 196.8827372324035 206.389502217484 170.47724375478617 199.50472779331685 203.65607886944798 160.3412509823447 194.17722871267398 174.30477730479393 195.35527864287172 197.28922992859663 195.0348685070232 196.2759913429508 
S: 911177 205.78537686721472 146.47515682893282 193.98915727979698 202.72346202748787 203.0648540721462 198.71230149578975 192.45028865717467 194.30287264694203 196.8827372324035 206.389502217484 170.50433483645233 199.50472779331685 203.65607886944798 160.35719656744172 194.17722871267398 174.30724943738866 195.35527864287172 197.28922992859663 195.0348685070232 196.2759913429508 
H: 55081 599.1167099944652 569.0164170657753 395.6432046896279 646.840915890357 491.6456630761413 538.9707987621014 537.8932409428833 594.0294832073167 420.4136116507939 445.5092293603658 608.9139171258074 470.02123115199623 607.8763102249521 611.3058805549898 554.5202908693753 569.1236964816892 557.8598697844594 610.5516985820575 583.3311764918359 513.6242200960457 
S: 55081 599.1167099944652 569.0164170657753 397.300738011489 646.840915890357 491.66503480282523 538.9707987621014 537.8932409428833 594.0294832073167 420.5653289330021 445.54437306306363 608.9139171258074 470.02123115199623 607.8763102249521 611.3742351542502 554.5314430703025 569.1322152277094 557.8598697844594 610.5516985820575 583.3311764918359 513.6242200960457 
H: 55081 202.627075124414 204.67073414746167 159.27076600753503 220.5743757648518 197.55124129610846 196.69220697049602 195.72013239791144 201.23639816275116 166.0575016880818 191.1155181135422 208.52591386062676 200.97252915848762 202.7075003469468 206.6110561477931 192.91443982927572 214.19129347375247 197.0637359504873 206.43062385501958 203.75120615686237 194.19642243597116 
S: 55081 202.627075124414 204.67073414746167 159.27076600753503 220.5743757648518 197.55124129610846 196.69220697049602 195.72013239791144 201.23639816275116 166.06069639912508 191.1155181135422 208.52591386062676 200.97252915848762 202.7075003469468 206.6110561477931 192.91443982927572 214.19129347375247 197.0637359504873 206.43062385501958 203.75120615686237 194.19642243597116 
H: 848691 544.0240505384255 545.2363724899377 579.4457780596588 590.8131521138816 500.5216204760029 458.4348277703554 488.8367755814305 572.1694372931928 406.011929970236 546.376154012661 610.6002595642472 620.0854386102861 477.5916508807006 521.5914677082047 391.44137290965523 517.9682923550736 463.50524460938425 617.314044955504 519.1418740002343 609.3148883152298 
S: 848691 544.0240505384255 545.2363724899377 579.4457780596588 590.8131521138816 500.5291815762269 453.5330952214507 488.84970762299196 572.1694372931928 404.92683395515957 546.376154012661 610.6002595642472 620.0854386102861 477.5943421464457 521.5914677082047 391.4496452996379 518.0007390459032 463.2235417422409 617.314044955504 519.2781621263778 609.3148883152298 
H: 848691 194.39764857907193 205.74265264806758 204.6720039917514 198.83544287447347 192.8031796313008 186.1487190516959 201.02512836729454 195.74060660331116 144.5025881983529 202.74432349613951 205.6153523406199 210.48537899348474 195.4513699705252 190.97629069680016 150.77986360174285 200.87838378710313 193.33684097441304 206.18699710573628 208.89419403967054 205.34283222886353 
S: 848691 194.39764857907193 205.74265264806743 204.6720039917514 198.83544287447347 192.8031796313008 186.15998271098238 201.02512836729454 195.74060660331116 144.50536844605895 202.74432349613951 205.6153523406199 210.48537899348474 195.4513699705252 190.97629069680016 150.79631820533857 200.87838378710313 193.33589006874487 206.18699710573628 208.89419403967054 205.34283222886353 
H: 136739 456.47432950336054 590.5269955855683 607.6409023211706 559.8405834976313 550.0511015871048 463.0492813576847 515.9645741133332 582.3182430321964 565.668286604428 555.6943054236923 464.7688415037754 479.52191799810385 540.7214217516521 500.0741787292627 539.3922773075217 464.8556816660245 474.25403824060436 425.19550087227066 546.2573181216014 601.2680658099448 
S: 136739 456.5630066913203 590.5269955855683 607.6409023211706 559.8405834976313 550.0511015871048 463.2078770273428 515.9645741133332 582.3182430321964 565.668286604428 555.6943054236923 464.7911991021194 479.52191799810385 540.7214217516521 500.3221679019398 539.4052920790242 464.89884665556195 474.4020850219957 425.244913737223 546.2573181216014 601.2680658099448 
H: 136739 191.9748226966387 203.66874536806358 205.6235084602461 191.95095530966682 202.2966854783814 191.50523072210507 204.29779731846975 201.2627838723036 206.1551945910353 197.95209371282593 190.5054696541527 196.16037044497867 200.28925966930527 206.29540691020318 210.3334985830313 188.42191784970777 199.92174517746776 173.389848853135 196.74964768085758 204.93745791918707 
S: 136739 191.9748226966387 203.66874536806358 205.6235084602461 191.95095530966682 202.2966854783814 191.50523072210507 204.29779731846975 201.2627838723036 206.1551945910353 197.95209371282593 190.5054696541527 196.16037044497867 200.28925966930527 206.29540691020318 210.33349858303123 188.42191784970777 199.92174517746776 173.3943976024081 196.74964768085758 204.93745791918707 
H: 66295 430.7824072182963 411.3605494035782 456.36544520210714 559.3720286485704 458.3864296796366 383.38759957591196 578.6630900393315 472.6202513359975 459.22022175740193 573.8514998220551 525.3878407362059 429.25033501755615 434.2184463632445 510.6867344044593 559.4610304444706 543.8056667616738 485.18220552708743 496.38677324775125 532.290423766203 545.9916942479231 
S: 66295 430.7846729629922 410.44332014456796 456.3710832291142 559.3720286485704 458.416910086876 383.42866783964445 578.6630900393315 472.62991752511647 459.27068512507225 573.8514998220551 525.3916839973284 429.2989124242448 434.39353171113015 510.6867344044593 559.4610304444706 543.8056667616738 485.2572904739451 496.38677324775125 532.290423766203 545.9916942479231 
H: 66295 183.99269032752377 154.95592691339914 194.0128505413168 201.7167357351935 188.58978857598765 134.87613973191523 195.6312925789713 194.31747104453268 190.9957442610453 194.2453811316517 192.2593523284083 159.7070631879274 190.69849997492435 202.194474825073 193.78254092720715 204.2891711415511 200.03172303462128 191.145659790614 192.77005111798107 198.18354986269793 
S: 66295 184.00225185203777 155.00673634721153 194.0128505413168 201.7167357351935 188.58978857598765 134.84319839806923 195.6312925789713 194.31747104453268 190.9957442610453 194.2453811316517 192.2593523284083 159.7079473579554 190.69849997492435 202.19447482507292 193.78254092720715 204.2891711415511 200.03172303462128 191.145659790614 192.77005111798107 198.18354986269793 
H: 824937 463.97857195955885 538.3426739290161 479.101941792767 528.192137793211 424.5774270397732 510.57151794306276 610.0520429744312 508.9111934310814 570.2904608254764 496.2385674429705 475.1945414243453 456.7756726392542 404.08810611566344 515.7633832746064 422.6611405441854 423.9948823116663 514.5871521248307 561.5036750383886 528.8455245285622 469.9129123035561 
S: 824937 463.98558212799844 538.3426739290161 479.1405945837264 528.2057926381284 424.58263356408617 510.58381297460386 610.0520429744312 508.8989118288726 570.2904608254764 496.2385674429705 475.20347052885927 456.7894802912332 404.7981695116881 515.7633832746064 421.9780644288536 424.11980228440433 514.6241745433422 561.5036750383886 528.8455245285622 469.9388096461617 
H: 824937 189.41067934416571 193.160078213386 204.2905814544329 197.9018188358045 178.4850337293046 205.88741407967134 204.42303915368456 202.7952794885323 196.03547704633695 192.33580116746643 193.80230647763554 195.47929571601716 140.05040974246492 196.85742878154252 160.93034309410038 186.38893038454975 195.63349030861107 193.5275647685124 201.0824321008514 199.7106156104852 
S: 824937 189.41067934416535 193.160078213386 204.2905814544329 197.9018188358043 178.4850337293046 205.8874140796714 204.42303915368456 202.7952794885323 196.03547704633695 192.33580116746643 193.80230647763554 195.48238080755308 140.05040974246492 196.85742878154252 160.91353984149765 186.38957209069227 195.63349030861107 193.5275647685124 201.08243210085135 199.7106156104852 
H: 540143 490.99882308856576 557.2203322867451 531.9259759296979 515.3468629030692 457.0692900303819 568.5035531055004 446.66147682344985 551.5625961757363 489.58752637714275 589.2297478283498 577.9498366674043 421.1535513940496 522.24853358665 458.06360162677004 453.4657238702499 496.8335838838727 435.3443411055869 547.0295553804901 568.4825669884286 626.0013157711809 
S: 540143 491.03095734826405 557.2203322867451 531.9887910113175 515.4376210843587 457.07144949251926 568.5110501229653 446.70703867497167 551.5719540312219 489.5940767001947 589.2297478283498 577.9498366674043 421.4829100779075 522.3613438674022 458.0673271694168 453.4657238702499 496.96590601830457 435.3683509831536 547.0342262000919 568.4825669884286 626.0013157711809 
H: 540143 197.82800995502052 194.99047189010116 199.36279160669153 202.85959885943552 194.900586845504 199.72325019433785 190.23928076281695 191.44669975978644 190.3274802424721 201.33620787327604 199.64431812601018 156.7876031256503 203.7246984619226 191.451496686973 186.39767540897122 196.22494021143504 180.1042102240839 191.23557577265706 191.9015713626013 212.3714504549621 
S: 540143 197.82800995502052 194.99047189010116 199.36279160669153 202.85959885943552 194.900586845504 199.72325019433785 190.23928076281695 191.44669975978644 190.3274802424721 201.33620787327604 199.64431812601018 156.7876031256503 203.7246984619226 191.451496686973 186.39767540897122 196.22494021143504 180.10423070595644 191.23557577265706 191.9015713626013 212.3714504549621 
H: 499755 416.4215614612146 453.9147102327417 608.9052948871017 432.2082870100901 417.81277343787946 544.4882858986803 591.8106847465656 601.9434898981933 565.0282165657524 489.4977096508776 476.60746945141375 543.8125432356437 513.7619776193234 445.19130207649897 623.3745689787094 422.7468328718903 500.45979298753105 443.813504193607 510.92829506579494 510.5293792610386 
S: 499755 416.4215614612146 453.9192248282265 608.9052948871017 432.2082859871166 417.87172660566483 544.4942885669296 591.8106847465656 601.9434898981933 565.0282165657524 489.4977096508776 476.6552498843086 543.8156656627948 513.7619776193234 445.580526451502 623.374568978709 422.9112349595751 500.55235544552795 443.84477574351047 510.9970740576424 510.5293792610386 
H: 499755 182.77075762121066 190.64448650841447 204.97033670138245 183.34936898870743 182.85006831302857 201.50599599863338 199.73962696629263 200.64782996606468 207.24662717069916 191.89438284538411 193.0231077663102 203.94925655591115 192.68853502493474 189.300201269584 210.13772413766753 179.73172258885566 197.01966049879644 188.66334197859334 207.67542478317836 196.74304421342077 
S: 499755 182.77075762121066 190.64448650841447 204.97033670138245 183.34936898870743 182.85006831302857 201.50599599863338 199.73962696629263 200.64782996606468 207.24662717069916 191.89438284538411 193.0231077663102 203.94925655591115 192.68853502493474 189.30686563502644 210.13772413766753 179.75721236153214 197.01966049879644 188.66334197859334 207.67542478317836 196.74304421342077 
H: 317179 440.2268274367218 597.097647604874 561.5806292255777 611.0976572492932 498.95613533694194 565.7643913650177 415.5467872412393 392.3352982490256 503.68743385099305 586.743441164816 597.1395974668498 528.8131735355072 630.24688106064 566.3744925074074 490.8163000541258 552.9925674741037 589.733478120194 556.7926491977424 592.4267369267683 572.8440059278373 
S: 317179 440.22917142165517 597.097647604874 561.5932527708212 611.0976572492932 498.9644553014831 565.7643913650177 415.34799104845933 387.89599347468993 503.69500351857306 586.743441164816 597.1429728914741 528.8595328529306 630.24688106064 566.3755113662884 490.8163000541258 553.0961710517073 589.7633172441322 556.7846503108294 592.4267369267683 572.8440059278373 
H: 317179 186.14429552432867 199.93949009728837 205.75921818513322 207.15322615477132 202.48341803724912 201.3924692566813 158.07262747513323 129.264141768105 200.3062176920654 207.91740418763234 208.59767645215 188.74113391412305 213.1723759645207 205.40561399239687 205.18584160955172 203.84836420272921 206.30062316669017 207.64165658672303 200.7429326878371 200.88568914666652 
S: 317179 186.14429552432867 199.93949009728837 205.75921818513322 207.15322615477132 202.48341803724912 201.3924692566813 158.0727872240532 129.26664838958928 200.3062176920654 207.91740418763234 208.59767645215 188.74113391412305 213.1723759645207 205.40561399239687 205.18584160955172 203.84836420272921 206.30062316669017 207.64165658672303 200.7429326878371 200.88568914666652 
H: 428608 585.807556300233 404.4734642941905 627.3451336191442 576.9002396288394 513.3376938895836 578.2153342454673 475.4584702536953 595.3861611698953 466.7623127113428 488.63036031321974 557.7396440895612 586.4961661091867 552.2942036094162 567.2318472848704 518.3178681384078 535.0192563805856 544.6559212747334 465.79010628954615 549.9270008339746 451.94021077211795 
S: 428608 585.8245326551294 400.5799798297672 627.3451336191442 576.9002396288394 513.3385662881785 578.2153342454673 475.46797983298273 595.3861611698953 467.3493972357412 488.63036031321974 557.7396440895612 586.4961661091867 552.2942036094162 567.2318472848704 518.3349017339723 535.0251323531929 544.6559212747334 465.68644491050094 549.9427174859064 452.1794665522203 
H: 428608 200.9924081581266 135.96886696846403 213.0015532712063 199.72125453653211 197.70227954493342 193.44183523117965 194.37027414722579 202.422066857804 198.62001121978014 207.82352504641483 193.27587391264885 204.75234266066144 198.04109652062127 189.07728242829037 200.56092042073075 199.45962839082893 201.8444579662383 193.4922818263352 199.11765202477548 189.47469762059814 
S: 428608 200.9924081581266 135.9743374860172 213.0015532712063 199.72125453653211 197.70227954493342 193.44183523117965 194.3751405476952 202.422066857804 198.62001121978014 207.82352504641483 193.27587391264885 204.75234266066144 198.04109652062127 189.07728242829037 200.56092042073075 199.45962839082893 201.8444579662383 193.4922818263352 199.11765202477548 189.47469762059814 
H: 589635 478.8075980524195 432.7493502193533 496.93776655197314 539.1335580743863 525.8854535966852 565.2180786331234 470.0804106445381 503.0431067525015 517.8885233505972 443.29064324122476 438.31793718700516 583.9196491576354 559.1692386090118 590.0032869048332 385.956120282588 515.1265716660447 535.3127296844866 560.5052906475289 493.43632131920293 417.3303648668451 
S: 589635 478.810464387476 432.77664362252744 496.98053328415665 539.1335580743863 525.8854535966852 565.2180786331234 469.86315409644726 503.0431067525015 517.8885233505972 443.25565458889116 437.0826186615825 583.9196491576354 559.1692386090118 590.0032869048332 385.9211782062132 515.1265716660447 535.3127296844866 560.5052906475289 493.43632131920293 415.3430166749037 
H: 589635 202.20068935350577 177.52276561929082 186.86910315221093 196.80902109194545 188.38154803791465 193.65681692035957 194.8975807833126 205.75931473786116 195.3302444848356 183.61685151952338 151.92506200282395 199.49497491321748 198.88157491208335 204.04519919887895 147.4183598685284 199.87895458783976 201.32869379179888 203.32926898160906 193.70402964476364 165.03149691212676 
S: 589635 202.20068935350577 177.52276561929082 186.86910315221093 196.80902109194545 188.38154803791465 193.65681692035957 194.8975807833126 205.75931473786116 195.3302444848356 183.61685151952338 151.921577975134 199.49497491321748 198.88157491208335 204.04519919887895 147.42994482840533 199.87895458783976 201.32869379179888 203.32926898160906 193.70402964476364 165.0444311954784 
H: 937774 443.0084587302171 448.9108946041955 597.897003755927 387.4151896702387 463.4620546335354 574.665013734142 557.6465641668254 589.4509731743907 473.70447703667327 503.6750698776881 459.74887045394337 495.3469752903263 580.4132364199414 513.5738211328452 521.2188690001352 481.0690058912039 592.6790083796842 460.3369098030482 589.1185652377768 454.6598171330245 
S: 937774 442.51413841177146 449.5254080506568 597.897003755927 387.44107355801634 463.6631244494346 574.665013734142 557.6465770113759 589.4509731743907 474.0563798766821 503.6837564637457 459.76366151767775 495.4123964443898 580.4132364199414 513.5738211328452 521.2961521347075 481.0690058912039 592.6790083796842 460.35864692917045 589.1185652377768 454.6455274816258 
H: 937774 184.09334579235193 189.48265369439778 200.2904522771477 162.6710991092891 194.9727216093293 206.1465959748401 199.74474135001316 200.33330194716592 204.56861468093598 200.66939005947972 199.11175916292586 195.41605356842285 204.30868988643198 198.91934782514556 192.48320971358197 194.33964412143058 201.70094980092153 194.0476379177704 206.49440385166648 192.6196473952434 
S: 937774 184.09850195464261 189.48435963255307 200.2904522771477 162.6710991092891 194.9727216093293 206.1465959748401 199.74474135001316 200.33330194716592 204.56861468093598 200.66939005947972 199.11175916292586 195.41605356842285 204.30868988643198 198.91934782514556 192.48320971358197 194.33964412143058 201.70094980092153 194.0476379177704 206.49440385166648 192.6196473952434 
H: 413716 591.5993276561533 530.8161181193346 461.09901968168793 472.4817466190289 556.3608341983398 455.3845095148694 548.3297518885339 566.1212264522205 586.9159379913431 488.3084911725865 424.1399469025571 471.9904240301883 590.2470669109612 511.51733815787924 441.56698999495313 572.8082627478979 604.9606214758866 566.8983623921823 440.9158233730187 559.4234540008418 
S: 413716 591.64625012306 530.81463310741 459.46127258974946 472.54513219095656 556.3608341983398 455.39658769772905 548.343241241007 566.1258924728046 586.9159379913431 488.35417997473195 424.1998043792856 471.986994985843 590.2470669109612 511.51733815787924 441.61700916415697 572.8082627478979 604.9606214758866 566.8983623921823 440.9396478590295 559.417435514135 
H: 413716 211.03636532868646 200.51261583527835 195.01201711558664 197.54361215049764 199.2709303399386 193.19828864747205 210.30368816462314 193.26447123528862 198.89492755449533 195.6045650422132 179.91284906211703 197.15395105707054 206.4857057232508 204.59646847377581 188.7471075240452 193.5113509317436 203.40670508940224 192.8678590870229 184.34648331909014 198.3835880815004 
S: 413716 211.03636532868646 200.51261583527835 195.01201711558664 197.54361215049764 199.2709303399386 193.19828864747205 210.30368816462317 193.26447123528862 198.89492755449533 195.6045650422132 179.91762395445295 197.15395105707054 206.4857057232508 204.59646847377581 188.7471075240452 193.5113509317436 203.40670508940224 192.8678590870229 184.34648331909014 198.3835880815004 
H: 428631 516.2723136479187 484.4900088299105 478.54677128781503 418.0156535724814 404.78096724957527 589.8393471176556 550.9809058824796 542.4775995046231 601.254678722719 611.0685904576289 581.1711560639673 470.83931450688914 594.7468978048361 406.62378513154493 433.75270378061595 538.8949406890027 570.1480629519991 502.0165056135735 422.68358943089476 576.2943682369757 
S: 428631 516.2638286422623 484.4900088299105 478.5820632742203 418.1037101675392 415.12414719796766 589.8393471176556 550.9809058824796 542.4795426571274 601.254678722719 611.0685904576289 581.1711560639673 470.83931450688914 594.7468978048361 404.75359585768246 432.439831033129 538.8949406890027 570.1540312664114 502.0165056135735 423.11889170741125 576.3014573583922 
H: 428631 202.88432121389616 199.43249521277409 195.1803077743274 172.55465696527372 156.2170943133395 197.76743479881426 201.6864380949109 199.05663936768616 217.00440693414262 209.9993047324834 195.03277988224804 195.53482140848692 200.18678459174924 139.19239768005974 175.5967350241727 202.05332647739155 201.7324606542837 195.3214486670997 179.96816997711397 194.2892657446081 
S: 428631 202.88432121389616 199.43249521277409 195.1803077743274 172.55712893628427 156.22480812105513 197.76743479881426 201.6864380949109 199.05663936768616 217.00440693414262 209.9993047324834 195.03277988224804 195.53482140848692 200.18678459174924 139.19659802657662 175.5967350241727 202.05332647739155 201.7324606542837 195.3214486670997 179.96816997711397 194.2892657446081 
H: 153023 585.072889086282 612.3097404661299 544.3932245857258 555.7143057772482 605.9136282739762 425.8989141556609 602.0210196887507 390.43417001174384 589.9123071569585 440.2974432891781 480.6188158369614 524.020002509793 566.4401124232917 523.0203183148479 410.7799750293384 584.5217907482247 446.60763152675986 546.269934090449 416.7629978480157 580.9477231359972 
S: 153023 585.0953351967682 612.3097404661299 544.4130447721287 555.7143057772482 605.9136282739762 425.99101374565976 602.0210196887507 386.8822206237098 589.9123071569585 440.2974432891781 480.6188158369614 524.020002509793 566.4401124232917 523.0332691245579 410.7875292219883 584.5217907482247 446.6928289469499 546.2896955521143 416.7790810368319 580.9756878443678 
H: 153023 214.82321974388697 207.47390289572397 213.7870410646248 194.56691772811203 207.9530922264143 159.43464818123377 208.05332099416 132.6093067381375 196.69095393441592 187.41327438976538 199.4355740918333 199.2875800008491 201.26551602359535 208.96805113792308 165.54000340193932 204.214146229715 190.26258436524984 201.04382356135713 154.14008519601407 208.75100199780914 
S: 153023 214.82321974388697 207.47390289572397 213.7870410646248 194.56691772811203 207.9530922264143 159.48733870339822 208.05332099416 131.8824598167302 196.69095393441592 187.41327438976538 199.4355740918333 199.2875800008489 201.26551602359535 208.96805113792306 165.54000340193932 204.214146229715 190.26258436524984 201.04382356135713 154.14590377273714 208.75100199780914 
H: 162579 426.1629594959621 564.0996805901502 533.2248703616156 532.6403787705166 600.3304931996914 571.1585415246166 538.1524485824714 511.2162064938737 572.0807367303581 501.38387725856455 517.125646535614 516.9403995137285 572.9192242878719 484.32257504602245 577.7878511905179 432.2941783349971 516.963192140306 428.86585437833213 604.505231355905 593.694705444895 
S: 162579 420.14238828726116 564.0996805901502 533.2566054868271 532.6403787705166 600.3304931996914 571.1585415246166 538.1524485824714 511.2162064938737 572.0807367303581 501.38644943081124 517.136092740581 516.9465194516221 572.9192242878719 484.32257504602245 577.7878511905179 432.38421099323295 517.0095982789392 428.6737143526867 604.505231355905 593.694705444895 
H: 162579 160.86817332836756 190.35218161797226 202.60952469130453 190.45676753210662 204.8543208574324 197.34239254180272 201.41661832187143 193.76849576044603 194.13139567881862 204.29127456613577 202.43969660403386 191.21725239875403 216.6338017915421 203.2838497270681 196.61168879689828 170.54788419932183 194.84968732436167 175.31729765773923 203.9271597140592 200.1561725622392 
S: 162579 160.86817332836756 190.35218161797226 202.60952469130453 190.45676753210662 204.8543208574324 197.34239254180272 201.41661832187143 193.76849576044603 194.13139567881862 204.29127456613577 202.43969660403386 191.21725239875403 216.6338017915421 203.2838497270681 196.61168879689828 170.5495766373742 194.84968732436167 175.354763231718 203.9271597140592 200.1561725622392 
H: 569071 572.6741990472799 540.593640127298 518.7921153718913 574.0085452058734 599.8403608828337 461.92539123090097 487.0017567500406 553.5273396311321 602.4610853570534 566.1674101509798 571.1912505186652 383.91253180258536 416.5531623447835 449.93235042275813 593.1034192135528 600.5270933784167 544.9510871686542 585.8430821718676 443.1762591047126 583.4211649048731 
S: 569071 572.6741990472799 540.5919522025029 518.9036265540503 574.0085452058734 599.8403608828337 461.92539123090097 486.99680218744845 553.5273396311321 602.4610853570534 566.1674101509798 571.1912505186652 383.92499299897355 416.026173061982 450.5135275568559 593.1034192135528 600.5270933784167 544.9510871686542 585.8430821718676 435.28613448436033 583.4211649048731 
H: 569071 195.37836590521684 202.63723143084715 207.3543473620103 199.51380272419772 204.7493369825192 191.90538730039714 208.00653986875284 197.85046435489684 204.7538198566137 189.27916166677537 192.0805632257631 156.74724834160415 154.85950665018305 180.1059918875122 205.20933664009476 202.6938189379379 194.8006799228721 200.20902424256388 182.89023353178388 194.73921753695825 
S: 569071 195.37836590521684 202.63723143084715 207.3543473620103 199.51380272419772 204.7493369825192 191.90538730039714 208.00653986875284 197.85046435489684 204.7538198566137 189.27916166677537 192.0805632257631 156.74724834160415 154.97514677980234 180.10766673541178 205.20933664009476 202.6938189379379 194.8006799228721 200.20902424256388 182.89023353178388 194.73921753695825 
H: 139051 592.8561440271659 435.0608721491765 441.70050209579165 573.7950606442151 582.5854577390146 425.9042254666208 518.8592067921086 520.8019818416516 549.057954784001 567.18924632294 586.6682782257374 465.56533847201604 546.5499631949339 569.0012234957865 428.6233550204526 530.6642121768978 577.0695138256475 583.1770348863769 604.9886803680116 402.61872504924946 
S: 139051 592.860415091333 435.42753577675677 441.71297006472895 573.7974574830198 582.594201594771 425.9171295308766 518.8697821804659 520.8037600742779 549.057954784001 567.1933025456804 586.6682782257374 465.7129471723397 546.5540767353892 569.0012234957865 428.6233550204526 530.6650558043569 577.0695138256475 583.1770348863769 604.9886803680116 401.703217249294 
H: 139051 202.34205309475539 175.7545692642623 189.1586214398234 207.8536534791223 200.2639820625548 176.11978772975056 200.91099148256714 203.70746425633007 203.11814910647902 191.0511753379333 195.55609274191272 194.6870720523608 191.26153219283788 205.48825320086763 185.41442696754947 190.5978402079187 192.44176041564933 198.21544140290496 204.725864775739 133.2446280667243 
S: 139051 202.34205309475539 175.7545692642623 189.1586214398234 207.8536534791223 200.2639820625548 176.11978772975056 200.91099148256714 203.70746425633007 203.11814910647902 191.0511753379333 195.55609274191272 194.6870720523608 191.26153219283788 205.48825320086763 185.41442696754947 190.5978402079187 192.44176041564933 198.21544140290496 204.725864775739 133.1960276158164 
H: 213418 450.0052150086661 556.6601138915959 550.395067503843 571.6669963658296 555.8914843361162 480.3151716707002 492.61180081643005 480.18339918433867 509.69499506071327 576.1852433134873 450.98407731007865 520.8520239013533 465.98185056455765 598.0634818913951 479.265343275238 533.682340374983 501.4160196236036 441.1555428278427 569.5260213076782 443.2167584974755 
S: 213418 450.14363506109413 556.6601138915959 550.395067503843 571.6669963658296 555.8914843361162 480.54092638750564 492.60860223197085 480.18990377323587 509.69499506071327 576.1852433134873 450.95983196370406 520.8520239013533 466.0200514893137 598.0634818913951 480.01370303953354 533.688308723618 501.4233645805518 439.88772159371956 569.5605782262867 443.38397650125887 
H: 213418 190.84981820065525 201.35133365001084 197.73805591878195 200.17100471869009 205.18671073736513 202.70659801003026 197.99337087678845 197.11850738702367 190.7808366490513 193.07150511346114 190.03237166277023 199.57105206977286 195.98090252803672 203.90179568404108 196.76561541810366 198.47603007351978 199.7447135939098 184.04159401086048 202.53019450643478 189.64930856917232 
S: 213418 190.84981820065525 201.35133365001084 197.73805591878195 200.17100471869009 205.18671073736513 202.70984185843966 197.99337087678845 197.11850738702367 190.7808366490513 193.07150511346114 190.03237166277023 199.57105206977286 195.98090252803672 203.90179568404108 196.76561541810366 198.47603007351978 199.7447135939098 184.0849182300329 202.53019450643478 189.64930856917232 
H: 300110 565.0880090335942 505.43921277355906 500.64931208554265 554.8083972664933 493.75309043808 585.5463322256297 541.5825511411298 605.3223592021304 541.6155775928361 478.91470051469213 494.4276584313498 554.5720577671726 484.1227895329713 383.54738537677 478.918908416389 522.885154585833 491.5714294869044 582.5021555193899 548.1860402754087 525.0782635938878 
S: 300110 565.0910206294891 505.44183304227994 500.64931208554265 554.8083972664933 493.7556942561764 585.5463322256297 541.6980556533432 605.3223592021304 541.6155775928361 478.91470051469213 494.4330533101242 554.5720577671726 484.1227895329713 385.48389197529616 478.9481489786051 522.7401564537408 491.5714294869044 582.5021555193899 548.2446135502096 525.1208981053624 
H: 300110 201.5597000921789 187.76696549532585 187.65517834602906 186.82444712014626 204.67430735811965 195.54704821735118 204.39067023774052 202.66750723992126 192.72807376705302 198.08221558911137 203.13866539384213 198.79240764075334 186.0672171831672 136.17045655738698 202.50685073538483 202.3430460645258 206.0383671517446 199.3982291248362 202.04202401571342 197.33700515071243 
S: 300110 201.5597000921789 187.76696549532585 187.65517834602906 186.82444712014626 204.67430735811965 195.54704821735118 204.39067023774052 202.66750723992126 192.72807376705302 198.08221558911137 203.13866539384213 198.79240764075334 186.0672171831672 136.19059032165453 202.50685073538483 202.3430460645258 206.0383671517446 199.3982291248362 202.04202401571342 197.33700515071243 
H: 258011 605.9536819025567 518.6314600368692 570.3978848256316 530.6035775489457 522.6207913648881 610.3867872305835 450.89524413834744 525.506498428442 435.8685830422248 570.0185831454884 458.141648413692 576.4907509725867 594.566306582905 505.42869928759075 481.0865359855323 573.1911131750392 565.4482995981891 583.2889742782036 486.36884493848765 576.202125462309 
S: 258011 605.9536819025567 518.6314600368692 570.4011939089822 530.627140075301 522.6207913648881 610.3867872305835 451.6672169738779 525.506498428442 435.88167508617113 570.0185831454884 457.4908320012694 576.4792477110071 594.5793213861689 505.7079041547527 481.40306411601017 573.1911131750392 565.4482995981891 583.2889742782036 486.3701325172403 576.202125462309 
H: 258011 204.03216157202613 196.11050101456107 208.84489681260916 190.11879103410698 187.15097863396122 204.52680684329164 188.54342449292272 195.18011619935444 187.4321219887553 206.61943026500126 191.9421903702885 204.68118208876007 205.46200081649405 213.90922965134877 201.3500851572979 194.71972864106334 188.61250202574368 202.98812626608526 200.72147336294003 195.73614583265223 
S: 258011 204.03216157202613 196.11050101456107 208.84489681260916 190.11879103410698 187.15097863396122 204.52680684329164 188.54342449292272 195.18011619935444 187.4321219887553 206.61943026500126 191.9421903702885 204.68118208876007 205.46200081649405 213.90922965134877 201.3500851572979 194.71972864106334 188.61250202574368 202.98812626608526 200.72147336294003 195.73614583265223 
H: 559880 594.3856943533443 587.7421701176778 580.3705573242834 422.5143618034291 567.7279389952129 400.3798492570832 507.3471085454864 557.2664237231173 443.3861397285373 469.35971719410117 459.9595533204046 420.9765252024868 539.9908703296114 569.1894908753898 543.3451662678914 492.91364817530905 550.2496544405019 447.92232832478055 473.3193869844851 492.0492793782592 
S: 559880 594.3856943533443 587.7421701176778 580.3705573242834 422.808679525527 567.7339659075789 400.516521197641 507.3471085454864 557.2664237231173 443.50714764483774 469.5180940930175 460.0559875424099 420.77692993883613 539.9908703296114 569.1894908753898 543.3451662678914 492.9082373648029 550.2496544405019 447.92907837892847 473.40462635004343 492.0492793782592 
H: 559880 207.36976442628443 196.1635941104611 201.38592549435813 164.82453216351595 204.95906036728005 156.19922832171522 201.2212475349386 208.63490158014076 183.80265936023716 186.692834015341 190.9844146832108 170.82805407906258 208.06361474310222 198.1362306157621 195.85283428426695 201.09123423311982 198.28625262302702 187.93384776008247 194.7603895806802 190.77673737335468 
S: 559880 207.36976442628443 196.1635941104611 201.38592549435813 164.83620201498195 204.95906036728005 156.21018715736648 201.2212475349386 208.63490158014076 183.80265936023716 186.692834015341 190.9844146832108 170.82805407906258 208.06361474310222 198.1362306157621 195.85283428426695 201.09123423311982 198.28625262302702 187.93384776008247 194.7603895806802 190.77673737335468 
H: 436094 427.3316314532055 514.2753138948373 484.6578219876567 597.011611178827 584.434296634788 491.671625679205 570.9383549281256 601.2785370618813 568.3513367907228 582.9581566851202 598.3621765215565 495.87563256276763 475.87536126865314 571.5281410203002 556.7735381653825 572.5855366911749 519.6327784741225 456.0012999847677 573.9904148065262 423.2770183196184 
S: 436094 422.8693301514031 514.2753138948373 484.6578219876567 597.0171884211668 584.434296634788 491.6693207331711 570.9383549281256 601.2785370618813 568.3513367907228 582.9581566851202 598.3621765215565 495.9663253890443 475.88728692392016 571.5281410203002 556.7735381653825 572.5855366911749 519.6327784741225 455.98954133822076 573.9904148065262 423.3007631865876 
H: 436094 157.8626174213623 190.6063358033209 202.10737626805445 203.5407785272681 198.9661650552726 188.679748758015 193.46727657288193 205.95137751555808 200.86358321908656 197.89058865668457 200.93392628610707 201.93786113535734 197.71160819114704 194.32360320852578 201.11686108640606 194.33778069356822 196.76317379162523 196.4937386261632 196.26403451357976 184.24485098327898 
S: 436094 157.8783826939086 190.6063358033209 202.10737626805445 203.5407785272681 198.9661650552726 188.679748758015 193.46727657288193 205.95137751555808 200.86358321908656 197.89058865668457 200.93392628610707 201.93786113535734 197.71160819114704 194.32360320852578 201.11686108640606 194.33778069356822 196.76317379162523 196.4937386261632 196.26403451357976 184.24485098327898 
H: 36933 69.35181075925222 67.68671410704914 50.28240797195882 43.8029057277393 58.98478811341385 52.90669581727278 54.111732676579116 66.5335890455967 65.15316964878589 58.38769191840309 69.76302110696192 55.189411050030856 57.28788453715084 52.268326449334246 65.15468992327199 58.877058088057844 46.69497019739898 60.020934439054635 77.18095356994645 62.4075502318541 
S: 36933 65.13480593574656 64.60819464611566 48.77633921354807 44.44860520288541 57.941615857085914 46.9633444586496 51.81657137426734 67.90133569929763 62.31369183632559 58.18600448075119 66.0819974384021 56.193856143062916 62.10270208799578 49.70671125116382 63.6649710479004 58.68117363283347 48.997821276326256 58.43143017630498 81.39503565992426 63.28092530094773 
H: 36933 43.9920332051283 58.243439943155856 36.10635415492951 35.766572506120795 37.526193984468925 69.21643465997276 66.09353959398294 38.00193670668627 54.30840092021072 47.999277963851306 57.084332281319305 39.45776068882875 78.41585610198908 41.222152906402656 57.16480121117344 38.937238718431274 45.2360063663895 44.8250154633919 43.941941335706 42.35826803376286 
S: 36933 43.79702747827311 44.68677959672808 35.857268909090415 35.53350488872967 34.50631225061377 61.76985468130543 54.365158267277835 38.05824262283274 45.4018146097265 47.81676602516258 64.56073464403897 39.3289773720515 38.055416113811965 40.32805281291417 48.01414950774068 53.424585710712954 44.68349803140731 46.270236921649776 61.13301961700328 40.42415885689453 
H: 145475 52.00425303330687 52.604470479187675 53.82507261799918 46.60258793745697 63.32102675325182 54.2328617060634 55.762763938506644 61.21517317415398 48.26751429880205 58.89608933889084 65.05696799724124 63.4920460979387 55.98965821261647 61.95372101484591 60.46776019734612 44.30671555596873 49.185544499014185 52.237873248762625 60.28585041758346 40.27422607888446 
S: 145475 51.85506591446547 52.96711296323402 53.78016877401427 46.05695618895202 62.964814438623215 49.981458626640624 55.47314540379282 58.62516287217027 48.517011671525204 57.076230319249696 67.9572801739885 63.403078433364975 54.88484206608285 58.449869064134774 59.51896022901127 43.835368572066216 49.756166339518295 53.062721733264326 60.28499692658283 41.675617344833235 
H: 145475 71.5145166669672 62.72183578983563 41.95692342687482 66.28389510927373 57.3694832652882 38.191295211238916 52.48509220388065 71.93741370331131 44.083296407778626 39.81485587065105 43.53814931728686 50.51979987857547 42.22255793988781 48.995671014999886 47.41371167822759 29.181541165773062 49.75257007689687 47.17060276102349 67.46059128807745 29.090718216676144 
S: 145475 43.620027089389765 62.61820533112326 47.923249720897225 45.56150962313129 57.50289302468249 39.54949268140385 50.11906370093822 69.89765824939852 43.52639261371147 37.833150391174016 68.87524733930732 50.51979987857547 42.23141842535416 47.34225280648964 46.359761305467906 29.20159506588324 49.044581720296556 48.49575612038859 67.10315838401475 29.709196905479732 
H: 186445 66.88098302667372 53.42844626043107 65.57186078306432 60.48205531366753 58.60374855224288 66.26242396543603 64.15720866154042 64.74518543968746 53.00122235118026 53.55366720764695 53.08884072012421 56.37673096345872 53.385243787082246 54.34409681981851 50.42352006194002 56.07301410830761 51.998936637458115 41.81169977625025 49.47626469862861 53.67643500761422 
S: 186445 69.53189561019406 53.831068129577936 63.95011365602162 59.146799928840544 60.79300528780652 68.61660535567836 58.00024075345249 64.98740382294835 54.41292329567113 52.35223981027798 50.78778957425577 56.572404039398094 55.68488672325329 52.26989812845636 48.56063915645041 55.009356127637524 50.818008277946134 42.63504006498586 47.07105348801474 51.527036855967445 
H: 186445 73.1838621993053 39.05462893627674 39.718846599502626 40.63488303109007 41.54177515066564 38.898009306960276 51.86542157625537 85.79146486780132 38.742296243412355 48.092105747485455 80.95359025626132 51.074144127855305 44.84443480679707 44.17563401588501 43.68319263043933 40.035717188959104 39.85692883055685 37.18387095495438 38.417627844212504 46.74048244216191 
S: 186445 45.02036496909068 37.08479020726272 38.81698927262399 37.784887981428305 40.428401282678465 42.850708987122125 46.48204296123809 74.1473634836622 38.6048529841278 48.092105747485455 38.4080894594408 46.37790772855571 39.70624933641837 39.004564238796036 41.60544022135595 40.035717188959104 54.806570637605695 33.186232175947175 38.417627844212504 48.56149235247219 
H: 107123 54.1764278168919 49.83175756388662 56.56414032739808 61.98953783993544 53.79227239634546 73.7478409209996 50.733735773261046 64.70888361181294 50.49605982822242 53.58897381924933 47.38449310301657 55.99234966889342 59.67777380854772 62.4251376385265 60.17727039615244 52.86598382234608 64.4570682089342 67.92182598771312 57.82807587557269 62.51898640565326 
S: 107123 53.921352640832175 48.508580080087164 56.25075377237109 61.66158277093802 50.555046784725704 63.48560467324713 50.35396213599148 68.26267649621903 46.60468212154482 52.44297082561699 43.33383980745829 53.76181084108367 56.89567588007561 64.85270028944609 58.29200258478448 53.59487466812254 63.45967258957513 66.04245426278992 54.092187272995226 59.50774314373869 
H: 107123 50.191522795297566 41.18982009619009 46.68901288812318 47.497361936949936 34.112716923079525 42.32763183380464 41.35897374493514 48.96545386977046 36.37911659889274 32.98001738341885 32.67094338402025 39.75226447288392 61.049626277685064 46.86027896048074 37.75665958930384 41.50915280648807 49.558624289457356 46.004647788772246 40.900103511222376 40.342558038495035 
S: 107123 50.09562956454935 37.90133511306989 46.669496435168746 63.97196499238097 34.51884075408311 42.36122965860663 35.917265336053696 47.92803141563656 36.09281589527748 31.779965293191683 32.66920826119843 39.472609971252666 59.69550176950175 46.789856163892 39.57961612586443 41.50915280648807 49.275378167387316 40.49675678741751 46.60606082979362 41.76322144697345 
H: 837768 65.99132044024219 69.84428970474909 61.022907693004655 47.78020206294106 50.408208626110095 53.70680695594489 50.211055601801455 64.40336615875515 50.170110211817196 59.794536353115134 54.79915460345042 60.896509701542584 56.0770951207829 63.380977833199466 62.88822454120967 63.953076518415976 58.223607214871414 63.640073025227544 64.28342030022759 65.7360336984447 
S: 837768 62.17292564937272 66.68932178726043 61.84562175191775 47.25919977184946 50.408208626110095 51.87694372824182 49.904487369736536 61.83330992609865 47.05451279217445 59.92876054928177 53.40512269346026 60.91369972779852 60.51021925290808 55.45309598322899 64.58043396433946 63.12835252967705 59.06653929846938 62.34877560132295 64.21029504333367 71.7302706468275 
H: 837768 43.372783472761334 45.68086297728268 63.03833030148494 39.934380828488536 57.28849991293211 43.104071857680225 38.20027135268792 55.56975374733885 39.02121746360824 46.15655753225431 42.01910371324595 39.910824472948 40.61860169917043 51.88097004808172 43.59103152109116 55.50134429452486 32.458994952844286 38.284327403796006 54.26574842461043 50.896759677259666 
S: 837768 39.52376802228134 43.13431558336022 59.57279707480091 38.83490418144465 54.310839701282816 43.13792981748903 36.50384585108532 42.901608523492115 36.57415491699199 56.05968086929093 40.916933447642414 39.68566181025246 48.909182643000804 54.24009560336939 52.36880379062401 46.358369160913924 31.756027147346824 37.64052943484711 42.02089617089477 52.40625516389849 
H: 197431 52.87814791777597 53.432464894657514 53.01044776242867 63.24297884165013 67.7069322605723 60.01435527767343 56.82332893583576 54.75003510148652 59.538152739291135 47.736094593120264 81.3492507109538 67.11961635671705 57.664865205583006 70.17467082132228 60.66447470154504 59.373405258727736 57.50192852478315 57.057419213351 42.18019855516019 51.39929071269305 
S: 197431 53.925924517114176 51.99711000733058 53.00874137763711 63.31466724964312 66.59125076623144 60.146419542833186 57.0121060750582 53.804050814591236 62.136858933848664 46.92070045214793 80.9245025820984 65.28884061278778 57.819765347558025 68.79464596566923 60.63244245391182 56.35732358172641 56.09759219452422 55.538411090089234 40.925359547108954 50.4817218921168 
H: 197431 52.81559801001298 39.97675176295525 44.229736628883735 75.26531232497375 55.49974878805984 38.451353263542956 37.217546452012236 45.3700374043405 38.583779189398825 36.413736789170294 79.2120181728873 39.10176202916775 48.76434993814676 56.463766941959996 61.071392925922424 43.745695871404855 41.24021684883924 70.95683342599887 34.297242609886894 43.23985257320651 
S: 197431 36.88288288722915 36.78854276693063 44.25965624058613 75.26531232497375 41.08373374136189 40.29343758280107 109.61522617166189 38.619057340061026 37.069852044702735 36.413736789170294 94.69684426048202 59.17615692751278 43.82973633809694 53.66306213753275 62.05538998000843 43.02840071645437 37.134384910299204 43.177407179507625 35.9528370948835 43.14481745613843 
H: 407165 40.13936147673035 66.37131841991567 54.722591086255484 58.873980166717246 54.17106202778273 53.89124538803589 53.435321970187786 63.05343245377297 51.75677236250105 43.41460459274163 56.94172862162432 46.46467464631038 50.412686083289344 64.58812978823586 60.29215261447703 67.77352482360568 48.77673359015135 48.43366796724032 66.6746444881043 61.71257874234772 
S: 407165 39.121829652465216 58.835588959902815 54.597292630253584 57.791927424430625 54.20924351072951 53.154334979950406 52.50669945681762 62.22382897129576 51.94804053805778 40.711840747478135 54.087501128179916 46.93266497903806 46.59929049252174 62.23443285066406 57.48501772110504 65.48098079549658 49.30444088992745 50.11853941755382 62.21964162204074 61.580954059655575 
H: 407165 30.120841164463044 45.634169697312906 39.2089822267118 53.90692982629141 55.452117309939766 37.90280325219555 49.98253738953114 49.21124656064625 48.7388837992433 38.67522657977072 56.69090763785961 38.21051535279225 35.66877559203053 39.62400817960461 42.121621273913185 45.65309504527955 41.96350420247904 42.27402938807525 41.174020116442485 44.59948564582241 
S: 407165 32.01795411159929 44.00061921245882 38.84297269738038 42.65610511311018 35.95920778710293 48.70904947114722 44.37354671462629 50.789855226858265 41.94060913292465 38.416911675214294 36.99107503153546 34.797669935663336 35.570063681333416 37.189149006969245 42.12162127391318 46.06021389121826 43.32968576179481 42.12384863381606 42.57216411614441 44.43726632911831 
H: 441734 43.5977917462247 52.0766844303073 70.14952217447397 59.6395734167522 46.12239133715351 51.05395532011547 45.14761459074493 54.1588667203095 53.668286458423694 62.627881509454824 54.553308959645825 66.12365292509472 61.514498001885215 70.04755746207282 51.59343484754111 57.963295783463316 57.8427432023358 48.38528205711779 46.88472291364199 56.181807469024044 
S: 441734 43.105283195752484 47.80539868813041 67.75333463348238 57.382632723702514 44.53303592933518 48.47038835179184 44.71704358091123 58.15848532980437 50.220675012715446 62.48929098945435 48.836926459248566 64.1698930167556 65.18708243466737 68.0758099048566 51.51748146236637 56.51206047740142 57.034163189770354 47.14615203378148 46.30849649393065 55.33000357869687 
H: 441734 35.65748328605064 35.9306271384559 44.44700468076408 49.252407053242706 37.48253761332138 41.20756911172931 33.2873974955325 44.591832238253424 42.57056007084124 57.516251479226746 44.77732393345517 35.260466543983966 43.79348139875932 52.19938006398539 31.31502404429378 40.44464177365403 46.66680151438771 32.452487359091215 35.40591512871247 42.00692600608976 
S: 441734 34.89193304116481 35.90849427098073 44.47331214474125 37.17286513380435 37.726770491613955 69.14394371748917 33.506444662547246 44.603951887435336 41.912874285825175 55.77924104139993 44.77732393345517 35.260466543983966 43.57296006630356 50.871028553452796 32.305329232716176 74.03836662028209 49.82087596133523 31.349001175729356 34.84988081581368 40.659512007073474 
H: 731090 62.99628408222361 56.753756168357555 54.61108257660393 64.07293161472481 76.53082896595818 76.36728392407768 45.580790808845954 61.298220157574086 59.537291359915685 60.62160779144151 55.073052305171075 50.98651724999151 60.05316642777817 53.97017830830504 69.4249284825358 62.46310492383451 57.15561235594397 67.29699896471689 36.66580490603437 50.24536390871346 
S: 731090 62.924264888056896 54.07008792604528 49.698897930081266 60.47857562580395 76.54336842845812 74.480270405588 47.003017871467534 61.084701276774126 59.221147682553045 56.64810058088119 54.14435332818952 50.53835758577232 57.43862155511331 51.054315770713586 69.34053351199401 60.95513936838989 58.930500419733484 66.09898024777375 36.8059818810025 46.40999512450754 
H: 731090 49.2262178904423 44.26996275309482 38.565916617271675 45.74390793317617 40.951800715370915 44.92111616344292 36.83436805735687 43.19198136613826 53.784867994731385 52.195207557538765 43.35155935721449 40.27837452735768 42.99124926101582 43.281050441967 87.62832570877273 56.754856359058586 62.39424515984666 92.9808753003678 32.56418415571581 33.15373901713992 
S: 731090 49.17488955990823 41.67680381848884 32.37633248179958 45.73998846930453 40.732114748626586 44.028977368840245 39.2388276284254 41.378053997243725 53.625194956681256 51.07380892563519 39.594373672208015 40.27837452735768 43.62784963900434 53.12913383122394 55.395453135993314 52.48298651829343 43.810905729044805 59.81712032488939 29.72266464954855 32.907267862364485 
H: 415298 59.36807857013748 38.732796622675856 63.05060304618777 57.230022269575116 51.09909442954458 44.44787129561667 50.26022773490845 54.346244793811664 59.50650077519289 51.95409772574937 50.09467560464493 52.08873446539378 61.16903746514358 43.4223762114397 50.504049362091635 59.44463030285951 52.125101944520864 59.30391544567267 57.840046227450706 48.512531681786804 
S: 415298 58.33493417142354 37.80286845009812 58.38442391277404 55.47107180138837 53.069532818754865 42.21605193816246 50.53887264020607 54.30050340352801 56.11879448755672 51.42256506761424 51.8719904528609 52.216600242508385 60.65151881311634 41.84518082572845 52.98133476823544 57.36540613976769 55.066853827817916 59.213055378114326 56.460490482841415 44.3675881267554 
H: 415298 48.990886707280644 44.302435601253784 41.5714745709745 34.8510145193949 39.291919394931234 33.383772514420286 34.58155880822262 37.740056012711996 38.80742436074889 38.87124028625091 51.1197672845355 56.09478240394182 43.16942217366656 35.93217324369403 41.433997639013704 48.93662532666896 42.458066420832346 43.03833467895576 42.92634094063605 33.473827652189435 
S: 415298 49.61769568715054 43.953441754134104 40.59370079331587 35.23256004126125 42.29120507578122 32.74445642825249 34.98486230869898 37.53454357289034 43.26280245255021 39.30764081401149 35.88183141388941 46.297611234879206 41.67277338587897 40.94890957307866 42.88075098017535 48.12488865427405 42.696879949424954 43.03833467895576 39.695454435675465 31.43848687121294 
H: 907981 73.64550894611203 48.30987289672136 55.92490132420172 55.18835560916571 60.716413757081405 70.4715122342266 56.92801595845106 66.1184421145358 50.91207309475274 46.437293706740334 64.50963128560997 46.493118246469514 52.09526658519852 46.9337268661637 46.63440618700578 70.13339205385421 52.458403098830935 60.52692180907929 65.90667402762776 60.23574452248781 
S: 907981 74.7981007835529 48.21555575340657 54.864699011726096 55.151617229953516 63.820302728058245 65.10216556865285 54.905760774343676 61.02146941878793 49.72250624103998 47.7471254544408 63.93813679955457 47.943734573112586 50.90379963258542 46.553747196218545 44.00747704788058 73.56970303488227 50.1918236471857 58.48156209177551 62.9135474430836 61.376698009751735 
H: 907981 41.94571061919154 43.03156971966188 45.87273083259467 134.58262400297352 53.00319142743836 42.04835244974407 38.83383054083764 35.64939340993206 39.28915690620744 33.94431820310582 51.17936722543591 45.86412201957723 43.180928705343824 35.41398937117606 36.64393120688239 46.36736124833345 52.086735421316604 40.69729253962153 41.76144777646494 43.43269548908447 
S: 907981 41.94839919953978 34.44037512050097 40.13972864322455 134.95586715485425 43.83432949616526 63.120997652194625 38.75884943992549 35.03544993553564 34.99544063354183 34.147622992191714 56.62774959865691 45.86412201957723 41.93185618707656 54.29991174839658 43.795111594437664 46.82067326722085 51.789590784787 42.09676941730756 41.87720616385472 43.43269548908447 
H: 337253 59.367704670806425 50.890099638017965 50.32953650623817 57.03512599710437 61.69964977838982 48.61442873521832 61.796966780561526 69.35377145189845 56.26352333714703 63.068608214634104 56.53591153512845 54.40164761648333 47.653973198282856 54.53481037888355 72.66880808339887 55.05864472080452 67.96427491138674 60.45367642281898 49.70948782095783 52.5008711976658 
S: 337253 59.367704670806425 48.650111972591745 50.3002023545785 56.85719280298807 62.883080697473005 45.7473602281797 62.0912535201886 63.80080747946093 54.832722586798994 61.820690061649806 53.89900933192154 56.835832613107456 46.12209580765771 52.24905548123531 66.03527734631453 49.984875038895254 65.86304122082896 60.29145649521746 49.86535267922139 52.85591892273239 
H: 337253 57.657412020037015 38.445166033206434 51.141181802569584 42.80806469332556 87.48124948002291 39.42481005363471 53.10632117697957 68.25182971502642 48.480788459019635 42.797607209481285 42.67764949565586 46.813857100355676 38.104766167453604 40.48959997203548 40.564530674319336 33.90460392013946 63.036046419159135 50.01470441255621 51.325139234875685 56.39092864094617 
S: 337253 50.47875370196406 38.24689157316168 41.07313211075203 41.180005930346766 88.68206214885122 38.93543733803084 52.64109146715389 52.81640066044334 48.23066445409226 44.013590597307996 46.456118387302645 46.813857100355676 38.69362023990885 40.48001844998865 40.352735021049575 33.7510092981814 63.47894203622656 36.87477387728269 49.57397573381295 37.49277197669131 
H: 533473 60.58502419165759 53.264029908799124 64.32888312910666 62.51521494300219 58.28119973258296 48.53992816858618 76.01450585386308 52.55848724468349 55.77133387717697 41.88748739081086 44.0051006908204 43.30852611557858 51.134014600847365 58.3380895848388 49.38116336896177 47.11907552660596 53.964366824836574 59.67576284910243 54.607638450355815 49.38591835023224 
S: 533473 56.135296299219185 47.92648622764301 64.67901286175157 62.02327196956157 59.48389979702267 47.634916659011964 73.97859159607977 51.22109256192463 54.900572286555835 41.29065124904019 44.53659676209624 44.01452361074191 50.287801854547745 59.240675219319755 50.737790271678335 46.468183148533896 53.856342065194994 59.760941187986056 52.46952875451332 50.13704845927694 
H: 533473 50.25085135180388 42.87293444321158 41.91194676328006 45.657564607761394 42.40916067232805 40.3726523778592 72.67870340899597 41.67601122317548 45.50585385894828 37.62744394120217 33.0347143777438 44.54845121626668 41.63913393572586 47.268853344513275 40.56681739348288 39.02874454528179 41.529096682879086 49.8651711314312 43.42828261910272 37.55652701059954 
S: 533473 47.08578603325849 42.87293444321158 41.91194676328006 45.657564607761394 49.80921208989983 40.41957847837926 48.78767147375915 41.29078293440753 44.650694464286715 37.283274157497914 32.23091982467875 44.43517115674453 45.17156073284961 47.17173926011323 47.08388839114152 39.98671962029858 40.538723364428826 41.731960108748936 40.608825485779654 37.447318389664126 
H: 320109 61.616866186601044 56.57729550608028 52.287886381121545 56.10467630759853 36.84396596786717 40.45191949343578 50.60158468987623 52.18459984208255 58.09528589874051 55.129330817399754 53.750415016056174 52.8806722649039 43.39730640933247 42.7917888493386 67.90003848953593 62.15051620281609 59.32535722982831 43.03831688211742 40.716849618587034 53.73852112008966 
S: 320109 56.29564195703335 54.23589205626607 52.262595733629034 55.7525028785327 36.59304237932278 37.954226465666416 48.26343205689585 51.875197128751076 56.90621494174452 49.24351806822127 57.410540383000274 52.46750254549867 41.64317918016809 43.068402705722875 65.98013848115497 63.9009797395635 56.57699785558528 42.07844989486683 39.27873581288558 54.45670855415499 
H: 320109 45.41973125491006 36.83493223373188 59.66643677200578 43.61716320297361 30.825677939943517 37.13646637514112 55.52667155712622 46.21643011245538 45.757537041476894 37.775706172460865 40.5284791555506 59.12961364565304 46.51693133843757 36.6116255904173 41.03394846910167 45.412734700979954 48.62544226340018 34.97966077985463 39.54906868869789 39.40199187075748 
S: 320109 39.66683078038519 36.401702307556384 36.95958953687372 42.70323951133136 30.997352693814875 37.895743030928585 55.06743509085888 43.79790187332289 44.988373234376624 37.50758404363058 50.642316835805374 42.15668956945408 47.766559081544656 35.59190897510543 40.944407106962984 42.816905497650126 48.596499526302466 36.524766665406986 33.44648107653279 44.40390309214669 
H: 790969 61.13711853030291 53.45103490765545 81.52562456241915 65.94424990469014 53.022977622805065 49.17262415426559 57.08927150060142 45.01269925116622 57.08923476842833 44.76674989162068 61.70415445337275 59.0648906317887 51.94062319849166 52.800446386442694 54.46554597537074 50.10587503628464 71.55409862445214 62.72755597901915 51.57106341924884 60.26308999539749 
S: 790969 57.88116973251452 51.2982857657019 78.25590815498605 64.41866116863186 50.733267563005285 48.851126152661884 53.79779626990396 41.79793533458037 54.776024587036844 42.18926458007512 67.0506445802447 57.30665716750721 51.818119191752714 51.96021985200482 51.17795288743606 49.45758494365847 71.9884129920096 67.41829277546873 45.43945978819528 58.06504521062549 
H: 790969 37.72385910969091 44.5731602887952 60.616334380650166 40.98800216885376 35.93757775924648 37.20738130456509 62.70779223509858 35.58612970730773 50.51079013915178 33.453715452460756 58.54593332568218 39.79184949953138 43.868118011750006 40.06564247304075 42.70514242777727 33.2074790499038 43.21700695978158 38.16910906347789 39.25632291593881 53.4547154679009 
S: 790969 59.57952382763038 44.27979344150637 61.36268915847239 66.78817715280272 34.13869616438219 35.56134328664475 47.75844538543062 34.65763146526633 44.935753579942805 32.29534270638214 41.65402209389129 39.79184949953138 43.868118011750006 38.089916481637516 41.94002012551207 33.15936253391914 43.47076072580258 40.305720509348305 38.24359783615935 46.60845975866645 
H: 146336 58.48075495519924 59.50173213143223 50.75061194892596 62.96649934686885 51.14641537891563 56.22594856877758 60.00027329748829 51.506519590659856 67.28874430079027 68.42316372134368 70.66465384989557 55.508290718562336 58.68721580799888 59.02999035767859 63.54711162919739 56.96018341354087 67.59666674914448 51.117132581552674 53.40399880126569 67.76680446142971 
S: 146336 56.21667628039489 56.44966533036999 48.95181262766688 63.77595754560838 49.17582303151023 53.11175194611011 61.64139403980745 53.55789751637828 67.35672256855507 60.74220976657504 73.44725633711744 53.54951077314386 58.725142563089186 58.39207093981966 58.47282785158505 53.90290959216038 65.50987983360268 48.489220568649465 51.612109224951794 63.768669617802445 
H: 146336 50.48700692626847 47.21863970185093 39.140053731969246 54.38990089695132 31.546007594192726 47.38541119967349 43.08204115545556 44.46793800571862 57.42893913490688 61.14891076448738 49.70759591375134 44.22932698075238 45.62700405943155 36.6881747461791 47.15037218363496 50.60307069351187 37.40698582246932 34.801899862960425 40.436059887348534 45.90163642920213 
S: 146336 48.95346597276382 42.78487006799543 44.20968198335722 60.41967757534637 31.54671919124778 46.62440646267164 49.86457940339565 45.83528626861419 44.05154872417495 43.63426754467481 49.80268855156051 45.48199936269444 44.82187355734548 36.710282104649366 47.11426217304271 50.611341668126094 38.20399206720215 33.067415874993024 46.317291739322314 53.49120170860366 
H: 488873 62.42069625788358 68.6192568762008 67.21452167789398 54.216393670065514 58.79807414487899 57.4026738547912 51.03950202259062 41.805733308368616 61.446043821779504 65.49384898297488 54.76273872263939 59.65788737762328 51.645390941575414 60.077136451045 67.28359799142086 56.00220967924709 50.13435702253034 63.992444834199894 67.25156638598581 65.44974807874347 
S: 488873 64.42579406226066 67.66800513037873 62.367645155477234 56.41167271142951 58.576138883472595 53.66024711146625 48.739214326758265 39.006428483834604 60.23730817442619 68.00027501669676 53.98713767857946 56.70326169064181 52.484997899621945 59.560911801067824 63.47744875144382 57.364685131101496 49.088606852609836 64.12973627715061 64.70977027061022 64.71968156325381 
H: 488873 52.24170832492437 49.55785053645515 56.83332112454466 47.10952323841206 50.36930108886363 44.591316748505946 36.67272300448681 36.87175959300473 47.043634102609495 50.70487921901428 50.34103568833089 41.856084597912876 38.12416601757394 49.257016331915246 41.13548858255295 40.988784186300386 40.101016095479956 48.20705530684878 46.780757666280934 46.33845606850331 
S: 488873 52.0823911270103 39.11710262809724 41.99815239399553 45.92853142491831 41.728446862956716 45.095165928238075 37.57041412631166 36.87175959300473 38.060644197805686 48.78098108377526 47.52137280035317 40.73125002487953 35.159234255585154 48.215076931665116 40.57993022709143 39.54958870073876 38.314594795525956 48.34021793886974 49.07341994293567 46.299474815894996 
H: 627366 53.673031511608954 57.03930022491261 53.21851931219988 57.3104551425724 48.141676008300045 44.9572494927743 55.027093612312385 64.08993164609599 59.72853287302507 53.6618818182563 37.5165235709105 65.07911651941211 52.12258806266496 64.15433657372954 66.11345014515855 56.72015271083419 41.8276076041351 59.02717070923809 75.17878754996013 51.47016685135536 
S: 627366 54.519990988973156 56.682923703204764 54.938505066459065 56.50210573657468 48.030129929540195 44.114048139641305 49.43242976603467 58.06543274582926 59.80001839415595 55.129762507798446 37.28351193320343 66.46131129032803 50.23026502457492 64.19267901859692 63.225438989347225 55.289405436000685 42.49013323594672 58.35543424959429 70.14448925698707 51.48459197408217 
H: 627366 53.96066936825671 51.1326266388679 56.46078956343238 42.980612877575574 36.04979726844808 58.162141576147455 60.98022968417689 59.436067316261976 43.227329926126075 39.42505206238356 34.53910390199424 52.51924953930855 37.82966872831963 87.82754093497131 44.27055731627427 46.20103283691789 31.54167858191737 39.79521169563572 57.943955898211875 43.163401323187436 
S: 627366 47.64270044480274 51.11087027685065 56.4455526772151 50.52507752598702 37.4825549806506 55.586881828701536 42.6008605074501 50.327719589461054 42.893888261698805 36.3332922302104 35.93690619917103 52.51924953930855 39.08157181584868 51.66961752248393 52.98481591228654 39.1619955530136 31.521028388553734 39.83344083587197 56.64188177560902 43.105512156253795 
H: 590032 66.44731112142085 51.45602496640998 53.97091780176643 58.76080931555212 51.8675641639888 51.1568602143812 56.78360643315585 46.34240211906744 59.26964475384242 42.89943249466005 68.30735150104539 65.99125235199155 53.89506565109064 58.5452889344487 49.853110429054155 53.67724813471824 61.826159607022056 54.95921057018784 60.1110904157672 45.80085434936054 
S: 590032 62.21790422029967 50.88229747377187 52.26863362424723 58.26849582928352 49.550548407127174 49.64401340590228 57.56734733009482 46.34240211906744 57.95128662393583 43.59019504684982 68.67366067993981 64.75516206372707 47.49836990378044 55.30211443978065 50.23054721138085 52.82693955100128 60.8486898260229 54.8322351404658 55.734159518117416 45.701894005982645 
H: 590032 61.55152877991647 49.840674561606825 41.54696637897308 38.422636093990015 41.00295302781954 37.98678373572993 48.68963817581686 49.97912027336975 60.11937595693863 50.59911420984129 51.27408675207536 47.41245495262031 34.86230046702285 74.37100477785248 36.09661323562722 39.98829255663356 44.165953908608216 42.635980212755 57.858761251515205 32.81847475251318 
S: 590032 60.82955067883465 37.82506078182985 41.78542013836728 39.97396808023069 38.463768961798316 37.41168466834372 41.163024241228236 56.89266752148647 49.27758933471618 39.29080464822361 50.30094897250835 52.90831095972958 34.58680119172033 43.512881581710076 39.396810193539714 39.884856376103045 41.3981776425573 38.772606715907386 54.160029666795666 32.81847475251318 
H: 500488 52.721042379572694 62.16819407329224 57.568862051785885 54.04985933657217 55.25605079794659 57.740003757652175 46.365460293567736 63.11172406587475 62.79637028427701 63.82422749548647 56.204673216217806 56.546698079305266 57.90324819651861 46.80567843929235 62.80525359371902 65.53906930626525 54.63665484389718 48.06980040219051 48.86295172948973 55.09528913194587 
S: 500488 51.83516961024302 65.16105105856504 57.29464747205079 54.2520816891888 52.723219796800855 54.832596741502044 44.53795056831891 61.5886277740841 57.81250019812591 68.52342626397251 54.96922383842058 56.268722231348214 56.7282838174047 45.96770284122899 60.68183962659607 64.28128082715939 52.54601233544716 49.88741458446536 46.36975849343246 58.84725879121736 
H: 500488 38.62071776566876 43.92682629621549 47.90805281935019 41.56233175015057 37.986913374876025 44.58244474600473 45.6486453247351 58.31091394384339 37.121531015259144 40.40932786466757 40.58262673467452 48.580229204284755 47.3272520058319 41.039534094171074 38.36156691018075 54.2984750783736 31.39806540152156 34.99974618282437 42.918119412714624 55.521454107714696 
S: 500488 42.56288468100241 52.672394008011715 47.90805281935019 62.99415558926394 44.06117111248328 43.53250943156748 32.935328681906775 47.50755632396249 39.26373547284026 38.18824375318773 40.295025469975506 47.58961069791569 46.94611194688065 40.54702456455918 46.94380424899912 52.87926292868487 32.48973124252028 35.592523709237504 39.44793697604412 37.602829156324326 
H: 311994 65.21083713274658 61.51591383802361 59.507257623242154 56.34271848066356 54.33119223566458 44.83465853508396 55.499592321313266 59.18524166233863 45.55607129574467 60.78168797489496 56.03758732126441 51.15782101689209 45.69677883965282 60.03368780646829 54.09313049577755 64.44060264944169 48.389104138246154 53.3473965337013 52.06290326006365 56.37502822301476 
S: 311994 60.54148411488146 61.64711694041389 60.07454150686925 56.36880364633672 51.87628640958318 44.6733683803658 54.27906973597868 61.409969532475245 42.84107504439307 60.13304515682592 56.08059657593014 47.63329371817076 45.68948572538748 57.694208574218095 52.6741950660696 61.3499194564891 49.375202898165234 50.75778903822219 53.65220634441708 53.552624805532076 
H: 311994 51.10774203650669 44.94886730654914 38.79516031268588 47.24403317511611 60.59061178459267 31.967682210370356 54.63245564087509 85.03917851880769 41.324724060242076 57.446962133268514 56.85677745056195 48.74760569139251 47.42816933683523 44.46452800084619 46.13682560300235 54.75990094083731 39.42443500417633 49.034584241920435 64.5773859348125 38.62401578758209 
S: 311994 51.127705053650374 43.99347293004273 37.29709022936217 40.45334458928884 36.77541929733726 30.53660585495618 54.128892691060145 46.26273227448038 34.59399123688199 58.52518126815667 56.02289139828306 44.02539940304 47.577359965556695 51.94680286269443 45.73533333595129 54.75990094083731 38.19968407353737 63.50525673339277 64.42810930066469 37.99370993321959 
H: 496934 52.29944451727741 42.19162597173926 55.326585993376426 47.592158461549374 47.08797601103579 56.5387472325042 51.3034975020529 52.37279300328408 48.14057081603413 53.84882459397567 60.22092539369354 55.88263444200248 56.920649646312974 55.29906677784913 47.80786163815853 59.19924032705354 56.68205544286958 60.98472348664294 62.76475916094731 60.79888320550596 
S: 496934 52.29944451727741 42.293177622286045 53.894349939454806 46.67147834081018 47.0630191837204 55.110747390726516 51.28915325377255 49.49416742718061 47.22260124336156 55.29591570151185 57.670550744181284 53.63298043208039 56.74542438355758 53.20949985209918 47.12465548472579 58.604167041556686 56.38501623872873 57.228164644761556 60.50470175067472 66.10371093067027 
H: 496934 44.78523933284534 36.20437810786745 38.59236642080374 47.12330978119236 51.18329523874626 46.2825330658289 49.15886912576448 48.37784556909319 41.21497937235993 43.373267499184394 65.90448365334203 42.054823012137945 50.9424726725211 47.658238952831326 42.938247650223964 44.03044160247998 52.860330229859606 61.99239410784623 42.84453342906986 48.79242772352266 
S: 496934 44.817000742938646 36.112103566962894 38.536620105528364 37.94779926808626 43.3579840355955 41.257648594792435 48.06476633730202 39.26378751848381 48.587003812562685 42.03254460112105 67.302708753626 42.68927436822391 50.56149845613585 40.961196522155 45.024634922732126 44.19785988828992 43.428532322748616 45.67242771827552 42.84453342906986 43.980898153202595 
H: 332552 65.02253069521153 43.19297647416707 54.508191359549215 54.1248367159485 44.82001492078807 62.88492150396651 55.31879963755264 55.417424765001584 57.128060255011114 71.19956658561226 54.0902368703055 46.67038515082238 61.48001361060945 49.843529507798216 59.45332961173631 61.03689707635384 41.06877406345363 49.31262182265661 71.97650564289076 59.203475629332786 
S: 332552 65.84913527981116 43.19297647416707 52.80942480218589 58.329222734605295 40.375262975771356 64.60395995230961 54.05295347614258 57.17880328976168 57.179709962170975 71.99614389836246 55.363142566893245 46.72411746067479 62.80321416440193 49.35362831774477 58.09818426174845 59.086856301749435 40.662053771865544 49.316733478067256 68.29011181402379 58.39903826652295 
H: 332552 65.42473648911428 39.793312247406746 46.627723028134874 39.78841364302664 35.35008973303675 52.66399313091248 44.309819903922836 43.53110462184396 34.44638209197941 48.73672971707542 47.04319766268082 36.180118175341256 60.334805606544755 36.43498009668847 59.359291835046314 65.30617276572711 37.09999232209642 38.74369304435453 46.28160854245048 43.40075247778262 
S: 332552 43.74347398229641 38.687897331286834 46.26671821289965 39.72256358106406 35.35008973303675 51.236442401464096 44.309819903922836 43.53110462184396 34.44638209197941 54.343565123797426 47.04319766268082 36.7875740475007 50.230042050986064 36.43498009668847 59.359291835046314 56.66400980974581 35.56290313804744 38.73538339243635 46.281608542450485 43.301577122138106 
H: 991333 54.35351371987205 61.65596260910812 69.17498323601511 52.37973851792135 58.74480749892301 56.926962700110245 56.687423568357794 50.69111092131003 48.17912001519385 57.4290921147312 42.409241346269205 58.169623015060424 43.58948277047499 64.54801343664197 60.11667638100445 41.75833218780077 46.116894941386256 66.05857697799708 54.80903088666255 44.06821102055823 
S: 991333 53.341817495260194 58.95588359372035 67.42090524398839 54.33940809681944 60.89091463582197 56.016742421720885 55.33880857509163 50.64318065199015 48.192465469623954 57.4290921147312 41.634688488187514 55.43194920942358 42.29931058960376 64.06128662792577 61.79363902133955 41.753801122728774 43.975939548842355 63.79103325110743 52.28801150401898 44.73477498670334 
H: 991333 58.08701637042569 36.992331581695545 51.611726463488665 36.57943704874229 71.80751773006344 48.07051730414473 40.66017458426407 46.77558797494083 38.90882787069528 43.410669761590626 37.74910579779302 46.57739775827141 29.87525693065482 57.30955817612456 54.628816882449584 36.93490733064273 35.23172445630479 39.225353812589226 32.15358825870856 34.502161685977 
S: 991333 40.84199350216654 37.11682092456457 44.139287724116606 34.436248902302374 71.39279316239401 49.75335718015652 40.66017458426407 44.27555176490265 43.33573829169949 50.356734973316776 38.13288613521644 46.45761569524216 29.87525693065482 40.97967099137924 55.71975418819439 35.25451983285432 35.40182854786674 50.05084723295217 32.24296924074246 34.35385633252468 
H: 275965 53.29129130373406 52.29289526438023 56.45043669282464 55.59106190470461 61.08389302270074 59.48210687543979 49.775081651102276 50.773137888613554 51.95841111764182 57.838435129549765 58.252436706386995 66.30649487799334 52.77896387692462 58.56263464982019 69.14903933517355 66.43165471505104 57.99273008199093 51.82957109312965 59.25393205688552 47.89930523698952 
S: 275965 51.69364733822619 51.23142475716328 54.09906167051734 53.821513008372435 58.74864739863194 58.00668476077676 51.749034738708005 51.27224307966748 51.31384224534746 57.504066021921396 58.40631204522156 64.44932237697358 52.61673565210371 57.98065736022076 66.45352431742737 64.99902082302746 53.566213550270945 55.11382554478584 58.557861303401666 46.637975869300966 
H: 275965 43.05193225095975 47.07789989348357 44.13525288324131 34.72540243399973 53.96474957169952 41.96317257447031 43.56757551151249 31.461081762492313 47.50321851723106 42.955445629755694 49.95080865823372 80.98596901568982 45.253037751511464 38.163443039441006 64.60973551969009 71.12781175442947 39.496384229887234 44.0711400284286 49.69721027974202 46.687306214319975 
S: 275965 42.4925573773285 40.55547513206193 43.413626889790464 33.490815925142634 53.71026350146899 42.01055095903269 42.88525766370546 38.58430669767974 47.45609445709688 42.5321620247362 49.89396260693631 66.06394474886524 44.42671986341951 40.053200186579204 46.180708877682704 44.67416400262777 43.24720879421874 39.11086933264056 38.49044259057994 42.20855030970415 
H: 104379 45.53708673960674 58.523842632708494 51.39667680429703 51.38754125366205 54.93746815778598 55.04094806215071 62.16409637415633 55.98567668829778 45.00815557389461 40.18201640316916 61.179326756247434 49.71247202500229 54.952438253243926 67.21507566510513 46.3743461858675 46.644751487087966 48.13472802121095 56.73005309385107 64.11441864271079 51.44058604299388 
S: 104379 44.7719576050841 56.723933918433055 53.214887109233736 51.57346851293496 53.80611149944463 49.977237575215206 57.76946630551076 55.41884395748526 43.66138046858735 38.939016392711025 58.699795009272954 49.08022972436236 54.022483726258976 66.7020281113638 44.708899321229296 46.32959437274314 46.864760402497446 55.63753798820091 64.56342291762415 50.753606839176015 
H: 104379 35.87825904553221 40.625443299659224 85.12275146273944 46.31350136298877 45.35049273264722 41.60038456406986 43.268041298359634 51.83563028176806 31.16995626885863 33.793746546134855 62.07607970666407 56.612322622131856 40.07203634453597 46.96405186768527 38.61596578063082 35.91378084452189 38.52605601033623 41.1976452280585 63.55572705340217 39.46404697687724 
S: 104379 35.14539432685216 40.38878600433953 51.99060435747185 56.34179093645531 44.66495827041211 41.51028093185478 42.233880344931514 51.83245335970643 31.16995626885863 33.57119639832916 48.755529835464095 56.652444482061966 40.04991890837907 46.72157785337978 52.76675116337164 35.91378084452189 40.77354037972476 40.34100105762382 45.30662777559361 38.89171493175453 
H: 172898 61.9479514504564 61.99022963214004 62.63524902172464 59.447867536967635 42.997958941929454 61.90482640322146 71.76396096386132 63.21295399978235 62.147663373216076 56.01146109512263 63.6979839668333 57.25294399144195 42.71025119754573 48.607155789192234 52.18260644079744 50.3881060506308 52.32419988838927 54.84987743678023 50.635119252285264 45.81247211996903 
S: 172898 53.29722570116985 58.44293937797191 56.062333989965225 60.22160996709895 42.74007124433906 56.34417420233803 71.84775796127529 63.006626257928296 59.66400619964183 56.056769613573664 58.85959144277054 55.85407748850409 41.57074253676124 50.505707675851106 52.42262078314222 50.572918771467755 52.223119421165904 54.43112045384491 48.85800905746037 44.85093231898477 
H: 172898 42.24855827680414 50.829121376321766 47.167901560603624 40.10901323628196 37.76701504038123 37.91352791507218 58.39008218169698 60.693804036427856 75.68795477893063 36.536376691691956 40.8439329065752 66.01203566641367 32.992390336241314 47.84098277167369 34.32277770196383 45.93562638724715 39.2480209474143 63.69456996489102 64.23382007378841 35.52339468530681 
S: 172898 45.77686359810174 50.314501730541224 47.171689665709906 39.6792833292654 38.07741632279234 37.83313982403708 58.39008218169698 60.693804036427856 69.78000153833028 36.536376691691956 40.68026284496853 45.513520933557494 32.28924438853532 42.11610432161058 34.939081154385875 39.849451711927664 34.959912981764745 51.598111622658315 63.89187475022098 33.15457236499757 
H: 660808 63.20373422507297 58.29999026421613 62.39038509917597 50.685452190963744 57.93148324622576 53.602010177607525 70.5677000647801 62.747529777667914 51.72280852118986 43.19484943279666 74.40497156058497 50.844129022984575 71.3159838529951 52.8505597272503 70.9271345909467 53.707857823982245 74.89377555890626 71.79841506915963 49.57812859685258 54.9508460598212 
S: 660808 57.65889635585547 58.17674760283457 58.041870003827746 50.16163720528425 57.57747687208748 55.6474882300343 67.6446371704232 59.73522869689149 50.85071377841443 41.06807386560506 74.18289416637633 50.4264191487158 63.64771882929435 51.35186837460668 71.26892903955574 53.246893089832014 75.431437865443 71.1383171834487 49.41933138849298 56.992806278587764 
H: 660808 39.291598861551755 37.26221547568261 61.76074350146052 39.526916398562044 53.64335146658827 40.298675484436785 56.81047954322252 55.06433249190996 46.40938798858036 41.173551885800606 48.066365619720045 43.92789640890394 37.34846989450038 40.720078807904805 50.80060479770095 42.34011614497271 43.16869481992971 71.94830220399766 41.54491463810008 40.459617757222325 
S: 660808 39.88016375913519 38.38317996644984 63.2199424175353 38.62382184896669 50.19254378680673 40.1489711637913 44.98362386159704 55.75587524263184 46.9957810287766 33.020561413583586 47.63801753382112 43.92789640890394 40.37077013284725 40.5915868295919 74.66408976095923 42.51842160638628 41.94240008962769 45.312371207887004 41.77313210087299 41.372102972892826 
H: 771422 53.24229584722757 54.07109447470576 50.99337095508563 51.51601025733786 46.72368797469114 70.56549565442397 63.0162717721071 56.494971284179265 51.63850698260722 71.89037132534656 59.946086874563655 66.28942155036438 51.10612159586258 54.164621789433426 66.00659841145402 60.084881968161 62.246402555886505 46.46081007170325 46.473936038637554 58.26133897849476 
S: 771422 53.190490487317035 51.762961318959526 50.155937020936314 50.73013525822764 46.8033979152583 50.430650798946104 64.2715187227922 51.43343796356224 51.82455460200608 63.09198832983977 65.96543772615442 57.813948485538525 50.64462067627601 53.00595479330808 66.16055242049356 55.351358989430096 61.31620356994724 47.470955986562814 46.07330069101114 57.768845481763776 
H: 771422 35.81338769369821 32.77613207753583 38.95241301115071 38.09022701112053 36.469700140107435 43.651556198751244 46.54973751085193 37.76790605848137 38.36987869689286 59.930842982936 53.44889098613603 37.506258188752916 40.881158841355266 38.426916648243754 41.25908727478179 47.440060221701074 34.02099094698188 47.21323754780138 42.640899503056 42.25487279479214 
S: 771422 35.29846468534618 31.119228398887362 40.126187779728575 37.83457555476898 36.469700140107435 42.82054599657634 46.55577033827829 37.72468118147394 38.11959302552996 45.823710891459314 48.79926693652235 37.529722634514954 42.107442803214155 37.00893473411616 43.961567446324636 51.458880474803784 33.921433038891905 39.4979561147848 42.640899503056 42.60111391790968 
H: 855288 59.875894970083294 64.81275764640922 57.648929975644805 56.83405582769295 49.892358163074896 56.842081517229666 50.15175793344658 50.19454436425568 62.97511261413452 61.427015954078755 57.799002097112094 62.524938952320255 58.44697600792132 43.172561509165085 73.87426311554302 65.51569667780672 48.16132349095263 64.86205846016153 62.48325950511934 60.674291493478506 
S: 855288 61.76315806446069 61.230949737859454 54.901923168697905 52.26797283884544 47.76303056473819 51.77887060580499 45.03532079658014 52.04121589748093 62.86685952432444 61.17166040103197 55.2910559455985 59.7251790599956 55.6325682522861 40.35918284412701 70.17229131631915 62.085635380752365 49.457597697341726 65.37493799166953 62.203696628457024 60.56654920424751 
H: 855288 37.986337609296 67.0765834362111 45.18654833885269 44.107897311669426 39.04341996093267 42.991662503523735 38.38724757493686 42.1189781186032 42.14411556974106 37.29512674852673 42.8953101672578 47.4181293681065 38.912497894713354 29.991089925573363 52.460312102330555 47.60658612049055 48.43078079709191 48.725665706826476 46.6412270479251 44.45316052157681 
S: 855288 38.01950576175861 67.73485152104998 44.200301540570386 36.52905372182277 35.018836623737585 58.94658239366941 35.292049678435454 42.09813900298896 41.77671836987749 49.14536126054311 42.871948215217664 43.16311785501328 38.91249789471337 28.920472362900092 52.438474195784444 67.54146681715072 47.95277099547365 55.300959015716685 42.29529574621876 44.328649958058776 
H: 246408 60.94797891819088 53.28422800143767 53.82791270976107 53.41362817641174 43.607660906784496 58.43163227111462 62.386615357942226 59.884482331862266 54.74990731479099 53.04038106589554 46.60416958273804 56.096048947045325 59.171672181930425 62.94693583466165 60.52088406225467 51.3069273182302 62.4587930820763 61.449169714695756 53.78452858319977 59.86973207020225 
S: 246408 61.406444263092 53.555892475932694 47.75237741066012 52.744789251818084 45.65944937681273 52.99250144067975 65.5511648993675 53.08522660211161 54.84057908717309 53.49203648046773 44.64617559183959 56.67502099780225 57.16003638267469 62.502860403902126 57.0887933950242 52.82454559559416 60.141068251819696 54.096652559398336 58.039455379891045 65.62337933578254 
H: 246408 51.39650221620047 42.02070029165637 49.55352744534106 52.68703173263169 42.306575101119975 49.492480897664514 64.23913763978479 44.26172809531304 41.8422752256698 39.721999888759775 41.159449659488494 35.29178388642261 52.102702772414624 42.728879808017666 39.41996169863129 44.93015877863526 51.24135700725994 38.67305058653045 45.94813395595273 48.80912369064404 
S: 246408 51.21377952570346 40.517532817901916 39.27545160685195 51.39296812949486 42.16103216897456 41.06759032425729 63.8144239499383 44.26172809531304 42.235572357629366 36.79425054147695 40.07224452634846 35.69763402335466 50.18556797677518 42.728879808017666 43.95168069032772 44.04012941511219 40.469999507404275 38.89528041670527 45.63889294668826 48.0899014185187 
H: 239627 57.17709229829615 51.02273751587688 37.466507029704296 59.87747824251391 73.65265135266212 54.4331681436547 66.04340912749547 48.4858560983844 37.29639198070836 66.19805248561262 53.29646390913485 57.4803466498928 53.12508669901723 61.65143043325577 56.089276943785116 52.920491632858166 49.62962303801584 64.69008572522003 47.36190294797644 50.57991044944154 
S: 239627 56.69795933955168 53.787779197495674 37.801153964543744 60.07281067549926 69.14925720056476 54.303876928090276 64.08292267134168 45.31792497067414 37.44847332338954 66.22811466459997 53.130571846357455 57.425669578380024 53.32063102094871 62.753716698318655 55.52971208949708 51.850180572795004 53.93082457770594 61.12467253490119 46.157524265578225 48.99456992888424 
H: 239627 48.6292197076693 44.652151677322124 34.11615696600279 84.53959311754807 50.77049242763432 40.29796576411807 51.18159120730581 35.63900705747672 30.752511184259884 65.80382741961725 36.460491292961926 68.60414455195806 36.22927132808329 50.28190736383828 49.44065975778485 46.36435635273744 36.507910107709286 78.24182261683684 30.80011372896554 40.08140633154065 
S: 239627 48.6292197076693 38.87049808267643 31.509168283231276 83.26645372525232 50.53450108693997 40.62160432530443 49.31941989828637 33.80481041613504 30.759856804035675 49.121038243707126 33.448691128871495 41.07080895773812 36.54726962248617 45.26160010816201 41.82167967293949 37.769036390577405 35.81201657697675 41.9227470311799 31.782616613737375 40.00026876026138 
H: 326097 63.594187716703786 70.09866449785152 42.24210667725913 63.106147408665855 60.079871044255995 59.22698079281851 56.1944587892073 64.086412045902 52.24251154270471 58.440792054443776 65.6257982104919 58.965446365181144 57.542003637284225 43.89014389708175 54.74479001927317 49.09136967241053 55.32498927743488 56.38255993693036 37.264765564795155 48.62535888906457 
S: 326097 60.64467172472437 63.66595191171725 42.14494300315619 63.00193765887487 59.084831694350015 58.71024434791072 53.50054613675961 60.947250650554324 47.310310409446565 58.16799303793307 66.9738628690153 53.18975154528733 58.04533851877609 42.95948980844783 51.27134765097565 47.60183264875108 53.98982392942743 56.208803319343026 37.101837349517275 47.52319206268825 
H: 326097 47.41802407683294 59.67481956547793 33.84335464944106 41.35988758375187 50.48133341240833 43.673665661892045 53.925627691930956 49.335001320247414 35.40966343023434 62.99822352015865 51.771212129031916 53.30327909879874 58.52041577780269 42.70066778511379 44.31458199048465 34.20018589751581 36.08793713123394 51.23802853125641 40.47473855773952 43.11399628060756 
S: 326097 47.48833293924592 55.921370232134805 32.410210366377754 48.92671020262199 50.18554925537128 45.77272384967502 49.810891282027484 47.6729799507984 35.57955946446788 42.0834965515154 51.656613585094675 51.31475602380489 57.99155502738225 38.77995562956434 44.31458199048465 41.63484790219314 36.11119771559462 46.17271383753711 39.518274554085416 37.70675890257278 
H: 584809 64.45310961132888 59.771635096022464 62.336432224196614 51.99196682197024 55.002794323482945 59.79682361888299 46.70753392783529 61.34849824732902 60.896997893054454 56.976527486016025 71.6226960667903 46.46663972909982 46.23481927691749 55.6074324513775 50.85641696962982 54.31477007803804 59.87436467772765 54.81364349716001 56.61721871493761 60.12028456762497 
S: 584809 63.72801227793055 60.580899674914804 62.26567242648983 50.35932928084094 52.92319001100347 57.16730301236584 45.228493477331384 58.298462157688654 60.696900878553656 54.75340659673906 62.96357715199551 44.18685267395841 45.987017633321614 51.98640344709494 49.22555719461145 52.3295341553669 56.98620110208657 56.6867150352984 52.240407504823 59.29877416119794 
H: 584809 49.04508662131491 36.56295810810439 47.09345310224253 40.39415504884038 41.65397908192064 36.706686617359864 41.95849450751709 41.14247081798595 36.43111328079866 43.34510511272499 44.58899488471715 41.51938607829368 40.49491833404004 37.64782619942933 39.360596203676316 54.639022344269186 61.20929732872409 39.63410553392513 40.63483332182147 43.22453621425584 
S: 584809 39.33929014153351 38.52436604622145 42.75934948694888 67.96588690033043 47.572988597702754 38.01636069321297 38.409188004911684 42.995925226262 45.036822108998415 42.873997168648955 49.20574801472281 41.51938607829368 40.1960233592876 36.47159263405679 47.776435607117875 54.45306610965003 54.00877926233313 38.207680267622344 40.952836539060065 43.1351605633884 
H: 383810 61.007166549677265 51.70154225950733 54.90692039247849 52.727333821500984 48.033892889504806 58.56218460554484 48.383392616476975 56.46326081651458 48.0613532122717 51.13650846786442 50.84015252079466 66.44627957303528 59.33117496396804 59.76300072541039 48.336092316220935 48.17041458543455 60.72205524180969 59.23279342105809 54.27283253893757 72.06486904403575 
S: 383810 55.414953489526134 50.918068883538226 53.5574800253747 56.649970278935136 48.45934409774813 56.80977497130956 49.02298545884496 55.32259293888965 48.235860262790474 51.53396597488159 44.81986482819814 67.15689641290483 55.61206683522853 56.389838227944686 48.28809175263845 46.13498151997447 60.55044001804416 54.18309050442958 54.26294394584015 68.65292712599077 
H: 383810 40.39313028964649 42.867843516250645 80.83080705071053 44.01204327786921 35.09298392519793 49.761111993422034 53.91253451574844 46.91730717098464 38.87849853834644 38.262453338349005 41.5258324789677 61.818400095391574 62.34732270724555 59.33553871321752 40.349026619765255 35.87845244411704 111.39218463175445 39.76970810227751 36.96087365810777 43.77988851849432 
S: 383810 40.39313028964649 35.385200868310235 82.25776639496989 40.468706533617606 37.48898513048171 49.761111993422034 53.8853315662818 43.04380769777549 38.87849853834644 38.250875071143774 37.21252993439419 42.09288382728772 41.58502944291985 55.90998284639898 40.76255040981141 38.217938346127305 109.85875932121823 39.87549235692366 58.916558738153476 45.2054122395696 
H: 955494 55.14359355655056 48.576570892363364 53.887612898574844 78.8004601263757 67.05032637195315 55.66438511724344 52.76632609866135 64.49618888831067 50.695847102735264 47.96632820022865 48.873065114631274 55.85700217062211 66.3217259457795 48.49391785248014 68.77447424899403 52.7883122162054 57.9299493573891 52.721119341392395 69.01307514589506 55.44615419532507 
S: 955494 51.1066558819389 47.79245646268705 51.083517378821234 71.8974258631622 64.29759075636389 55.24386557144748 53.41103901067227 67.70940227090576 51.534398065782 47.376131068126966 47.127543677670566 57.00734364992279 67.21374295541348 46.667690339098606 75.6302550306839 47.83288561039241 50.14335421533478 52.57377841301001 57.59866397977926 52.643936120212715 
H: 955494 36.75154059904827 284.7784047453751 43.66617244775513 40.26609786604489 50.249658285824964 35.38828759191085 41.94701472562281 47.66333112861146 34.912283272099536 40.14602948331931 41.14685556055919 52.18077079292101 83.5043663957093 50.89821294993058 51.12114025814527 35.67912275075363 36.24669526933762 37.92439207495732 37.78178421876384 51.964259924543974 
S: 955494 36.74480522877756 41.88439636056428 43.66617244775513 43.03445116599869 44.2695090954096 33.40496806392546 41.910028758683 47.66333112861146 34.86687005175042 40.14602948331931 40.749204384575236 44.07873409106411 49.29667209781021 36.412631963782616 49.54910739985453 35.68624220132199 35.02081948986689 47.99822200052666 37.836316668534984 50.257146581909744 
H: 67859 62.10721176401489 61.18087215852331 52.149011924619906 47.51839030172798 61.06674099525061 54.11413793783511 50.38912093529694 39.15295148360489 56.02687854940474 59.82044792593389 58.89919970915349 48.92395340772131 46.27100528790917 55.7785342768266 69.3526081511799 53.39078190381609 42.6257452642051 63.64544027549424 46.98685144982399 58.08154407472124 
S: 67859 58.528012511897124 56.36889925235019 52.283539105651386 48.05798022344786 61.124707696622664 49.308119742992915 50.43470842530613 39.16552899549058 55.980141739923916 58.70733717034753 57.81751185875208 44.182154870438374 43.132681269151696 56.11726033669118 64.4595637491769 54.08935336824334 40.17544921715185 56.891893457122386 44.773893292770246 57.10019305335319 
H: 67859 51.66242848379254 52.380477433594606 38.1830073059976 66.31726915826374 43.926198960294826 36.35128256853006 37.70558917573428 32.93721618191241 41.761621876849794 58.004875006172625 54.8524856024277 41.82129145709434 36.40229188710348 42.04855003170469 48.01099250274718 53.104569251194526 31.11885382160844 39.2216064444539 34.18302861438582 43.25370211517445 
S: 67859 60.062291649279615 38.90026628078632 38.841274682143734 58.76340504766135 43.30337709215246 36.074652658765466 47.12906291163829 32.57360805131788 52.72441071808513 58.75893319952579 45.26295576320891 40.22154615771288 35.220150906574666 37.94871332089967 48.45774137891636 41.113397485204544 30.945265030111603 37.264232010757794 43.233530487898626 43.72267136302299 
H: 810042 51.358773200869926 59.848298164031355 55.65137707362953 58.071569089364885 48.00612285148468 57.01370174434042 49.40712120852293 52.41107597555465 61.31788750586769 47.757471674237394 48.21033000095724 59.64918476678578 58.97219783406485 54.8024486517694 57.9531411160024 52.14184787704501 41.50370985929352 42.51840395842132 61.72603285880326 62.28689853663573 
S: 810042 53.37682669008473 59.74530358121305 55.940630141158834 56.71113948826578 44.27906870254291 55.20994263847769 49.42161104967934 49.892395098285974 57.62377232373779 47.24901182078868 47.619474907553524 59.07604411563012 56.30788435541641 55.67776249293298 54.43231628661453 50.664270736278716 41.5361359986996 40.16147412661663 61.30153318543861 62.285349635116276 
H: 810042 35.58337120198842 49.45339644766802 63.65348254450086 57.01184509503651 44.84452209408612 49.04037313478961 38.96722753244111 44.812258801519434 43.61025690277157 38.17499441719049 42.34728154182383 46.34390882458245 35.52282960338466 40.165511063349605 55.76098693904406 43.31451459490326 36.449514099433166 34.723494570739085 66.48134133329341 57.71781614115221 
S: 810042 34.30095539877582 48.954067146569216 58.13153085280105 56.55805914175708 44.7817926273106 35.45254426506343 35.779312889710724 52.729048991145795 41.34937684108028 37.061522488047366 42.37464581559398 44.58146244783698 66.94709771383054 40.728610458141695 38.53167267617007 39.73393045886755 41.98310082708561 37.39624516151356 66.43938498225272 57.71743366175584 
H: 648594 61.50463398823487 49.10438799523269 61.039199556223316 59.59693157267252 39.76168047765273 48.78210659265635 53.163679245653505 40.65634721204101 56.46113955002879 49.95059077941679 53.80813377182305 62.58722242347422 45.65066289193622 48.48391072271351 45.18789400772084 47.92226348669694 50.10884889965166 39.572686521076164 52.93874554879512 56.45597734925377 
S: 648594 58.90576588445365 49.23071245159693 60.55629583086634 62.04801578144922 39.76168047765273 46.53637658559662 52.758519626874815 39.277717689292054 51.222151475643194 50.18809626026856 55.21776909514223 65.80942634088434 45.41660596712022 47.827189896241904 45.86831428345804 46.971621833678455 48.27166168225016 37.3110996572716 55.76775918903 55.84754992186524 
H: 648594 40.32708908260778 41.15548015416329 83.43155050696328 64.49793739163118 31.81022573548932 38.74226658937259 47.22872759462033 39.278105453262825 45.22698944978455 39.609406294606494 54.11463089384809 47.09611168987426 35.37288241805423 40.031485125545665 34.4082720343025 37.64112175519287 40.28200129447481 32.666916342732044 49.69846677771345 49.86311720362519 
S: 648594 40.54533655228667 37.09479135420046 68.8920958570264 42.23119721886074 29.917612497226575 36.85367047393643 47.22618912571199 35.35062874492738 44.33921140859416 41.30760071709456 54.96396010922493 36.372975202317086 35.62259998590768 69.50617205034497 45.91573053031902 35.37024976911753 39.685910080543216 33.37780337247013 42.45061522807683 40.78401933089473 
H: 1195 54.92401338793779 52.508241929131295 51.68519564667681 57.02171917837552 51.4891994787827 48.616978266224706 56.408572112686336 41.35139341181142 63.96925671429143 62.950312776053615 57.21065618735935 51.84943599165548 56.90711496576742 56.366181471297274 62.066277890405175 61.10728462111722 62.04970588116493 48.84047090472236 52.793137911119494 52.04028409756163 
S: 1195 59.055341930734514 50.79150149684459 50.02243675982074 54.536181782035605 51.38776450009248 49.95348489370624 55.28671349725371 39.76404276328435 57.50284581174019 60.21117061708049 56.208341226759295 54.00502560960695 56.47508720987835 60.25479126583087 62.7532210870556 59.65484451895067 60.32854041639579 48.98664141381744 52.31103793997203 52.23991602484122 
H: 1195 45.95360926777853 41.354521107425974 38.26287355518926 40.35940671618316 37.53659761608159 40.5858574153316 42.587365879704926 34.55256342386379 40.40799137251253 55.62568090172982 42.74828907451044 38.825258456703594 53.03074416897377 39.71676624956238 54.460249507571405 62.70750269761102 44.4799101428693 48.56365279216278 62.723769000252304 57.847924603161886 
S: 1195 44.24518741707089 43.405439880048 35.88186771252688 39.37560437048956 42.962652745264485 39.178499788477765 42.300848453478636 34.769474904103795 53.346367741073905 54.40041110874881 42.644331929411656 35.7214781772954 42.23152323862331 43.356124870719654 57.6653814621841 62.59367584666324 48.19908758476432 46.68185883622742 52.43894365685047 35.2038647832867 
H: 732355 44.44766314680179 51.43013307148741 50.954045286213294 60.802788004580556 59.50455703470168 60.87604135698999 48.13684676513524 45.92670113877951 56.462334158068636 46.11081948539771 70.09342556678494 55.7235040030917 55.507038616378736 41.59095771041828 61.91340650585436 46.811429573040286 59.57130574831524 37.89336789294238 56.33758111501141 43.16093070967169 
S: 732355 44.42512350649164 51.29489699968037 48.95394404528491 58.408296375358105 60.85943439487766 58.634013642670965 48.471449399201994 40.40204987433276 53.91506372688525 46.426854064568225 71.6257181237308 58.46333260526334 55.42720369443633 41.59095771041828 58.27528182942127 42.046871623881195 55.274483087486004 37.81014514172731 52.39532253510259 42.479457850494136 
H: 732355 37.3925825774268 38.10652142552834 38.438287979822455 48.96766366096971 43.72511490789056 41.301515792600746 36.799435963938656 38.572175156380894 60.04872141428488 34.54757564910306 64.28101359884191 46.66076142597053 38.48856379121272 37.447666202070714 54.976029992563014 37.60137934007964 82.18082354338381 28.00608899256048 51.39790288232355 42.19682151917735 
S: 732355 36.36222755972838 38.10138827703345 36.654970661527244 43.178991136437745 43.72511490789055 34.62604879734632 35.87767846162793 38.41861516499197 57.84615732600873 37.521850979516984 62.00828464783445 46.26575520499073 38.32915753975168 43.756576609684224 46.57371529858936 37.60137934007964 54.5840022157179 28.452493986887287 43.4830404688049 35.9114830527842 
H: 709311 53.39858570605859 55.05060686387644 42.63992311761527 43.19615470655362 65.90715825793836 58.752293714242214 50.847235592525394 67.4041628454524 61.8769439988337 74.1239435814837 66.36099809547032 52.98879506833752 50.07991940758063 47.12172560438149 58.4452631328103 57.462791147572865 59.83685157809787 51.97091086012891 59.179633676903386 50.36112996706472 
S: 709311 51.91436893634904 55.36199234441295 40.1614546456322 42.12126405204225 63.87448688676774 58.34243810305227 53.75831724118994 66.89365677608917 60.909336424845634 72.98738814461524 62.80542442681646 50.99603301055984 47.09374866147316 45.27409438890368 58.80556419315634 55.154837747468626 59.300856688523346 52.32529797579176 58.91965274625439 52.459432951390625 
H: 709311 39.447914152932704 43.614015110335885 32.01805569417747 37.50704194432342 47.10127216987171 38.3161976726665 42.61501638485431 62.48375648499425 40.707025839931994 55.18273397156814 50.010644617453956 42.51506232542012 43.22958641517387 33.57799681757202 51.99056936398543 60.056155457066424 43.048372905155524 51.6258489175445 42.58528998286429 30.24310720507284 
S: 709311 38.65172503570329 42.87348296727713 31.547105158225932 30.535293491870892 46.19478658826182 38.37140703959768 42.28910588090395 64.30081718470072 40.707025839931994 54.05924737072744 49.77137006793792 50.76516454053893 39.05314457773038 33.503965983204026 52.93304654629228 59.64428878217463 42.35634556685186 46.694424910007285 42.589084098706984 30.026191328324288 
H: 916479 50.34722788158546 63.5969941706576 55.791609736823524 45.04545927073138 58.75341625923619 55.95067456855993 60.096393039408774 63.14676958529001 61.59099195677945 57.966615473352086 58.429254488358815 57.70511072012437 69.99956041739412 58.035547616047566 61.899319976111364 44.96267752685711 49.99780527000954 47.23163084943899 48.48645779709963 45.74987887925814 
S: 916479 49.97216343855927 60.49228221317388 52.64517679424342 42.18783286567903 62.006118653870786 55.32892717104356 57.020388360187134 59.557737470612395 54.33870908880942 56.75584234890109 58.5103361420233 57.93555838105217 69.04145271639717 52.26651727559586 61.875609644631304 43.70574167462781 49.81495346674505 48.40807874304279 46.84210213323283 44.492667756665625 
H: 916479 39.46269298170182 47.97130592712702 47.969189595006966 34.038464238725474 48.098046461136164 44.75455667588363 34.840617789823575 39.05536382459062 41.22665353247123 60.003596506773356 37.83831073690191 38.793163689325226 39.47514981011333 40.15814618103804 77.28893825337371 35.228754538528094 38.90950915288808 42.541301119757314 40.9947336199759 43.21603333187897 
S: 916479 38.44081987104286 47.91432376854473 47.28275313391877 34.144690607969295 48.098046461136164 43.3109817020667 34.840617789823575 37.92385919381196 48.312919745856185 60.05269858691939 47.37270351623972 61.4978889648309 39.186110203212024 38.980136148810146 40.239693068067474 36.89583348492715 38.37949761219586 40.36757410682187 40.54764669557165 32.06258214243505 
H: 752781 56.565210746157405 54.09984922130802 53.97024643683021 53.59056885037651 59.45401313779125 52.95149300607615 54.676854666601635 54.4085540584369 69.45638360567166 70.8276012151278 55.63659076786054 74.0445493502239 54.95211275255452 51.37833377118426 42.40280984219017 60.904864850409155 49.35606805648483 62.59618170468411 60.461244555150564 51.65858057417003 
S: 752781 55.899802561781215 54.024264469444 52.09451012722068 55.5128197771192 59.11732433219301 53.02138464425957 54.661687139045895 53.95656599540054 62.65439768434373 67.37586905654821 55.26726552244725 66.3735665506273 53.906114975058976 50.185220644806684 42.37712405642288 60.702687691759195 50.41019564549172 60.46408083331115 59.84572214774442 51.2970606767387 
H: 752781 45.87944485729773 62.37224156455673 36.16029470534771 39.98374166094829 43.05959690422543 39.48496554065257 36.33946349449287 44.09432075672348 46.525950977011064 47.370773085172615 40.78958750852121 60.55037182746391 72.7825353155881 58.50462472557708 44.52949483121555 47.90203034940091 49.353511749879246 75.14511252392828 43.348399399057506 42.99775465628862 
S: 752781 45.395042108746196 46.354431090973314 37.17830397612664 39.999362024823895 46.38239500682273 42.15174747121184 35.39016642391411 44.09432075672348 46.525950977011064 47.264030817956076 37.510573017373304 46.67865665521576 45.35118387735795 37.175915511306215 38.28303491479546 42.063504406007546 32.73301054173303 44.20492602299892 50.81595959325311 47.431507231010684 
H: 708197 55.24239142721494 44.698422884711725 52.318255009463826 58.4465711613594 65.010898163992 51.99486039349809 46.400162761981626 56.10742386102198 50.666792186647285 45.863826334246156 67.79179799831141 55.88821698081787 53.60266561253549 52.76990309924501 54.10858551520975 53.383587152111026 65.28447621613947 64.54403724836426 61.24026991795264 53.35300455000883 
S: 708197 51.31827116489478 46.85983540604917 49.855181498462144 53.15019853081063 61.41889490810793 52.32263572511469 45.34757344853997 52.779420598164 49.91452472128287 45.91036932967739 64.97629991121256 54.533940156563865 54.57622830265488 50.05717199730769 55.877476867520954 52.7324430160611 63.60758960235593 62.46400094576843 59.65613234094569 53.348690397513764 
H: 708197 65.73541200474565 34.0791082056064 36.823010886086834 48.27203047274719 46.426738935718944 46.40490279935174 38.5324735910508 46.11502786964324 37.207461057362714 31.93662605701887 44.99231466579628 34.9552567708235 38.46050857131094 50.22819839502253 65.9879466035993 41.38556876172772 45.46472067248205 49.67672814722292 47.59140234591628 43.254806476648355 
S: 708197 66.06127127413475 33.59301137626417 35.70417775648667 48.38054851709353 39.153581777293915 46.40490279935174 37.2994871063357 42.414607880342295 36.24287746610431 32.01125545089641 44.988797792531294 36.064427732827966 40.348005300100795 43.363655565622174 65.91527518934006 41.449710594376114 46.36046425158694 50.316888079062664 44.335348740006374 39.170653746987234 
H: 913182 47.45507288027709 64.8658326997129 71.22803095039048 54.75486210985949 54.44100025702634 52.393843942809184 62.11571349097507 62.535916924287854 54.23963922664442 41.258158695236055 54.77676210376664 50.941832648743905 48.76611860747192 55.082547625588106 53.68219414933576 34.57338764712538 55.13845230662521 46.89079364952442 52.340099829341206 51.666964617427816 
S: 913182 44.551915397500615 64.09737661935472 62.46814411896474 52.26238553091408 49.22385213815593 51.46001559889522 64.72458715040773 62.59487509481564 53.38894470088642 41.330709573695316 54.76289184935437 50.786681102579074 50.40164934897761 54.50288842726751 53.58301108753731 32.640615017194804 50.273295703543106 45.98658957340309 52.10265357402196 51.97680107560062 
H: 913182 40.31700638001097 45.34669769906759 52.2044236191759 44.61324599573964 46.935570673140525 37.607566751282455 38.319622196978514 42.39154456310805 43.02131598956897 35.51735880973547 57.32068467523965 45.367669994091315 50.45818205643322 35.64325681501739 44.609761423259975 25.63799184930048 43.879828805621045 42.00241385279017 44.367342546522984 35.673984724233414 
S: 913182 41.288045010233 43.79946489316606 50.76447298669386 44.69909070897039 49.802309583591196 37.36964938434357 39.660377860827076 47.799586790016114 62.28542849228137 35.71434778132319 51.162004191157706 45.367669994091315 51.1165766061488 47.79621485185079 40.49470159180819 25.27642295701751 43.215808990609446 42.00241385279017 44.367342546522984 35.38940594200941 
H: 228763 60.081564240774064 57.79432421922145 54.63663219105606 53.558708585104824 59.382210571178774 49.02185632500173 55.61332536693448 57.256461425045686 59.427422456423315 39.714806049033136 50.997377707748655 50.661896229621604 52.57381057559761 48.74214036846683 55.11383582302463 56.62623045884595 64.85043431766158 57.70186004481277 67.54298406698821 52.974880975113805 
S: 228763 58.12371209468618 57.72624459634563 55.65072470007128 53.83252036433491 59.06720294388749 47.585423040635845 55.7227192803613 52.27486649851423 58.207533053158336 43.12391620071416 49.1013265447772 47.08123464072537 51.03019428005456 48.493979537574745 54.43323594112819 56.32193757762789 60.88226804053577 54.39717002713931 65.79691907361378 52.13974252133238 
H: 228763 41.817580883864494 51.6415234890932 39.70872416167738 41.15894531764347 41.922349213034444 50.883111652489404 44.799199430251356 39.64730406662404 50.25260650159721 31.414017715722075 38.36781058347148 51.88066250454992 36.489068116119725 44.4689397117911 39.75050562655021 81.4861513060755 45.94548061337888 33.78680421161024 59.48449282913689 34.36401322820661 
S: 228763 40.17332476610242 51.97540554351788 38.953370557405435 41.360488726928395 43.09016870666531 48.79993362494731 43.31869893303419 41.071743175613285 49.73547725076757 31.20942949146449 38.34365380400496 41.106605794445926 36.44581031081617 44.47948428062646 39.45780227179128 50.69804203629522 45.61529783558797 33.69654769567077 52.96983517052578 34.36401322820661 
H: 304985 41.11140188523184 59.07909172503593 56.91486108664686 48.34598341166263 55.405311229771094 55.26254086141895 51.3785611589942 48.510822150620434 74.27246481134698 49.73496377287831 67.62394342461388 51.98930322291944 53.14818457335854 50.256244361673 54.74728980047022 58.96548606204998 62.39910357839352 62.57124040747605 60.25596043393889 62.152552192115365 
S: 304985 40.19329977105704 55.53209495874235 58.944302486677365 48.351581104240964 55.794252604339384 54.36430192016941 53.07143609273979 47.80400750404442 70.81864314025387 47.980858547048086 65.42766994450011 51.48850411539797 52.660471762081215 49.2992399572683 54.962346983420495 55.67553736764511 62.108744517018934 56.16886829560616 58.894260846264665 56.052351101210384 
H: 304985 38.896931911904936 44.77919912730265 57.450063366639874 44.59147524388719 46.11426441787387 48.05388315205688 46.77195205802196 38.18892333931512 57.34202079472232 37.153546888178965 45.31200850908848 44.65278452096814 54.15115452188249 39.69214592613531 47.514754795107066 44.272909304765626 49.12902768603778 45.81889673252206 48.16620308506775 38.92256104074444 
S: 304985 38.869896686307435 49.71951366243527 56.897089722080594 38.32311390465434 45.16746705497553 46.02730402304286 40.986449256824834 38.75462993039345 57.07382103457598 36.34573691789063 41.800319002207445 40.31877157928478 51.29302222741105 40.534446294914915 46.66135107347105 46.89854729715786 41.714510012780224 45.58787063732544 48.86658112438011 60.4891846279817 
H: 954721 54.71885286923384 50.482366536746646 64.53520981657496 60.750545604512375 46.740830158949564 48.43103164308485 64.26256815289675 59.134552051362796 67.79720976869825 51.29489471441055 59.93869240439031 54.76015403514128 64.36292140494385 57.01531384737352 62.39272224213992 54.88511676757947 51.943899535688956 55.0951996390974 58.78203292646788 58.34835189990951 
S: 954721 52.23122503826937 51.107864261687126 64.85361767629806 56.24698461599945 46.50438984029493 48.232856559296806 54.12016821113604 59.229251869728714 67.46294550563012 50.248494584514766 56.329824339024555 54.575717891680725 67.33667535529585 62.46134417940842 61.174658353004595 57.39115630844482 52.31827281233639 54.4880759121359 56.260714594053624 57.923386445308054 
H: 954721 39.985752286050364 40.58604282166936 40.236024224740255 39.11857952677105 47.99501532008187 56.8818457020365 41.247487607240956 54.37886102519096 55.8437275849472 36.3716881991385 37.659414918690615 40.052833007445244 54.70299283021945 41.12070720490582 52.06289338355782 57.56950498480801 47.33631636073842 36.076517782821355 40.86749308491337 44.08474001917032 
S: 954721 44.38375332274011 38.48591858712278 42.26440247566075 41.133524068579 47.56506270953531 38.14216193934169 48.04414040503123 52.91509402203156 56.211172677163326 35.609997698623395 44.929421475116854 47.94693854129112 41.92956024966816 40.68474420760142 50.83359523588337 64.18216805363166 48.427285680043795 38.203301581481504 36.74141309118058 37.54263703433995 
H: 628565 51.46210744151171 54.31651509446276 52.08041343502907 48.59792952252473 51.57082957607961 56.37382845821932 48.14665071960548 48.29273170504322 64.67843412126152 66.66466318428698 56.73873288827568 55.5075430635261 74.89823568551189 55.45885076017228 43.10103148636559 61.649656723992976 71.3368070370735 70.96524791860593 59.017750444548255 48.829756858639655 
S: 628565 51.555479087622565 53.67788110048462 50.697924304508085 49.49477846796538 58.565130436182876 56.31449551356446 49.34001238216155 44.597103995179666 63.88524838181193 65.3613571534296 55.2949758575743 55.50562308384117 70.1061795618467 53.25647392756907 45.39139203889807 58.748718943662 71.10385300032154 63.72048327001782 53.802505669470456 46.56554458656927 
H: 628565 34.92663862656697 42.47034059768341 44.75630740915231 57.93225196111275 39.92712677165525 55.643415670239456 42.08652017138542 38.54320757114476 80.8588964723943 41.97524137620822 37.1659429083477 53.618297394587145 44.91854181111412 41.20613510357308 40.05648352622624 70.33264575280687 73.04615998256222 45.97179860968858 66.91397731649526 32.86930657888429 
S: 628565 31.942915186842214 42.086287951351046 36.41782517291731 57.85411033790842 34.672787106540845 48.9007576155805 42.36869952107633 33.1451134551597 63.248702627052154 37.338501176064035 36.63452038554042 49.83205576731578 48.084815309235 41.15870020962185 43.39906885630131 41.66452620539563 61.25210168934426 46.34632670417339 65.12416007864321 31.91917370239301 
H: 858550 133.49695336521998 131.40490419391642 99.5256986137495 114.52278215161118 134.24230693865474 106.90125607188592 78.31736939400751 87.13886582993386 119.77407927625352 163.33446347182854 97.65460667140806 106.07500528615334 138.99361983948054 113.36709294346548 115.26537720744848 127.26240542161283 131.52464746775522 117.18040639646533 127.9992265008314 122.48541886704115 
S: 858550 124.18924744511166 132.3065748152987 101.48306339975143 108.47057978717798 134.45572620965666 109.16184210956241 80.3199832057062 85.75060579494644 120.05019777566123 147.90822161700018 97.41450077822974 102.56784603403284 138.1073326481875 113.27455463803884 113.40593336054631 126.72167390539671 130.46579701309838 119.3467071567027 126.5731306326482 117.07857193953419 
H: 858550 102.75961462241699 113.93985643856932 75.38960291452489 74.578101341013 128.05778812142535 82.92451133965353 72.31675823933993 103.40910553064545 108.9040336539626 130.93090518863468 82.93313563160545 78.41727811464158 82.47306676393737 108.2007596814167 79.15452010120454 89.402553552091 121.20681738619226 94.38806840237463 128.76830807124006 105.8510955783916 
S: 858550 96.00936397399586 113.3611567797609 74.17768972329775 75.73280751349738 94.07927513594616 83.6091587253408 62.639462421964865 81.17294975884619 108.38197120057518 132.47558707122437 78.66657610605913 78.1013666834306 81.97642224756352 97.77200703689078 76.26496337242317 82.19116643179491 115.56115472372058 113.90081821677471 127.60704795651824 100.69564836579394 
H: 828435 122.17250889628473 105.65790630989588 116.12090836842205 127.86684605976642 133.0567071450808 127.49566575096682 109.83149850772644 130.94601332131057 116.90435329333073 130.18222224897036 115.04523871465105 131.71309044140068 99.76944717890807 121.20518853317387 104.71138668174271 131.81608671865536 113.5045140371129 119.41086643690421 107.80278360411359 107.75333439277117 
S: 828435 118.7982708706732 105.38063939406736 114.00256191971665 127.61857327498892 132.2151373454469 127.02749098746966 104.13008461830105 129.90404691968638 113.3295950933656 129.68404950763681 115.7102288846433 130.78552952328212 99.54312075709373 125.40299788656388 100.23005365848266 128.1172206732248 108.16060074747112 118.19354023233683 106.88696316836361 105.01995066135906 
H: 828435 93.0471792910084 77.47345118408117 92.91895582865281 135.77706386912496 112.88892755979894 70.27984492421962 86.6506001077133 85.50848211996116 87.91870189669312 132.31883153929576 195.69366143206244 150.07431024276124 82.77040988873972 125.33542159604895 70.757610590774 100.59191572171069 110.82901362270128 83.2126360607269 87.16418396568464 79.25923792458129 
S: 828435 87.68862827416508 79.27388553391425 92.93581718757974 95.91368779892811 111.08453538598835 77.81052686508768 82.05600756508527 85.54305898231273 121.10519365223334 101.16016082132589 203.6910869381399 85.26195416755137 92.84733855518274 87.52743024531128 70.25671215463456 99.73533561819569 90.90436859294674 94.48631206989914 87.09940920126007 81.73355817802987 
H: 964124 113.13733601705049 108.08348285348886 126.76203357971238 116.4230076404371 126.919691441844 118.15725874576748 98.57689223222016 104.6075362171935 123.94370709862001 123.68892049325967 123.56428533066331 122.23220511685071 111.19282078191378 107.76545009211253 131.83095755524343 114.40579412384962 101.81198459909798 133.87233065998973 103.55623303000111 106.264529994256 
S: 964124 112.0995304109368 108.0375518193804 120.77928342612208 107.7521248529922 114.10412966936164 117.44785626419305 97.44425957694548 102.3837916253969 124.16800788977811 114.96865538329014 117.5874645961441 126.86598392024452 111.64950412482798 105.41374716080637 131.9479382261148 114.37168033423639 101.75432282079753 132.45150047360232 103.45629732101905 104.65230358875314 
H: 964124 80.95445154985251 98.31156065842433 87.89638948138229 87.76694869124829 85.02959615687018 124.25754462868838 74.01802708999075 94.39604537464474 99.61471731347285 104.37307635535328 102.60330331719537 101.02043741841841 111.76094324096725 69.85597828692636 147.80945997259516 88.3423740184421 80.37614396734041 83.95773564852618 86.63258385121253 85.75262297874815 
S: 964124 83.69322227668226 88.39290673750602 87.00234440792751 117.88734930869568 85.94973080536163 124.13715179439758 100.80994978088526 79.08692001314796 99.40298170936225 126.39929855529391 102.60330331719537 100.20232338853538 97.40047141746352 69.85571511071755 147.81347542910066 88.14640814872934 80.3422459204475 84.76659923098364 86.68677288326488 85.75262297874814 
H: 778806 123.53830904109655 128.02673534152532 107.30421628424823 113.03978642421738 111.11545405725363 108.28651680071523 136.3752276668174 105.31971482108366 110.11602227431035 137.61190326719753 94.76799867803038 123.30766313685575 107.598018095532 105.75530571730746 120.21620308203377 129.2780563434182 123.72553609657025 120.32403720004702 125.67890758419097 122.85449869028925 
S: 778806 127.49228824005807 124.19210089942283 109.10221114366503 106.87110784554125 105.23441483377047 109.31132296631489 125.25530504726129 101.3922356551857 106.72308280164685 131.02514310952364 95.02415403691134 123.35315836759452 109.73115505756058 104.66848816493732 124.25490235547471 122.34187726162843 121.83853766415088 116.57225829214482 124.84700060811095 122.36131157878239 
H: 778806 100.60711191704152 92.5807810732812 77.44524650933805 80.7478425182524 84.1028944670942 78.81777476372258 101.29491279341069 73.11802439567198 86.73895409079029 134.86215649429113 76.01549944654845 150.53767563874788 81.6197160461389 121.25527024527281 85.71752297817903 81.92878630129134 81.48275887746767 105.58044275142844 89.7211041947278 90.24671066358982 
S: 778806 84.21012295133178 92.43893712476054 77.13613892752257 77.7848472099135 84.28131123275793 79.26893233098563 90.70195348199547 76.27539158247146 80.5811497257934 91.53353193340537 81.85375367499589 113.18548550188646 80.0755287999143 106.95385338683286 85.68273185807642 93.55649195663986 116.52040696258071 117.95216456481876 80.72682941886339 82.97207748641209 
H: 551649 90.30263319710406 129.4072291392895 135.67844971650382 138.74162893874254 101.4942487329368 105.2387842281798 125.01053229547944 108.29391170588188 118.44983381902888 124.91643880373361 115.21925083299598 116.53207257575922 127.22011001322377 96.761972284398 137.61204812433033 132.04443496182802 136.42144194573734 119.14906547097529 106.0398280402801 108.44869235146179 
S: 551649 92.7248826832204 127.70103197977288 133.94218180531593 135.55942676177256 100.57288417084811 102.63686643887641 119.46267992669253 111.411701309156 115.17636835288243 124.23385436519884 115.21626804490114 116.31975696730913 126.91009012631012 96.33525676353769 136.45688511371443 126.03890526230285 137.9807257425597 115.84065041962857 104.13447550641123 108.50284351839066 
H: 551649 90.60265362249858 117.86391702195802 88.62765280872401 95.3530071797942 101.17065556963462 71.75417701398095 97.39969819170555 79.76133604002727 91.35507136704929 87.28734582907823 87.3526107319054 97.84522124818407 84.86681367499064 78.85998286683159 91.6567702643036 115.05630954303959 102.13982113063027 110.12349023966536 95.31488811969344 96.29937922199662 
S: 551649 90.38135627791347 117.87858933844298 148.23411871120902 93.45997964555896 95.10253519617552 69.3836571744132 89.74554258838023 79.63305240267209 85.86632571535449 87.29619381118549 78.53916554733745 83.48560148008492 78.19127702013112 82.20259135840024 86.12263271375565 114.7485551664231 89.8787121557221 88.93543616428636 95.31488811969344 97.07657973628028 
H: 935296 126.29835245016592 115.21908232179601 132.1785067639843 143.4003381157022 138.22687093217044 125.14011670581307 123.77058758065671 118.4655753868895 105.4005934732816 134.1581257616426 116.11126740654105 129.30587739644838 102.1789708546809 116.74100381332535 120.71378582058384 115.75675388088358 125.4304812371915 106.60267325625358 126.55493952932086 129.50505796559335 
S: 935296 123.5203027534216 115.22912902202145 132.94172152419904 139.8894506937917 129.98204154919847 122.32402144342547 118.68321225197936 116.89239716945428 103.86653803648468 128.3561384694585 114.35038729901511 129.27760219295033 99.70111822285473 113.26109204238941 119.69435358366076 116.54893734877065 125.02682466804677 104.31728276443835 127.60428156304488 128.63755119063435 
H: 935296 101.80669440209171 90.06394720414991 89.74270008939412 92.55050242576 85.2074787814966 100.35692136539026 82.941315298963 128.09728621057636 86.09525700599673 95.77996373780489 80.08225394250873 76.39261910257368 70.63790562393278 85.13618281371431 78.54937249383994 129.59967950656227 84.32241463159251 82.04927830203245 103.85935894535372 88.67292807156414 
S: 935296 101.12788260573315 81.3745318940497 89.41029729546906 101.51160637518497 95.10141065417814 100.25078503493955 96.4397024469644 85.72623501485685 90.6983588109172 95.77996373780489 78.42683996248164 84.18134365381985 92.50441964745784 79.92611615563655 78.25146132027307 129.68720618662775 81.3044568730897 78.6652804264501 103.3684612208083 96.0853426642706 
H: 355613 108.2345241443041 95.62364750602787 112.8637341155776 132.5267220379564 100.71134928293719 110.2172260536357 127.10012228393649 123.76074594633208 131.35510042760924 117.01129525174498 120.51613278386161 91.95487760544886 120.0341276497217 148.39953295381176 105.28354732233662 119.05031029597913 127.61837010487494 139.13544566226247 143.3141120415812 133.51870803424904 
S: 355613 107.48205437426506 93.74713747986478 110.33567585363903 131.8447173931443 99.12437364689511 110.84445139371404 129.55736019817945 123.53446575493554 125.26461854563615 113.71506537438938 119.16601387626315 86.21689181341581 120.75292842445835 145.25591963822836 99.4796350436178 114.08828484854772 124.77692469960994 136.88451535262467 147.64128720685102 133.63543248193173 
H: 355613 81.6251993744171 78.64441352221831 92.4440637576831 98.75796890221314 78.24270196549736 100.38553631149183 149.07121291979848 94.02902025308119 115.02236435972858 108.11516095906111 102.89982037508345 71.70420415378331 143.49071781907386 100.9986737627735 74.92953151619447 116.79421558828848 84.23480349477094 110.37527328282184 173.47021518434062 96.27630207286595 
S: 355613 81.46435548715986 79.25826348949379 91.73918445182092 98.7082646280514 90.34298534249994 100.63441050101785 94.23426727783668 94.02902025308119 93.27018201188997 101.47692561279987 101.27537207674122 67.64368638842498 143.48448275357197 100.16752062816771 74.92953151619447 111.64038363218596 79.22499215242541 121.11776129561049 98.168380174164 96.16884447510564 
H: 787258 120.76812021008502 114.31002982701632 121.73482722764375 132.39709782287096 116.10282512773668 114.883904266246 120.20524934481969 132.98857452103368 117.9240125081347 113.94817839932874 133.84430749122964 111.77444386960384 126.10499215903243 126.19857383550047 104.35560911457536 127.42757257203 111.63077221596149 121.47855686079956 128.70987992133385 72.14684566123164 
S: 787258 123.7240915360721 109.48666676307204 120.08678324172625 123.20934973045767 117.27176935726492 112.22688252587879 114.32383018689255 133.67710617870017 118.86154075275178 111.62784631520665 130.82781319434525 112.26039695820629 123.08400464807636 125.81683625789616 103.20526758394783 129.2013806865428 115.71014637367469 118.02790375482907 126.21388797558966 71.42165785352044 
H: 787258 116.35857234087568 78.06673057781157 85.79127769171667 83.35433844447873 85.65450306805813 84.5232793243712 81.67687048179798 100.80136723872882 85.85977538980177 80.50721497774282 85.24518147416748 91.8858357671707 82.40252907115133 102.61955966475433 82.33098022276272 93.199186157504 106.46675865476931 89.22023987765871 103.48119608246179 60.080426486880775 
S: 787258 81.52767842283507 86.43891556566308 85.32660225914013 111.2022407039965 85.65450306805813 129.65383639951682 78.22048632919464 111.30123798556728 102.62147034944144 80.19781292113497 95.13263041315214 86.12819171341042 82.67593843462777 102.62291338382076 82.33098022276272 84.57536287966437 106.36963759220602 83.32842615823782 93.32263294003377 60.980096833447845 
H: 282855 109.57025019271323 111.99350379597327 94.50688536690554 96.5672725425049 134.3445991341877 138.44239817037356 131.96698923343234 142.84103751143485 95.95341557108567 120.93449623625949 122.98970118655947 118.58180356403196 114.1743850276393 121.3134822891338 101.12525023575378 103.43466802767034 119.61085824428478 114.63123995493643 111.36683497057139 97.85505297592998 
S: 282855 107.85552740002117 111.87824050037699 93.78492567763088 96.47733812312758 134.40720161116315 136.01502977949673 122.5209351334768 142.92144152065413 95.57415186702154 124.55274580916708 124.96820922098745 113.60596772766166 112.07042041242565 123.607404433865 100.3401898544956 104.53801602135013 118.27028109297075 113.89543862931488 109.94567759538137 94.95326769170144 
H: 282855 95.67030221565295 118.10015336636467 69.41632604866516 94.28906231821898 87.08704417307469 87.19032345863742 82.5426460848936 128.8701684138858 87.89613005270962 89.87976417306122 76.85362058335494 80.1804686189741 85.43860384625698 88.41735204409811 83.772351049037 107.31526992824413 81.49835420188124 100.4230108379749 88.97412762941032 60.92565340470912 
S: 282855 93.1434480455773 114.29166664987044 82.2082572013305 90.9753587203998 90.61565374192095 87.19032345863744 84.74197144734326 91.009421007828 87.8191249772711 89.87976417306122 76.3841852124161 79.95533898568652 85.48059307566112 87.14976167199377 80.28593944306854 107.31652203544006 99.96966053150501 100.1067401242954 88.99021228197189 69.5762459001806 
H: 943626 98.00992368743331 99.27512290801488 105.56016967148824 107.66719026238667 115.36537137806019 131.51199653541306 105.8479500440792 99.58063193700772 116.66953285248651 146.1754591605739 115.29873271144002 136.82830083725543 132.90685266561826 112.34120657511642 117.21900539411166 109.85323364918551 153.93236967625475 100.23600222226375 124.93932977225691 132.54528264163713 
S: 943626 95.82017038328516 99.7811539564544 102.61459525525612 107.14483324119884 105.02084839632931 129.55987861835413 104.12849688139269 103.91147470937453 110.2411572929571 148.6585820293453 111.81977229062882 134.73230234184024 123.4700848713417 105.55687516335252 120.29358095142067 104.33776198869951 147.9182187988135 98.49513841989723 119.82226439131571 131.46976652562412 
H: 943626 94.192991930512 66.28080394672581 69.9432943765592 89.3633378492219 79.34680930694617 80.71056897776259 79.32084651500858 95.24750324004707 78.20915782812922 161.07966859828898 96.04671952439462 87.56486538277291 86.24487124655825 99.26418213539887 78.31677411470861 78.62733015746403 98.71308005802297 85.54735694533481 118.14112137839507 84.07876075768213 
S: 943626 84.43799196490757 71.58245432934282 71.96445005065372 83.81209902743693 76.97210634575009 85.52322724497445 82.37418089043307 96.54582884237342 81.03976386271172 96.49862704335264 94.6066056057433 87.03419963424484 89.05925248383782 90.4910140577809 78.07992084104787 78.56536058874336 157.69446787810415 85.55953026599494 88.40627611759365 81.94728108700016 
H: 611323 117.93133376399902 81.01355471655299 107.10376178813944 147.5873170686212 101.40599158273838 94.89107750505913 109.1085922511783 113.5391283957043 97.31753788849629 125.48337336819566 124.39138207018738 122.66756835410781 116.61369772590342 123.51515956618825 128.74484199083574 119.60036384755314 121.22692707996522 131.51410506512525 120.69322140463788 140.83905976886996 
S: 611323 113.35951825942446 75.09586093581375 103.60933024434829 130.29976474721522 101.14987828270371 94.93370902621434 106.57827413226222 118.59759080526693 101.86892222403456 124.81936011801506 119.79966295720715 119.34265738196711 116.52717007627213 119.46761071896026 124.60259289787416 124.43114232685006 109.17227539404726 119.94637126044599 120.10616300309984 135.42808356605047 
H: 611323 93.45138215099837 65.39460683567509 79.92147141161712 87.28678477536047 76.69127963098394 64.77592703579629 84.87085754917098 96.57696693615762 82.79572531868895 90.37465841359182 74.875302550054 100.89870677134523 93.51429268711479 107.0517449177813 89.90424976123064 87.34413338479754 106.7131684798828 89.4409662705274 104.00654588449287 121.9107161422346 
S: 611323 92.47393382935768 63.40718820946814 79.9088257705269 86.11091043831527 76.52173246694016 66.35637387533482 81.9652606836936 89.17603919114443 77.90886938289316 86.78627070223747 74.32709473970127 97.21490928472011 101.37749814866245 87.41805847451566 90.14230779335749 112.755422973259 104.0427024654621 84.98542458090382 102.3534685807898 150.14159681181982 
H: 325513 127.92839854115849 99.47042909913536 137.244975935732 120.9656602360967 126.1691396766693 141.95212430409242 97.8843084472318 100.91015956528892 116.08656304850331 108.19032877555058 115.94562502935047 117.1196196718072 104.50676394325745 101.16621904524656 103.94564963478264 130.66467445316442 104.45645743023358 143.24247175325377 123.33748133204581 120.18229673020532 
S: 325513 126.8290122992565 98.51041529858652 135.70254104131848 120.14290453849335 125.61112585997206 133.9583323507581 101.1380794930259 100.76801717052022 112.80186861927726 107.94498037215445 115.96613953820206 119.70088909896901 103.67361535390835 96.97303820208015 104.92216445589138 133.21481938952047 105.3016955662655 141.87631491386853 126.48052975845637 118.38486821707168 
H: 325513 95.28591237450756 74.74304135625931 83.71482088338767 89.34148195750504 97.61408518611519 118.91074528483013 73.0011412309138 68.07953976679926 98.9082981394921 82.16599913036423 116.82295458294884 82.7622650120165 80.60152386589272 102.19277629402104 92.01163887437185 83.50029680369492 94.03247139690198 108.10074303698362 109.9796065761096 126.00357607260341 
S: 325513 95.27361270941192 74.89215123819064 103.55590048215427 89.32476815029383 97.89877714867504 107.5358198213402 72.98792549106818 67.48847120020723 157.65932040394608 104.25445658811412 101.94236261919492 82.76792727730464 80.48979990770243 83.42644980940209 90.58841516155282 93.2777436873062 93.93657397648839 102.01993365642464 84.29052983642983 120.82013222545906 
H: 877596 104.65446374841748 114.95485878538722 104.30324962334237 120.39661890171155 139.4379675985153 108.74639799481069 124.25568302861137 119.03539974401798 115.35464200986493 139.43628013537852 87.30088421458979 114.26739495660836 105.17879561364438 129.07978994596067 95.24031039046494 127.21822525779265 112.46631150856736 107.28908212666893 108.70560259967095 134.69969471971035 
S: 877596 104.67014572897966 114.88564158652781 101.87757429607399 120.21590738534324 136.74184056136195 106.87382078822988 116.62840855866465 116.47175311037867 115.80974754951826 139.50864503111433 87.18945546394264 110.49721254373267 105.64398301958423 122.20237750995761 95.49379748684197 120.88118760111824 113.97977452736714 106.69716924476234 106.37557964209518 130.09775767931774 
H: 877596 78.88459493929054 81.05591268482392 67.22435921312561 76.13088999183353 87.36387972990818 81.71699994537855 107.30064092939345 83.97097335229148 91.01905919647214 97.49479040469161 71.13800930166661 71.5535566233725 88.86357577205348 117.9057650038171 77.33765284904848 105.85679869378113 90.16499349060338 84.86653333735018 74.21210885905664 126.05505079552074 
S: 877596 89.09186981208977 79.60201362068064 83.21552683245524 74.57559814672528 87.37190927966064 81.35971378517854 103.66011638409185 83.90392325237954 99.1830865247533 97.49485197413338 77.05193445063617 70.62084843629424 88.78483572731167 87.7054820964316 73.15648674484038 105.84465300451954 90.054175074242 75.61139201513609 76.76067424527842 126.6715636984907 
H: 116072 111.27355713736769 118.2457221221981 118.76715786977522 126.32784279128452 126.05409844083913 116.23405606977232 134.61463141197987 114.06119700480268 117.31654197140205 85.72199640797339 113.05428249983458 134.5640743815301 123.22087241886891 114.81011270927662 134.50788482205283 135.30107311762546 107.6213160663608 136.9202685502531 121.19148861531357 143.2224069537584 
S: 116072 110.79210136450632 115.83893637811896 117.72929116495393 122.47719660829262 123.15679122765576 114.81782276177782 129.73626910332104 114.06834649408637 115.88428426712069 84.77309690036834 108.597095238223 134.32119744417233 121.60767604667728 110.29529947008925 134.68876632130795 136.86162536628305 110.58415367996209 146.10318580079482 119.87610442071254 143.2224069537584 
H: 116072 82.84962475557059 71.85579949797355 155.87792712901728 97.5092108028877 89.6079572543387 117.91323560120807 125.13533936973332 106.38333506006298 83.49466615393604 57.80135583776059 76.16492134450077 137.73318297103796 86.55348222816016 82.85972806735813 153.18162998107368 78.42728857380456 75.97506040889492 92.42445694722218 96.63879505518315 101.55334418876573 
S: 116072 111.59980804815572 71.06389388754079 82.83017485938727 116.92595595041641 89.6244309725016 118.00348670669406 95.4889276020377 106.43273455833886 84.80446384673796 60.83314170714111 81.5576673123018 134.47973941988175 87.47371930407596 93.57833787906043 152.98174321719137 75.69470220211412 75.00825832592629 81.9138912939988 89.39323730207956 99.9396051671233 
H: 608208 94.02000064513659 100.6631477751192 95.20491768883511 133.90166597922095 154.3577313957309 128.92379117078434 95.67939963883504 98.19595407008005 130.69352517062057 126.08016457631591 112.83301189023746 98.14483396060928 114.67069812797139 148.3262666549154 159.58069661377104 105.32895150022047 132.79836171803777 101.91636156265572 119.83895847375214 128.79928148181415 
S: 608208 93.06960141717435 100.5205673556305 95.03669179354608 128.26541742292568 147.455834998167 123.93320213324121 92.71820668603691 98.08940793277696 123.3234517700779 124.06514894040642 114.99279040841802 98.15194085151795 113.54023239498677 138.84350810086985 149.74926405837974 105.1825154303538 131.29722725941562 101.84447914282393 120.23924918706922 122.02071745785103 
H: 608208 64.64741928936917 83.80226453628964 74.17819788197667 80.28299088264387 97.03913543310023 95.00852519522354 74.69864807509978 99.05964479824503 110.73090711931098 81.71587048273045 117.19318127335524 77.86530937639783 77.94379347435718 141.10298092942546 89.03257007815077 82.92105841402754 75.36875869630289 87.49623424626479 88.71914418439272 88.19399138442355 
S: 608208 63.24566092938861 83.75240166193889 70.97479482330398 80.28905857901154 97.95262575703782 94.63040874839217 73.60890331646517 97.84222784612311 110.6841886691459 83.32628471763111 79.16674451466044 78.35392046806939 77.93751800850892 121.20727721658476 160.8249907054976 81.14353636722697 75.35706927705732 84.87870145857771 87.77972613389338 86.09620587380424 
H: 462385 128.83399220122342 120.83930116416353 109.59714582717145 104.93288549759697 104.5165846806647 104.47311745021489 137.74058325176165 117.8066172906367 98.33035764906633 129.6805909317898 100.56829196042337 127.84641137460439 125.34487721298548 110.90239942071966 123.56148479328635 124.89112856703161 124.59730348946321 113.54941898014029 119.6318902673317 119.24688453253974 
S: 462385 131.5267318790955 107.68733229781867 107.9825527345492 104.94460511060524 102.9756648785903 102.63430168010268 139.3805595222792 118.75494271108512 94.81171759756846 127.34906977854463 101.49935823628239 125.88412128025868 123.47751322243758 113.72721946338883 124.72527204895118 121.94722544926172 121.06038760945397 113.28702997404504 113.35138919745552 120.05787245430183 
H: 462385 215.62034003928434 94.49555764989374 121.13651438276976 89.21199115202971 113.28493600750114 73.48789803698642 127.04173904618598 76.44607274641032 74.11600332409999 188.1967092017795 80.54209604748367 79.9916452536324 93.19138432048587 96.13279052324978 107.98103264010373 105.43445360381202 104.97776473661494 103.90415992181511 87.43987158034562 96.42623127375496 
S: 462385 99.41463508941223 94.20290546524649 121.31658402400413 81.59544756234382 110.72139682232071 72.73617763716824 121.43023859296417 83.93239109529918 74.40954980558418 134.46672405120546 79.64263492389269 79.95934703880313 93.22335533197511 95.95809748120253 107.39304600443074 104.42769091817293 101.9169642107424 92.41095310590671 87.98558845342916 89.93971987198088 
H: 427544 132.62774803053745 101.06221764055513 131.87090315165958 106.58455625961619 98.83841039280084 135.96512697930643 111.83270735506345 121.48147453184346 100.82288309008212 99.50958118250784 131.9883599712789 129.5051714228263 117.99801450833668 102.53897827225764 107.32872053940093 119.67600116594782 128.42143193660894 118.12786271963176 138.71064995785028 114.98644574246609 
S: 427544 132.37619387336144 105.27908124273858 130.6000715588834 106.62253808217433 100.0555730602538 130.16319086608257 109.34201038787249 121.27370661341584 98.57327228858416 98.45247731584327 129.68272032902044 126.84662629727931 110.32841955477134 100.04697586417996 106.76127624355094 115.58566524476718 123.02709235414433 115.7684826574065 138.8073492102894 112.94907622637129 
H: 427544 97.79835410340408 69.57106240276043 125.8393297732555 97.26252092265919 85.89169434575479 99.49017309227894 99.9777874367943 87.03701550069292 84.50404314158044 82.21535449146295 100.17070291867712 119.00181981091227 80.91538899774774 84.20791839157542 80.14672259923674 170.13878105192998 153.9107396504237 77.70492354909682 141.63191831188706 76.30494799953343 
S: 427544 150.66585795165926 67.58019535130724 125.8393297732555 73.69492783721046 111.7353778144225 104.25597312593997 74.87409567948873 98.92751117512998 72.19222900716565 83.3591377875108 93.60228975953527 119.00181981091227 82.25849435412064 83.54056016381664 73.32222552501085 86.86858391097265 125.04627587360922 77.68489449600408 131.7450586554401 76.32523567463832 
H: 146943 107.63003396940651 112.62864841124463 117.67811320316306 112.46714555063261 113.10011655585882 133.37461432266656 125.1459037643561 125.51266011503964 108.18824869118924 126.85486025623632 108.5645038218855 111.24945997485787 108.12245467016068 117.92723013755085 134.96857519615384 118.25337128475626 145.87119662124508 123.3484204244605 121.38537441366951 127.22858172030499 
S: 146943 110.38169025760091 110.57365336597316 115.51816089856399 112.47072934436808 111.58221464476802 129.4355382823762 126.65167322237622 119.6538120602833 107.8988790420142 125.88039206477193 110.5855901392803 111.97428528825974 107.48796582919024 117.82140689832107 123.21932603608353 118.80090663956005 145.70007513349225 121.22531328663355 120.67667704380088 130.16742237717577 
H: 146943 115.8270287400612 102.56810093527291 130.33886593387322 82.8309264923052 77.22160847939504 182.45260725218458 162.09919289132608 79.29369109612769 61.04473709374635 84.53061850528007 75.42571182312543 86.12869496550705 90.66551430342311 82.60504443303222 89.76692486581109 91.89659623809617 121.56579607586838 91.80411365729117 84.19245454097086 135.09926254877234 
S: 146943 116.86255992996185 89.46779199621535 119.13802669840244 82.42237990511919 78.09905998645095 137.53218778050785 85.92175163556459 86.8604932333727 61.558833354500386 88.44421670174997 73.45207568626915 84.58343481118658 72.04951742111366 82.60504443303222 88.24654226469235 80.92235244694473 121.55151150034766 140.6516596785834 83.42820226666538 94.71451401306163 
H: 921495 138.53273742374705 127.27456439611935 87.53654764537069 119.38588896576108 126.93002791467458 112.48059866410219 119.70961958753178 131.3279935689431 115.27368056745071 108.65309379276694 110.71744276293514 96.45636395106027 132.29339276306874 124.13841962107311 116.3986672750291 140.6019219345183 99.7805244922948 122.74647818870831 116.14055364655184 142.73468432135965 
S: 921495 133.67469453900708 117.8782518542442 86.57685590562927 117.57408198598107 123.78205256049436 112.68928252618997 119.629795099308 132.2603255625994 113.7483536814437 107.42682636821908 109.71539692892085 90.171857465675 125.77210688360756 120.65673338379997 119.40292855792993 136.70617834622485 96.497517007363 120.81805391118836 115.53054809917208 140.64412767349677 
H: 921495 106.05393585993758 100.59662932073704 73.23122091111487 82.6021083349952 95.24015450729979 83.03686264538185 84.34715576525977 115.74285551160526 82.7125124996328 90.79342530269317 102.8816999311311 75.36308482077662 105.18215888139989 125.58601746314905 81.07873515653401 127.898580147368 90.572184654159 130.35064402228917 171.66142501254868 157.05047000655054 
S: 921495 91.47822825402352 99.70862562755669 73.4323534906228 73.79974098348943 91.52070184741135 78.70569503056304 88.53089185223011 115.74327836816713 81.61679792352427 89.85211409736422 91.07492185065215 67.7173576792914 102.23160530444218 125.48936989488804 81.08139199280322 95.09065645967338 78.51355493736416 84.86127979572022 171.41948813899734 156.8834900796334 
H: 601765 94.96206770351449 109.84313849107313 97.93179960181776 101.3075624108566 109.28678381874744 102.37650269065925 103.29263357858375 113.53148259793049 103.74917212366996 116.41838060136463 117.32791267269842 103.88196452812947 139.64708610752962 128.51551050972932 155.486487237757 152.70591418366774 116.61246037285132 108.47573583927709 111.25971392647989 124.3405307647072 
S: 601765 94.47893168383183 110.3830909578753 96.81375072860743 102.65633026109249 111.76385055811289 102.00542802900846 97.33850029913886 109.4236044837304 98.7520608705241 114.08425919583975 115.52063146530254 105.45751133659279 139.33087198469877 129.16938875873151 154.07417754339636 150.6818576091773 119.75087794531578 105.89951552796707 105.92755036822227 120.09267831020408 
H: 601765 78.32200841081334 88.50568242174182 78.70650175624962 97.62531759745842 79.95457348208895 76.25313082430117 70.37207605223809 113.47115664487308 76.24780169596362 115.72700957626051 87.16687673012481 88.99330987567186 152.57947526674107 165.59334142420133 88.65923422168649 84.49552084583554 130.02718638754985 87.24901817013306 92.09398451915132 85.24934983740266 
S: 601765 72.79920266615154 88.28787230421376 78.85828655479887 97.94580766639304 79.1329744982785 79.5797888847434 68.1857339781867 92.46783194209615 70.39045824079138 98.05541267200216 87.91160696546305 85.68116352259987 150.187149749904 95.51805360488281 88.60815778786852 84.18770517022504 108.24423448406287 92.15560719278676 92.23325868682917 112.51963400875464 
H: 212350 129.76433943394645 133.02681896311765 114.91949731999681 152.08341046313137 112.82915376742773 134.0591704426601 112.50024067465345 112.8416885098623 95.7845065889649 99.20892584069645 138.10428237677473 114.3823647436702 110.55891741176963 116.19032753911115 112.36642656486084 107.85193634548015 112.6325727620701 134.57921495421434 97.17921872495376 119.9294778955343 
S: 212350 129.49848546690595 125.20468726874195 116.16186998179903 148.99307298236891 109.66250951962952 127.99440783579915 108.57100048302306 107.19425279641193 95.18928678903607 99.42744310937218 136.64758172895168 111.44597489216729 111.79564791098147 115.49373394652676 111.2821909212735 105.30106710348288 111.01711612804401 128.97660363707809 95.71255354842242 113.42893768653806 
H: 212350 86.64860473553854 132.67464622677903 105.1805211879253 98.90436344894198 77.51479196585531 172.82689464224782 81.03876694201884 93.47583409090326 77.81292105919178 74.98061801398748 88.5933716352683 91.44940731524821 83.3091187174033 72.43004173082251 93.06331068618931 83.73203153214519 87.72518547652763 83.89823119724258 84.82776857194129 102.874989163046 
S: 212350 95.48112498513987 132.67464622677903 82.88027879827449 120.55145321456703 77.51479196585531 172.28985896142876 82.7485263154276 93.42339688483366 77.7275354019412 76.25718771034713 88.3646484528085 91.3645029535421 89.30223858613967 71.40636288820642 84.06202561708301 128.35224845955548 86.26057702216731 85.69909587936408 84.3355461085974 102.874989163046 
H: 973726 108.09114236445862 120.4065496922131 111.98915735827683 137.82387205764596 115.94000185491244 108.97814857575501 141.25819146652887 125.00979989190633 128.31530644178937 91.84354096219765 109.31239099740745 100.71193830108515 116.43300256934216 162.42837839014078 119.91382416188077 123.60849624514304 109.15500349395863 122.04673329640286 95.27217495118563 137.9292789028386 
S: 973726 107.28040863585231 116.26945539303733 111.77236267626101 136.2161047018017 114.76780181328239 108.78851239013456 141.23220749881946 125.02861535349433 131.65110183609943 90.52885376067557 109.31239099740745 99.32968851368592 115.06214803609295 154.40194974621912 110.95822739849848 123.3915637397248 109.54928344146171 121.44585005826022 93.46172703796965 134.7561907890836 
H: 973726 113.66786525454823 89.07716390263184 82.8019141986651 93.28580856427953 87.28516014127867 94.48783469547347 103.27908828149413 87.0628471106032 134.95674414604534 77.6685513758819 103.27161698405384 86.8720132833232 76.92103437849669 93.49523045645745 80.08269654420714 88.52716485120477 94.53013269135114 97.8590537757289 80.36364796478742 119.79483374139161 
S: 973726 89.89789835932679 87.45683125657979 82.8019141986651 93.28580856427953 88.34719130468616 90.97437249563595 152.63766805949717 87.06806795775356 134.86412837098368 77.58887528802154 103.10565078523167 85.52895554105093 81.32546431020229 92.29272215260853 84.78777929209608 82.0419361269319 85.25609982460442 103.46277677692149 79.29778622632021 118.47595777404536 
H: 148684 115.90162369389861 103.39276140217277 125.48216679129148 155.54101435292668 144.34585132613662 110.723061157489 91.7494596235822 121.1613160247509 122.06145207501996 121.11778523195119 103.2541038257321 95.54504012516658 130.8744936225416 116.38013262975292 109.6837586740297 95.10612200872175 134.66112282449845 112.69230447279593 115.56791097483882 123.69662664617496 
S: 148684 113.29343458292804 99.19256067420883 116.00552709270666 155.47828100704547 144.65261500406132 103.76687911506862 87.35828252969934 120.98040148093574 122.58602200391601 120.32008296123655 101.95561555501796 95.78810005162843 132.5645128285477 113.21103644588689 108.7622179551094 92.11463424563688 135.43248924225088 112.24287337653773 111.55541031750354 118.21983615847066 
H: 148684 96.10989731032024 78.73914051426632 91.03434870294913 111.52374570189505 101.86297435046258 92.75773615191156 72.37686418572446 95.01257511354265 85.5606988993796 100.57054193325217 94.63812396543761 88.63883671058079 84.79724823872345 84.914763408542 82.10973235191405 65.39012007000943 87.13355686013281 83.95431685900905 89.98270670631409 109.45342944008964 
S: 148684 96.04020758768023 77.14920757597112 90.54303563640497 213.81976200153946 131.61085605336993 83.88413762008332 72.44588120646219 95.50437923115366 95.07189441455644 93.27353316310767 76.04775518136589 88.62687108535863 84.77484959209116 91.33512502166494 80.14296439977095 65.94795234385184 87.62245029329378 83.09281098075668 89.29693143767321 113.38135966693987 
H: 440592 120.4790872832186 144.08259763304522 129.2616820263939 116.27247094541967 126.33088442530021 115.04125440450494 111.3351093912399 133.51651040333024 128.69235861794445 122.50026102998514 116.62076997798344 118.58264480693309 91.85077284676423 146.97727158583334 113.45489249912055 125.15845605222424 95.74576652209811 135.14655101094775 138.85461046842428 125.6425137949391 
S: 440592 115.74703899218949 139.57634310283441 132.93434898776468 114.94713134181526 122.84482588591099 115.67700150198989 105.72175168748863 123.83081630151113 123.65189909016232 119.236713456174 118.74294932104509 113.7193787247615 93.86653104958864 142.0684108157416 109.28680326167974 118.69670727910305 91.7843517220874 138.42707273697175 132.75032954056843 125.52580403158473 
H: 440592 68.2165588005173 102.13081903111916 113.16039579851459 97.53429307538848 101.83976858790909 81.49108349034253 69.62479063863196 93.38971097401804 85.5471081079032 105.29379381957399 77.45629741675019 86.27224117268763 72.9216952486759 128.98569203641117 86.79574832535054 85.36645913607585 70.29083538712996 111.24568605171893 100.29073289361678 105.67891019796238 
S: 440592 65.67369271623231 87.90135307020363 113.0988891944099 86.97178705414791 100.66550577852064 81.13328884457387 73.41632055881078 93.38228731613584 85.7889465335864 104.02241215441934 78.36568864163492 95.38541556950726 74.48519732279328 128.98569203641117 86.79574832535054 88.81172832577542 72.57950005823915 99.64162898618214 100.2851392326158 77.15829983523673 
H: 502352 102.4806447465059 130.85187429337182 128.20540191368352 105.15866997145994 121.4613708241672 100.34089321207892 125.54255148440072 112.98999257842563 109.63169277677962 99.10960720773463 93.7866686339324 134.61053882055145 108.53315987046285 103.32158020291635 110.4770034945844 114.09812891515526 136.0810015618225 109.49996105385785 137.59233324171325 106.41719810685609 
S: 502352 103.8629257104648 128.91342688592715 124.97631090302703 104.72529282481078 124.29196124128144 99.07613159786011 121.16051231390455 106.97554719984959 106.19883562014759 92.51716116447028 98.83422025735582 136.50309699378016 107.1404110024023 101.62308492275884 111.64703163831432 114.01377250662291 134.37640162837005 108.71810361457455 136.876196736721 109.15451278123253 
H: 502352 82.31208259749856 96.42080745076528 74.1459441344349 85.93991791987433 90.85041957746033 82.40778378067546 91.70729251564103 82.29126267082628 79.0855863751025 95.08551430796014 72.97129860780814 86.68573119225077 81.74241529203013 81.89247903700253 74.65094880260486 122.77735718499122 80.95928021756725 71.3298628968291 111.82126031249456 88.77264356255056 
S: 502352 83.58436088291994 97.03688492049405 78.02098266587399 79.83432894004561 90.78459319847016 83.3579830252569 91.27216719869521 81.0142665787472 79.10798105791127 75.4537387565082 71.8381178039417 86.44663126476198 75.32366016790091 83.06562488197153 74.03346484267638 153.33021861685032 80.95928021756725 70.25846642072361 86.32266377044704 89.57843271953901 
H: 723063 149.82929132707238 129.18300654459443 113.23379803014387 124.65048562922127 104.92481436602422 103.31759235929383 96.98832466325099 133.0369703054727 111.9147762347596 114.01792809233804 100.47715961831709 117.46922774510142 125.06797527740751 115.92614737378906 104.90111799337654 122.69998689880744 114.95298380426357 103.15333177859735 110.37539493651616 118.2885429661364 
S: 723063 142.31565027772734 118.41714653729593 114.12099156835478 121.60143549619228 99.19509558044061 102.05874069332924 96.05279665253391 130.8101442251972 103.56465382741905 113.01097891839349 99.56845939253346 114.81762550000663 127.29121572905122 115.50158488812444 100.06549882679474 118.39832506907638 114.7076999714188 104.6597110751038 106.56849736497483 117.89867628520814 
H: 723063 106.22708595595985 84.53557015795494 146.8454980198856 76.3101261322223 77.44860497078513 76.07393292156755 68.64546323252472 121.64267052646899 86.43457476237047 87.27106835571936 84.73947733824686 89.47368612651526 125.50851716433088 78.75236106740441 77.68845992531686 82.71672403295852 86.30552623939134 83.94399503317906 87.89940918427581 136.2172466777598 
S: 723063 89.64337730329287 84.31106239556979 85.31326943530762 80.48269575186177 74.56674028439839 75.44259162829502 68.64875198404368 93.91112534684514 84.47079307145182 83.01055850487457 81.98082084577892 89.77000407998462 106.59219802930602 79.89103247639825 77.61622332857473 82.8678014171189 85.29106574686892 83.97764753169665 87.90802402685392 132.5392158233525 
H: 544285 90.67935327864268 114.38805832243833 94.85428166205752 150.08801681525247 102.72167600086941 120.29380664931708 120.99189886804609 103.80041097166422 127.08884262399407 105.92397667014203 140.56973957370474 124.04682698370786 112.08569492087574 112.95075711083827 138.291591327081 116.5939965366184 122.64204516276163 115.65367554535123 132.0222220030626 118.09520169115379 
S: 544285 87.83171751122848 113.7829256560246 94.6214577062404 142.50368292158262 102.71846358870643 111.63372196844931 121.14804371079941 103.93080521735996 120.62442631264679 107.19658312119446 135.57970720601935 123.84091413912056 106.59410733515377 114.83255289410894 136.94091294178227 114.63236381315387 113.83401001306017 114.11233622091804 130.7320094436752 115.35215606643816 
H: 544285 56.889316294612 95.38755151887315 80.3739082167427 98.63882366946972 74.76706960579206 103.16684377499446 139.25493333542545 80.98382845721461 78.40063620385487 82.02010364793662 99.01106695470014 96.57390015223088 82.90077598968361 77.07541426937483 99.90053604861842 80.50317763764717 121.25173700633822 83.5855370439745 92.57774971683925 205.49500545417442 
S: 544285 56.52432036711091 81.24673061457281 80.27595375662277 98.63882366946972 74.77158362161248 104.03112027842549 139.13294542210937 83.97262230388333 78.21743881036326 83.93907026466371 87.97148585599689 76.89435911689375 80.87482422745632 80.53762422495006 89.61655501068294 93.31319604827186 89.50348466433012 83.52542874348586 129.19940276729403 92.93591827210902 
H: 107353 120.28038986098045 115.585157649671 114.70539030260574 145.8738644121775 158.48720587048746 111.16501730239169 121.10858427816044 83.5908048114487 120.31299060369524 136.02724135762062 116.83096623512009 126.76630999260802 122.95152700064304 106.56196905856977 106.08454900118774 139.4068002657283 117.81222140735218 105.6151694716324 109.95790651546899 105.23224145231612 
S: 107353 120.14567254485942 114.85386113575922 114.15302354029244 135.75397206530988 140.58837580559901 114.12502287417712 120.82795623703637 83.50437297073401 114.40589395807086 132.74696166808695 115.46951096884236 125.47830989971767 112.05371213121893 103.13732346673903 106.24446476845462 131.36171668436648 115.01958257018106 102.99413251247823 103.75087219276197 104.03001226517067 
H: 107353 94.21009265995626 152.4938310083004 80.7683438552282 89.12779164737437 152.10762708044106 103.58610913902477 89.47718226818711 67.79562148831961 75.32704063316926 99.72958620366853 76.41354487778445 119.49496487747416 81.12875301052455 134.07156534188843 117.10858433933642 108.80822402768374 85.32602372223987 76.11754329228138 75.9980654927233 76.63984657355002 
S: 107353 94.1258231809518 76.84010461789897 102.10014528325152 90.12075411764408 90.86620143323417 104.99056975294042 87.95763636724767 69.91931512905879 75.1581383635339 81.19616454482714 76.80191591448813 162.31942485299498 81.21109466968696 131.38524603277168 117.10858433933642 106.97456981827803 82.48931784370843 76.2028415525081 74.63933145325535 77.11738197595896 
H: 73770 145.78999654923916 124.5210232888165 123.11011001303093 139.49710457980947 133.2667873481405 144.82448182332718 127.24109922715365 135.2022700719288 108.7172198942474 96.16273375535603 122.98231751433991 126.04340755770907 94.57311003968142 118.37668771428208 127.53421557480843 109.74432016090721 104.38020988255845 105.02919998359195 128.5021321594775 114.36791627379701 
S: 73770 139.98724470007772 126.23850707415308 123.74418548381158 138.89301104373087 130.1107270143256 142.53330831401408 127.38700782910344 137.74024501998883 105.0115592083521 93.69217224032109 122.32434764122348 125.09220282787122 92.323868343409 115.88895143609903 130.02757565885133 111.36602968796832 102.93355918545001 105.83262990492399 120.21233019915084 110.89534205018602 
H: 73770 167.50219095337067 100.82963731584165 88.58720952944621 162.86616812904697 94.92770031831957 79.57219687534865 84.86225957936699 116.20835700019472 83.97825316412953 66.74483547781252 81.56123627409744 115.76675660685959 72.43341918042638 81.2402283543903 132.0127954699691 81.76045140318674 88.23535370247077 81.47086989927901 85.91656280211969 85.16515584158837 
S: 73770 168.3161402057086 100.83642064602267 88.5998123463388 159.62343530896672 95.11738028026878 88.65453416737675 86.36268284801406 115.55114806080044 94.93923852773472 66.56684023527478 84.04611501258651 92.06054639930313 69.44262001508552 89.23838111363426 132.14101203639726 98.41761132490245 88.283051170923 123.93565425859269 85.9049615916219 80.83427575618569 
H: 692297 114.21480707449071 117.3970279098677 102.74070468364629 122.02202352758022 110.3683336781202 106.14628456328215 102.35195235574845 95.4881882351098 100.16793338575633 96.99110660660878 112.72077028122084 97.68976950208102 132.85614477334866 130.4318159270394 117.64979312344819 154.87948045752754 103.29336110661461 134.99014841202128 110.83650702638147 109.35782841103995 
S: 692297 112.36552202213299 117.43957817857473 96.21464617983814 121.72862604041852 104.6027335127964 106.41139865650385 99.83172653463936 90.909123577942 100.0481942089931 96.33294688052949 105.0321393336893 96.02813043394406 130.89244402869423 129.75214300424443 116.16587636082258 142.12083568706797 95.4596865203803 135.30221182678295 110.22563223769184 110.43201611550725 
H: 692297 121.04999708902943 88.65191299300226 72.82840478714505 87.85631641648492 70.24048434841723 83.82548901839459 75.29049079677661 64.61163294156665 95.33346566681776 72.18510983968524 80.56123895220374 71.74417498793271 125.34848730488665 93.01758910812639 88.67216389627687 122.32078001925869 88.82442522168971 102.15269857250037 96.26325260538293 86.97950219229092 
S: 692297 120.79408898734363 76.89086687687731 71.38258168608911 99.18227037674284 67.14631355659274 87.44628311649033 75.29569671509947 64.61198650177015 96.34545252267257 73.00869371999 80.56578392258946 74.97414617821148 125.34848730488665 106.75485535322284 88.46879939457499 121.87655965651005 88.8605997227856 102.15269857250037 136.89669226230086 78.23835471516529 
H: 718709 110.50625664699982 119.78714668201167 132.10012335704295 115.61985652761278 107.93004874365249 116.90579666528504 131.29531592368562 123.87120860706051 107.3491468875753 129.40207996180365 130.70581438272123 113.781565503138 108.14984321889746 124.52139386013319 133.74822122784556 81.81821896945344 117.3008442637919 116.56716883707638 123.72060930914002 115.7779967751987 
S: 718709 109.77629788655804 116.43263222289532 128.99351461623064 113.74262758827062 110.21263829923153 116.58014573965406 126.64294778584495 120.08417028074703 106.11328146751654 131.27844082603542 127.51937634527002 113.80231780939594 109.2062853924313 120.94869839861495 131.97606756748846 81.79161740356858 115.32349985776206 115.66917178818227 118.87319055171756 115.74243953731461 
H: 718709 82.50185206506758 111.45402745870206 78.67237544732397 109.44872666768975 80.96842717982437 87.03468619665355 90.28507064553567 130.33227808933853 93.64096895475855 125.7386765626433 121.23189199479968 88.53130131351537 81.60826805019127 88.81233111566432 87.3364128942555 69.0017241371551 127.36713026354047 100.96673261897561 79.22900321460867 80.8178659824565 
S: 718709 80.46343308326557 104.98694601930899 78.67767414045991 83.34793001559572 79.08763731799367 86.88106499255805 86.86215464466765 130.33227808933853 81.00184110827574 124.6668191026907 170.912275685534 88.54399579860734 89.76841523570428 88.85018473769223 86.0684963551733 73.3554773963067 109.5225551430429 87.32449421192014 87.61937028199064 76.24738016220994 
H: 396804 137.14625462631898 131.84790731913128 108.51238547325114 118.21778795946138 120.65764651752579 138.09194423577992 107.70216178415423 95.35730493156967 102.63951160377027 142.31213143225324 106.11939070165747 109.2670341678351 115.95152846968604 110.66299767056927 114.21905924324439 109.17572755270237 120.40681178013372 118.53597762700718 121.92787389223292 122.14262619243252 
S: 396804 134.08469457906259 126.28934831896902 106.10710535177772 118.06853265314939 120.60666954535347 134.32351172852634 102.29639361569309 92.30662866712773 104.88281845245928 135.76697403810832 105.51673643688248 104.63292970659909 118.39471660849135 110.38001970076192 108.04971596632298 107.41094639758641 112.35699455356539 118.29240629083205 120.37601607716572 114.79920153949746 
H: 396804 121.37913847694384 96.35493251014326 90.89036162719464 103.50645407219866 90.75066008651275 85.37152075417002 91.25526164768335 73.6961545215045 83.23757353038665 131.6555303970745 81.20904406347759 82.15469536048413 107.63575079510508 82.45361465480646 93.34744404730183 89.54729096979915 73.07201856956381 85.6630862148994 106.21070277271957 85.47223995372431 
S: 396804 93.16064723047617 92.2357099548604 91.80353708296023 85.5547139365995 88.19662843070431 132.47045040226848 90.31208162709595 78.72482246605976 83.23757353038665 114.49998592092865 83.1444822906999 87.94734417663756 93.76863134447049 83.0439701657305 99.4723370306594 88.86752924201399 74.85727305066132 111.65264876513402 76.4308388154407 69.64015983075254 
H: 715359 125.45100767335569 120.21920483340033 122.01358975860539 136.5939819385945 113.78287092549745 127.28866457762406 83.34875889276218 120.94622518927979 111.84499083875087 109.86055600784964 119.21619998805947 119.50390459612926 125.00932747119035 115.6427832469318 146.99237586547162 118.77059976490303 115.48398375459146 105.5462348079803 122.76039255643977 97.64246246874222 
S: 715359 125.05009399743402 120.40676435503073 121.86821845546382 134.78189511492275 109.10277148545497 129.03056228229394 82.85381403926343 117.08441550039159 116.0449238892533 111.22982541599333 118.87337263276437 112.4247636230553 120.36527526581115 117.93648201040455 143.4317362062068 118.49109197933907 112.84495633517236 101.06670205424254 121.85770816038037 95.35196036146476 
H: 715359 100.56385388559592 85.57422524521505 148.87331959807676 106.41952752137824 101.18900395282955 89.05291477753494 68.80040401876656 93.59745722268079 85.48396919900112 99.2606591449623 83.97842050396412 83.27305287708512 81.36001565561084 79.4747041507222 84.85609874968459 112.42832852610803 89.95308573775422 85.72977991199127 90.00922553387228 93.1516036798873 
S: 715359 89.49405328309264 78.30093579391804 96.95173787676943 104.06579852087461 89.9657500220843 89.05291477753494 60.45126228853449 93.383431407943 81.08759460147155 81.691343321394 83.7390590598118 143.3850158983945 80.96191078950338 78.07108490598138 88.44280471588338 110.2771166402661 89.71772670732186 84.30918017021072 89.81343464388553 79.01073309443898 
H: 488748 137.19769531000205 114.85711687536525 133.97385526108724 112.80484441489544 108.58578281004932 120.1691975713784 130.59380938558056 134.00791375312417 130.65403548226797 125.16054091928815 119.35802956557407 89.17952381396302 118.05733951485263 128.80954336058744 102.20085505246158 106.11543099560546 124.99602146849345 112.34973983159736 115.72113589622059 114.99434079524337 
S: 488748 132.63670226582582 111.3445950678506 133.58302626411592 117.29463185333455 103.04091535152807 115.78997942776957 124.10607366016065 133.304971353174 128.27209482983352 120.70409173751383 116.2743668431231 87.14830588834737 120.24895243043223 128.75652327542306 101.5346087331844 107.33226996599335 120.15797663929978 111.1208009373522 116.80615326111383 114.44753056479321 
H: 488748 95.8454319275733 86.67062053187122 201.010497946143 66.80139317501326 72.92563130266285 106.2740275517354 101.23728999063601 131.42272176529409 96.30553377590043 76.65015478286438 85.89427526749265 65.62496211830275 95.17585057846915 86.82646649072352 77.10321628248427 96.3034264385767 79.87211458788029 90.1051318091819 132.43552381926327 182.25618391922472 
S: 488748 95.93205737239455 84.17557872323535 201.016122937089 66.41489601348903 73.01961206021102 105.61222783416322 101.08440345355649 104.84915906288097 115.61331428840931 76.65015478286438 96.5755672528718 62.54795019508179 93.03247961825998 86.71417788381723 78.0961571039587 96.0385034700958 79.87211458788029 90.10520167029996 84.59729106762904 182.63801118265468 
H: 418727 126.04696578922949 84.83457079899696 111.87379847071182 111.41725463563755 143.62340383117467 107.23793913819866 113.23046498216726 101.36939388305004 114.79736419370882 111.89981019434467 107.71246718236425 115.57211580509251 108.53366542083829 131.11442860579112 129.3821243686818 118.01508269234296 123.51761779800854 132.2913452041338 119.28340396762864 82.5272328277029 
S: 418727 124.52614831620062 83.71748824080281 102.92133204663543 110.3591830816445 133.2617316879957 105.32728802718005 112.56090157124189 101.38410899593755 107.31040121441279 109.71075931797117 108.88541725578376 109.55947368992872 102.12963056185673 126.97726795782016 119.41611055742736 121.25262624088043 123.13924420661856 125.90460462005296 121.51553770375827 85.45830443260323 
H: 418727 110.8230300517638 71.1847469263539 82.4455341841399 82.90437105639019 132.59810979557201 81.38481924707015 93.64812932456309 85.59240108911382 179.4756533814512 106.1547006419093 87.28279237992139 77.64594527880354 90.09158664595331 126.97003366566608 99.86691416341482 90.25679172078598 149.13891498213084 93.00799178074067 81.86498133280907 69.31340743185548 
S: 418727 87.56024378083796 70.2973290153817 74.9356525109428 80.47007518702206 106.12530520776082 81.32067611984527 82.76644111522148 72.55370649786472 77.26829606833357 106.17395024308574 87.11548076092967 77.94198595588793 87.43211037253376 126.49482913009727 99.58429459049768 114.78283122399304 166.12697786775882 104.80474051765383 92.66675469852801 69.3686979280751 
H: 541502 114.54455703141204 128.20635330000897 117.91143139637023 101.71138523573856 130.51759257201851 116.51223638429828 102.52500250754215 119.12257717761607 122.27925047490169 112.54139534586521 121.95499064784623 135.2640936530998 134.2671562820999 109.7491891627121 128.84854617153962 104.45477161866786 129.75868690808989 120.94049128930229 135.4027562731554 134.89162178479424 
S: 541502 118.55188395004873 129.6453313087298 117.25642426698342 96.29023604495762 128.75009857340368 111.72898060318906 102.17361811512151 112.63366050854532 122.65331054726667 113.55338807187668 121.88952335620253 136.84080174964686 129.73910192962916 108.15225373887782 128.91406576344855 101.47757109591103 124.23493491080659 119.39043709546323 136.73207818162973 134.6734773938258 
H: 541502 114.41783150759017 116.62096840904188 94.44521955341844 82.40950333000002 84.93824205990387 84.84255446232699 77.7446981294527 78.30558534127694 78.67144859553444 98.93498327820463 93.3950329031574 188.60995612651945 166.9983229380578 67.52552955377989 102.65078095598294 76.3468876341917 103.76917884932594 96.52817033232677 137.97927462227412 108.16327347305695 
S: 541502 114.29123520488362 116.62513152259507 94.47388752473445 87.17192045350181 102.99219044489504 120.03179198031283 73.26396109078934 75.858518252061 78.67144859553444 86.9552363084903 93.3950329031574 188.01968576919234 165.1450240265801 68.58298848885569 104.9761132469437 80.21074984224452 106.76885754377487 104.34307659925791 110.8819257403538 83.93668041257573 
H: 492575 125.77412810401276 134.99514269232273 116.3209581603358 119.48821277477238 142.07541985421767 121.80488195012815 111.98601699995027 119.57718552296781 138.06172033462337 108.58213261971336 120.12871468667954 95.67768282875541 116.70164559888315 115.91454609762057 122.00451178248474 123.86374768563451 114.0993119664146 98.9782976688609 102.01405767244059 121.24529296096198 
S: 492575 125.14500737653108 129.5886814567016 123.67220255050046 119.53306858158102 136.2428683816828 116.895463775209 104.7314213098886 113.58206747697366 134.17134597653924 106.31453804378764 119.5858987657263 95.74263018402222 114.4999153569729 114.75019083989595 124.95632224423176 119.83906396865089 114.26417023094209 98.72574359680452 98.64538528704178 116.81468021223051 
H: 492575 90.75710552850393 103.40565282844376 86.38383831406526 79.85355634393538 109.02139275324758 89.5721327852177 72.6047460861844 112.50972367155606 90.58481465492495 89.58222762486113 113.14468299309753 64.91319275231324 83.26059246020637 89.54030701320467 84.9864898014347 111.51487672022557 97.7379538853433 96.8945633214078 75.24259708115534 87.74051772312073 
S: 492575 86.53899039803962 143.90250026866494 82.78487792024134 82.74034547480456 107.84944259841818 89.5721327852177 73.76104638339505 87.02967192240008 90.59002392341708 89.56220852174278 113.1002654352323 66.13539896383358 85.41055589694196 89.54030701320467 84.61184805136762 101.38024435290455 97.63488108318118 96.55907448718463 83.51172537829027 86.58129337961107 
H: 760397 96.3826460278903 137.9091642392423 136.62948316121737 111.03373844485526 102.0795627618588 128.60940837089154 122.65653456311094 96.68935873004443 97.3281500067157 112.60947091357006 122.06352467294985 109.55729540802538 131.91552461140495 133.44059535300275 127.90465733769693 86.5791410489893 116.8449887771409 131.24041072737975 101.20306260838296 119.11162101508573 
S: 760397 94.1649915334218 137.2115303631181 135.4506036260612 112.40376761832863 99.82304954360711 124.56256530953137 120.02984803139108 89.58136414437816 96.11718924091598 109.93663342682859 118.52176701192424 104.34500497221326 121.61127997960837 132.92801559419246 126.2103311586022 88.05414964791638 117.80058683385003 129.64640658063988 97.59843115393721 118.391563745858 
H: 760397 65.41475619558369 93.94463562994774 98.38014001841341 75.44249899473824 82.24264847459196 80.85541056824754 108.05225709875891 70.40712536264598 72.13570082180851 104.30019764415616 129.95421843982044 77.77796385654122 89.12895988869795 101.00356396781521 175.2961169997308 69.75092428206594 78.99490310286298 88.09971450553253 73.80749005780899 86.17157059271013 
S: 760397 65.00967370497688 118.26605789319845 96.91439676376956 68.97672711279846 106.31395742916503 75.99409851421215 80.46147942627888 76.63454038468613 73.16863230580299 84.694945125346 85.64000390423668 77.50986709704102 96.51873542613127 100.3621855927215 200.2561374763404 67.8449363843185 92.9642803894979 87.95092938218438 75.51631626556521 76.16618457201923 
H: 919848 117.28982754439741 109.56970811139827 126.42636291691022 129.7916079096248 113.44532848866469 119.24936428308199 103.82548839961531 136.3949197487634 116.77016111552356 120.7199774529636 95.14597134895051 130.05509636259936 103.69879025289724 126.62138048636196 92.9368325180811 112.82047411919952 97.204706733604 105.0600223094016 136.44086689684374 114.08538330025915 
S: 919848 113.2742453276105 109.85552593091313 126.36833435202333 113.16306897661069 114.17924496797261 118.60214020597606 107.27305003370803 136.07590079098128 116.39845098140358 119.52173802325056 95.65121125220354 129.65448244552738 104.06752817184899 122.68053800856703 90.96555567442697 110.85360862557071 95.42223899839847 101.22065528528182 131.44030189909878 113.31520329152899 
H: 919848 144.5768998792951 75.30425708344876 87.28097882972743 117.31662845279997 88.20926976174911 87.04976880942829 71.90797056480295 110.30937603132826 78.0893117619308 96.98561524805008 78.51729611610673 122.22943096277619 80.79383469599655 80.38885863584291 78.80444194956932 100.27535912408482 76.75844027556025 62.44398976915755 103.76482665214705 86.63204376065997 
S: 919848 114.70148357571064 109.76516456313823 86.04125220467914 118.20290904620678 87.51630220151712 87.0656393110839 72.94650721459553 109.28318259791698 78.0890034126374 105.73282087264603 84.9693726442935 115.99688446897137 81.24465761892272 80.42426508955532 72.30767374206144 86.15031979920916 76.59369146422375 65.29258348729041 104.10548751314177 88.24265125274567 
H: 990694 118.79100798895884 104.62129681082045 111.74416009732059 97.46495239406192 108.59936441504993 100.56127314176241 95.92481401744743 117.58373572290694 127.06141681083882 139.31493730509553 129.99947925227352 111.2502061147881 97.75465558037732 143.55932523437065 133.53456545581545 120.5549485347445 98.31568654951886 111.58353254377832 135.11243714263466 115.29862920598842 
S: 990694 123.55538319493004 103.44527136770009 111.97847127342114 94.5089529629606 103.7392111029935 100.14182156032977 95.49401161296403 111.09097576045926 122.20402603305249 138.16802427288647 124.70535069164175 107.12576794255543 94.49617118218086 133.19791041181654 136.14384655550208 117.01951587856666 98.10052268241508 108.5557513113943 131.65909927270792 112.61886442262318 
H: 990694 99.62466727481201 68.70710835037688 85.0682935371893 74.74428028671878 86.97075998969115 81.56628905044765 84.66310004898678 86.95231485597029 78.30489336515939 74.74826992547948 83.09210933684639 79.2836951245212 72.5655173585512 87.56852495284471 91.54393163612109 94.82508049831601 105.6483706501526 96.88557435067098 142.53772423731272 76.85185027598509 
S: 990694 84.88232146965893 68.70978546946071 80.88604680752397 73.77685001827399 80.52393512733497 94.7423079836023 70.2239127711172 86.03702885654364 87.47755447469937 75.2251838623896 98.8347212856216 76.47150535178592 86.31978445689671 89.49747035723715 90.09512129961736 99.52478957799667 76.04873375076765 81.54229707275609 91.46337309091233 76.86472695655029 
H: 817623 120.80153115058054 124.78339113823225 112.4040062855159 125.27610849848918 134.07881562537975 114.93017781039129 140.003316431818 104.05878876141831 145.45272062091843 107.89226995869149 120.24350217906682 88.86155631732328 112.22072992924885 115.50292260847672 132.36548963070257 104.60540392703166 116.08003250910389 106.0426155536913 123.37867210255487 122.24644475428387 
S: 817623 119.55333841101356 124.84676013762167 108.84776875298712 120.71783473691387 132.7806607082768 114.88688134980353 136.4197349121453 101.75474645391553 132.6032362528649 107.65513955281327 120.24350217906682 86.59341013662223 109.07537806520548 113.01359746745217 123.78416523208007 104.47105104616486 116.63590307881935 101.44573654074888 121.97216983113069 122.32359716778195 
H: 817623 75.41504104357091 95.24965273444218 81.00125903033464 90.95725563950236 164.4726322188019 83.20343653031975 111.9661967684222 74.86324992102155 137.49708224604782 86.34892856177406 121.06444556875036 85.04963347724878 105.93617819407217 79.84546052655074 101.15838238399503 78.02533477117804 78.85175342413298 78.51311515767148 102.14907495216357 98.46924077917497 
S: 817623 75.43311166228878 95.29637501412329 91.47283400891551 90.97181014825848 108.94596035224546 76.72058008945197 107.4366170962624 75.3316974766964 138.21116982150164 86.35921934526415 119.23513468720411 69.59589971080915 122.72866774889393 78.91477531040216 84.5746446366653 76.0484172329813 91.05690419205604 78.01773467378192 71.06106553687579 98.15516925366028 
H: 42632 113.98313674972938 95.36481195076074 110.03230997290268 115.52125858907752 125.93152979302037 90.53957040427566 119.14949244302429 103.01278317899155 112.63404140884053 133.40192525718032 151.75673666425305 130.50026907859169 124.11991302297494 124.80195063618024 107.60262728225901 108.07217832293388 114.76681021437498 109.67672237447 127.81959106749979 109.53894373592462 
S: 42632 117.1599502373558 94.91082686027435 109.23553687591173 123.0889717684945 127.02473281441404 87.35285160245269 119.51020295404793 98.17089006237823 111.58352343055415 128.07555273517002 150.36738510632273 130.0400317694309 123.76990667813325 126.83461771753483 107.36636500850602 107.70283136861013 111.41846339845544 109.0648091573626 127.73777012162863 109.44658486505823 
H: 42632 134.3031352275725 65.56389489408988 123.02661624241007 147.40148482332543 83.50765960836455 73.15386565731048 96.77404264961841 83.41665041443886 102.5293032201278 87.16063856593097 159.51692223856062 121.30736400071976 98.43503595476892 140.42088568725467 82.02713620680692 70.51280612161446 119.37063547144957 113.21314589400114 82.93977408667561 81.64349300586724 
S: 42632 81.01142476662012 64.89106272655333 78.30956408443741 147.39585471250084 83.50765960836455 72.29843118760478 96.77677694244215 72.06586703360584 84.97856243395199 108.44130273890602 135.3662161941892 130.4969250046069 98.31759198581508 140.30448427842387 82.19512622012255 68.22798539979952 117.66055553155317 81.14221169322882 82.98497362471284 89.24097598050956 
H: 954947 102.22743523873332 126.3278749313096 109.04442949799193 130.36406229305214 112.46497589798432 120.93440577089414 108.11702525423814 118.45944799619575 134.4371983685654 113.50232379300022 106.76524772067278 85.72107502477415 96.56335114671087 102.02464843476508 139.28389105635466 114.62250735276037 105.22946631457187 130.08119267754657 118.93835561415206 125.30554638697636 
S: 954947 93.10919783623758 127.31166852615762 108.34679038381891 128.44617466828487 111.4321809551195 121.17970444303054 105.84789770969353 109.77290881411896 123.90234480592939 113.5047859714154 105.93436511662648 83.08817541642289 95.20528593373798 101.55612760847744 130.11748455518804 112.48701221742458 103.14054049068302 125.64383505890976 116.64927435377227 125.1554225529732 
H: 954947 84.0228996852393 72.36270946668435 86.21211060457524 100.85837061448748 98.41329713718018 85.15275464699631 76.94871454483837 109.79080899275912 127.96139883981019 92.60138033168822 77.86416361315871 65.36025426313539 85.92146681863353 82.94393116528978 90.04182596752506 86.0511287284055 91.17882233112833 113.12860579265194 99.30042359568212 83.81750007385675 
S: 954947 83.59396153632598 72.34183788644646 85.84449258048873 100.1134788457945 95.85449574849775 94.27144598956718 81.15787417619235 93.87973140075925 117.76502773408068 92.5263545947814 75.84264283474822 65.37359931017103 85.92146681863353 82.76729527982545 89.83587423561762 86.03903168166616 97.54089253775368 101.69464202684198 99.31580182825031 85.3938891235438 
H: 194329 126.83014459683457 104.29422261049724 140.19632767367156 135.68141945261027 125.81966019653206 116.07693674517206 109.25978125139655 140.00696966927742 121.28883084800873 120.40489119378549 129.13571439764027 94.88901915283826 104.00820925665629 107.54766808036116 121.01250190542024 108.01560677931697 131.4374442084895 115.07695755717697 120.96355305281745 123.42743755983203 
S: 194329 128.83845225286225 102.55853912505944 139.98394810538784 133.30494403156473 125.36047999637248 112.60100716798775 112.59478387971167 130.95763622435933 119.54322872472821 117.15826457248698 128.33507305027706 95.38923077000773 105.65947203011451 105.50076789503875 115.1806670349715 108.14033816224853 128.59154101148337 117.16644636300197 118.75591645829985 121.01367920972932 
H: 194329 108.55690422631963 87.95331109192665 91.61405890385365 87.30623354713612 94.13565571635054 91.73277642635104 79.14707574262906 91.43745201489774 145.30462887678766 110.28164020912735 164.57515859614443 75.02464961535762 86.29326962614638 74.00262486588217 97.78632849678688 71.84720505755347 101.16786776550731 95.72440927850415 87.4022675750664 82.38020843560327 
S: 194329 107.44653462890014 87.85347592967862 91.60401453148307 73.8303218186889 71.63791902633204 93.48855996071188 79.16020414445524 89.69268067819667 87.66618433736897 108.1377738501882 122.52252174017832 86.79684532387313 75.68573281469884 74.21739228162608 81.21724800012493 78.27346705527964 101.16786776550731 83.49298964557767 87.4022675750664 82.37414534115571 
H: 771134 114.66108313440435 122.20753201242044 131.8604543105147 133.93662830334688 108.85701342553946 97.0215937761628 106.39768576566244 114.69719923687187 110.68893067814001 126.53137866831142 128.58520109199864 122.82476095429209 100.14271330583983 120.16747903823284 119.72517567956447 108.53977274683048 116.35295142455841 132.7090431462007 110.74366605040944 115.08691840649944 
S: 771134 115.1738392420764 120.0948358848813 131.73873982037574 133.2198240999742 109.89018998575182 93.86951272517611 105.62053417364663 113.6450744026089 107.12192286011295 131.3691781477045 124.80361774361849 124.03082256881487 98.54017012851 111.4664819982956 112.42292518723795 107.62131053686116 110.9565968369768 130.82139997073446 112.90359293839073 116.44594255509716 
H: 771134 91.94763036365688 89.14790408571413 91.54185917855554 88.576187500431 83.51671292688808 73.86981524718888 77.6169415930849 85.2003864138048 80.74302818179669 88.16903566601022 106.38872213610873 160.55606952934576 87.1322703629224 87.48425756872662 97.33600756642176 93.62160851359236 75.86512508059636 99.060042614085 106.27120861607277 101.89367115341621 
S: 771134 99.8296465476069 83.68581814107485 89.87583188572611 88.60946568727556 83.65243961907007 72.46367805601612 80.17051923989948 85.19381374165783 80.7409816872813 152.22631847903287 74.01237141338396 83.90792204411042 86.84481099996698 82.98207323461412 97.01595341333851 93.14108134628395 75.39688900899623 93.04515155477239 106.2484546095967 101.80215991899965 
H: 497473 115.59766428198911 115.25872205468256 117.76988298683304 133.72400549469126 135.48046109240266 126.98691661630913 104.51009490326406 138.80615903394076 140.97588598987673 110.89625020908743 121.90115759692665 145.52563588361062 146.7340213933857 109.13538476833313 127.97202862521183 100.77850049487348 104.87142319944124 131.54937242455495 126.02181186429243 136.5868686313872 
S: 497473 115.03993508748101 113.81093300966994 115.06245068292849 129.84804666435366 134.24347022219874 128.84292318176412 104.43869253816791 134.50697054329294 122.90814043942085 110.58923310205469 121.05669339216388 137.5645262037091 140.8768531961496 108.82012247646021 124.87371687732063 95.17589572282589 101.2075288527369 129.52940089099656 125.76470611953837 134.99151713914893 
H: 497473 104.62272414898399 84.39779791978445 93.173467933426 104.76460090165112 103.35282371136964 94.8003778077937 80.43098373703046 84.05505617009128 121.68551344665124 76.26446501881773 83.27511722636775 79.03693222850076 94.35638555475853 86.53559592627921 98.0614997642306 84.85322129229252 73.92039107381319 222.50982165871238 100.5052041790142 108.66922877891642 
S: 497473 89.5688482470918 91.9840081769423 92.3924654753334 104.77508302170403 103.1424063421984 127.96877798301404 76.47627136419706 84.02690248703217 77.87774185872703 75.93190579716486 77.18760142675308 78.06518969465087 86.3242551966051 85.69191307719232 99.54442976803139 84.28751809690735 75.18948602942616 238.54635344278316 98.71752421934146 108.66922877891642 
H: 40581 135.5194357182224 114.67678032477033 101.79300759135204 118.71236787209297 128.2989206408795 118.53774548146885 122.98768280247195 96.95554615321726 123.14869955476644 106.94984855637097 110.24018382057653 117.2125084179968 112.73108341305768 139.7824216688977 114.7579273889136 114.10853556684893 113.67628783965662 115.47130889298755 104.37055114174652 145.63419900244693 
S: 40581 125.07306511495284 113.28564967950338 103.95566497394161 113.21887953208653 127.62130641996622 113.0536869701799 129.6390528989387 96.7819100467758 123.3847449038345 107.92217333736666 102.6041793018625 117.54327227261882 109.56569509617867 134.1892828678062 115.1336884845937 116.2094224706751 114.09274966009991 111.21006478082265 112.4456989678356 147.70262725520794 
H: 40581 93.19969897073051 104.9260619756459 75.47877084439033 74.28684022393696 165.9613881984993 108.49830768809348 79.35622517866362 73.16208906344905 144.31691939689262 88.26900767984735 81.74274325939882 86.97109521504012 81.71778486873907 119.34784835463451 89.41953257785052 99.22094737997527 74.96237699097378 79.2249724377068 93.3004826829988 144.17849785508707 
S: 40581 93.41022903335279 102.496685157938 74.99164679552374 74.25528486354752 91.55760041006756 112.47180005529316 79.27973071949994 69.87732427128088 142.8268727194715 80.47683720649954 72.32454742153836 110.05807394597969 105.70423164814112 84.69838216791261 82.20178308703905 98.20024317718813 73.42459483093579 83.36913691727435 80.92179054307181 142.5964802233643 
H: 372375 133.69830085062515 144.18869195956185 128.8443386078902 124.31398233988169 91.17924212846887 147.38942563455862 129.8624714447599 88.55069566164966 117.14553332193896 105.90841182423867 123.38419367329934 122.6555201395167 121.62942155655072 129.46916682882843 120.39956386733604 124.23809257537869 96.81581567037661 108.82848439627007 114.25051512763055 120.9087853124225 
S: 372375 133.08525918912395 139.60863952675552 125.21000699004509 123.17459281734396 86.07313180851408 135.56214027961715 124.52936310358547 88.55069566164966 117.41035330434835 105.88417613190362 122.94937324001174 121.69747865853962 120.13940164036244 129.28614254327007 116.96940449399203 123.87387828898176 96.73273633327224 105.56869605567267 113.91329517967912 121.6209052083462 
H: 372375 178.9124499462675 93.97963239262398 88.99262177013972 81.46241451605688 73.25948110137523 109.64970093048025 95.37246675987859 79.06869701694595 75.4235663219809 81.34751799266289 82.79385846073669 106.17073627142031 73.82067188057707 80.88819412575022 80.91524662320572 82.21931934069731 74.33585629259089 85.9450106133463 81.77552657003358 78.02135373721134 
S: 372375 92.88823982551479 94.00779453045745 88.89177724601237 80.94964450158483 73.25948110137523 109.64970093048025 92.44762201587628 77.07858215751492 85.43589932066396 80.498318571074 82.72898384644874 88.98324439063718 73.69762250778817 80.74584076150033 80.31920733613207 82.21931934069731 73.26148062884809 85.9450106133463 81.46672956216943 170.57441858350077 
H: 330488 134.0156181116735 100.66616891507809 137.30792338053743 118.01547902815737 106.55944652507664 149.6379037215358 103.64274820250166 107.66746908709348 119.35447596210913 106.58860389871346 98.00537040670726 128.37219459329248 116.78699493383095 114.35751861883914 103.54209706776862 144.91142012843844 124.55823575789498 105.91759869713327 88.54452341785023 98.76386392251284 
S: 330488 134.35766406896155 100.6448516127671 129.17347967666896 121.47806860498562 107.62548324169228 147.71781928724775 103.88577597944462 107.5459549474256 119.54446771932997 103.79286136682929 98.93271332269451 125.90626431569156 115.98484205431609 110.51246665921711 98.77446799709648 141.02750365629424 117.04799442649804 102.73817061845591 88.56219731859669 97.45129183659348 
H: 330488 88.32197215143408 74.82019785642755 98.48482806022709 88.08358369942349 90.6737969769309 89.06947303060642 61.82242465604262 95.116742980969 105.53009748910162 85.27779907160257 77.60186535939678 97.92689345476488 87.2963836747921 79.12107749341926 78.53968658340314 99.19661278510476 115.56580806210168 74.62264842508587 63.18110434668181 78.86384819473486 
S: 330488 88.32197215143408 75.21959512735849 86.18512934836532 81.85606704148721 90.59791574970292 88.87714574886212 64.91962189576792 128.48042714699065 105.00171569642893 85.41491086056648 77.19797820574075 98.253444055715 85.95267162930062 77.65230946249861 78.55711211900156 93.41907487017514 116.88889938786396 74.96065224895096 63.11810538272372 78.46483110492635 
H: 160363 119.09397230327228 99.78870473748691 115.09671804495565 131.36536506957898 129.2517465954919 108.9551527780133 113.81447504068824 126.57710460753569 114.12160261610721 135.05221127551332 140.5745350388903 101.13961097748208 89.83145311413065 132.03202298735698 125.05972334429728 133.57303909994468 105.76792472526706 133.47754490062866 108.41725054255049 101.34534832804817 
S: 160363 117.11393226776346 95.33075135649926 111.88430296358754 130.7129077562994 129.53106200684397 106.09457040102363 120.62198714774702 117.21357575361966 114.3911646567013 135.8398149523826 139.1154046689374 100.00214822544248 88.85050330002224 129.78598099370146 120.12427352698688 133.28270216432716 105.47305585527637 132.3690689607469 105.277123169366 101.34835979714667 
H: 160363 101.57169622315693 71.87436647773988 92.14685796623856 95.12560919450338 89.5177816727739 81.92426671110552 113.50649764298058 81.05141192560711 71.53942517206691 90.95965692553443 112.38419339016097 90.81624669223937 87.95485643779057 111.92523646353746 106.67587947159714 97.13351901640624 83.57657747281037 132.45013803536992 81.5565037883177 78.36764463362218 
S: 160363 88.25300584569891 70.89028116353524 92.14685796623856 85.09690588113966 99.42985208733067 80.31766775878485 88.50682126505714 81.28563877048612 72.82028338884142 90.87157584899047 109.2617895250159 89.56766930450371 87.70402497134914 95.4499028236934 95.81990299915263 82.55096381761149 82.76166843695528 118.68102789530545 77.58514930510852 78.36764463362218 
H: 212033 235.34292694004213 230.16199021202772 249.47352647061155 276.404434254834 249.82555306362295 212.74271403022055 234.60675742069296 289.0971527040705 239.37209900283548 285.67654809532473 282.4859708942407 249.46720726313498 233.14219536346573 248.64714072190128 241.29636822146824 278.4567119009243 233.76080468639395 233.23277598874535 273.95638528250964 265.61541256966154 
S: 212033 227.36976159261087 227.79574916229245 245.403511257749 269.54271762564804 241.492975962351 213.81750122372617 239.79878861305139 285.3856477529572 232.82279409694715 293.89503947275057 279.3203165095552 244.7213484797441 229.07635031238635 248.18257274580094 242.93534087602302 266.28128960488215 233.4612842704919 231.86812734581954 259.92589047370507 243.25038264882838 
H: 212033 156.62287714281644 157.82811276914825 198.19566425799394 169.69482961492363 189.8779148847942 134.16855272004008 166.17810524554827 168.43576434838124 183.30605504270522 195.99590935081767 183.44873689932396 215.83555814839963 173.98854250542726 156.46490436573688 233.9774002538357 261.2955574421547 165.1397940453484 222.23919360846597 170.32579762888162 270.80913677191904 
S: 212033 154.3400357634392 165.29542249304714 190.55050835904908 151.44958917341398 180.93542305848337 134.22560336726818 182.94103137951353 189.69721163414897 182.67131953192336 195.36920887716565 184.06920404030706 215.83555814839963 175.87031430771404 154.19741493028064 172.2770728102223 191.51456626163372 158.54993144009694 222.24146786601392 236.7816755427515 270.26732606872093 
H: 949877 230.52512784305185 192.26372967681954 227.32037343560918 307.43682825375794 269.3582350114871 195.49071494198165 171.18757953055612 240.63314012770542 217.46058571453068 234.72605471672387 216.46488596203142 219.24475888615586 222.67985750951524 263.0989398023809 243.5167585562809 233.87523123369542 236.75712443924772 229.39536826594892 234.89905459259714 194.02077438177977 
S: 949877 232.06821152056168 188.1110837785425 226.08222232111777 304.83078847736954 269.00083788850463 194.51763583054182 171.867911741676 238.21758204329063 222.77439405889965 233.8897107148067 217.77814018600446 216.813114137282 217.58219811947816 252.12300215235555 232.24013180475538 226.43487665872476 239.2696355962475 230.38963696365673 232.7318237282005 181.18409857130456 
H: 949877 166.08216071421649 125.88051039854821 169.91057123729485 269.021867562667 168.11415461075993 167.3369986905738 136.40740378070055 157.58802966355194 158.6138211956074 212.05062273529933 156.57758626967475 163.24809530032678 164.82949636094065 202.61256802168674 212.7487218835252 187.62792214780941 159.298245891996 190.23509304897405 170.17935585612452 127.22271503057942 
S: 949877 166.05481578855102 172.76186945219771 168.1278390975359 282.4221027349322 170.42371722548916 148.74555801835413 134.4299401406048 157.3029964341742 157.2574122664103 211.58266243583293 152.59295859232475 181.08304075806117 149.23658478553085 202.61402809111004 225.5280783922034 165.56018570463016 159.18005767604308 189.7859302818309 197.09399475240687 127.10011488062285 
H: 200465 248.35160027017156 245.75432348144912 278.5790971405949 284.031761300302 266.4310474295524 246.1401495450897 252.81389213328845 268.35287774107167 264.04278351117546 243.66754182471806 301.06487269751847 289.139059200254 237.7674249980149 216.76247711069823 210.44677609653888 248.14247180530958 281.42614707540747 214.157066773583 236.989041921895 236.43843639130552 
S: 200465 248.35570978315712 242.92427234246887 278.0104421959098 275.55195114419246 263.1083764639735 246.3829446907985 246.25577965547936 262.48243157524035 265.505935112103 233.76990207804846 273.9218229403457 287.11173257675904 234.78012402052332 214.1121760603355 208.66971553281766 247.7713082766322 284.70156480270333 206.38736849558802 233.69011022166816 237.7192488958763 
H: 200465 183.96087169241488 180.9627296533923 155.5482435278278 259.68434778311064 301.1905525425805 197.11788744379584 173.05800553167927 265.9416282570988 237.27440515292088 220.99340837862658 168.7437110874978 285.04671878427393 178.60932355988515 154.60611700819598 165.00294319836433 220.42459712276525 191.32232652198587 160.02968921163077 208.89915493393713 255.3232945762931 
S: 200465 183.57780051373024 213.25224430010823 259.0757486601703 253.31569247526147 240.17509553144012 196.0651551656309 170.00610050428645 197.2897242954261 171.94897907645299 171.96952138157533 182.1836270101386 292.56060378194894 179.95697619157357 154.96960753245997 157.50201950316122 189.80704120228458 235.08350057300666 160.03929546802405 149.65844231720334 194.2709329471266 
H: 215644 331.020246739062 251.9303048193214 251.39139169850148 215.3911828828407 237.03926696834097 240.08604229397608 226.13674518564906 241.42435606019245 251.1968166898947 285.8711725943749 234.22890399662936 213.62548110800176 260.77803861020794 216.60459163613342 226.77070925305875 173.6844478372719 298.8113275093271 272.2613613647489 239.42840448584192 259.9425331810242 
S: 215644 316.1402078310026 253.04741579287605 254.80310666440374 217.30681302446226 229.81378393921665 242.0542038081992 224.27002119308275 234.57984790702668 249.51942706648185 289.3274978068106 232.44947933476914 215.20998654957305 263.54098841314783 208.32954933996209 220.9952443955395 171.06076262496248 275.39886371678324 272.23469856816683 233.44568309245085 263.91421760702315 
H: 215644 281.7430674481285 312.28596288506316 257.6351180367731 144.26802747129568 179.55883404972394 154.93097894687955 172.26104079226099 203.69879041538195 227.98627736270834 276.91067787895577 171.88263142692526 218.74854853327784 367.40372017184154 173.67086640445825 157.93654443392032 137.93705293228604 477.40769540546495 188.97742259477099 175.84615979771982 228.51020529964023 
S: 215644 281.2255876588559 205.31066959312577 284.4351474905202 227.18464025031378 176.59059725715338 154.38471126124742 166.08090791287424 203.91035187501365 184.12749901202432 184.95792792082176 171.8816615211476 312.87548706310105 366.6561618692197 161.5493236988604 155.1779671241026 130.78622947041282 477.42297441231403 188.73525496727652 174.82378865006348 200.05576516667392 
H: 220093 212.10158887790445 238.00849598642006 252.35257306223713 230.37504531017996 227.43831543106432 200.85156766517642 206.65091793943105 200.93086104537633 228.6767829975941 242.47136407490225 183.01388080770064 286.3687907607112 225.99612711234886 191.3942021470217 234.5290510794426 230.78384810353515 230.39041205491415 213.22921286678155 248.98338742127598 282.63275229498214 
S: 220093 206.20422233452845 227.96951985821477 243.5528816802997 228.66111058330662 226.49920839432522 195.04809719075388 197.98094718995057 204.30155299714016 224.36549530991047 238.90204596151187 176.3806071232279 285.4206566287439 222.23764158122526 189.65652612242337 224.22573631656405 227.37028787795916 229.88443541047312 217.0228794628934 260.57049529320676 288.47237181020347 
H: 220093 191.04123606422596 139.13075890101527 154.75258871222204 172.9648455011656 159.02665978296022 176.21904548434077 151.75321576527472 165.8657914133603 173.3732011221608 160.75446640242936 118.95207920499297 208.57651258505211 143.447092030088 185.12267318719952 159.09578662773953 158.0033675455714 157.5599783533623 181.59267743489508 185.92477342712712 171.47169480147863 
S: 220093 190.90059085435954 162.07793559909737 153.8016774890239 172.96490871590166 158.79727693464403 123.39598139292454 150.9239972913431 144.66889403979926 177.95893637671503 160.85711432715738 116.20426232232467 209.96261947874572 144.2869392203429 135.83822891892297 151.4428712420815 165.67126972371986 171.26050070044604 181.41881388650663 171.06811818326497 206.99518376103038 
H: 554592 280.4154948054049 279.65051139944273 257.22439816017805 209.8661112987274 301.21432605463957 212.39106718846764 235.90769899708945 200.78945167322493 174.13774275608458 241.1031493343941 270.8448010656988 264.9903159974941 255.5873241411078 212.98500210560832 221.56039849698433 240.29407918590488 267.8024350452203 201.18118050439253 307.8547791077168 235.7410561390739 
S: 554592 280.8344134827408 279.0931191675527 252.72346723283928 205.67555791296195 299.39917419797973 211.8556180002547 229.17922776719624 194.82347141778706 175.0761861284895 238.2699048670206 273.7443014344122 261.1844904783728 262.42629392908725 211.94597934600563 221.60219420361133 235.30492833270114 259.0262465323898 196.5499285143012 297.62565922239594 235.38392790303755 
H: 554592 393.5060319325793 219.08166091097092 252.560336040024 162.51033718786496 232.40151279711867 162.19800531924858 176.80835759241782 158.95401670189895 136.98169350159694 161.2049364529616 224.7218582898538 219.60060673528122 229.64515857983574 162.5666907856269 155.0672909917951 186.10405607883987 240.86789064770323 128.0635312020707 187.90180756609894 162.3331487672207 
S: 554592 251.0099416867575 217.7254674321133 252.24674862577706 162.3146681612854 232.31742397118137 162.20604513705993 182.9972913488001 159.4449053093484 150.39672173521933 161.28822980083203 169.5083934988526 217.4261658650147 223.5609108706176 162.50589542614048 161.69249042899602 185.99916925531448 252.44095926545836 129.6618856103913 187.90348306200212 161.39791459671616 
H: 957206 283.61097375391995 243.14285430567972 213.87769963145004 237.1000963196209 283.0091933318971 251.83362591620096 291.01478874089236 247.89916054495046 261.52616962066594 218.7777865899626 206.5839198783298 238.08840799328635 250.9611145145303 244.18373884597287 202.7241412081747 271.70863750586113 278.03655585407984 219.97348251533808 227.86452913512946 279.38823631816854 
S: 957206 281.61936449644537 242.2153056520892 204.2794040470547 237.6586475925416 277.25267050868536 238.68585169224755 286.0774686702992 248.55750934380444 257.78484491657065 217.91477946438462 196.78224601617157 238.18130023299184 245.68860964490887 235.08557679000472 199.55287037937813 271.19177929035806 271.13806604990134 219.49916888515045 225.87070576151888 279.2163130075796 
H: 957206 189.51967015180074 152.1064312006185 194.03979138020986 167.8078776901185 388.0279262776659 188.4101667299569 180.02771843237983 157.45430882354324 251.27134918209276 173.16696665050824 220.16673457885332 180.04379198757965 152.51354293041715 170.57155597012036 140.81704678476171 178.0845658216593 430.22880821872604 231.44415956320532 173.6016996623056 358.591088566414 
S: 957206 189.69614283648917 183.3959514125838 179.40942703079608 167.740733954387 387.66812432953446 183.59687038061531 180.07054800210977 157.4704709233574 251.28318987931252 176.31274989044448 220.87811382136925 180.03894109279287 166.21789842788695 170.57155597012036 140.71335033849024 235.4373644777252 204.86497013544835 191.27651155819615 173.6262853167203 356.2034808226021 
H: 583513 253.9658483677239 254.33131191120887 168.58365672773638 273.17226873314746 218.12188050995226 234.28358982604544 247.73506641992253 251.53491987081725 232.66207480540612 239.11017695918247 262.16827255636355 234.94701064298974 221.5269557812153 240.00622937505338 229.47330542627802 211.24693128900603 245.5484765824899 237.27301514455908 238.3156271941669 260.327843176523 
S: 583513 252.90075554902845 258.2440385595377 166.56902729146157 269.4667384758266 215.79149937435673 230.84246913002966 247.16785641068594 251.32133077496428 222.8077278656125 235.73097962567027 263.0450137394056 232.93481331105556 220.35372007954996 240.11859301536057 223.14611391411515 204.1150027470403 243.6945183992427 233.6114243208706 233.2184287938553 248.70471329265803 
H: 583513 172.42553714699613 172.26055995348437 123.81790916222985 193.80132423140978 161.81967532349194 158.26954222964577 286.82547104969166 176.20033575257145 277.68908376548217 151.61351683446847 192.2236005424474 157.82010895211704 167.35300845089122 213.56716224911352 174.64372334865016 147.07491155272706 149.63619740618543 155.91825661346678 170.7754465711209 291.21080920860527 
S: 583513 259.68895696147257 172.26875830968126 123.65373034987044 195.43476724945006 161.7550291746524 173.7022705689178 285.8662093852322 200.61007059031266 277.6371446778212 151.44540796347454 192.22564195653314 157.72622997378014 157.47148687553525 213.56716224911352 174.64460828448026 146.4785747451252 149.61437490346697 153.89982725252938 171.9722271815977 220.28088838654418 
H: 300478 253.42586236220285 237.94446769188406 234.15340648059225 230.05816433869157 263.82996080236137 254.818400341084 293.66018688110483 222.74585378065552 248.32363893016273 225.5577247755295 272.59898634073556 215.6305482344538 254.2530188091625 267.8063477305741 225.61850933556386 210.84850464867804 217.11320574205482 231.47511516047305 233.3500621386419 299.44496013941256 
S: 300478 251.87365101200754 238.78142269185068 226.5762281806798 230.17943663504764 259.72376929044157 252.5302260719675 281.92073155543414 223.35848760377706 249.17574906423295 221.36035380642238 270.44861482970765 215.55113504557463 235.76830018124156 268.8806118150889 209.60269556016857 208.91780450654977 210.7717328295834 230.62737133649068 223.99675104829834 295.6517800860644 
H: 300478 196.40836494052022 162.5058691933255 191.9743359654635 171.04238218398814 177.48030614281765 197.04813965340261 187.24647495408354 167.11048494190263 211.28689316566147 165.21782316145075 179.6738409574487 164.87683088948432 191.850482496811 216.84608499671282 166.39571262283474 151.6350693736249 192.35108070628456 165.37281507113008 176.02684050666423 194.68324195731478 
S: 300478 213.08580721810648 162.15357812257608 162.84262964889825 193.11739928633574 177.06389753437827 208.98110739101637 186.73480727797042 176.0501775787882 184.20501849208597 259.90708460599944 218.4680851210198 162.0873390179812 193.27394826910253 173.56170543995947 160.9211683712287 151.49922721834497 166.0880189031453 180.6383014762385 176.22062809254393 465.04252174326405 
H: 342148 250.55182645925035 261.5037802999741 213.13318473061875 208.0429790437378 262.36659065646916 246.71157964354754 251.97212643862935 246.48239408175823 262.52475236792924 237.39655296058356 207.8976911534465 288.70957491026235 258.80802844303787 252.45819675043523 215.28487447635055 291.0604103359903 258.92737510252505 285.26726227915657 210.67084404178073 272.3546888161952 
S: 342148 243.08088454737438 260.95771955254037 219.98862295006285 206.8003879226469 261.5198218667685 245.1649907749504 253.45783050529144 238.89461397220708 271.43204562015154 230.08476957622491 206.53576362289314 287.81509236099816 246.75996637596936 251.14910309464156 213.0015278894611 270.3907285533464 260.18248128391207 288.42731558028174 211.56374104607218 268.6959040351911 
H: 342148 219.5285036346757 163.16966384604345 164.03411449714486 168.58250604981131 332.57239211556004 167.13442663062955 189.17095316103268 173.83035567863337 246.8578643674353 173.04447082201668 206.0517465264232 172.68974880868993 158.32781770318556 158.81643256989616 171.08658030778312 232.96355681082227 208.21131968350744 203.03257092555185 180.54339231642308 289.47710086018265 
S: 342148 195.2114898371697 159.95220068546624 163.07427083510967 168.4544311876051 344.482238439666 169.9843559997435 186.24760072906994 159.66047134487715 247.12709496970913 171.80227728887732 163.52041050637038 172.66904745121306 157.9229013985001 158.98167064699857 172.509822966538 232.9729966999071 208.21131968350744 166.68196358401477 150.6096809888467 289.69122453725004 
H: 612712 222.9294998715274 255.16184725976092 256.70780427432624 210.64145932046284 279.5618436353117 236.12586349876895 195.0835521055668 239.73142011692775 237.67288683014695 228.56466223448635 295.0029249151478 232.53156253621202 213.87791423442798 232.02234826124777 291.79989960425934 270.4366152784097 278.51785546300505 217.22137542588945 243.17380487742963 259.0234110119736 
S: 612712 209.91091365884972 254.83904443421866 253.30644096206888 210.04173842004033 285.9118915718665 230.06630561983155 194.9676100802734 237.81943659019146 237.66795586804153 228.59509204026972 291.36601693737623 229.97672663316558 207.68279859945474 236.7141973619789 291.6236149925422 268.351859555579 281.4297762507091 220.56147041871566 243.9592865209289 258.04909269908603 
H: 612712 169.81710130286342 271.86374875640064 257.94884257559187 144.87377672205753 233.56243987854296 219.10345209498738 155.7033174770029 171.81649073216 189.48543575278921 164.09170293097063 199.7182976464872 153.58348490312417 210.25466331480303 184.32899061983463 578.0089492283738 289.3229734258255 180.0466558775542 181.31851540644857 157.55807058744702 217.83031370269904 
S: 612712 167.71342498762354 154.88677504417936 193.1273760778294 144.26485297518715 184.72076725130694 198.65700355278742 148.56447127950597 171.8267843345238 190.6810365231629 164.0953648332983 199.5222874893995 154.66971865356098 209.85147628348605 176.98867037547666 286.19823596121626 289.1408046274455 180.0466558775542 181.04421504176668 194.2035798349273 213.1901735338768 
H: 560021 285.7097886594743 217.50429119187146 187.0790974808472 226.26440564093977 287.1288757354477 238.7019350213693 232.24213437135356 195.76214055445146 209.65231541797016 235.3762394115912 189.36552410075348 273.1295042409977 290.6358874921176 282.6109613259602 246.4462593647558 217.76398284662457 256.88335831194917 243.05015451972693 235.32164372833614 224.63889494202922 
S: 560021 285.33503438811255 213.72779026749 177.11593701455965 228.817460184772 273.7509272347946 238.09663298150977 232.6262114794682 195.50429981496734 206.36365894450978 230.81468117818244 185.44134479262115 266.10278021473925 281.09239480306195 280.0861807834239 244.31273931431508 215.4975415365779 256.86481715077696 242.85615918810743 236.0718921489206 226.06466602314745 
H: 560021 203.1149021044263 182.0005015121537 146.79749685534338 160.26001057393148 184.85032932650913 200.57792544027188 155.4789306104152 149.44102033375032 162.09142151452448 154.86937379492355 149.1285487453764 171.92408773233674 200.75855771036476 216.41050404466935 172.37775823143926 204.77217934009494 172.58474066810916 149.1786189016083 181.7764477522254 199.65032134885638 
S: 560021 203.1215699985486 172.64029640601524 141.22848848585164 191.91346904218628 184.85032932650913 165.3058080625385 155.48802638585116 152.68570563202763 161.09427968464885 154.6171594078151 148.36960270644232 172.03025638407811 209.83760046049687 216.4635474329885 188.1886835402143 204.82925282561084 159.31419863042467 149.03031183472953 185.1787662299961 188.71690073307784 
H: 417023 269.2918025678075 215.71793701872738 280.2258233291047 240.35601427755176 247.80294452310173 232.17784426401735 230.4762132744208 282.3136741120485 259.99635298085815 256.52318528085846 269.2544322063297 249.50567090261092 207.40781200980675 233.9653302816444 249.89227585874156 227.50820684653078 237.340563916708 215.48619501595775 299.7278864496955 223.22076737496138 
S: 417023 261.1048310832127 213.79053573018356 278.7090802851409 238.18281578485335 246.10844703050674 231.03351951432148 227.89280756273078 277.25099081578026 255.23093537233356 255.06116674006796 277.11761705644733 237.59955958770433 203.8081313454764 226.36936604163833 250.21794991848822 217.15034176183713 237.34797594538315 215.1369015294918 297.16153823024723 222.4379099608158 
H: 417023 179.6309978733212 164.34268939557052 241.3142431881523 186.11354642118712 152.63105572061548 165.5266136812096 219.63323802559296 174.39160578289366 194.4766877037993 246.3727730496596 324.0961326851462 214.36207566791217 170.70625940347887 203.3264885953205 198.50114390494758 196.6552805007812 204.38627637361807 159.97101820567607 216.447396781737 168.79646230433121 
S: 417023 178.98709005346413 164.30923390832535 241.0233898941569 186.112789071968 152.6395875031048 167.08678693887998 217.74100449501867 174.39976863279327 190.86055452708945 183.6884770502042 280.55451285456354 214.5022113034739 174.75771003395255 201.1455277154938 198.0674743556171 198.06057393024275 204.35302354831924 140.5306781334037 212.84540463697817 168.92701020905608 
H: 616585 260.4148343748099 219.64411200326865 256.4578484588813 239.9733783220689 199.4650360477225 198.76470748647952 240.59982685287616 215.92713890566455 253.51479185483703 238.61377432481729 233.48893005587348 274.3469667307974 288.9741132884843 238.86583957139317 217.82787353041172 282.9657569629017 221.73256706286602 286.418848285741 251.08334258598268 217.1685400367478 
S: 616585 256.084351941059 217.68166974567552 254.40989639073558 229.47888548923237 196.76126632582535 198.72528967347014 235.00124458649745 214.16230791911957 252.0802248700291 238.55723367890164 233.01147724459813 273.3006216208777 285.94146800537743 234.18823070021688 212.23207044995007 280.9735243159404 221.7403618994984 279.8257054575915 247.91879839476198 212.03769037986925 
H: 616585 179.69028450244525 186.4822361581847 157.78377494644346 168.93717190660823 151.06007758721188 219.2910462830894 170.79605032306713 164.24198642427427 223.16907669707484 209.65230122005258 163.77770622924442 204.17069822719267 189.0306996516177 208.55653642137017 182.0861496716862 306.2244903910307 142.20496321591526 174.7971503110762 173.9204065439377 166.86503192762112 
S: 616585 226.7577113833786 156.00051722167333 156.91643237372134 168.930409877769 154.12079065389563 218.9732777746434 167.55217438125518 164.25197921764794 222.9244703149448 209.03138053568262 168.84281758121205 203.3732023900717 202.33790647106738 139.19890871385797 177.98673946826375 308.11482949333913 140.70145703584004 197.69732712511276 163.83572051181943 180.00786733761493 
H: 218838 246.46844018204717 273.1149971379275 267.63652763311507 268.5040140030556 290.77511987355876 277.8249443794994 272.85975143050933 223.93102246913384 195.96051665897372 276.8228019599489 244.01867429070205 247.95060383701582 241.420534701927 219.588948693457 292.37924580794174 272.98963129128737 249.7676572042396 213.53233633323077 235.66024024871422 254.08627323200983 
S: 218838 239.06755316602732 268.7352562094578 264.45644213523923 258.6476761883595 286.0145900757517 277.8699001966613 277.68190150322806 223.00472119146562 194.86650745193933 273.9485669777452 242.72198738529886 243.9960610241863 242.39374268201533 217.64014314884133 280.54330792003526 271.3223952256987 252.6093190126805 206.4947234791144 236.20290936637613 253.52228426617955 
H: 218838 166.820939199852 178.5207622385628 360.4861015930755 173.08794114845136 309.89303451591127 243.20344168000855 350.0954411115604 179.365795095987 167.4968515073297 182.21405089304966 180.59044909280743 194.65789351654323 170.11942457635578 163.3620614411097 179.64717277702817 207.41386563685987 190.51149313756432 152.00309567223493 249.17351531431328 203.12046659567156 
S: 218838 242.76203899373843 178.46077896540032 360.5383088048079 174.7763796689035 309.84842450059875 188.54782481328454 350.17967348128974 179.1708363521317 166.85898029386595 180.47584360827756 226.04082476038656 170.29187252501674 170.03703216449583 166.92670834699317 174.26605084979545 197.34043561651777 190.51149313756432 150.22551754417515 206.70168958931694 202.72487670211336 
H: 326317 231.1525619239569 190.9482328472098 234.84892742501592 218.59118973425527 266.2295608356217 269.7190384892284 261.6973808475809 225.61289871106186 249.65658706546336 272.69694653251173 242.0925593230591 263.5335468835353 269.9003373047059 246.60024078821922 312.8301213101086 230.94243601170655 253.42462652426448 251.60870382416243 233.5443993417262 287.3245137989239 
S: 326317 234.15554245185695 188.5074459408961 236.44164787684673 208.6713279076512 266.2645243803053 259.24405393239084 267.24246791796446 225.1204974671373 244.00258069140807 267.52079103358966 245.46111027070012 261.6826566661976 264.1554073189509 248.51919132776752 305.3483482819947 228.08128420622006 246.75280446948815 251.8887086524942 226.5452539462933 280.35081326030814 
H: 326317 180.673017948762 160.4102650361045 194.696914501008 149.27704326264475 190.80216973861107 235.30454717875796 187.08712972410143 152.7747573885438 175.88174243078086 179.07714930963732 177.70851146911565 217.1386624047548 171.20857178183928 188.39094536402018 191.34215045482281 169.40950492520426 178.5148200798287 169.91085243716705 182.48281026504526 182.02285140600043 
S: 326317 180.69261948125245 149.50178907681806 194.696082331515 148.9625874991393 190.3780619066544 234.83296435797166 187.05952402993265 151.48519336506038 175.91240289969681 179.0599556907243 162.27674659404556 198.01214356681697 175.58345423634998 188.32168952370156 376.5428933966443 166.97507464353953 178.54067940038826 169.57120996475214 182.48651760683796 181.68554643070803 
H: 991370 220.79192144114356 244.05065554711263 226.78199945182038 304.29549955494525 212.49417885168612 249.6869746111304 252.48503126530213 250.39420842945702 246.73629326617214 265.37219955345495 251.73286458065877 255.34662688182377 247.52281337160278 207.2311817418771 266.53963244178425 217.73175681429927 263.53460227994367 232.8368613911206 272.7096723409652 242.28933970727607 
S: 991370 220.1576562016061 221.7183526336569 225.6758299249715 293.3771158310706 213.81585295278617 246.3833496135005 251.0796345414907 250.47049055590384 238.24238539295095 263.23523675077104 251.48036765477795 250.33313225731004 251.79878008627006 197.99298791740287 266.5625422686477 220.71946686757107 257.21551126101826 231.89435493115525 262.29027636530463 240.80936069492387 
H: 991370 162.45286793091827 151.46705856341103 212.54513170779245 195.702178233982 152.85488095830547 164.36812763868178 194.80138493174013 224.3493863455655 236.82012048397038 210.90538643391585 247.80521295911825 166.19005865069423 256.6764771257481 171.29836156287598 186.13159227360768 219.2632173081769 166.78199252191723 158.43811057415763 285.33125468888386 147.26806951981587 
S: 991370 161.6007724925952 169.0724838526998 212.52214622082434 195.702178233982 139.63980217756028 164.36812763868178 192.86200325322486 222.29666501969197 232.9678808394593 170.18922311715994 247.66447768563336 162.8770086586707 256.4961452776578 171.2305542728678 186.67103389421453 219.361389665507 166.76610172197593 155.88496833387117 278.19200818901356 145.67525559459025 
H: 85473 279.5844027465152 272.13976551522546 228.28869202072696 213.13198336945774 264.633231874682 249.9301910274891 255.34440632863604 278.33254242617244 221.95472624460578 233.10300043926298 246.2950304190194 247.00638543309165 265.47001296902937 200.24422700233418 246.50511080650756 256.9705051978862 230.45620703779102 223.3198893978149 322.8535578878294 233.82456625216878 
S: 85473 278.3954675687689 277.21925411327027 221.0933204757231 209.75521131991388 259.744804880257 251.21061136626423 248.89451528078425 275.8263814063079 224.50157583362298 233.11227641073677 242.4715863074514 242.8435080200259 261.46221126773713 200.26704726319568 246.4166855302705 250.4833116335987 229.8179398205822 225.01548337080519 323.0127622780353 232.4033191288262 
H: 85473 193.28813133259757 227.14754877490518 161.43433853236505 211.3047465705938 170.50229337082217 205.90870989809414 199.04699133364971 227.1314498284931 210.33893152242058 175.29702042590333 177.27591312527593 168.8769965847228 309.65477225137846 167.8990393939282 203.22310087378804 188.36889521680612 163.78509209267085 157.03205643753185 196.58474589031036 153.37584292575477 
S: 85473 190.1089488834334 227.14754877490518 161.4439861669053 212.85716868616385 170.1533185353365 193.9695024667008 198.27149473544742 226.72936771648995 210.33639913198735 213.5264079494991 170.57458872340501 166.37896776113948 309.7575226913703 155.16652052836542 199.26815283075558 188.36889521680612 163.78509209267085 150.19378688274418 196.59719187118262 153.3939272682996 
H: 281760 247.56357699078706 260.7631297566833 280.2649693150718 240.68968243367289 284.9229961064453 230.43573391438096 203.01753466286405 270.2159358948618 264.99422859152054 262.72042542234277 244.27248223276942 251.48290329872464 275.804538086434 252.265189657217 251.256662762945 221.55954229754394 234.41102136393522 255.20990237920003 242.32951615244602 240.22551592841185 
S: 281760 247.1882674098389 258.5705991050148 279.138646687768 240.2652409184511 276.0667122236058 224.5019123090134 202.7942160800628 269.78334788764096 234.17325928529175 254.78155168286312 244.44781452126378 247.68347312352435 270.0204434419247 248.59085296881332 252.0009748940457 220.0955766430465 226.5069486199455 244.63355383468817 241.34630335199753 233.98655502979793 
H: 281760 159.7633010492812 379.410421499643 214.836711372718 197.47026563256935 183.8707210986188 193.44199963378034 159.17940494639583 241.5804670182315 190.15438898026005 156.73088035036866 157.87848637324947 159.958511804802 248.4832913253009 280.6344901621889 200.2251710134157 164.58815827219837 183.89052311891655 156.95644498029523 192.03081560460078 184.11996109960202 
S: 281760 160.37287680788464 377.60932470926923 214.57890091760206 172.87659379374264 228.53399251817476 190.92440125816444 156.01340499809103 240.59626568444014 190.61416614871018 156.7103655570955 157.88464406537724 159.4354986153999 188.9176725142706 144.62963718078873 181.59417941841008 174.8695675099175 179.5317490889876 157.34003412405085 192.03081560460078 183.9692736528728 
H: 727294 228.32601382366832 239.19313703580107 278.61656291605124 313.77236378417615 207.0380777956733 225.80713349236473 248.65076198314893 227.5115969252018 236.96292706404793 248.3623972980334 191.78396468324055 264.09477314645056 252.95964558445206 244.5875336094037 259.0048189318515 218.83158662050334 256.14584200604673 287.4996631387084 249.59052508864772 258.2819319900624 
S: 727294 228.35212893608227 238.73416729139825 276.43689122648027 315.4754310747774 206.66585000802823 224.8221066469192 251.51502455804132 228.62705870455508 228.06322425530792 243.13569361071507 192.3050064302732 259.1596224443165 253.6448127737355 248.80778560685982 260.17876016865813 222.12827252701382 254.3639217204662 280.38915486175034 249.1650373669921 256.89619385479716 
H: 727294 197.17880414771992 227.49656299021242 174.42737141763098 211.57661633460086 183.43954734918205 146.3235721524711 176.98013926356322 307.52260121615626 138.55169371068737 185.28596173233626 129.8078053801279 176.2351039119278 187.71851072766808 192.73595167483472 238.61890201479014 156.51992901583858 300.4178670543908 185.74467785917227 180.77632197933823 196.6589790680319 
S: 727294 196.7225143522735 226.82730825511376 174.41992809824288 211.5568873710694 182.89399372158707 146.08201366139937 200.65569676791367 239.8681225104553 137.3337843397889 185.19309181756844 129.79889491560016 173.935422994017 160.16216729691752 192.11409015951415 238.58589396231304 156.54260810294625 171.73904406097583 188.36977790693774 184.66206166699527 196.6589790680319 
H: 635289 225.6418481960517 207.28628608672184 231.44701974009652 169.27765451955452 248.1768685537545 216.9133359722689 248.67287511554397 241.80761631274612 212.89935720475856 241.287795986957 254.26675178674031 279.28484736435627 193.25290262359772 268.8744973593771 191.16885330128807 229.3805905574995 203.239797967045 207.7948150589941 243.44089976353277 239.6602575834799 
S: 635289 227.48007391791504 207.47525131296513 231.4181048671048 169.7604908787673 241.30608427975835 218.52913614629716 248.80603782005977 241.20843593925807 212.90950611013358 241.3921400698585 251.16165602632003 278.49386589278816 192.41220443593454 263.8629713567039 190.0729266574079 228.5002579362787 201.25504181476256 203.24404023984005 229.64802088126424 226.38420770129858 
H: 635289 236.03298610623625 177.27649982641447 191.74389666671956 125.79220484579545 156.27026271719595 185.25846131950948 176.7392565473766 265.2710773621231 191.25017875717194 269.08227908812955 158.98874069044834 474.68454538767645 137.29048757721364 186.3497715473869 132.7487981557528 143.38543159834495 211.38429213157576 152.2178661150253 229.01182848671237 136.48170829924806 
S: 635289 180.40444019069832 187.44827385685272 191.7526070111359 127.68691968572197 154.86407734785448 181.94630657006832 177.42493709774593 238.66226903733113 177.08344610398888 175.06566779482455 154.88058819094712 238.69190720569856 135.55424900656845 421.4979667340853 132.52893410173704 160.39714179844054 167.5840361375788 151.43536228407362 228.6516725225622 136.9524537757294 
H: 792653 267.95851845655875 271.6178413212167 213.21804223730172 237.72955819929933 287.4735263587227 260.50231895818735 253.43076418281808 276.21816971708523 235.42173489470974 241.16651054091912 205.94827120406296 234.30654866260747 228.1094803368669 219.0698973870631 244.77407864042564 236.24604606944004 244.92927965713085 269.7540821509528 247.80475015622966 194.4126718892378 
S: 792653 268.05675317714275 269.72446532492444 209.76153084052916 227.33827036205915 281.77526730338013 259.5831506917314 251.9933030806768 274.7449522029716 232.13344537131414 237.88155634311795 206.0602241725729 233.09729125208108 218.4923413611829 218.07846169503725 243.57699892269136 235.27137794490363 240.90062481396677 269.5284622974223 235.96931245637595 187.65521214802618 
H: 792653 255.97339172705648 212.35401885571878 151.955826433327 211.75692615036786 160.3111048763653 178.76037625817213 211.62000624805395 175.3833054524262 172.56177238900526 171.55713434069042 147.364553006279 149.08233779243284 140.9989812714477 152.41991471473258 204.156015165719 169.89735069963896 166.04419088762776 175.92485767678178 168.21805667997907 149.24282633715322 
S: 792653 255.93140961211378 155.29921284459732 150.04593678342832 206.84756293989432 160.23452052932672 175.05760322777516 192.28285632897052 238.62067176565355 172.56413257490271 202.69960706015004 146.55827688797194 149.06755094753507 141.0010831527867 151.1824518664613 204.00281385502717 228.387460777122 165.6035589165196 177.20650878770886 170.055087638442 148.04099437884236 
H: 528202 245.80777832264593 264.3989752836093 228.79651640013446 212.12429886920543 249.15526708071886 251.97146698001853 255.4181052123332 244.13992108789003 265.3329097647728 220.59233396669146 220.27447068000407 233.71049441518232 246.29144330219015 232.15381266638354 280.5297080459904 189.98062919495788 271.4850145486721 238.09704071496697 256.2619346031418 240.38817189420772 
S: 528202 244.2617906378327 264.1297733759704 216.62079876984788 214.10951770310214 248.1799556152189 249.4450467042924 247.81951375414337 244.37544511910684 259.796414844994 220.61001399405455 218.0543074623756 231.1748607263736 244.23417011886286 230.18677881859185 278.85372990634494 189.54545946179826 264.19875108872304 234.61868896653962 264.41510538224315 237.5495153718622 
H: 528202 294.8967801538218 177.4194927921307 199.32746339078125 322.2551722722192 570.6672619751921 173.27271184274613 154.40746502710954 173.0947137321309 185.99397855580256 231.86136704556836 160.89040172952082 176.15177460209344 169.67520555918614 209.13773879029455 307.0615141683066 201.12428013084315 179.29037163951506 179.39540230368527 177.3271942001166 152.14053666823747 
S: 528202 181.8019549955726 176.87058951497914 198.9445311935055 176.85561295103463 570.4138622262905 170.85960275173886 153.48745042532934 172.93512037586302 217.67238719862766 197.87045278050306 166.06044994363904 176.15177460209344 193.5154298932657 152.43766410313003 307.0647562772305 148.41439750223233 178.01462520866627 179.37536893492586 177.2711638209384 150.9274536108171 
H: 289490 272.40280022178763 245.72835141095572 253.2694561989847 239.35182216741845 265.24020045215406 199.27467065715246 259.6186097212229 246.52574959124243 227.69303446763797 247.65986741440713 211.57392518390984 296.41195154855507 249.20337657334525 247.2518049286356 204.5670753099039 229.4125606166418 242.53726002974747 311.15241604015074 213.41990359244255 266.79164138663714 
S: 289490 269.15676280955904 245.29062977307694 251.69148573966848 239.4130279143223 255.8167738822201 200.90705289742928 256.4438155554566 238.29751038864862 225.93595871366702 250.11073933868673 217.06852722447175 287.7796980653554 245.51636495991085 246.47722245596353 196.52079611164575 226.43258156540188 241.99347906058915 291.8480588102437 210.92926264149068 262.96789468159034 
H: 289490 198.06400154905091 184.4970980067602 217.41996812075473 172.65207609502525 160.5244053537317 161.71759063015966 249.83882192943864 158.30377117625895 154.82092064060456 189.23267876139414 173.0994070469215 187.22763850716308 185.5121245404963 167.45643279961112 146.42415720178806 198.43282177953813 220.81749784464625 220.34422351069443 156.56453315019496 208.74895508738328 
S: 289490 178.59786279445618 184.50466000736105 217.38147024840816 177.39886116390912 161.07354936449994 161.52222685659768 248.753906078878 158.15598368644885 154.13963293612701 189.691678955097 173.10092333384097 187.22763850716308 185.5018120011755 196.03990589759906 146.71420155656455 198.43506576909752 179.81531719154307 217.68474287093503 165.86911211880917 196.459409568595 
H: 754224 276.4896954439328 210.26570015210365 222.56774257691654 202.56851684248713 294.47853437229526 233.97831064298015 201.263639010862 218.01781961154128 297.70595811104823 238.13242548693006 263.18873632015413 249.47812313774025 289.7536991615226 276.2126763789813 209.47664452856492 238.59938193577673 264.6467852371276 242.8390954509399 211.4748464200236 273.715792752462 
S: 754224 276.06007887543444 202.9010159737929 215.10444677311784 202.69017376152738 271.8433881942396 225.81010672940403 201.6483393986564 213.0577750108672 300.9390280976232 249.25792916584484 271.74573387859175 246.3582443019377 280.8291582882791 271.55649821529585 209.66282387200073 237.97264084831124 263.4395712576157 236.4401536084055 210.0402305542204 271.93605796066294 
H: 754224 430.8695736474525 137.38662449228596 175.7092333792252 161.3361129102956 211.5334479364269 174.18080650848728 178.46469464624116 180.3758916231601 172.06968870125598 279.52692688996035 270.68901128854924 177.31230516516047 184.36263120598812 225.91296945420146 190.1127484899362 164.35009800570228 272.4253905609459 237.61650986023017 144.12371489189934 184.03013420376342 
S: 754224 283.65569811511455 137.38411549927304 173.30452215746922 159.20854899427107 211.50001122236006 149.88714400429083 178.14215655147174 163.2688412556111 189.84509040083526 279.52082901145036 181.68675489161154 177.30351082544607 184.3649771460572 182.10478070204243 178.72091532213656 295.7170791995585 282.56067215068686 162.00993915892417 140.4510073436282 209.2296903135094 
H: 846834 222.92568806469612 247.6143621023962 233.1820696577441 251.0673053717455 226.17085432098597 239.99210363774873 282.4000129505325 244.04824743359 199.67672293608746 265.87095730777287 231.03759654965728 238.52063622251924 224.27623302516696 215.78474385668295 209.33684642637613 234.53509538239123 236.88792921992763 269.0358680450939 281.15406430937026 232.6850011420317 
S: 846834 222.91499618366586 237.99596704827024 232.33842921155968 247.17567254291933 229.74063457976345 240.13738460095482 280.10813633910055 244.16748531931032 195.92149706521198 262.3263672577696 230.58585391831946 228.73882662172414 218.06267814578376 211.92809706943473 208.8904113216946 238.8783596335251 233.68060278540423 269.5775000128947 283.45652931204677 235.1589619641831 
H: 846834 146.35736696006373 179.26138388638543 168.54849858379887 205.34090758738577 184.0788475558017 215.66355229930494 220.41270732719238 202.87010162969742 143.82522475078167 224.77247964083233 157.610409010353 184.68453665806794 151.594071649056 152.1021625323927 155.22467857283362 168.85021102646866 176.35259437452646 343.03527934753646 174.976202035907 174.98630678720326 
S: 846834 146.42410149497002 166.2463493443574 168.5617997145706 176.72271742775914 184.0788475558017 180.71721070531214 220.3751124111158 234.23237691502302 143.89996329597406 187.28206238909476 157.58687819913527 184.6382386933992 155.72376837938188 151.13549092507526 153.72265482861687 169.12013502545852 176.2990994360335 182.4809866799784 175.1024854434713 174.99822530944013 
H: 71313 255.16754007769032 230.18651854994835 224.77124798891055 269.29497096150806 213.3294390748307 222.5774814822881 221.1699474142928 271.55194988064335 272.65671183062 235.86460438993367 209.05431867653354 214.27348910664418 244.6370968016942 249.9198190613311 261.1469285320876 283.0658163480716 223.71578603866374 227.83117774089877 231.3522736948425 247.69887426700294 
S: 71313 245.66076987654952 231.34956633524 223.4311081881144 266.3339146949754 212.802400088425 221.16030492726298 219.2244979938447 275.1754424640544 271.1965899244689 232.55366356821156 208.2711137907413 214.2388668962794 231.73426067063937 247.7945844646175 259.6476109268889 281.17825635441903 222.98687772324752 231.83091850900047 229.62618572215712 237.64388051088162 
H: 71313 214.95315812425704 191.12122580441468 181.91230157579096 342.3956955793744 184.1669806051674 193.36205435161548 148.9789091841926 169.2110173139431 175.26145743448185 169.79440192257326 153.76000764057434 170.231732245174 227.4605261217878 197.39793390765962 259.76316205676113 198.23850023354603 164.04996904398664 194.07772787269033 155.64770884345336 187.2821931951618 
S: 71313 298.926410080349 176.34291938656565 239.3221736523343 342.3896229539885 184.1824522344956 208.21585661765093 148.99032535361 162.39923908204042 175.2216912118672 169.6453627059115 153.37137826413309 170.01027707434392 219.32240181897924 195.30317384977442 259.82504127251565 189.45484664646128 163.47949937014826 185.13158363509464 155.72824025072114 186.2991958066695 
H: 730575 259.2218917464063 229.20731744858068 277.163278276578 229.3721622599117 228.77585936151928 236.42658261713714 231.16559903754774 231.9763460176362 210.7463121846736 230.4605303688776 273.45403573779436 233.36649101895628 251.47290091838053 261.7518904648901 283.10581337481284 236.98077737684142 192.95358141997437 238.17387304878574 239.1781678978947 246.0574009073256 
S: 730575 248.8458850801293 229.10266726208553 263.37970298706944 232.52147178576772 221.49634315714266 232.80245965526186 225.14755560362775 231.74776278156682 203.73493688648352 230.53419843297175 274.27933299297905 229.12965379815788 251.0950269074342 259.9588235141036 280.5626234803838 238.37142657412926 191.55981440234677 234.80077249967403 236.13037072982232 242.32366947691025 
H: 730575 167.07144300684203 161.25381580727253 180.66996928933943 174.21105966821315 159.86734637365927 255.54669922314304 242.15450735907015 158.74979680843538 124.56427305967595 180.30262390851442 252.41843487995098 168.12645234231465 214.20747787366696 214.2112952619256 193.42989966412034 172.2365140391579 149.3200505739541 183.55554464652712 185.8812813450179 173.94418927587836 
S: 730575 176.1480244656915 159.0522445372561 180.6709021506963 171.25139876959548 159.95828467421717 217.65526706964297 237.7064132915951 158.44903068691053 126.30949218337325 180.3055421265264 252.40941515491542 165.0315840980008 215.96054398562413 214.2112952619256 190.01313759388947 172.20050679210064 145.5645708958685 180.8889978016414 185.30951871600763 215.66948108559038 
H: 428313 283.48416313435547 254.00661101897674 233.4965232792691 243.4308950324315 215.14091981145182 268.09671148432983 220.9202906711789 240.91829642931933 248.3395715827576 249.1147120468733 254.4493138301594 209.4800611211691 159.52720268342136 218.15542611761882 250.24446042938436 177.78677094932257 238.71558593960492 245.03017390189768 196.36697419817435 219.66739938997475 
S: 428313 273.0761230894162 253.3153027707211 244.6530652388436 236.59648727283448 212.2331437248938 264.5186282585065 217.81586265228424 239.42459993177926 250.69322546271948 249.29889395457198 255.0774664210017 205.4351300150218 157.03401557930647 218.10623699198038 249.6407877435438 173.79856206997482 246.46927391494478 243.81888338918287 189.30697209051283 214.11173966534545 
H: 428313 181.6588479628584 177.52742850708935 169.0309027385989 166.1205976944999 146.62107251518916 237.18135191722854 164.53296510989694 182.71250699220641 243.44591659870633 254.5399732457959 205.30606653282393 303.58391358368186 119.33090923877029 172.20385122159382 170.73202318679114 123.79659284602204 178.37022088965273 196.73780213847252 169.17125413496555 160.9372797744904 
S: 428313 181.60816265685975 177.53090428724508 168.81629657954008 166.4020833434131 144.83284537604288 237.6978865254657 157.74945969181042 182.71250699220641 235.00840285933367 254.37846544184566 203.3845131864114 145.783434771481 119.33407195953353 172.2122588727853 170.70210877221507 120.43904088052649 184.24535396596457 196.09240204343888 169.1044268687357 168.7678762935908 
H: 558521 223.19857284077017 256.0231875085815 276.557555891693 245.69892414910578 216.31382485808334 190.915457673681 238.7437731970048 249.51780309795822 273.9963893112495 219.87698623844747 247.64138570364136 218.85233910273297 222.20780180978642 206.42075925064276 261.73272507264386 183.75203220530642 249.11752949294535 254.53484151570615 212.42600221451315 258.4654183930552 
S: 558521 219.4433110631231 247.1700552774792 278.20660103406436 242.87046460967434 214.96050044184736 187.61522178067418 238.55739948353832 250.05727522674047 269.51286011534506 219.15879299930157 245.13236113123614 213.97073592800916 220.6758667459516 193.0590426627535 261.3213753868066 183.5242077810214 237.55705650040514 254.38515167796828 206.7625528283782 258.1504969951814 
H: 558521 155.74196860922905 155.6178260651139 191.43207859317639 177.01966691088862 179.58301345649858 177.30724658159852 163.8088993368789 175.32914504229592 177.4706367041747 195.59095482562455 185.36832219692363 204.11891468085744 207.61596374210615 190.23886059057745 241.26085583222044 170.26379535066275 161.8247257596195 172.18338534855695 163.4532347644602 240.01022280309144 
S: 558521 156.76486417564365 155.2198900380824 191.43768188422038 176.26059520511046 178.18101956749 177.3063966092708 163.72782958938282 175.1404860756007 176.5409653873214 163.39781052956894 184.93502487853064 157.82157235564094 206.8708601219962 143.23556782467608 174.24572711940152 151.43700345031593 161.79892713148698 172.33464664345487 144.69975839554883 205.73284588154857 
H: 129904 284.5679938318769 227.96117870196622 261.3182482404455 244.90156894771968 256.458685713556 241.19443712737922 223.5789333235916 211.9627388081688 254.25834506491822 297.0742586432772 257.52245183501907 243.76219052654372 229.41177746724202 254.781734705345 206.69454940177232 233.53191846817114 241.1818851732047 233.70401359715567 253.42546554298784 254.1556614229109 
S: 129904 266.786332892642 227.79259834231613 255.351450703438 242.21459314008905 248.804965742417 226.34427166780853 223.18015400527688 208.24853402500793 245.79422531403904 280.78796055728276 257.56447403621195 240.37601643774983 227.32680632990005 252.05368713835549 206.6337613373592 232.44086487844433 238.2963658758631 233.77117512450693 256.5297925087742 253.0527602438361 
H: 129904 255.43720198790842 263.88630035781546 267.41462331109693 167.4323261609095 161.9064096393275 178.78878281443554 170.12137954586547 154.19371666054772 159.84594675345087 360.7243439770473 174.16359086827146 169.61910743618682 164.29743106303243 184.4361093132046 167.77576619789104 176.40263562314755 167.8284470371672 247.15567354958634 211.03651434853927 223.20714293959136 
S: 129904 255.43720198790842 263.00737901873634 262.25625886373797 167.59539694430612 172.32565221429655 149.41430966555933 169.98743992969395 155.9462761478888 164.23178184342595 255.53320313674504 217.2227360781259 170.00879821214724 182.31497559133112 183.82268989271282 166.97733294925538 176.77872592422048 176.47275066196866 190.13580234785942 165.47313398934074 218.71622357418593 
H: 825390 253.49352151213574 273.9737562257731 229.45089839915323 221.3718494324638 249.42300453438577 222.01054132496327 272.0863724497696 282.2211063939908 294.526548390827 288.4788917213532 246.30512499973773 261.2194695586332 235.92966667303426 264.34728905240405 231.3279852102132 285.1510683766598 265.6914064333493 212.30228424982693 247.9867581352331 227.96324602319746 
S: 825390 261.7974951604346 278.5750874317674 228.04021232234223 220.59487653024922 246.50544997835266 216.70635963538805 270.8631817350268 281.4305210230624 294.92761834627595 285.3415136369435 240.29414883780257 261.65281302814486 235.37190268251499 266.26315010123665 229.30915392116808 284.900284156132 259.67040040257643 213.36920521465473 248.91627644744733 227.96935799568166 
H: 825390 240.96206645233372 164.75342299990413 159.071805113924 145.0974100826803 173.11557594401415 203.77615076317096 288.92491167117896 187.6998849181352 170.8966703068348 253.6262934854939 186.48182621640223 172.20559532407424 204.75238317704114 205.9361987495194 165.93861767146274 224.76774004562404 283.52580392684933 174.41698668256967 224.43995774665433 181.91157706703876 
S: 825390 152.48836428476494 158.6804590738415 152.2327257241348 146.3836781916184 230.67681304051263 178.363216120553 288.70265001385263 178.539173779977 170.8932660265249 191.12936139486632 207.35903493711578 185.1487521149391 204.76336230953405 194.85972994641278 152.1356590781646 190.1742821159277 264.79641837425856 174.1707764982819 224.44195294407746 181.8944625421577 
H: 178192 253.7274730598143 202.11407686886594 250.51196290677862 241.20941274749288 222.63195700706967 244.4991266212362 179.34669948638103 248.6054254806689 246.38348207230086 279.71324512836435 235.63478358430433 236.84888875135937 236.71448509727477 213.46223477505538 261.6573423836682 275.88147411502774 274.427247738342 229.7457110830886 218.61241696555007 252.47267652146797 
S: 178192 253.58404641797958 201.67255967217974 248.87613062353915 237.803473704332 210.73338686113405 240.30916662100543 179.0704599520977 255.24467627370817 240.78432964338626 274.7842949434776 235.61787156710162 234.9534744761701 236.32119018017684 213.29735748243743 267.7433194839598 273.25299626189974 271.27756006992206 233.86950961605444 216.86279848934382 244.5507699219376 
H: 178192 172.87471577102903 132.21409923391874 186.51554466670515 179.50357652587635 241.9299552629876 290.3259670653482 139.74393663712016 206.3796641935094 209.25003761269932 280.56805196882544 223.65812013755445 181.1731949568134 183.66995183176203 199.55717396411623 173.03695553495717 176.10620886324028 239.364634150764 194.60093137989213 176.74130115533796 184.80122461752165 
S: 178192 184.82876700830485 137.9239189578988 186.45562268502337 201.12743456616337 241.59027042652323 172.90440763066235 139.51398510892602 205.50634647313086 209.13202935884362 281.06579187612294 171.84966304763196 177.5621665796136 183.62902830727478 197.1908001990788 172.91326132415523 158.59685702669597 281.8435282087163 194.0498224684405 161.74502136600682 184.81939497863533 
H: 229859 228.49932276261995 222.2798727486051 229.16275446851952 271.3325723970307 204.7521319642447 254.12939782270834 233.0929760471341 219.22495028531958 256.79801598311764 222.82601751298307 237.61231038220123 208.2058427956594 190.9271846009194 277.90618458521857 237.23691008255395 252.77586560661493 229.8589030622729 272.38721925425074 236.88361817061593 234.0942947061954 
S: 229859 230.9526381567672 221.03071444662552 223.50392756556175 267.5981110575388 205.1957370482922 253.35187045852638 233.94645319560615 214.1306644894966 256.9744378826613 223.00278287315948 226.7411072569853 208.9096635082862 190.00288860708022 275.64815814520426 237.71806589488892 251.7693446169075 229.79408487634979 278.08632712488503 236.19948202679683 234.08741074818215 
H: 229859 158.71812832988493 165.1337768273369 172.58828938303762 170.1456662516507 201.0324231834095 213.21533608475391 164.07001746060965 210.78558346161708 181.36888152749796 171.02550610454404 161.49413403261903 213.04538883573258 157.5782873427043 172.67090997222564 193.6285722396786 160.86771890906627 193.0789308770669 224.37381030633614 153.68358123320408 184.67863975667998 
S: 229859 157.3687811077972 254.17647626981412 184.6831650325685 170.15077943278297 182.9753475613748 211.2679404818749 163.94529393149492 210.93747833064947 178.71431318935387 170.98187888746745 149.62799488232787 212.74163407063617 150.01004651300826 172.58641049499363 239.93666435855954 149.52103118751083 189.74897305532863 224.38210906647953 153.66021676414465 173.7568316663831 
H: 257341 217.38863423875685 311.5918565230826 213.04764133342186 240.8413429084746 223.30124778434205 270.23296728830746 293.3211259990006 263.7003679825494 273.9196721264677 267.98433271409124 224.12586738966468 220.98927047332086 243.38490294310827 211.64706643135008 292.48862954981297 214.7981771605794 285.7975807435993 239.60853564968102 286.93677028348554 204.08973652119025 
S: 257341 222.00318697141913 295.82297764805907 207.67643290743715 235.1376453659464 225.70012243983354 272.01092105669954 285.5537122460129 257.8180537626731 247.37173241297327 267.92784270319316 212.5332226114387 213.69372211928507 237.3476376138058 209.08965166977762 282.0586687738232 209.1819210985965 275.13877454167704 237.42648749610913 277.0514204908216 199.6859856969947 
H: 257341 194.19840358083417 529.682224912615 152.167819561934 243.43928784530345 205.25384998042938 205.53779945100666 187.51070494408316 207.86709583987843 262.86249243331247 209.54225056109553 187.58482779518673 204.59961385876792 165.40757878532645 239.7187632131444 236.24795336367345 147.60797999871326 219.02106465840987 177.81128699567276 180.74410290564398 143.36696945975174 
S: 257341 170.74009154387846 199.7092734954717 152.2687874708453 209.31454113673834 206.69370395183188 177.87351737438235 187.5128820123232 207.86709583987843 260.9780545427799 184.58774687227555 157.71544985268554 188.96015049066403 165.1553307091417 239.67428717143576 218.10192683451706 146.48462404884134 219.02080351354854 176.47473124544928 185.84443639834467 142.7475061577637 
H: 340903 237.4589038103635 259.875499113165 233.4866203459142 221.26797222657265 248.86511358214614 284.57908396914235 214.34499726559102 207.33561675214202 291.1903483960592 239.3664664474569 261.48803139024307 217.91610325855675 261.4499846163066 284.7998086452469 268.8509460667337 246.27316913225502 258.79507584677714 195.14410735751568 203.16669933190195 279.06453948018515 
S: 340903 222.66607474823124 252.45095694306463 231.23754422145575 217.67987856597065 248.7909642594716 274.5225323560848 210.98486794398877 210.38503825149843 287.3916577869579 230.69620685326376 265.24627380890456 212.85985885231244 269.2293377673592 284.3337092212695 266.9918595803559 245.41458639495542 252.7689534383283 193.89568764023417 198.2489226930334 271.1094713793557 
H: 340903 167.99238562856303 183.7959280650031 184.25551749194875 225.64159620274023 193.9588098857461 269.50716717459034 155.19901570919362 163.5058752560661 186.2009682935918 219.92860442685264 173.05835910667477 189.57959689872303 237.20459278933313 226.4478818230231 193.3928045878812 217.49332759728347 192.4997433424894 152.6217924891042 146.71324959938576 188.62295804286038 
S: 340903 168.10769311802582 179.79947136066355 180.22432529943995 142.52079042639923 193.9588098857461 269.4733109782138 151.5862061366357 163.04897139103537 278.0698819689395 217.3660137933439 173.04436088091563 165.17168880639517 195.91312963805393 226.48458905512828 192.205079571716 216.5959813745479 174.10900329450695 152.59875930194937 146.73036544949582 167.77045305473823 
H: 970896 232.38506023984172 242.45103504565515 244.39013303066253 273.2027376730403 206.99640427870588 236.39131685583513 266.49164609721475 219.98357746975623 239.02308230715113 262.69393291693916 283.6566806788544 254.38205657231887 215.95500393015928 245.5785391501525 227.63311845003514 280.00142164572867 222.92939954546634 210.04884377657046 238.0394923048062 232.96441049994547 
S: 970896 230.43322617719835 242.45103504565515 242.83977533378334 263.8457187440673 205.67214736767272 235.1899521384218 257.8882239504154 221.35814758376432 233.27125643023876 262.3653170566022 290.13268916746983 252.70756423275435 217.1645166813968 244.29484313006267 233.04891312398655 273.25648597527555 227.39746164702404 206.5272675933948 230.6534993186556 231.4091998488699 
H: 970896 153.5652554481026 239.5670222933732 181.80330358643107 219.64942320186282 160.14029732702588 196.6839218683035 184.92940878009657 186.79090677763247 303.60817742404595 160.0823509998539 196.49129635305798 191.39278261531933 157.79628839402304 178.91414725062668 175.31926580851078 287.7409376114793 156.80125608744027 156.65528987714603 233.08535864951253 195.24705090429546 
S: 970896 159.07122128072191 230.25715201251586 181.8945720943476 185.68003061189108 166.08763212832142 195.7592409021236 182.98871107749048 162.75420872673615 302.67224267504116 160.08558692571376 192.90325432233027 200.7803471350292 157.81172031888045 164.97535175748516 175.06287115631721 287.74095720763404 147.690037412094 173.3141711362503 217.4473415223301 195.19147178918365 
H: 68606 216.87957524320367 190.23040816945004 256.59522602958896 240.34534365441215 218.85828270503788 253.01496872228824 195.04813280812826 193.98502646739317 245.7328188139432 284.9818188151015 224.12319936812747 240.5657499943093 199.3965970532739 217.58915383631324 192.9491347706191 223.49621745980195 211.37963974062953 247.01242653260996 171.34749199326774 189.21272258739089 
S: 68606 215.8916444603794 186.79716343118125 262.7515824318165 240.08619994497286 218.85927405837668 244.97529812112953 195.20397220988585 197.28433536851605 246.53958528219087 285.6367995045345 225.59284331214567 237.16262374756664 197.31976444986546 215.40569370282077 192.12514967286378 223.16995697176893 214.54694989128856 230.21030683089754 171.9045119572687 189.8140095189478 
H: 68606 159.4039809508966 165.5154042927544 170.41718774442984 172.52278883183558 155.59331477994093 154.48709417744664 195.96273487943424 188.17217422588254 177.58214412077086 186.27267453949443 215.0997164065455 188.05225519289542 168.72283953244352 196.6470487364833 154.7923992734659 154.87221801221656 180.53193701061397 179.2681430000401 124.07979637221663 187.0261305191824 
S: 68606 159.46509880200082 194.67878851281634 165.3814080998109 228.4125516686249 185.77782849050723 173.7442697327512 157.14804958723792 188.1083982518451 176.92119139649725 185.91179870517576 213.90627302065894 190.65912478687875 131.73181616480446 154.225355631049 153.12047976086862 143.14710933736956 170.93749445414446 189.77233321198045 125.13101418079587 185.02011498004862 
H: 625514 231.75420841153974 266.783610849766 224.01136620943848 247.99961845152134 247.47259509443685 237.9457096380927 267.5444015570696 211.21142937649614 222.6686622527769 259.9503144249719 234.7715839028499 237.3922387535199 251.03199780678963 244.73454961622193 258.93985669692415 171.78873664162256 263.50766184657095 223.58708962589654 233.7778331872301 183.13239987484425 
S: 625514 230.23032941344874 268.7093107001186 222.06005449862133 244.21245891095487 248.3295344923335 230.73061176641238 252.71706948662478 209.8655737030114 214.33702561082023 259.6751578253882 225.13462266910733 233.56124162955504 249.40666431753888 242.89288378326708 258.2664706912694 172.96382990684336 256.325673169129 220.78167051926349 233.63679283926123 181.41649049116813 
H: 625514 170.45022967535039 198.82028798016958 172.6067496877953 154.64207895356805 164.71241741050554 214.8344452244216 176.58260399900564 166.90218754657775 146.0527337644904 223.5995356211201 207.76652720828707 167.45998770440164 180.227449304139 239.55574577739503 327.1767798205156 157.689424378733 174.30481802652673 175.4755403003982 171.19291271315103 148.3537712259491 
S: 625514 170.1530157275049 176.35569176766973 161.61720671434028 154.63713219783207 164.74438890097124 213.64191340836254 176.51579947466936 169.12019937005834 151.1528929782786 221.23930765123237 151.83152161124627 164.13020500595687 180.21275592866243 239.01679500079126 166.3326103414451 157.42575926389023 174.3258943704864 176.18856135124682 168.51955800173178 145.09730919435987 
H: 829142 225.2740265231274 202.6924210151018 236.66267319090554 245.73870590375796 235.95547702248388 251.4157670593985 153.39487830601442 252.28001285908826 260.8271308103024 240.7285888852018 266.7297601083796 219.78795192209031 230.43409748466567 232.55600337686877 204.80655168987852 234.1403376850264 236.5416663868507 219.09850192903193 322.5222937530888 203.60052833586786 
S: 829142 214.5168203950283 196.08488510001987 230.15250300433988 244.3766416347487 232.3338139754638 255.74571686589962 151.5461046879193 236.91972779207126 253.47715208462782 239.92368120070648 257.2996062898644 218.15359972099 226.45002853578274 232.41290413719457 203.1772671786522 234.13576643893222 236.23435746715836 208.64077057111902 303.8983080285528 191.84756107358962 
H: 829142 162.4829470602258 165.7049294407972 157.01207649627634 212.90760673136307 178.4798251643854 178.76370532450954 129.73732913298556 190.3297672150092 185.43263766371166 168.63846414106263 208.43716819141204 191.89669326886676 187.81882281594915 180.91968986044915 202.5616944298748 173.168294847673 173.32825691949265 158.2487638167765 190.96915419396603 155.00775208690868 
S: 829142 171.92621837966487 164.8544390433911 162.84849032906322 210.98984710599638 176.54043992666996 178.8275179541649 129.2057398097811 191.0743501036052 267.8966570617341 168.63846414106263 169.76538829480413 190.92515744785237 275.3488248029246 172.1868329887135 201.2730322904102 171.45145545816436 173.32825691949265 163.48533814197552 190.97666229504995 152.81448868108262 
H: 305488 271.1881412489281 281.7369712199914 261.1524959450501 227.56813246823 219.23121619309273 227.83749324520713 216.06308108085108 260.0891207035012 267.3686497332514 254.7404833030548 236.8408701929583 252.0674227764265 214.04226715981184 257.73971320579545 240.92822680771545 215.01411275293017 282.9616030066414 262.512557142469 273.35495950316175 223.01328838081727 
S: 305488 270.7678136080936 269.7121444426143 268.8218934154487 226.75916239612664 217.1067595080738 221.6617189555188 216.06946956557175 259.06757994148876 270.46361953884775 258.88212400543466 236.50287276537276 250.92075718418448 212.47112066932507 255.21191073776276 237.39431249458696 207.25704860899543 284.30074391306715 267.87834772531306 270.11314039251295 224.13220914044572 
H: 305488 207.10179747195113 188.03346744264618 173.81126186732027 169.6688027066952 140.2721206047711 159.26664967029174 155.66810224145974 238.99709811617961 161.50382708677094 185.4385764681496 242.97818548837 192.72667959431277 227.7068365970707 215.50197351357488 164.6149127580235 156.90959585118705 174.22899070616262 301.6663156429573 180.8106684900241 205.11087466987638 
S: 305488 168.25067478568607 186.44462269785217 173.75999719387042 169.5968216216054 136.9689938682051 151.38704064044447 160.06595641595777 192.22869532318938 166.9755617486344 184.97955421045828 242.86018551893622 192.66040596597432 207.92614972570644 160.77690574879924 162.5527041585848 149.9584864766829 171.73707849337873 299.4641275720151 180.83301176776806 167.56884442525512 
H: 524276 243.7274291183637 233.2995908033884 237.7148751601406 255.25399144292325 235.64030154307363 260.8199382013468 192.51169608988562 226.48686773687342 250.18427388429805 228.33666999684655 237.6267496698367 263.53563045673906 242.40217636619943 208.66760887794445 293.1042840529777 192.18220175732225 234.09058462874304 204.93765480253595 222.63369931209292 262.5374325902757 
S: 524276 240.759280815593 225.82979882797417 245.18163311530066 255.25719172699962 235.38804044328842 254.0220432522618 194.22985310550192 227.54821050322607 243.71702556611476 225.0633279936475 230.3284414406876 270.7471516006804 233.58717639766357 202.6215663631123 290.0805567630869 190.7492179766139 231.7260543039364 205.5201408815028 219.85419834774981 245.18437747668526 
H: 524276 167.34500108033544 171.32645639787788 165.44219456908706 153.7413377498651 176.9239393931699 191.1576629957136 166.70220167000724 213.21823843682486 253.2515376066319 231.06356014483282 176.0702950386096 199.83794373082938 162.28255060350878 159.2987594289637 195.31934334055774 160.72244039973046 177.07022373270988 146.10331865973293 165.93182256205554 197.60557799954643 
S: 524276 164.7495767440842 151.71442700957832 182.18744356193096 153.0038672123351 176.63291139843778 167.67818895710076 158.16282719749555 213.22350884140582 252.7474714185975 178.79365425353512 178.29624587936513 196.95667903481203 161.95145134356423 159.2513544711101 193.91369889180962 159.59922540818388 177.04052641847622 215.53596401045343 166.1336342716995 176.73224260378953 
H: 939926 214.9255006199164 232.617906640286 223.5817718191063 202.17182045406855 250.5818596504624 237.60428140257238 275.89301749189684 248.0022719712485 221.62302125551167 201.66599941406218 234.39047818744194 169.59033419338397 259.74681477235424 224.01718155191887 209.47763769482404 275.10536711338494 248.1533948817925 226.62388914973369 263.8234902111495 282.9848121321891 
S: 939926 209.9913566462694 232.60958627916213 221.55239841703093 203.54695387034172 251.05154657362874 237.02266490616407 273.52295010952304 247.59871357694982 215.218594918112 192.65076881309417 233.99973983183625 170.09068830272918 259.66042799373736 223.4009252020859 204.96501015602846 276.71014381452983 234.99536295704777 225.07579478107823 258.804946422598 282.5049761009253 
H: 939926 184.5573952434492 164.5106465699158 145.70863053465249 157.46817790684264 177.54853259556046 190.62375683606635 168.27596682614694 166.94045037663147 323.22624839898197 181.41279089316288 159.68504070241968 142.07196591890875 260.16055389781593 304.53058042950386 159.9900271533565 202.96497684829853 166.62997394883064 148.50405287995693 292.2486801229629 185.96219065140713 
S: 939926 169.02630300712565 152.21276002085867 139.2334272495332 155.2814902451357 177.54946508720485 190.62549072975074 205.31317954448414 179.33042918132185 315.4557993344427 181.40881665196363 161.72487933983587 141.59236864887998 260.2211775615997 302.4857542227287 159.937750242929 202.38368539720923 166.50577481718906 146.26619378962866 292.18209815708974 266.51089841602794 
H: 352734 240.07259660617268 214.92457420091176 248.79779426402322 230.24522731647022 279.1184451337687 237.3023690157616 269.449826226945 247.38812606450523 237.6840836340024 248.61117888143477 234.68260610754655 241.79887170859735 209.70847189978983 275.107964203427 241.19763157637823 244.74589422572942 200.31167673410414 274.53219077154785 240.10995611504026 237.2239796811946 
S: 352734 246.6308002196368 209.83321644367413 250.81941443353733 243.13080479360545 265.5227953857999 244.42259080258918 266.49527155226616 253.17534290942 237.80694525659354 246.62844080216183 234.84499755267487 235.4373178530302 202.9959148638022 267.392183638255 237.0799182687007 241.65558666919227 198.5868115460333 273.6844669319028 235.61154512397275 244.80456949349804 
H: 352734 148.66386148804065 171.47990469064877 207.64194168375533 152.64475444874685 209.2783774259248 169.94897885835283 203.18012617421175 178.79911271463718 162.245767901204 143.66830555405016 155.8818208426936 198.48426964027882 160.2365792398444 177.13166516385493 182.35384932244617 192.37028091342123 139.21555000070816 161.17525567788363 159.77026946651583 242.87806575319235 
S: 352734 147.62994881438956 170.9692407184694 207.72383236206005 170.6029088361228 212.40499606010115 169.94897885835283 168.52035934984497 178.79911271463718 162.09563625298506 174.81339207549865 156.43433919037133 160.52346722300285 174.654790819887 201.92891857509744 182.66828330862415 241.72138956276325 177.4095423728247 146.5515822376046 166.9939004862598 241.10612798466417 
H: 121111 211.98770061056865 242.76439753408619 263.745433688712 259.39268985539013 259.50683075105206 290.8054769421029 210.98092055423314 217.01919665345818 203.24495840544193 247.66792506046642 227.55362000731208 276.66777967453174 249.68143766736083 268.82228172990983 229.24002515979632 235.23142180301747 238.23797797439158 217.15064560665093 265.145951888737 198.12324320765296 
S: 121111 210.03785581350792 240.79373532962902 259.9484877584423 258.6427043107655 254.27318531769347 280.6203321033396 206.23115619215008 214.00343936730295 201.13582128310716 250.4479844412321 227.39425396400765 272.6754137802313 247.53844051404542 262.49883400187997 228.88235997828141 219.26462533030502 238.6236553640833 215.57595468544815 264.00499033397307 193.73461428401842 
H: 121111 144.53869797414026 171.13875986239051 198.01960683042853 184.74633437603717 198.89200056028827 198.67209541093246 164.6054489587314 153.75802917213989 158.6951036273577 162.69827816488856 174.89373616278803 177.4872205924933 159.7856251854455 219.23061637117405 221.25054119658742 162.81112985475298 235.08566851536278 173.01683650678785 180.66858842145834 166.58204342975102 
S: 121111 225.70684638673217 171.14029683691422 198.0069322089062 184.57553363925967 183.2465563179003 200.29467311153778 163.26116913932884 150.3469538646287 158.91801933405665 167.90838752821008 174.6377007087321 177.41973660164075 159.7856251854455 217.93427085161264 220.89291355228434 162.21786740493863 221.22366905303085 172.18727387687045 166.1755487079475 150.35253372986415 
H: 459110 212.4032296432303 238.94137308304443 262.1397654414559 290.5535122142722 258.2505570050683 207.35462293666652 191.52205061568836 237.35379954282013 249.6791722672409 188.67393405688057 283.45180408809813 244.66255417309205 261.56512843186755 250.8800068329218 242.28964566632186 235.65355549093525 261.90545553255487 273.54757103240803 259.7019319572291 271.17824193631964 
S: 459110 211.92063128664424 238.75893731508424 261.0064815867016 279.83557337751216 253.01596592584954 205.45492787177767 187.96683617359326 237.1985003416768 246.79367744840192 184.6696540080721 271.1426696352196 241.96236475218117 255.36746378111386 257.68413914471927 240.4272940219436 235.54816264436957 260.5434918340328 279.93669492049776 257.4363781799234 256.6459159805249 
H: 459110 175.57090516372043 216.01049881041888 256.94393189854884 324.5152752538296 199.62932689138188 143.52100086310554 141.21033657099923 176.0585166552145 194.99378905520987 148.97298880520356 189.7644641471361 172.6583561010189 210.54385589712456 182.72191162928354 198.5350710039332 261.9433323501367 184.81041366487125 349.4813995562311 204.39358377396414 202.63535020918627 
S: 459110 175.68992235851667 216.02615302850043 150.2116907320822 265.85486018718933 182.42175423190784 143.74640965749603 146.41588606405742 158.30447976342538 169.8640285847497 148.4466048359285 186.9975652247381 173.70123071788157 210.56623283677732 176.49819545777675 196.25106593755436 268.3003802492227 184.19330840382014 349.5698068095335 263.14387125205576 202.62643825293242 
H: 427713 231.62136411956226 298.0800910818354 272.16917133410567 263.47695033035814 232.92783631950948 266.3015479748786 244.64024058265508 226.40307661962652 233.9276278702314 249.115559840263 197.57854229253098 205.92143655667022 227.82350841555132 240.09410245909288 230.10478871297136 248.58127530380744 237.31059077418163 254.75960407378005 180.9472859728706 247.11446918747384 
S: 427713 235.65317533360263 290.4665477952956 271.94502924672804 261.3429620575721 235.09528527013936 266.67841104023006 246.61091973449084 216.59168695265674 235.57389378541566 248.4403246141275 196.95434494150473 205.8401851391344 227.912224874404 231.15453061199122 226.93468352077932 244.27221928564245 231.77465051773154 249.9372684073293 180.5392227441645 244.97989730322735 
H: 427713 167.34781359700145 240.5442938949984 188.0194862520506 183.75685753038312 278.8231159147529 254.02896763641806 171.68049727618813 158.52619152293082 192.87779263679178 218.82218594877057 172.97920376023447 145.17714323806476 163.82926400334466 198.81822772606506 198.3166766240091 158.53474833025905 166.8650015336016 173.50638790655333 171.4184326646812 150.4968170364639 
S: 427713 167.3724374751645 240.49432959711717 212.96171038537773 262.08843997882315 277.2981644685717 203.8862160490238 168.15125901799377 158.5772648282745 192.99824122311466 214.1631066619377 157.31548660298049 145.033701199393 156.25544595286144 214.6090785608512 202.87909304421896 155.95095732053525 166.9130378948024 173.5233421769923 171.40460721955094 142.8694406592098 
H: 664983 253.88144344685242 204.654751781092 208.87727616635755 279.60317532928025 253.67280972073812 250.81485340652873 286.29263341889106 247.73245259213752 205.84525754147654 254.20126673549655 247.8541709841294 282.0485645925741 187.94136609581676 206.85259137142532 218.24574050222157 257.55303597787815 233.11833859754486 309.2460214003669 233.13483561959998 252.49141672755448 
S: 664983 246.62025035437898 204.0314988558015 207.40350219585366 272.8370573542055 250.4755870950641 243.13065299116778 273.1373501050518 250.88080655578364 208.04498067940963 259.2141054284745 237.96607459799026 281.57774104076464 181.99479173740127 209.90823985712544 215.87936591913012 242.12863041971804 233.05985817303983 303.48367713429235 233.06073943523933 240.25342772042617 
H: 664983 196.82880663774674 141.46278699076584 135.89151453592962 221.75304000588207 176.7871468627181 153.18281398392855 243.63465685994424 175.24655105641781 127.793575635329 218.80824012208743 234.45899878107116 175.1150307522231 142.0158263306396 220.56368157173628 140.47679564539402 174.24522557118286 252.55479957726808 186.6842934435388 192.31000001614305 204.55806931629502 
S: 664983 240.08630801498185 140.6483396306195 135.7489548252373 176.3208146900224 176.7871468627181 152.2805855482032 247.74570005746835 175.27961342185645 132.64765444875954 204.16623709600742 158.9138696800194 172.0352367600465 144.19037477486984 168.43720017447012 140.47679564539402 174.2644189346523 167.37497469335992 191.47775341320065 186.81575285672864 189.22416761134147 
H: 810262 204.94967534019014 284.11173118330856 227.04846773698125 226.88776310678972 278.39883335408786 214.9305659158917 241.14710355352133 193.38045065738373 254.44876946947872 256.806932397929 270.7569104015817 277.6262160764805 224.61870095161422 260.86548302776515 173.33431624025243 212.07255104787174 281.3989303460811 238.5965940040954 262.35394090617973 254.1467798828812 
S: 810262 203.19326780562636 283.74885149429025 226.7737400892411 226.37478698526928 277.99819923860804 206.82614522458715 237.88957244733578 191.56281061219303 254.91173971041957 263.5535237582287 250.36727288691074 261.812976362346 223.12592441428194 260.64344773277145 173.08153507546407 211.69611073736232 296.1227788016288 237.96311900835727 258.08198340464907 253.57698068867884 
H: 810262 157.5029785195904 283.92122469361607 158.6783191761411 174.92292289389763 274.31509174062194 160.45646040998696 136.31620042696548 130.61588930766618 187.41915284996466 380.75784876761975 189.64991507217044 172.90879400294756 158.5831795766435 176.93640921880993 144.8329509015695 148.80168218143675 177.37468001293587 215.68519582102923 182.94159628558796 150.1718469331859 
S: 810262 156.05227347121334 283.81910884345274 162.42904456373253 168.09542373551935 263.7052201798994 158.98993581348554 136.18206895391003 129.2787472387984 165.9951204877287 380.6922206704366 189.87475173919913 172.77057216674183 158.54866720327297 176.85053753235434 141.95985421185853 146.44887836134825 177.22516372674085 173.84178942152337 176.83164698316256 150.0880241711994 
H: 739925 229.360900836789 287.3623549282969 279.20421139443454 235.14832379698322 259.40175532699635 210.556629603863 249.11014178722866 237.64785820176834 228.21115270612142 198.25871069065988 189.87761892781862 202.70052201101188 262.9610592242964 200.70470326023107 255.92922917724002 281.7892868367276 181.4770414013688 180.0232197893599 238.14765867793668 226.03431348174266 
S: 739925 239.12281291068422 287.3052239663576 270.54581940645045 231.6863881270265 262.1912310249146 207.13639964645822 246.22655021269168 238.20018280883457 233.04169437284472 194.5765916752797 188.54659109146309 194.28121013136524 260.36954585019504 200.77137153374065 257.82342655947934 291.5110847666491 181.31986502640282 177.1204717828803 237.38378441040277 225.45791243708848 
H: 739925 160.72055608929185 175.43365534465073 177.63289429985127 267.2466913839936 159.84834218178824 160.61360153989435 181.81306206372693 167.83120057243224 177.5358628163704 156.42929946536535 147.9823494691578 162.332062483775 220.98353122682906 158.25030964231684 179.29812759582666 393.4620194326937 159.63946411091786 173.76633138049806 156.62834249143208 213.8559635452907 
S: 739925 160.72055608929185 175.43772901344278 173.1674239168493 267.2466913839936 176.9186210080129 163.4441668136743 213.23619651951307 199.3926495771776 177.1208598839605 163.22683105910997 126.36176910478981 159.56166892312035 218.02261779943896 152.35038100171076 179.29856467184425 388.55922916723983 151.577817823024 145.72407883035152 158.91805335418906 213.76793016429568 
H: 456169 20.445059192260302 22.807357854091876 24.274970472106354 22.668624294252584 28.146497752034307 23.612417754583703 25.37883959711207 26.138923349323797 19.24258428210125 21.414048109814384 20.57964267045472 24.177935820115373 20.526376376772216 25.210746152808323 27.256821423345016 21.635794971300406 17.29892869200984 28.69821696919495 21.007419895985954 24.675076800037093 
S: 456169 19.803014938323752 21.385936754982435 24.057560933890876 21.518472816419717 26.63798324290215 26.08380227818965 24.707005289307148 26.8911659881052 20.432408121626086 21.73553789312645 21.45393893588657 23.4135992351378 18.331575561542646 25.33794918967639 25.848841575626757 20.696662560850548 16.00527312991319 24.357415624505297 20.28554118179854 24.84875197348751 
H: 456169 26.620185393651944 24.42154646602988 30.893703774605246 26.712899902180784 29.132448879920776 31.919996082980298 31.367368381311937 27.976647333544854 22.55911215610211 24.938034230680927 28.12620545844514 24.254688985425243 26.92953236953293 34.65770802890057 28.69705376106893 26.58168488094158 19.369189791988845 32.754666952884094 26.318764276936793 29.484788209811338 
S: 456169 25.558414835461946 22.318798864224604 26.474274956128856 26.777200426194977 30.579629212923653 32.14639887467321 26.58238888447024 27.544581538980182 23.19691833904033 25.06533828364042 25.144139060673318 25.11940744525207 25.15879538090555 30.008115824392195 26.399162374988983 25.56154167253486 17.66882886494465 29.46791158725945 26.297997091217056 28.753417309650185 
H: 755785 24.83105004000541 19.560697988215303 25.327402332589735 24.828371868320033 20.554836955079534 20.79216935322256 24.133878196736585 22.920079988737694 21.06789731726133 19.565932976588915 20.39916530131823 23.541607660825942 20.487370971524335 22.822404677179023 23.250878263814553 23.44623784594857 20.11059298177374 22.682281116077945 19.404741466585715 22.445572174790403 
S: 755785 23.55724926069182 20.58122016079622 25.883979544407875 24.3569044098131 19.495635249360745 20.26392916365157 23.105635355801503 22.390247135134615 21.20280856232294 18.987194116641565 20.28838728355287 22.29927945935094 20.23045263614044 21.08988136961758 22.140734453201045 21.85396405121494 19.76234554001067 22.352515539671256 19.1442007276802 18.97476910560878 
H: 755785 34.714144889012836 22.591988633273424 30.108084226638752 30.98142821944171 26.983138600178307 27.470150373587263 29.72255350286108 25.86384454539623 24.603186527471784 25.247425509231256 24.82224773604403 28.65465963074313 33.570445148535754 27.73623971388043 32.96607032456411 25.702006774432316 24.93524440516491 21.950808762869627 23.52620754647797 33.60887501874063 
S: 755785 27.862052280213344 22.307939868352594 30.03953712938449 29.1152083529555 24.57570741589815 25.858789122032878 29.614818570148483 24.289486190825713 25.0866130173873 26.3459093357646 24.477304968577513 25.2440572439352 29.541339404117956 24.602515075404504 22.81758350353489 24.627909535068852 23.98529541824319 21.17076331891391 22.19597864766038 24.213077153043628 
H: 397813 22.59010370220776 25.425208662301443 19.955220127484704 23.153685830118057 23.154596325246782 27.20844169772288 22.074378963511275 26.206280930185624 21.20310599334491 20.407465401182424 17.782514157724687 22.53719371844183 21.96762716951505 20.99233947264638 27.7642580800264 21.69537081806685 22.955614929946986 19.80100267172695 18.10182354149956 27.05497596529005 
S: 397813 21.65697802223138 23.193234695660212 19.88487836313966 23.397274034442894 18.521943347264976 25.585738066284556 20.77191401588695 26.819706254992127 21.59676616516206 20.93707590499584 17.324156463804563 20.266063268920632 20.891023193839093 21.37871550822772 23.20318646573223 20.55911494189236 23.583069836116522 20.008760091678923 17.295358341163034 26.040730463153842 
H: 397813 27.698932205993785 27.876677390084588 23.23630306298524 28.564726792540867 23.418611637949915 30.523340992269272 29.498833750993565 32.021470447491794 34.8816677251401 28.631773392019426 21.7707538840419 23.277345189565263 33.490524478545 25.927214851257375 32.48024484472025 30.994516067132064 25.26594440852069 25.87065359275882 23.577182312741225 34.58172920688431 
S: 397813 25.56547589723249 26.099303456985208 23.3745047651224 27.445599294555247 22.61474228038444 28.832927098904317 25.196895103937905 28.717156602654452 25.662644818284342 27.179182365688366 20.399561926489998 24.846033145162586 25.450332305438753 24.533472362003913 28.63411399937213 29.69541101921689 23.885507490872186 24.08611379717617 19.344634078492483 30.700271320690348 
H: 192050 23.25945732785303 21.720673253603348 23.135211861690962 22.037729234314167 23.990522864694377 20.633969085024106 20.704705424103675 25.594800559106915 20.434499777708997 23.622985764918482 24.821423164107422 19.42981383125027 21.78489515934858 25.90506373524736 23.216108543108927 19.20000712400817 25.320540265904558 18.171306499318653 21.32325092722177 19.606339244654347 
S: 192050 20.21693431215374 21.177080814580748 23.397039125321452 21.703565142182672 22.06589907340267 19.60819687645316 19.367540865606635 24.461831550228798 20.218341045079395 24.840262566647844 23.885945379501425 19.544736813328786 19.556889032776358 27.31058072242553 21.32476175556324 19.916960283394797 26.527451584901844 18.35637612493803 21.03113029424595 18.523711753685042 
H: 192050 25.516011629849285 26.745172652393165 31.065756305920058 22.918026723891558 26.280550144623575 23.867321610008368 20.436235126323954 26.51170013495929 26.863993005005543 28.12404641807743 27.094222607059507 25.87685294369969 25.93118218384857 29.32682146983619 28.03991885132441 22.158500063043082 28.269834253305028 21.878759003256594 28.05972262090268 23.873376594967088 
S: 192050 26.404409323070244 27.003949445056797 26.971978026526 23.149088732951316 26.862743383276626 24.085965282119023 21.33117881951512 25.00321154564656 26.544030420879814 27.822128953188134 24.06259922600673 25.61396748380415 24.3055773010353 27.964738216448808 25.846776784808632 22.34663392266593 27.448868978661917 23.469572063716125 27.582038377657685 22.319828428112437 
H: 64046 17.971583226994312 25.961166786269995 25.091411971476326 25.798474210738796 20.947017058387324 24.109537975707543 24.081785262344496 24.69042389268496 20.57639768342679 21.098865920802996 19.631173824595813 22.750793107090356 25.286217419596504 25.67398706624606 28.54326673595979 26.375415296586635 22.865910713423695 27.766187721127004 22.4645433397604 24.37844639249813 
S: 64046 18.128258826871242 26.686268413745687 22.401557252595804 24.83601119664226 22.177715977532994 22.85521265454129 24.855702692407192 22.259324066031915 20.71039967522605 20.70968825121164 19.36800376189964 22.20191222996435 23.604596973155626 21.899888793915444 26.171902853365225 23.63755827694303 19.4786645646989 24.842704675396025 20.32116509444364 21.54261076271787 
H: 64046 24.410106154477734 27.987048766771913 23.82143149774354 28.44750504582076 25.28379881897963 31.10915403471031 30.675761921630595 28.03052985961955 25.172935855943543 26.559016834297466 26.322656521410394 24.811480929551962 27.318437800313976 29.103637343593828 27.349676603868847 30.473839166701357 30.473553369628554 29.894830051887492 27.06195387216971 33.38956402088597 
S: 64046 21.963366889982307 30.253951840225504 23.541934820133815 26.598655474021566 24.2286773174445 29.19903745641561 26.553976694770434 27.463920759986927 21.876756786261964 24.076265942497123 23.03105879564538 24.542119114928724 29.495050701558693 27.720681961200295 24.97203672949044 28.46584582088813 25.34397637022047 29.08787567968724 26.53349965016014 24.555797800250488 
H: 556481 21.569975194750473 25.850493878923377 24.75627973435169 22.565683053952625 20.522267079705827 23.6819723533803 20.495326868886504 21.23415882137184 21.973668122463938 21.76539562559232 22.676970476830586 25.52165980871193 20.48012399758295 19.718947106863038 27.491804766952928 21.37679663869086 19.771888150567964 24.42470542482822 15.831081688061142 24.35948001893469 
S: 556481 20.412955011821214 25.823757380845592 22.2320636725864 23.965779065936847 18.5375556147858 22.192066481219204 19.357623702472637 19.30707709567226 19.688301223680035 21.47040488913209 21.14872528598218 24.190461508772174 18.763916953252085 19.286928599592507 21.54581862591047 20.625221345169397 19.768199897523672 22.573671344304177 15.752185160598614 22.777326710847266 
H: 556481 26.85718640391365 28.777632203675054 25.053268534469183 26.38228598065726 25.282355742331223 24.447951885323178 26.446938722063628 33.754772886005846 24.40926586893134 27.645279817740406 22.18054545806637 28.644447356618862 23.155068594422342 25.218158552082784 23.89158252440235 28.210050115915827 27.93430237011889 25.34052282602743 17.16545794642037 28.040251862650972 
S: 556481 23.294598524056013 33.840214238253175 25.411004885931476 25.95343298365584 23.193921577421428 26.69076678261797 28.421530906468462 27.726342428844298 23.256937681907456 26.059415887792948 22.035799738202616 26.892406896110813 22.121088201596393 26.619226307292607 24.196547067539516 30.680347857498628 24.80345054084687 24.67451946771644 18.649567565660952 27.18029008979879 
H: 234726 21.52242952388884 20.050031503839296 23.989536020706186 16.911141798128682 20.529156231553372 22.42984348126206 20.756876100794997 20.393753434483514 25.568233303731596 26.078351807086502 23.28635592468003 20.99167675025952 22.76224336860187 23.449883519266553 21.383167855660396 21.851315079581227 20.20525355175697 23.889137734003437 20.651922641376704 25.08022947896236 
S: 234726 21.21581081726219 19.543799971009506 23.65593852282442 16.80378871102565 19.86326097865827 20.83639121129158 21.555658542111292 19.59405681445036 23.547099339463802 24.254927370741896 21.399025290751812 21.974879009663766 21.158180090776593 22.450771460028637 21.753779094108694 22.399787671713277 19.707808358529405 22.39574275150103 20.152141673091535 25.274657961672496 
H: 234726 22.681977416554027 23.28580442005702 28.227158511138423 27.128502710015955 25.82474175729865 26.97954592853219 26.636868523204537 24.46163596933257 29.09276319889762 28.62476022496683 26.660710368083933 28.17817160331049 26.386305774497547 28.336320655768862 27.52459526673516 23.341827259809605 24.333645983515094 24.141306077262044 22.934611969816288 24.596087321612305 
S: 234726 21.8638280385935 29.053696904059308 30.99145023746724 23.37431690323479 26.355901988838017 23.310416228802787 24.419201398110367 25.188374469233196 29.591636329195648 27.356664163818362 23.739994496303314 25.752423896510308 23.168867045334387 26.331692126442547 28.203402981273314 24.191869912530997 24.76758213889437 25.808586098569126 20.743567672879852 24.517535505458174 
H: 792796 23.701542344490246 22.683769556640407 18.02261544550975 26.926903589423762 22.613195470305342 22.610581962942163 24.515941274470897 23.740909462850993 20.849074693959608 20.061649096841958 24.528247112150723 24.876501153196923 20.045109066247726 23.83033142411532 27.129537195846908 27.400352058675377 23.567946194475198 21.841406436961627 19.445692174812606 23.80064423875446 
S: 792796 21.930254746219525 20.31799953455791 17.473897098869223 27.5073007859269 19.797270259807007 21.79885437108488 24.436270849516543 23.270000268392888 21.22116486081698 21.051600994428863 24.500702679657635 19.41446487043361 19.329900017516305 22.358864354306807 27.44681962688968 26.09343683269751 21.165509792941062 20.798566030025214 18.320855441904694 22.274242109579816 
H: 792796 27.59865561096285 25.655650343121195 19.292082792470442 29.02509061467505 25.42147287080892 25.982424026060325 24.845258927008548 29.075444295254595 27.350585485867875 23.604905538513304 32.07563999997837 23.09556045148277 24.780928514717246 27.529174482915817 32.3037995208256 27.035169905033577 27.165945426263576 29.556119279058223 26.35509225723546 24.24023730559691 
S: 792796 27.27614546593776 25.13670415006619 18.543632868419106 29.738192811746416 22.77527449365855 25.57085883366974 25.47451311197263 25.57096204849365 25.264583209216507 24.804476123327696 27.951717461764332 23.934117650665396 22.925520919235154 26.16421589826593 29.190246312344183 28.440954611834712 26.889385090777076 29.744280575893416 25.39644663200664 27.09777791083085 
H: 864654 25.86614425650577 27.70450630238267 20.704649002085844 19.57279806228587 22.989128134932557 23.52112848904489 21.91554684197167 17.922113222610225 23.18954444170415 19.148110646770316 25.054778916515957 20.29386318715456 18.52271350349036 23.514359076829013 28.89970307907211 16.944410372920522 19.308617558130464 27.174188786479654 23.791512796187018 23.5573169534434 
S: 864654 23.098925479645366 22.691080214105117 19.539937308911977 18.844244258731973 20.672850943878768 23.183296300422434 20.874122637529105 18.796585418117118 25.133105069174317 18.15607915011325 21.78170781712552 19.603824744021082 17.998474670357496 23.097872825624915 26.853388954104698 18.197232188764414 18.74486424526367 25.809014747327744 22.8129897265 22.75145485721072 
H: 864654 23.94037564159728 26.14366321486767 29.57812663502728 25.804569916300704 25.022245337660593 28.496899811051364 25.779562966826333 22.14092096233121 25.585953797961828 22.546220322741338 23.72492867328012 25.82308977951127 26.596300862680938 28.44126696009125 28.382140468760372 17.787901317701223 29.481651790832636 28.519005781829712 22.788792358770806 27.266199242863532 
S: 864654 22.120407777665033 24.820049968290867 26.549407885714622 24.299108045324513 24.82296662002589 28.242407494404365 26.960258659963067 19.943730561047897 25.36315610757537 22.582965570088785 21.543096044080013 25.38462364709714 22.63300319095272 27.438721659214586 33.89783321649096 16.27649564837936 29.679379682481677 26.826927515013253 22.826549438926918 26.236057780345043 
H: 588863 19.659514767395272 21.97227491216094 22.319801702105995 23.08009976103335 26.421421970732823 22.675078423721192 22.644512183748432 22.643909017532152 23.599677193851367 22.61601180802785 23.321536371273762 22.81637508680433 27.58691633056044 21.34898758170221 22.29388919575498 24.437916740207044 23.38226188820711 20.293519070693986 19.938301496214383 22.204466712751238 
S: 588863 20.515613435541717 21.52037832208561 21.425888336199336 21.20716329468144 24.457143333644726 20.663263960331758 22.35701047494308 21.413456276765285 21.762260540027707 21.581506765663896 20.720135739043553 22.41656820361996 23.153240759368856 21.149358523744432 20.42488461074425 21.467836892074157 21.963546652229404 19.581295623950485 18.454974403462334 22.593252656115062 
H: 588863 26.770664803136558 28.438950735726028 24.410001244794195 24.621793258205642 28.761679964873384 27.059230926013438 28.543473120867457 22.85444444873574 29.89358567456242 27.87876463583825 24.997812463885257 27.60181944130709 30.89214167764796 24.725798214823865 24.33954239954948 32.862669584098285 21.005945476398164 25.815877510129447 25.17347379719061 30.43507891093235 
S: 588863 23.861430227653745 37.22575572164824 22.575267465749 22.866575297860987 26.381986156469498 25.33926165802771 25.519647364761045 21.109150448868853 27.356913885683767 24.43939700696511 22.444334556451686 26.329689142272905 27.667093180721807 24.976942549768847 24.83457221283906 32.379336277470756 20.879081796111148 24.409217166172184 22.159260823668504 34.42569607454819 
H: 388846 26.462512546639818 20.826751780241256 19.796690703208483 18.82568022788896 22.754872637432506 21.43194964640697 20.84028198528691 22.303960748866892 23.095522282560115 22.738332038791686 22.183895765758457 17.565230158398062 21.909644449329363 23.01895649587016 24.106183172283323 17.475934307151743 22.305403518883924 20.366551559666643 25.069646927576066 22.497213394065753 
S: 388846 24.16183326400225 20.454617478318614 19.677867905442614 18.723201780310198 22.65860603425872 20.195206402346553 20.42987204512025 22.124375968147085 22.670999927385857 22.346673215010618 21.717220070768054 17.441885594844077 20.502019681011674 21.9591146151431 22.776695653943168 16.00156818409358 21.783804974351824 18.039533064416727 23.675059293503672 20.470876006703694 
H: 388846 28.08539742911399 21.873323719563192 24.91092951807529 22.842086180390034 26.831858931249887 26.15306521775179 27.04618836014005 31.6984437962435 28.507375625829344 29.702138183418686 27.465972893205937 23.081412875636957 25.153454262812296 27.26530767356297 25.87977146932338 24.586224904818682 23.868168932846405 25.143831526936808 26.373811847389227 26.796151743808018 
S: 388846 26.11019302808411 20.541149667045506 25.161086700374714 22.444922251646613 26.92496133684952 23.816497857850198 27.05520134843685 28.577188836410404 30.98859610513799 27.780505997270087 23.69820040537286 21.686113691283083 23.429873997220298 26.789163027743683 27.36898432031022 21.37964647504764 21.959667725676837 22.33548936243474 27.415545157898126 24.873134149295712 
H: 638599 20.981664149771174 20.600633512430676 23.626028331517457 31.127959524841412 22.713456049422792 23.354479280040405 23.920191949367602 23.66146328197289 20.480067668629317 25.33378954798609 21.861973051469658 24.24768861250509 21.011758320706438 21.2433835010645 25.601383789417504 39.248146868684344 25.348571504257343 22.871510376772797 25.079211150460278 23.4938179598937 
S: 638599 20.315515078943363 18.201700007420072 23.93235961197206 27.747746802725928 22.35698103679812 21.874848862238704 23.694286121629016 23.09592713423509 19.75051473537147 23.302898414780795 20.511397338562567 21.43124231051027 20.199351123344034 20.909741420321946 23.293261285776406 34.42257919474833 22.959327378332105 20.324763541004106 23.945036032951805 23.610550327136156 
H: 638599 26.269735380223754 25.74914391278694 34.23081052402581 33.082827193384986 30.87267090046007 25.201436879790897 26.330865447890552 26.62862532010367 27.335959060858077 24.452872557710414 27.454950666169545 25.89163815283821 30.060786120728714 28.225312192123184 27.97961765977833 29.714923114852187 28.580679162264826 29.80702863674415 26.282116287310203 30.83280031291078 
S: 638599 25.218195129288365 21.085808362222767 29.661093169732602 30.01345367211584 28.45552886611991 25.671024589089317 25.58778354928229 25.124254934775063 25.679936402839413 24.49155898379183 25.909653627438615 28.048706160483544 27.05081380818731 27.456605373992357 28.095020628243322 27.94698680837375 25.848647622771935 27.25014520575139 25.861604695088943 25.94578491886549 
H: 446857 23.981259954393785 24.246690881904758 20.932065387561675 22.1773632210202 22.73303793745575 21.222002657848908 25.67347131631802 20.354164093425595 23.82787440413418 25.303323509981485 22.787085332948145 20.615773505616648 21.636035701466074 25.051009158595665 20.21320411641852 24.037293788679968 24.444687848453402 21.348033150282344 25.927408285813073 24.899743378656968 
S: 446857 20.7504489631766 23.102644293086506 19.98833640998845 20.390034609405987 21.356281071011544 21.03839024447085 25.13160823069077 19.078095218504266 23.665017682646063 26.847370551279123 23.70078078624943 20.941151184277345 19.808338375693378 23.467250851382467 21.409416978810363 24.737182328548737 24.29077207055204 19.865060627023006 22.986514912097142 24.00183752846523 
H: 446857 31.74125246726944 26.82421109206501 24.285126544750188 27.725707712489196 28.83611139245641 22.978728573418202 25.80984586649571 23.411502441727396 27.066335757429254 31.993589209518394 28.715380881643153 23.081735360232226 28.065918718243033 27.99603690564845 24.446372134837087 27.939790819310307 27.851983044762218 26.68559924819605 25.440579101269854 23.41493486050218 
S: 446857 27.85113443389074 25.108256623021177 26.07017825660348 23.895225972616775 24.22547198646439 22.378351589257434 28.24117349746157 22.719655421735922 27.041065496842126 31.20470075225246 27.906068174125068 24.403307463149087 29.04538833591027 27.24292793064735 26.795122475272997 28.121145675541502 26.193759076552073 26.577375904988358 24.725751563195445 24.877117183298722 
H: 678311 22.35636071754254 26.95858326632453 23.259354953981283 23.71540751430071 18.78825180384521 19.513903434210942 19.85834832098555 24.487547520837794 21.840467708857044 26.168770261334757 25.30164456757223 22.732464915408503 20.406778284204275 18.13214837349512 24.82211336381117 20.17728695521691 20.52239891279206 21.882119184791932 22.127414507224135 21.925067716761866 
S: 678311 21.50772397079511 23.347976229266127 22.58488780497076 21.67073988628263 18.664654663704493 18.77038653889374 19.385671502440317 22.622576052285755 21.801972519997275 24.015984985048636 21.498369097046705 24.17326841096905 19.094712337337942 16.90854713776984 22.50098619805286 20.884439616557952 21.16630797709073 21.989143023003233 21.677238881906668 19.6947788255383 
H: 678311 31.326049137202393 37.23495548620259 30.15354772884252 25.10942038224008 24.914303221140976 21.940166509019974 22.695196100857768 30.030200847431 27.589484189319986 23.696097019278664 28.014443788527167 34.15667778044762 24.192775160688885 24.923470879915573 25.167946851520597 26.370721736594664 24.026804665960668 25.463052859183737 28.255622264455926 21.700037074263403 
S: 678311 26.993181068082755 31.781484731938104 26.322307609962195 24.567573507208042 23.275453075373328 21.62094980486409 20.568545924419606 27.784560206031898 25.275710352984948 25.317665294952306 26.52773158777877 31.25653373359709 22.254194485302243 21.77352127149464 24.534124495879208 27.785969917994226 24.662339488541292 24.001382060451125 29.607818456763393 20.64374238964421 
H: 266871 24.41552568601294 24.49142491084854 22.5833087529408 20.115712195589275 22.96979552966467 21.69978923082711 21.353802233122487 21.423781444373923 24.592130084548746 22.760931100087486 22.838125453003475 26.918961064741584 23.82091025258677 22.14407994776377 23.348816282917763 23.775475844976878 21.79821121885543 24.45637697000975 22.094513743219316 17.864132022564785 
S: 266871 22.441969305370055 24.55958924007217 22.23032888438684 19.437609495956465 22.241626709517362 19.93965223789024 20.28003335867485 17.86602743348337 22.211412263247254 21.371188136388696 23.36155283106805 24.61292360572201 18.544555825297305 21.723505357363358 23.049396682916665 22.658996698509448 20.806982999076546 19.75323426643876 21.163180951773427 18.54096696812136 
H: 266871 31.125829598074244 28.203732965216062 24.415556750230284 25.01205900694494 23.43424202692138 22.256020480500776 25.185220093072253 22.873772503529807 25.9879810583963 23.30146747782757 26.40358897038797 25.85566191135083 27.051424963133524 24.12546187994573 27.043258525946854 26.080523332726795 25.099540477397664 23.73495386207829 26.378764968432442 26.79763274937871 
S: 266871 29.61822779761484 28.336428414181587 22.80181451324646 23.57427591205428 22.291071980363068 21.583553779636212 25.580314034089692 22.69850772542506 26.807728651762744 22.459736291579812 25.679691157853764 27.790671712929555 25.138409785395407 22.799698074854106 24.83073503359383 26.18328738347528 21.409696233319238 24.088893592113962 26.089313029371592 22.80797689361384 
H: 313507 23.34458425642792 23.86754647532118 23.47758339986041 27.681286776751087 25.54407004084173 19.168586684988533 22.612638496038485 23.274710848720066 23.953809264363258 22.84279915231192 19.05320357294262 22.035269241357298 23.111617938687516 21.13105402754504 23.744801501980028 21.783677870680876 24.452678138543014 22.838415860364194 21.659471702708526 23.83377483949647 
S: 313507 19.85454695572436 21.966022514736654 22.228615827702466 25.677531170874385 21.832694804601207 18.56550234794931 19.55554855078419 21.867280508370428 22.21356723727354 21.35201533671164 18.780918744002815 22.935036750313984 21.039401695906093 19.3340238256488 22.190429813045135 20.828685485312903 23.906198356575242 23.20250003075027 20.729561805061216 22.467817852447325 
H: 313507 20.83912995811999 24.65159111846142 26.146814120800176 29.00782120192297 27.492897127211066 27.476123761117336 23.457996720097576 27.35279465416165 27.16906016504066 24.1144372975889 25.98715309886803 26.37902982869947 22.20468795419157 29.263540371279205 28.83018382847538 23.602498621171257 26.324070774068417 23.257529186064193 24.295656359459837 36.83771564299566 
S: 313507 23.775450889120588 25.738745613697173 24.92744563755224 28.982906010740493 27.887679564664523 23.642986222397823 23.265356719352663 29.379490771789357 25.52747844870769 25.28191799003215 21.66841996241595 26.750113236668547 22.36547958656864 28.48270654088205 27.96667817917199 23.649315527624008 25.743618027332538 22.549231791885397 27.22707357096445 27.851427731080875 
H: 950790 23.89525577054674 24.52693574656597 22.819241137303706 25.99067135234194 21.283032734390986 25.498683177042874 23.92032595349847 23.997809579930987 19.612919676227325 23.486065436636597 25.146902253351136 23.837814182814963 26.331033418805546 20.322397400998806 24.640710651195924 19.663992636465444 24.896951946090827 22.083740676977097 20.237650738610235 17.955752451301528 
S: 950790 22.42227073762145 22.091688711810704 22.105662273186187 23.866301401210958 18.875200421916208 24.54170685127979 25.978917636843356 22.15932051608841 19.447372956711803 21.79983526835584 24.445580114055424 23.555475321734583 24.124085224709276 18.570160406493272 23.623895127743545 18.46701094356349 21.548974737405413 22.824914321975662 18.92217465840875 17.09695659168316 
H: 950790 31.311682132263698 32.673070056235225 23.43718632840155 25.815713291917007 23.317677328010326 23.94211699374982 25.733011133802528 33.83944597474265 24.330198089063657 27.242210827657797 33.429120408342214 24.583979584985205 27.21116664114108 29.062885436236908 22.82334099959158 25.62487559716569 27.90254088591839 26.465325316379218 28.544817632895494 25.900304066656204 
S: 950790 32.990542046706885 27.12634895107374 22.439112310505283 28.628785260632498 20.63156766760081 25.534516088270617 23.816173222975802 31.105399626138013 22.47879812526304 26.328697173952236 26.67860048775819 22.843765242141725 25.544697376246802 26.566869422601176 22.700227225517995 24.03550163048141 27.194712872701658 23.835655735922963 23.729008082472124 21.610351545892634 
H: 133098 22.576577850669786 24.995985586987928 17.947902958327557 23.92340599633658 31.26425688762953 20.998773604281407 22.790752167145826 23.474702194378025 22.328059828169433 23.298466029169052 19.26598759467993 23.20747726934396 21.52500950757151 24.563336427477168 23.4031002956075 18.520055644572732 26.27928558311714 19.55533155860393 20.896158701044882 23.952931733000433 
S: 133098 22.498479549058615 22.944337747712655 16.77209666817048 22.629170516344292 28.753625518913182 21.044938600211342 21.993917045281773 23.199047980257543 22.278495678981592 21.41760994464068 19.45641570639583 21.947297224342496 20.885037071950258 23.406719727258967 22.11518599972138 18.094279099954043 24.549226775652233 19.112633382308676 21.12411246080008 23.422199283085973 
H: 133098 26.039637033073035 30.09664503044561 21.809066566211488 24.618320016051555 56.22741394515773 26.4529464515449 27.83496562754984 27.50106182727937 24.287224465782767 26.55154681537228 27.557720418761978 32.0153169984353 28.84444439485957 32.81644535040014 24.85947579614698 26.051256573446963 34.20209490084181 21.449173984627546 22.76322280752543 23.901508711258604 
S: 133098 26.288118690883405 27.56495891950692 22.668952346335537 25.849310977075305 33.4736207054765 28.79728854035841 28.701427418181908 25.88715189310368 24.842227102502157 22.037450514794234 24.334710261641067 25.474404479898972 27.503541393764486 27.100552036947025 25.05418715121543 25.616844203965847 28.31285943706282 23.42050080168456 24.27349863542435 24.678593452993773 
H: 825325 23.64448685686358 21.046652824438777 21.402529117766843 24.656179826773663 21.85371122096528 21.87357600820439 20.307788744614392 25.987303692285174 25.128940891088547 29.21795776289411 26.059878764202313 25.475512639447704 17.761142806573226 22.344402374090528 23.36890095825052 19.54378667392166 24.111137960031872 27.23717927279263 22.379642523938152 21.232278398528134 
S: 825325 22.03961319570043 19.852522239045957 21.610529227678825 25.198207843867515 21.814041985459237 21.287655790243367 19.449723516482702 26.360190739279926 23.765196596972707 28.654530786461624 21.12887025515854 21.09645502462802 18.218578527481206 20.50410689441161 21.43640705463643 20.76349059291121 23.225689535341328 24.01809656847413 21.66589980127662 19.77805267685223 
H: 825325 24.408139171251886 24.493503900757585 27.93562672700426 24.73062591723901 25.77367087657067 26.308683487592145 24.9662496144902 29.373020940841243 29.569643052467313 32.45683947807259 24.926617224723792 24.4428239937285 25.337567084790305 23.862139159122606 27.78549570238642 25.790154215429247 27.341678998362443 29.60588961952617 22.980571681543655 24.30735790004663 
S: 825325 23.1064176312173 28.262403130115306 28.76568337057604 27.739589870458175 25.72353328219565 23.73771495001657 26.198009900048564 29.47088495984359 26.866480378660643 30.313831556429346 24.6149992130059 22.580512299512186 25.411362814199155 25.143521711316456 25.107673260599526 21.633971115481064 30.448856551385628 26.504981826550814 23.711860961860324 22.21040232868983 
H: 944529 24.394231520145148 21.939781728499725 18.327632315572572 22.750766020869623 22.29880266538691 23.03789880077078 23.66833880767871 21.35549075253303 24.057319514802007 27.109957754391136 23.866185028481183 23.64091483469458 22.7747127123236 24.87989966361844 25.6378952488948 23.810331719392316 21.520347584321502 25.692967116351294 26.82880023841648 24.575049814308233 
S: 944529 22.69037719681743 21.48602429960759 17.98809330042422 20.384524216591597 21.160841289198235 23.544343189922444 22.699078199053908 22.45008404772506 22.29758052410411 27.352783197462443 23.318841491264912 23.475351992252534 20.182414859688002 23.14213249183647 22.680601804711568 21.737823662653255 20.60108049853361 27.78828676300117 28.45159175463272 22.738132921212934 
H: 944529 26.89067038334671 30.12418851810016 24.153124792158536 26.7008984273089 24.153334425553783 27.695211441681696 25.738320849319138 26.968413793921233 22.42332204731224 32.49188924667275 26.69717098985312 26.266091780987665 25.16260286611207 28.99447607461815 26.509736384434536 27.39963041049867 24.65079565678422 28.13544594819857 27.725613623934187 23.89153260629404 
S: 944529 23.601475990325167 26.46103635003963 24.479056996185125 25.371442581202313 24.614478580178222 28.55936962675401 24.857365810799223 25.704545244928656 22.526474197264264 28.145025603557805 25.22747628423293 25.877440683911633 25.680958142675134 29.885525903319355 25.75314745201914 25.226943305941692 23.416171393988922 27.198799624618488 25.757708276073487 26.027988067390368 
H: 48014 23.4286468564888 19.20988963500795 20.520999923806137 23.548716866127325 21.267943217821873 27.24918249026589 22.104957430371044 26.541218085823594 19.05624757219685 22.10789472220586 18.470281761782307 18.70850890440916 18.19519217919891 21.40366050222722 24.389503407324497 23.487691149079264 21.480421622842606 24.82091197646053 24.674063121728974 20.602028023483943 
S: 48014 23.808839417947695 19.86995076667487 19.011699111255997 24.174801218002646 20.548234237334142 25.205077273746117 20.94888356402527 22.982009507510107 18.399168608096435 19.469610044798724 18.05726169966182 18.681606118396445 17.20483050744046 19.780612169019467 24.040712115979844 23.0907150378756 21.040114198675898 24.916544188109356 23.087027261483016 20.002605679955135 
H: 48014 32.6401068869299 26.03640621294078 26.624172615846298 23.36338754236382 28.04943856807065 25.817625611734773 26.969731298801705 24.183572114789946 22.34164060821027 21.695432897434248 24.605297384763904 25.991161544155208 25.428100045791226 27.08757630245173 28.3486307229825 31.094982329488698 24.60687131047133 27.236225568317522 29.051510693684946 26.595717992406247 
S: 48014 26.86595372418705 27.44743294996858 25.868134520670846 23.676486342522917 27.501321557892428 23.840567382084572 24.459874773723513 26.008495416864314 22.718456496557838 21.226066637035487 20.95261189579252 23.430197407249103 22.37964767164495 25.970691090472112 24.754475697726587 27.268957191440556 24.54328495283212 25.609884390725536 24.989208221047445 25.5461273783384 
H: 267625 23.41907475420878 23.980408492146086 24.650877507027086 21.34113233914461 19.78396032668659 22.60289020314387 23.892650935659855 25.33312565923188 24.655241350178954 22.644545180518996 24.63516783313725 22.3401052630952 23.09553230589747 24.02498833999163 19.99530047407957 26.030101483915217 24.146223014425903 26.527938894249733 24.17270400819804 22.24346840563844 
S: 267625 22.05212561633207 25.135725943157013 23.701478486693794 20.564439426243595 17.55987134026021 21.264056875359863 21.896189914775906 23.624688491399123 23.59480211176289 19.247438543249245 23.61310358811637 18.77124189611527 22.800912278905475 21.616219893515797 20.330470064066706 22.83452824700186 23.807680415330776 26.225269884091965 22.759951661637967 22.048141061771148 
H: 267625 28.42349908353599 25.568306428526313 32.80308172600723 26.066789492665375 21.37088789279229 28.029680315347058 29.30723866910872 27.397035842116072 27.543345662310777 25.72389106008775 35.824978644884666 23.58256243978664 28.015166735316146 30.414156307557715 23.09932973912665 34.489565075450884 25.572847212651155 31.970098690219334 33.15783060273881 25.640500013450538 
S: 267625 26.757100480450372 26.612468244801647 26.186345964065826 26.7939130761349 19.83037832993061 26.03426867633577 32.07150640131533 26.736290243144882 24.793548854038004 25.312751408296258 26.959383225847542 25.10013881369814 27.725637013162263 29.012562788256442 23.275761597986207 31.014029612037913 25.134982710631537 27.051126536227123 25.672635338609027 23.804953263596683 
H: 410716 25.674889428467136 25.51614084887035 22.572341127248457 30.232705298453812 20.90421485571745 25.12343480887613 20.59188981326756 25.69671428079312 23.102759674859996 22.10634884826482 25.964765763627973 23.559072734682275 19.509313702541736 24.05206676484905 17.016312706268387 22.065814660036715 24.924763563477235 24.4276797494022 22.394073711332616 25.13135439080849 
S: 410716 22.670166721929256 22.475212205589095 20.713531287168248 26.70683763647766 21.959753121177943 22.036801067247676 20.543368995250514 24.691258173714 22.368093553248592 21.041670113974302 24.593930485501854 23.505148674265623 18.22506120647804 22.25060954118578 16.05015691596465 20.98114015771204 24.480553561220095 21.828576303160446 21.90834762131105 24.143992860348604 
H: 410716 25.62157124398716 25.597914206483697 23.41093568218163 29.682491544209974 30.09845244787797 26.212519201870062 19.93986028202727 27.194255054216796 28.293030891206836 23.81416403525837 29.70229401145304 22.146101534302183 23.687445492376483 23.301277933557373 25.4940402714389 26.338701813314753 31.275034189395935 30.421572710612786 26.61782303425295 28.56444524928547 
S: 410716 24.732291725474724 26.488504615551268 24.498827984866832 25.39221688784015 27.07150633854652 26.4078083948114 19.672057797436842 25.33665359080696 26.52271925771534 23.731829324236283 27.02806905184378 21.99909049328301 22.229003165987308 24.363925838133206 21.50490858954228 24.35982077161097 28.12249474916633 27.696304441757942 22.811720305039202 26.154701905476706 
H: 742608 24.01665838591989 19.857471212980514 22.458612275160213 21.323136143591718 21.54601335002528 21.885038853794025 22.55777686611661 20.821446930160395 19.646356223431784 22.486338251908755 20.817948433471972 24.227119505792643 20.7990956194404 21.652791696921 22.403468779133195 19.947160253627324 23.45562264836865 20.827291048881328 22.0823811287176 18.12159250953423 
S: 742608 21.90649507852883 18.827027669868293 22.22965242043363 21.528798728156335 20.651386209972372 20.987872418142025 21.484532488182513 20.120101072780308 18.544412109040298 20.417896774195803 20.916990222108375 24.877291871180596 18.538749194464007 18.64974749757485 21.425631857795963 20.25760813374996 23.77859914008346 20.88213375239389 21.169826251659526 17.74587462263479 
H: 742608 32.444812754554015 23.901174789469703 29.042702042992357 30.0083073204106 29.185780270414245 23.69412119375508 24.796735114831396 28.987342426830875 27.416121137877507 19.86455486329691 28.15608232604344 27.084124828077922 28.381080004496532 23.943131361050334 22.496993587754474 25.36947736855091 30.984592556700235 22.615831456612856 25.591278336370014 24.531785355371444 
S: 742608 30.85124493174795 23.434008178797715 30.53401035304546 27.682127648604244 28.114878343722637 23.496478774055245 28.173097462658436 27.682116959378256 23.91602869997596 20.186267829533733 26.31202385900398 26.905549056002712 25.143164120274 21.151644447885964 21.36342439702002 26.959112195270784 31.09386436455079 23.741108165557158 24.618067760461066 23.889756581171206 
H: 584878 24.00192300838989 18.95012988242993 22.55073008783292 22.44115333402474 23.847531453742253 22.275802884432213 16.41902543519358 24.43308553444546 23.02297588579691 23.44884509827496 22.324093827254746 19.494418472081676 22.09799872342919 23.132130042767663 23.614793009063092 23.21756742449507 20.89460989337902 26.2984101487564 21.61160512763914 26.491689318858057 
S: 584878 21.614951254939022 18.36529645658571 20.236564181434858 22.875317829854993 22.036103996787737 21.218254324750262 16.93579912755244 23.385099791396545 21.81112207505631 21.887004699697243 21.11367261594574 19.527893374755866 21.001005657706518 22.6563403268369 21.917404035516412 21.077287621727283 19.557797554815256 24.6963824872229 23.001369547113224 26.28289114587948 
H: 584878 28.20752151031879 26.615232208342352 28.689784664546643 27.5930083420263 33.754058607436924 25.13909022528584 24.040145132523165 31.593945704123005 25.04032684815099 22.987599693899828 37.72248057018853 24.68073282001868 28.21104860243941 35.29910005426037 27.288981647090157 28.011913125192333 22.619413300148434 23.77241998742229 21.743128898799643 29.470021481093386 
S: 584878 26.552065793193403 24.415185653013655 24.754406997279514 26.798891030718575 29.104079654073526 24.031551697891974 19.166605335957914 28.641796373127907 23.799191721679385 22.917250824301227 29.12306285311893 21.50094747509427 26.27531175517774 22.52761719389983 24.553512286023132 26.41776244838366 23.276855926056264 24.905872687609897 19.870472039711863 30.795851749139374 
H: 991954 22.739930809147282 24.495217117804543 21.491199220038283 20.92595467304975 23.966130104285735 26.888567053843342 24.864019802541172 24.787479480152765 28.332090597113925 22.55271831644846 20.864371379011434 21.4312606499567 23.40984508045238 20.23386789284726 22.93526294790138 23.179358335461718 24.21914391130427 22.397499146368677 24.148164520742057 22.922169626783866 
S: 991954 22.062673857605414 20.218394944237172 20.789450501129036 19.314859587898454 23.814912017418735 21.95223450957177 23.94846940343668 23.202835212557332 28.477058195377005 20.865929992540575 20.17829503378202 18.532618941965865 22.45777008425848 20.018673744267712 22.42445220698278 21.582821633962347 22.214183695847353 21.797022673098397 23.578593035554118 21.051812187672283 
H: 991954 26.56688395316975 25.08271397019771 26.560253804863496 23.203077569043693 32.003821306772025 25.479228299745262 28.363599939161478 29.539477430415094 31.718855111133905 23.662384080734107 22.443097003472985 23.1384600981548 41.65278159292496 27.079963321069414 26.829089503351355 32.28940073684911 27.645634662319893 21.013512847237415 25.19315101270309 24.91627663039311 
S: 991954 24.973855304792234 22.091973474613425 26.436179754770844 23.359116287961132 25.484415376300504 22.223104010576925 31.867038693655854 25.82957998763371 30.285272279898038 24.26519668955873 23.349222156166853 21.05535665070269 31.02112683866704 28.808615666515955 25.70002985337022 24.664269358176075 26.40180074724213 21.4846532331966 25.586884285413916 23.9301068758541 
H: 280409 23.16568616713477 23.03015678777279 19.133094781716256 19.595161451643907 22.979959794274414 22.384642907097824 25.317155982280727 22.69768900998899 24.291598958557262 21.73639200147391 22.173656756734758 23.496809262299166 22.389177930952137 19.136270067715678 22.69585307961001 21.208109241062868 25.44185380435057 24.149714543514133 22.718207960832032 18.902873040355914 
S: 280409 20.566081102235383 23.843762362587352 18.93531491089499 18.085979046749365 20.377352040842673 22.040892028467283 25.31082202167735 20.51734989978377 24.318821006202857 18.76441599786182 22.803932691921222 21.744139860562406 22.42241852760884 18.046039433662262 20.795408568250824 21.930283529661747 22.45208161978907 22.286540360800398 23.376233015069012 17.054493939400324 
H: 280409 27.5937698809881 31.19946917572617 24.018234573423932 25.943915593300538 27.718150802738624 29.62080376869462 27.711725526099425 29.05839941410403 26.464695133105234 23.081222555440785 25.13817028345146 27.027864430192032 27.881492439247566 29.917748300105583 31.33609155495447 25.63595513033073 23.366216982543513 28.31682716702651 28.850185215425803 22.520358800997833 
S: 280409 26.91006430515279 27.057795557776398 22.43772350894596 22.665083400703935 26.8643319821632 25.883778239972855 24.293689752080777 26.288241787737537 25.439119448588905 27.563410874090632 22.767615303200117 27.789732526995817 25.330153358031826 22.33312226026805 26.564712087509175 24.275217027078103 23.32160955429916 22.747005539428276 25.10212438885395 20.855300692860776 
H: 926126 19.986824531760924 24.841808458246653 21.92194590192505 20.502344954103737 27.238433039694705 22.2132524348094 24.655766416322344 21.988372389267532 25.03666614611216 17.887530260290326 25.342611507532656 22.670685506888063 25.51353278255648 21.646768924399716 22.344497956919245 18.594493971139695 20.513405714248695 24.971346008392814 25.048142047293627 21.618165119462944 
S: 926126 18.698898843780658 23.746257476284608 22.546172087542974 20.588425187718858 22.792661751905857 20.613323260868857 24.884752648059912 21.574475746940028 25.888447906374637 16.980089344411763 22.4843766775106 21.167236611730896 23.278386963761726 20.784708816131033 22.187611344020134 18.387410852768337 20.615196733101875 22.696466344509208 23.59096195552625 21.222326159490475 
H: 926126 24.45399963216422 29.709845141820207 27.757124657164383 24.468529451294312 32.95404620218495 26.39904801359033 24.08342430630189 27.70604361494035 26.03905745565345 20.640416357661206 28.536048700194346 22.395364106196887 25.428280287436568 24.595388893197168 26.9759263331106 23.925679192393908 27.025217447386982 28.866638825584857 28.116742644255105 23.48644750992567 
S: 926126 22.649756227252606 28.930883640319117 25.586817281201313 25.924942184469263 29.55686338824506 22.74312355636013 26.377776917147987 26.349358072069013 25.508127179623123 19.819947435962888 25.64925522411652 22.996693968744907 28.031296529978416 23.120323452259157 26.59053328178076 22.271788209126562 22.944596263444353 28.2688875751293 26.110024921640484 20.10701852532861 
H: 442017 23.127701934389112 23.88746171577222 25.274647650979166 22.41328549627555 28.73347372544607 23.86767978804388 20.309938696840305 24.73721788195322 23.801480363110436 21.18260270657451 23.399843272500974 25.130356271265217 20.997770213065753 24.63160987837272 24.144688915329805 25.897346295409374 24.355570768598465 26.384809438412407 21.111945106021874 19.555014065376838 
S: 442017 22.040214176286412 22.34649089305901 21.617594492540125 21.112426030021805 25.34738209281271 22.342351070282948 19.911016409439128 24.383607865183883 22.504931438809816 19.642442410515873 18.620099350700908 22.71882364058548 19.591433756618887 23.044767158630638 21.450481393563585 22.721292089528507 22.46063916868621 24.979378757061244 20.365543992422435 19.447289340744476 
H: 442017 28.08606907446131 31.374130827048937 26.054710729334264 24.85378287634066 38.64546164354301 31.238085379272214 23.687426321900666 26.75323515313916 25.431804693612264 26.129034556672355 26.654791365591993 24.407048429030393 25.250814385687107 26.72462232060823 25.708320051236758 39.86262193312888 27.0185645365237 33.753722808705525 25.20095712611979 20.98521562151958 
S: 442017 24.95073661010151 26.799219987109687 26.528646465920346 26.1576271310348 26.57703261599317 29.272381235771107 22.783639227199803 24.10159468494773 24.026762594247213 25.555253489572696 24.12769185119777 26.074372122967066 26.25995104808378 30.669291512961305 24.734510036914543 31.578546671589166 23.145216773253694 28.85614223918537 24.43682472186229 21.5327810994561 
H: 383445 21.34607388425808 26.762584007207387 24.37355547331761 22.674903661917664 24.18736193219293 23.418577154021847 19.34013250386393 23.17153377780576 18.247228677519917 21.711477249321465 23.21900243852168 20.344621365851534 21.81571859118852 27.662565851777764 23.385110970756298 22.95013743479034 24.268000127832003 24.365124267180924 22.959004389779828 25.598215416599846 
S: 383445 20.31008134721052 23.450260348480064 20.92450317790023 22.23257016758072 24.397788119759223 23.109568228561628 16.915550054766523 23.96782949655813 18.230558628612954 20.991931294420326 21.11526956572462 20.274448174334307 22.021753212922743 27.536161610559883 21.767668340589537 20.919090640869765 20.303753125802764 22.1653053820964 22.044415371521108 25.51933271657271 
H: 383445 21.150596653396477 25.91642386524667 29.838686295882663 23.91104651910533 27.839616537278143 25.51631689400864 22.399544391674503 24.939536455420903 19.25865480248538 22.920637757057666 27.8169633541717 25.638115588068175 25.519313565472473 26.349332123183068 27.63202588599689 25.24809701518728 29.002681995969716 29.470197252345734 28.621673291829765 28.20984530742821 
S: 383445 20.87298831430073 24.183833759795203 28.14574390850433 23.26887953828133 27.94100982838956 28.09349418450817 21.5876768222625 24.74371117639403 21.431671384212294 23.463588267710637 25.372881258513598 22.028303858251864 25.949380246037578 24.930069299207595 24.042768405904898 25.123279296458286 33.29543843526976 26.067240687537762 28.31750190780487 25.72948008908264 
H: 775946 21.02427842394019 27.667826617295148 24.89663618146968 26.990078291961765 23.127170341320273 24.1381593731422 25.169393328848834 25.643840231906374 19.20825472413229 24.55596231928414 20.05564088249963 25.59896776999624 21.416763075298746 20.449180821834915 24.40236130305183 22.548936657049005 24.016058838079214 21.96633830824441 23.719435789052046 20.308606366962106 
S: 775946 22.136185596506873 26.266207790191213 23.374198677214807 25.3282695488466 21.61411028203005 20.73164232515103 22.99453047529689 25.83036067851216 19.744347313964127 23.968024337713977 19.784349689631483 23.776829403030646 20.75617364060562 18.986708876823855 22.924093272693746 21.886073783618393 23.70071611329248 20.727969096784225 21.925572551833696 21.79011523128254 
H: 775946 28.308959948212387 32.62949556408966 32.698731935690674 30.777107794441882 25.03911039510726 23.007972664257707 30.68299513222067 30.313904603367746 26.66770584868694 32.00622134701392 24.831320055546247 26.584469018138495 23.655968187613897 21.924629365636505 26.52148732785154 23.389139402969345 29.1343463501605 21.285894979176234 25.541123470544214 27.18635414690138 
S: 775946 26.521121002945012 29.82149495101863 29.220050190291364 28.111526309516996 24.800917627253177 21.89613331005091 31.589942645928843 27.923099958424142 25.093548863671153 27.834894970156032 25.227100462183998 24.04963809638328 22.976473853311376 22.512607546513728 26.42340302735239 24.018883845616358 28.499493552198356 22.68517880255486 29.001574346797046 25.6837775706385 
H: 645751 19.2796113425214 27.67806487345829 21.82115938791455 20.48238003877368 21.57549481838569 22.81767939996469 25.001477047751578 19.274769667269585 23.39366273635551 23.065197929786947 24.02775329911933 24.9678627266477 22.464114145053873 23.96395071071451 19.37482544543397 21.9191947963794 25.271406554552744 22.002244505748166 27.267469202211196 22.468017094184574 
S: 645751 19.15043278416477 24.881193234252418 20.811352690121048 19.110813140411864 22.049389073490946 22.80608186193532 24.167944911690604 18.66522085354769 21.18213807537665 22.66786962694796 23.989415999775648 24.23565419624646 21.1512318934911 22.528515115734304 20.032021442036324 21.704289064360832 24.959035094186675 21.53438632938617 27.214901531522166 22.010436198797674 
H: 645751 20.580501294247625 29.3041633264245 28.58826372071329 23.291334868449567 28.250651181360176 31.221326571121036 27.430757720452235 24.552575300715823 26.57943510232898 24.80857432818001 28.838671151534886 32.02492959869914 25.1182867988191 27.773720515887216 30.90711603829171 28.89340556612799 27.119902674711085 24.468374360712506 29.608354758384827 25.682707358521323 
S: 645751 20.174618393297933 29.225875008956272 23.008875763098768 21.090328317446147 24.776049193543994 27.01902724302799 26.438943784920678 24.874011282497975 23.810962270498003 24.49153977771428 26.069177465087755 27.982173214852857 26.115794207695846 26.02121770679384 29.1720340749664 27.231056018165148 25.082892230416903 26.291244787016907 28.957718943353456 25.704931434322333 
H: 679038 24.312052483340555 22.173237974356244 20.739868594250545 22.214177399930307 22.870296524604235 24.0148332470076 27.849188365632305 27.8202177888075 18.972646919565825 19.066258724603593 22.834899728946713 28.988450219052613 26.385536560007665 25.550405578950926 20.79177725515055 21.472121785095894 25.792263460793198 22.833853459847973 20.961657233934986 25.942815776461174 
S: 679038 22.48691600837652 20.54127611695996 17.66945656758553 21.85267443182005 21.169319603028114 21.634613454352504 28.016673117085475 27.12689722205969 18.372837574549976 18.755807696545975 22.383360343683343 25.581457149614273 24.164974663078986 24.094144277369885 20.771767477037443 21.30429150695132 23.4788224922135 20.418101580535303 20.655312731389785 23.36103892677724 
H: 679038 27.76402182329914 28.324500968027383 26.808097551186894 25.170947332169316 28.981086133604826 26.781895804707865 29.278443859054786 31.48420675062043 24.664678727808564 24.36542420902464 29.323692943341523 27.651389449024865 28.174969813746927 30.531044697656274 28.032596250649036 30.107147314001246 32.39858380780897 22.821584431526574 29.627003034662803 30.844258473261476 
S: 679038 26.137083693888485 24.73917737920837 25.6631528186936 24.48992044050072 25.27227380051569 27.667651247379407 29.930828909247776 28.94106172916804 20.840307512025586 23.346325422010793 29.590869218247907 30.99369007594405 26.94647446720183 30.054028441569457 25.097233873468955 29.1813196733497 28.578685324246926 22.40733000130978 29.948162955952633 29.56226060171829 
H: 960640 20.287604197368875 25.07135385728988 22.543465359201377 25.483964212319023 20.654210278827705 21.008902187963123 25.758774772875313 21.021760614016948 20.513922877858782 22.398117868470557 23.40818767683243 22.000949471088322 20.20960193481106 23.135469490049513 24.277432173253953 20.00999317409879 18.87104284636192 18.055674393068347 23.19227537713464 20.58851380489524 
S: 960640 20.202724288444323 22.490194897672787 19.776116346727978 23.57094818251238 19.25089690342528 19.69768508106352 20.98634423808883 20.69778906518302 18.55390229158571 20.708906780063568 22.98635981007978 21.13210438274424 17.995493666662146 24.654560472189214 22.196420281347372 19.78181938518564 18.551636805936603 17.85317386407728 22.44431865393491 20.93714199675106 
H: 960640 21.599501490090084 25.254360978273187 26.543474414144807 28.80533152716241 23.180166554427988 23.011649632641536 26.088956947040227 27.804956746786434 23.358042560618937 24.714583052866388 28.04170192442157 25.353562939702165 25.393508788753177 25.85319133229336 24.371330746094436 30.07079641818514 25.919841559825233 23.665521642859424 22.24156212497335 28.710706220879008 
S: 960640 24.471207353091124 24.410577306404573 24.787319685938858 28.417968063412115 20.842874830334917 23.920883859417582 24.723417999315146 22.98922854774496 20.86853219168789 24.87924731068515 26.161939121309402 25.162332156315635 24.4534121187728 26.20183287782035 30.956258094567758 26.348078225224896 25.002575678754436 23.627122459860107 22.459013830880036 27.563821522552022 
H: 845785 22.2537258614596 24.28936361511481 22.140868521117266 21.43688953237065 22.643031537748104 21.207035707517303 18.525206759171237 22.997218433378688 24.0118029239806 23.75003461420488 23.520546618903392 24.212498247066307 21.213404291121037 21.11174150261182 25.90819529629221 24.759564800348922 20.077047573587752 20.564628042116713 26.039138274836883 20.749564702008332 
S: 845785 20.255085616972934 23.72229886533193 20.998375705214826 20.967246060630032 21.917410660616827 20.725822557354167 19.03143572332525 24.254879390641214 22.616406749328036 22.07483345864248 23.426756732610198 24.428787559813692 22.29022536429063 22.885871951621628 23.57808307676535 25.83002836255057 19.254402443816712 20.69516582431652 26.60347599963861 20.0381152208189 
H: 845785 23.92018878970284 30.37670109604282 30.378189138013788 29.52569147884495 27.702782055875026 24.732620484507784 21.114613821747554 32.022434994981126 28.38834575185068 24.607929639032275 25.981302459500093 33.80404383454314 22.849332044477567 21.521643882569915 34.90923025206174 26.083028325480882 35.23874515814593 22.497345371133104 34.08878019573834 25.588519384053335 
S: 845785 24.064149681277147 31.134491242567947 24.70427561024106 30.94162453650452 25.40450428244207 25.262348492384657 20.641410534690984 28.09467433890106 28.885977342579388 24.772147628419987 24.52264703189577 28.464713484625403 23.85606209828261 21.758461957025816 34.464858158922326 28.0210268304473 27.552477815875598 22.525695989200706 31.80203656403835 23.875666096441396 
H: 804184 24.40317704273276 20.40721310935324 18.205630634869728 19.034731682026806 25.280546633719318 26.900154206698843 21.73830291246377 23.8913715636329 21.015603603238457 25.140252552633342 20.7762949520954 19.68246288280039 21.314947095606527 22.181884091739597 20.825545359809823 22.354437738130155 21.611669617343352 19.367961863692805 29.54001689832434 21.622460341433793 
S: 804184 22.12165214246411 18.589181438193 18.068591854736553 18.259537654141102 24.817751510362545 25.227871676252303 22.648084201877747 21.92041102921563 20.953369153701335 21.938692714304533 20.82236112917658 18.871537829002786 21.262377697123785 21.879828334372956 20.23022578571977 22.06202558293165 18.57326372517064 19.83248408859612 25.240259387755138 20.69501554184343 
H: 804184 33.71655564540645 24.78067583991223 20.063429965963252 29.739567680252737 31.384686139482945 30.936335632763516 25.143939038041285 26.679252647543773 29.184560305669162 36.91241290336072 24.41760540655166 23.997328595408867 24.377988829570416 23.22449859006994 24.560526328455154 27.430724005440883 25.292107236684167 26.328651363702523 26.892550817367894 25.458648210885354 
S: 804184 31.46611769890046 23.808261203848556 19.389909665808105 23.847917049776758 31.289849700251853 30.522308930731548 28.194617970368274 26.80075562598331 28.931895067296487 30.508562872656956 23.164136400647003 24.268320621581406 24.474008144657805 24.911121601152526 23.646846257999442 26.3482600840455 26.418748263637386 23.428337355253323 23.71214976756512 26.076091023402732 
H: 954715 23.793322843217442 23.170279991553933 23.36611470705509 25.73305941475394 20.575214993402465 23.017662419197826 22.970185471688595 21.113285877181838 19.823181444216114 21.549207382523498 24.38138914384366 25.294935370551897 24.744217913378133 22.09029420261291 22.38718186265609 19.781210868428335 25.377733876380518 25.504994585278652 22.3339331784073 23.689488064868744 
S: 954715 23.80214304258697 22.8013803603637 22.964265954437458 22.62517068360086 19.298826621153538 20.54622727532032 20.560111339616192 20.447590541761627 19.528410094516207 20.37641827319376 27.285390811205467 22.1990487561171 21.615124261590914 19.660735517164547 23.56722136314475 17.83132870376271 22.923000680829137 24.82626543829439 20.285081487511736 21.140427193771874 
H: 954715 35.34371941523327 30.51104498427272 26.614780918911542 30.384842412276605 24.168703363617905 22.55442788846962 24.39096939947742 30.85134343405954 24.122776353371023 26.49414371644872 30.710493276228277 28.253456503927477 29.118899944808234 24.724064270295617 33.47558984211294 25.77651355257692 30.928548094670777 29.44968768200339 26.832931000603068 29.47153042643813 
S: 954715 29.583164812347942 28.557562428993727 29.239693050000117 23.54843300974449 26.430233857070707 21.293222470396515 23.759856100933664 26.557678333336966 23.952645827545854 24.747211181200065 30.311072636287477 26.570158169970153 26.084201223458958 23.74856495668298 36.49867083840058 23.656583823324677 29.18325868330445 26.71940434948778 26.986856290409357 27.38864622444374 
H: 709038 24.10723915818793 17.934520689286234 25.166266656694578 23.043555598387133 21.666055861407116 21.303372522563187 23.288589302897527 22.660073306748135 21.270361332974264 22.32343994016478 20.622804549428015 23.662642078654688 25.48181002482149 22.87875521059447 19.27000222990398 26.234679316204392 25.943432053778352 23.8954431350867 19.479427085575484 24.406773937099942 
S: 709038 23.273932936482215 16.830394122975953 21.06237916867984 22.09576821566675 20.4376250703396 21.31387196600264 22.535161200997486 21.583034647354594 19.677369271868617 19.27950233052654 21.426982614372054 20.532325500812675 23.953316684439027 22.523698686042447 19.523683156983203 23.521639030789505 22.874599695248172 20.258553457771715 20.25175050555657 22.720903371764777 
H: 709038 28.799256620380827 20.145051056531692 29.519351387312746 28.333353884165568 22.885327106360467 24.693982627020997 22.681871185052934 28.958930153740152 28.27736187642849 26.403116713469288 30.669356791240862 23.542830828622492 28.302449059994135 26.691924897814257 24.743979027848905 30.26813270023039 27.19706317346891 26.246014218282234 29.261424522488053 24.423811433715606 
S: 709038 26.513594380172048 18.504674897283103 27.594361835313848 24.86505844482446 21.843547730920395 23.30732619847933 24.538205416411493 29.59486139813159 28.031719776548318 22.8053559444019 28.230758623274664 24.970261699581243 29.014860254971115 25.607401803907493 22.61543629748086 28.028442951098093 26.067636398002843 25.097726597084772 23.847724274179352 22.860168840276195 
H: 318240 23.647032846342416 22.723264885946755 22.76117960755846 23.814006114518765 22.450455282708166 22.5371362243751 23.980588912203118 20.422511342684125 22.516748894203445 23.499727417735 24.944428401286615 25.727861051338785 21.406285008962417 23.101751162567936 24.264586856835763 20.47005982202257 26.054696534295246 23.97222521218146 25.21936166547421 22.449926868447175 
S: 318240 23.903221377228604 20.866629601328896 23.713622507267953 22.81904993055781 21.68988798969231 20.436697198301378 25.801053685394702 20.866913661590726 22.715870304751025 23.516740981055975 21.583496998708103 21.75677457816335 21.558767275797432 23.491491776417707 23.88578253812095 18.172372497957657 22.765957481919646 20.68093670257334 22.23951832388296 19.447793082767113 
H: 318240 26.48770938452977 25.33868819898616 28.61539057415304 30.264831462680917 28.943718808493763 25.43128784029534 31.612515941393696 25.549598743245937 24.865877452358657 28.066399289879254 27.459912100514465 29.63862003901743 27.395350669082678 28.50259031460537 28.161045730322204 25.41404491083695 36.09785311107282 28.88060890284238 29.849939190831112 24.78275803121689 
S: 318240 27.314211228524083 26.576006283451214 25.136408359032814 30.302086409047646 28.665437166378776 27.312663630696154 27.94328571710096 25.007719545800363 23.44160180289013 26.132873915083863 24.674527734430548 28.655731408437386 27.47412731885797 26.31364075887076 24.78316231870352 23.590073220416688 30.967049969502344 31.79743107348412 36.15788304749814 22.740518518751088 
H: 49019 21.186803975806 25.757449768634654 22.76599330342851 26.435780093900977 23.191532071557372 22.274368791110124 24.858534192456094 21.402829573462004 25.773138761950523 28.711755915393702 18.363039223891153 26.319675206366224 20.867894139056364 25.334845985828505 22.79358494053704 19.54965832576939 26.077164496056838 22.98969564036391 21.924151417411093 26.626142424907794 
S: 49019 21.984866947398373 21.91730539417166 22.787205934240173 25.914832470854094 23.80293738053821 24.748483682412534 22.502164254318085 20.821484823443477 23.497571632427864 26.61527007066006 17.51703092423552 26.0550671338364 19.418250373501262 24.05630665867627 21.35619927744779 19.87915586020831 27.439762853345975 21.727503788317943 21.056233060702564 25.422101302916214 
H: 49019 26.030030739123518 28.601151009907255 26.35275648876958 29.294068256524845 25.99056756700182 26.348169996494136 28.779160591104482 25.526521250390758 27.771900212953657 28.36794301780737 24.576273918261233 25.75009592024628 28.78118103336799 27.255031232976783 25.424841900670515 22.228940062600927 27.23748823223268 26.66932109152566 21.89330205568483 31.008982149686673 
S: 49019 25.803600041525424 26.83299229190644 25.764444922340218 30.031337705054874 25.720534356556062 23.442741201756682 25.30633645734325 24.663018060954236 26.882544237842325 30.447464387372722 22.598987914636346 26.198720315868897 25.759440443167776 25.0910783871653 27.07889383285088 21.85466049933827 25.296087070757633 28.414070697184677 26.119015549491348 26.08190379419416 
H: 709153 24.730399714218127 23.482932234018293 23.967829689536984 23.033138320272872 23.524736436867585 22.83818386865511 22.520876529535393 22.556322835660442 21.560772229403778 25.103855162769097 24.318683675957274 26.353312541186032 22.92554659666989 19.350024412806064 20.720819313614342 21.47087453057437 22.4202496287235 23.80601868790186 26.088665816008433 23.115720248561935 
S: 709153 24.48109987494701 22.46656393412409 22.64299333347251 22.72068502388184 24.55025523115754 22.36123234636884 23.58447690531687 22.640000543704488 21.21335363439909 22.96004239254711 24.62139802456751 26.02002218347855 21.52958202022222 18.980399274564657 20.968780874955794 18.441998125126137 21.57336180111081 22.584456912986667 23.473231420759305 22.085645402247877 
H: 709153 26.461662450053275 27.249295644207816 27.733076599456513 28.887162980681595 24.726787391599995 27.95555063148711 26.032956091303635 27.533552839600024 21.570350404524085 23.81902695826888 35.17941253757865 26.49701729731308 26.599465957649645 21.426525442712848 27.796556943861813 24.92088739040303 24.11469745189507 37.06224424820538 29.177588706457755 24.58954982870848 
S: 709153 27.178337115579303 24.74824545348287 27.700335991109796 29.998532912394243 23.91419759469092 27.39305489930112 30.10640386955985 25.025030745247516 22.117004036896898 21.137670504100196 28.470528702913953 22.81273885233233 25.423182102125246 32.61536300496567 25.09839380450234 22.843400461083338 22.783991401855623 22.106114792081843 28.77525546787958 23.852983632428565 
H: 342779 23.902509809784554 23.87043518896403 22.671442231064624 30.4229165078003 24.7367467796679 19.48371357401107 24.683198190080063 24.499107413756352 21.74363657009977 26.764417657505284 24.02915669925767 24.193774641909013 21.377602443465936 21.431878175289356 21.584258904011154 25.278511743444966 20.658622673163894 26.285319634010396 19.200976187376902 18.322943727591593 
S: 342779 21.682219304594714 22.89187422065637 20.643341535910555 21.633021226084637 22.479801623447504 19.04168941062534 24.649154356328907 23.50828493760443 21.250098056774064 23.77942199252882 22.546108631651418 23.395718569643485 20.152631548156016 18.810849371479502 20.140166592843517 23.704293420991675 20.3627607134356 24.399723972260947 20.003731532105082 18.65819930405847 
H: 342779 29.04301109969209 29.143703020404434 27.367747794398742 27.640889658651318 29.19223244391143 24.28613761713868 23.77650577636939 32.60608023448348 26.085195384211477 27.887481894146994 26.378510455518857 34.1212124634965 23.771980625546867 23.04076766671176 23.968961276309287 25.104468855777586 25.442086266519713 27.50770080134975 22.259730400148193 22.353556243596298 
S: 342779 27.53957203556988 28.518594007162132 26.51057650621485 26.597170248908483 25.585964812480405 22.468548171080297 25.867504504852075 28.465354712018964 24.819890752374157 27.06369891672575 25.02808085140323 31.150097977796218 23.70832790409827 22.668735924661064 23.722228402370668 23.61099907179873 26.30637820880276 26.302310030957923 21.72686590255603 21.364969402065167 
H: 463490 23.14551231694839 26.526101569829958 23.205200994493154 19.756918208438435 20.927738108111118 23.240296255650478 21.45962533262911 23.005697642784867 27.73540717221853 25.508526645325016 27.023412910899175 18.177368741697094 19.590702368294597 23.475884925778356 22.370472048408846 21.083474752094773 19.56228816640166 21.43860631028233 20.19023657428933 21.580918481515177 
S: 463490 23.589662519709837 21.677132249902275 22.32710380802559 18.716815303136006 22.305213161515294 21.74676466808287 20.942588056087327 23.074802564080766 25.12326726865894 22.61068911143395 23.534792894691066 18.6884983900983 20.025101170586154 22.35391454624562 22.33694524883736 19.704818300959605 18.2153771443463 21.536492708193975 17.981886030843533 19.69218557401413 
H: 463490 27.815317654663144 26.26110556669478 28.846965884989302 24.436371386326897 28.16267130384424 26.94000532745132 29.122025268248084 25.288310191001703 28.67791045862949 29.98454296886703 33.033886449859764 25.385817238550846 26.229984383607825 27.733128823630153 26.924696352173232 26.84625729945595 22.67764730956457 23.569003558224896 25.70101809378508 27.093499375168673 
S: 463490 23.28574438990264 26.542406636706378 28.574373721141036 24.55340673254259 26.299669716228614 27.968476518987263 27.97426740273312 25.338727285455064 25.0521643597046 25.990146975734998 31.68072115740376 23.29459540131762 28.444859899672505 27.176752630230055 26.044906530670126 25.910185783205314 21.79432469159136 21.914547178815464 23.68457650809269 25.98258133623006 
H: 583360 22.792308865064502 24.23374932919745 28.04278607401135 24.20395597718452 21.08223778914441 21.15020718345082 23.685516544753536 22.146984155541876 24.006526914558236 18.0714876610734 26.218341264158493 24.865948322434885 20.182819470999995 21.494341769597046 18.911664824255418 20.91983177246414 24.289204189665735 25.487374285726542 22.818657394280866 24.700373832961038 
S: 583360 22.680192516521366 25.12082519755194 26.367805839618185 23.255136105248305 19.44156384191376 20.34020783530927 23.252623102765924 22.214663350134362 22.9299493736215 18.14327618234748 25.061638258856647 23.22168833027986 18.213590582247733 22.17416243180849 18.65979229645851 19.312044750818306 23.295354412531346 26.51565050797581 22.959407748559904 23.528555628634322 
H: 583360 28.550470211214265 24.48269271891535 23.055845734808194 28.357007423319438 26.506672744887815 27.43165712170824 26.534424347214955 29.153546460586522 23.207651091134732 24.069869945930783 28.9838465033826 24.925695350321018 24.699355405386367 30.51235504799754 24.48886567041987 24.051839409989114 26.285650524764367 27.72891984215437 27.956449331457915 26.477000342741096 
S: 583360 28.65842723830359 23.156419791390825 24.223412811258623 28.40654058862027 22.59740838256213 26.901403508029023 25.59760806653989 26.05252752301469 24.375582560885814 22.946537272128857 32.28821427946275 29.20685011707412 24.108399610149196 26.193265377407247 22.901163957070974 23.313882538956587 22.619108580110545 26.18390419714087 25.197579722754412 27.431224724484974 
H: 977204 26.910953490723482 23.577541065950086 24.73122700224117 22.328615848047075 29.477804155441778 25.830089245894126 23.557743488570306 21.95203519401574 22.77499896629365 18.69723326835142 24.39745716813357 18.535715975711728 25.587073621326187 21.130627277552573 22.38132250560717 20.24313625560188 20.40942513894578 21.92453773425236 26.864089918641422 22.859823464666867 
S: 977204 23.616594879967955 22.906645769821434 20.7137426264012 19.226682584690266 23.66404693816863 22.251567405094608 22.31679483873064 21.167925106497727 21.481842750845416 17.950562726705122 23.350891028258065 17.599613688763462 24.987690195526557 19.976350691403034 22.30846522901901 18.86162339536871 20.726345536618958 19.418444837615247 24.040472472863254 22.569903838327864 
H: 977204 29.220019929925222 29.806826212293494 25.231382905097732 33.8122321934184 34.10699329409662 26.991811350940342 26.597508027256616 22.881088004925292 26.726726509228904 25.741988310725674 30.97439672641673 21.222553915738764 27.562782116038733 25.384662623502308 19.82545704781168 24.555063332997634 22.58514758817975 23.210816491704787 27.031765952805152 35.04860785473498 
S: 977204 28.06318145087226 25.96808609114253 23.595657435119367 27.571858286375804 34.28165149773974 28.923372385051017 26.565949781564285 23.059231703452422 24.976794768599305 21.247604082268776 24.845418725390473 21.786812973203247 24.365518004267564 23.625134533381697 25.031359074810954 24.349112350198478 25.54944594252657 22.00229185271703 25.838116194377637 27.39530769096061 
H: 636124 19.88096395906033 22.043136923894494 25.815979594145325 25.697994119458976 24.220872999213494 23.770420590972186 20.599644336557837 20.736423629038725 25.597445609052162 21.597873002428827 25.2053030273567 22.459675151373734 26.530748339113202 22.242541664274622 24.90910440526757 24.995976565752557 22.74062151441724 23.13393775156704 22.950996706144117 24.772302887288077 
S: 636124 18.94943608035991 22.24373835670789 23.558577678057006 27.131861300678406 23.83124101105942 19.772455470619356 20.973032513348112 20.266210802456644 24.204229089338657 19.76159917943442 23.721680553567744 20.97564682522186 26.347439530654146 21.62685784334331 22.283133403420038 22.070402663125055 22.880101797458977 23.192222118068468 24.07280595877082 22.630739784249712 
H: 636124 22.68637324371011 26.073406421409395 28.34020763974323 32.89246110631472 30.87848197467549 22.566648597314813 24.408116103711233 29.549096472662303 33.72786977762924 26.07809640113631 26.547684799118034 25.694060041582254 32.00191083789045 26.05797669244494 24.57402304313179 29.959348215636787 30.446509745628727 29.132124779767295 27.244732208002137 22.325380253991714 
S: 636124 19.081222183063414 26.146279365296174 27.495820976555642 32.43438844252824 28.456436466358525 23.154827814455853 22.277134302734986 23.472500398153656 29.2031509795942 23.856635843877896 27.991592489465166 27.25360290677956 31.66622980891335 24.14751461699765 23.4445617074104 29.745793913911708 26.61879843062053 29.37519228673048 28.529602525210755 22.655586013268685 
H: 455110 24.724111551967095 22.81681303413607 25.127780206130563 19.166243831693752 28.583848960976503 24.656146914209543 19.211468946157602 20.940390785905034 20.890246925630787 19.789129932726368 20.42692564997053 20.624922546449156 25.31249625963952 22.411320835616998 21.27828378553896 24.705757601575854 21.06258134601279 23.785907455881226 20.29908785045614 23.69683697417715 
S: 455110 24.669969673803696 21.6855005151584 20.572898288571587 20.072384200536543 24.117114906366513 22.518369104158555 18.645560845570095 20.517228521931496 19.860988502090034 19.66281932888871 19.954718875916964 19.104423561484566 25.283880689968946 19.914673150571783 20.65864956178075 23.322727824033677 18.584615460127168 24.572102520357163 20.16804421328497 24.397940203362847 
H: 455110 29.383921484537503 26.532501980804952 25.879796550318517 22.75745283780773 33.24563958817678 27.070087255892847 24.021310175500414 29.450129480761728 28.08254963818534 19.77418566998214 26.71664193328752 28.105151168986183 30.121881925178005 33.26617010985032 28.468857354513705 27.72638688728573 26.285544823979414 26.357922176334114 25.208056806630168 24.92144200992259 
S: 455110 27.404349713742782 27.43944319741372 28.36462237943143 23.0286067956258 33.60267557327872 29.496320634142485 22.22150534649008 23.162623020079984 25.71733397741796 19.78551582358325 23.288521632659684 25.79642777902132 29.054641913592256 28.774223888261496 24.476261761872323 29.007493224766467 24.146454331193695 26.220398826157854 25.596923021861564 24.974381441093854 
H: 471034 26.943305575840437 24.999601418399628 24.056764724265268 20.446531391470106 21.41600054542487 19.79014084431176 25.28954705277477 26.201011793261866 21.82594556651178 21.796584623972183 24.984645874063 18.050370337404125 21.59657428617125 27.653046123055603 24.64346030403899 23.699921295924717 21.363889620655254 20.411743606353273 18.162196143749526 28.825457636516802 
S: 471034 25.56931139739518 22.908647085650927 22.905688318617837 20.396535529669766 21.543856911663585 18.282688194784765 24.981358809097483 23.779996016917686 20.718989042794167 20.882932086993275 22.47799885066079 18.10602570086568 21.05464133906112 24.836958992104208 23.494032739153706 22.790008201252057 21.359901216642605 20.998656537822285 18.790603810188813 25.66578365087101 
H: 471034 29.896154675566397 25.573809125094606 26.579544759757432 24.179022289820168 24.972622538622403 24.98609835550664 29.027044141158555 34.44625897444246 26.68921235875651 24.625305158248054 28.139878676439682 22.22129074479971 26.059299484360476 27.814458306329737 26.2457033031117 25.22986443535821 26.185573935892517 32.15543239774209 26.00717253709404 26.921827001759578 
S: 471034 27.880224285174727 26.546319630808842 25.011231742805744 23.81452884517729 26.988654089036984 25.121269544929994 27.210871649035248 30.797376131578336 25.173668928037618 24.01134316075676 28.676118216526117 23.9329231798629 28.255359747517087 25.855390718281285 25.946141333428493 24.548500329288455 27.846862713501846 36.60697958756161 24.336166899575716 27.10407454647864 
H: 577880 20.210407519631048 21.264171323788357 18.74052551044225 26.41160327360337 19.781477490212183 23.430943178039076 23.58023944799185 21.081178357442468 25.19276763014085 20.774921269303494 21.360238277691792 22.11265577562 22.323652578915304 21.315795458046136 25.035909536958645 21.224860164629323 20.2398939308666 26.608717594223442 24.236481036485376 20.95302963426087 
S: 577880 19.332957146071973 20.578950543730556 18.08013052490671 24.880851291014366 19.86602396748216 22.21961485981079 23.656960130523093 21.02627855581743 24.192232300794064 21.664343550155383 20.472240173533798 22.739747517779044 22.704549472548486 21.3725452397557 23.325785119560738 20.34801363426704 19.295100491217458 22.682506500468516 21.52940827160248 20.933513015864563 
H: 577880 27.160059909295693 32.018540455842114 28.05366336214816 27.65490008399545 24.272532234761645 30.51386116796101 25.2399899023291 27.790021810730284 29.784399177034107 22.922303913741946 24.026344778862466 23.818454693837225 24.90053351827878 25.21632708164917 28.635525992682652 23.888576539214164 21.927796128566317 31.581103024559553 28.75669353896937 24.45827412831007 
S: 577880 22.830035775960706 22.1821600671809 24.909030258340863 30.740545369523087 22.813631834192606 28.918031029525487 24.48791708937229 29.24302096308936 27.30995226724609 21.147171650530147 21.866188266893598 25.00567852511715 24.480396861771865 23.85361560331552 31.249980483135182 23.86984361666843 22.762883977009622 30.170002435411185 28.33280678975215 23.72566808987709 
H: 931487 22.594720383666207 26.092220268973755 22.14362821494485 21.447311213303376 22.53591226405587 25.551032277399962 21.189902033554553 22.184359780109823 20.240590017657045 25.079678508812616 21.45211762311172 25.096536460305742 26.31878923639058 23.63414305472113 21.507080855011647 24.051371810577937 23.741676880577725 20.781365079357254 20.78436260029138 24.95136097729396 
S: 931487 21.18725873774539 23.96066646615123 20.899805269624842 18.261484735200867 21.165280351725986 27.511214224553378 21.195025055012046 22.558283315136045 22.702108518472183 23.299221191074302 21.774890112776507 23.75537643636098 21.314456622454674 24.359219356253607 22.580319658092645 22.858987474977138 23.079600393408736 20.934368945048224 19.973289594407923 26.142408243855773 
H: 931487 26.168991350090923 33.71150390293846 20.29048403002626 24.583704224756527 27.735752148620435 26.300168230476956 27.547125760320263 32.08616166402155 23.40329773008702 22.823047000402692 22.04207958535989 24.988030162735804 31.418074571025905 27.50873449722682 27.166878530221993 24.01536443591746 28.177934684890122 25.10364037006703 23.184297868411136 28.082671751799534 
S: 931487 22.973702276318626 27.24831189196008 22.71226778790871 24.43983473902259 25.322188299788046 32.9924405246258 25.23064629771883 24.469294758633517 22.44699679252424 23.7187186055938 24.081626866524957 24.629178031230037 25.349580483561457 25.492318693461012 25.696103832629504 26.977764515377334 24.731521715595424 24.110655167069872 23.598389572574828 30.59836417380478 
H: 667988 48.280426144274074 53.8252763672053 48.473106834722195 50.579525923511504 51.08016395821033 48.88741136905474 57.52133934495126 59.67349153547362 47.20893085225767 53.17244632428099 54.19300953495962 51.60332750802768 56.4625575526622 52.53175828974077 61.29934786742557 52.37025663480228 46.50064299214078 57.21966421171499 43.94510281722274 61.91182775976249 
S: 667988 43.986399055027285 53.668781513584264 47.060690615460445 50.15018949964041 50.83423601072236 48.7953701990794 52.30068556991301 57.512953719980274 47.2153827217391 52.76676640487149 49.99097998579663 50.32111979452237 55.72424811788995 50.60118935118889 61.62828061425098 45.96590312767963 42.51479276917341 54.435622880250214 43.35486382137235 60.03327234930544 
H: 667988 57.115744838640914 63.652259560256674 54.31737668300418 58.934212707528005 67.14190648652142 53.99660768534509 58.79287802072348 66.8015863091441 52.409089084477294 61.89404259911869 58.07200015366201 63.51340817983387 55.44195653060959 55.98320626902494 69.42584147531159 65.5363200483115 53.33311636672172 68.38997915863186 52.173685624723625 57.26747664920868 
S: 667988 52.485234791910585 66.06009291026189 54.90059655845742 60.17293857895215 64.30668234200867 53.86026873982338 56.23874635303694 56.943809731441185 51.44875251739299 57.4217984687105 52.6891359678872 61.01133946046688 52.961588452902994 57.126903139113715 68.22049996615418 69.94861984470148 49.74877043718619 57.08331622648884 51.85088014971315 57.46795425020444 
H: 952978 47.2230393511513 51.70259512184985 55.99380440214435 53.148734555889064 58.10592015847011 55.688258024962934 50.56872114718717 52.746549838822986 53.65633994990862 56.83677370254082 55.279264704286014 48.220664463511035 52.26687925337491 51.51529470600836 44.83683307979429 54.219796233225765 49.19730772524893 47.05445307965455 53.217170451255775 52.34962394190194 
S: 952978 50.55953010935289 51.949582932300146 56.84598552797386 47.23341042571812 53.574450927686826 55.272663927846764 48.766999416955095 51.29539101547335 51.47483104912913 55.083570399467796 52.48572304779681 45.94507143248435 54.1904263658201 55.0460835592094 46.00093646796601 53.961273088270936 47.094729214528485 43.82101468380415 51.59427524257934 53.56288872355899 
H: 952978 55.39701767740525 76.62476582865469 63.18415970034311 52.75967646707192 65.69919696257634 62.34329846101991 57.1239371437792 54.22612870951746 64.07237936226568 61.98041069902368 54.936322713480145 53.62066682467389 56.80288219667354 60.929224961397885 53.62453747415159 57.38983338572709 56.732428254595014 61.37673747121265 58.69579196529506 60.099280214923006 
S: 952978 56.22168558944054 64.14536930358501 61.013136959975775 52.87860287251255 64.1654620127355 59.21338479333636 53.728660481220686 54.42806508438853 60.7290770627922 61.62520766406512 55.479905364738435 51.3924613838383 57.47906971625393 61.28469768683016 53.175028808114334 57.05608225708519 50.55163869588969 56.18229608487383 57.86865100576535 55.60117972123179 
H: 803056 49.85573486409537 57.44872181775388 59.86161471996055 59.508740213561296 56.342894669806824 51.103644941040834 53.234007701943995 46.81323987483845 51.95357617878794 52.50683161456821 55.003177471399695 52.27485768466014 52.02608706894269 49.71114159415214 54.4679357979936 50.44014976126154 52.71389163696575 59.57949363196711 55.35667512018015 47.38669309121482 
S: 803056 47.48395866035687 51.21042204802143 54.15817546538515 59.49084949476544 53.81162451291471 50.006047101925375 52.51994473966503 46.55430366810976 52.178075674383514 52.48789898605371 50.01172351365534 52.356767438783024 50.70789144331549 44.823308272171865 54.99877227419952 48.37387480246712 49.54589890206191 56.047638441689735 50.41461537185964 44.7654128277698 
H: 803056 52.41001208553555 64.20468801969594 69.78530308348405 59.514974969199464 62.31668884907213 55.50319841739759 68.49518702590063 55.88075123335712 65.94516584394432 58.65639543894992 62.86446073212787 51.18521096885564 54.82233038324456 57.20750769795174 57.89178961686682 58.81116785224577 54.555790497163706 71.07130467692194 62.065684957749006 54.48048778893684 
S: 803056 52.212357703469536 53.53118166542644 66.77121697411543 57.29742356229112 65.48755361130726 50.952222839684744 70.1881845792045 53.331333664535705 64.66184152256237 52.85423648812941 51.35206587766814 52.09970295192623 52.8768254126055 54.524505843381874 53.464600949850926 56.25774333896471 54.61698253126773 59.63507471779702 57.218087609317706 51.809761544640715 
H: 884549 50.46290901198008 52.663471815813494 51.135527232372446 51.753875670208274 46.536986837266525 56.950196067855565 49.88015155615326 56.714007572228496 51.792579794680044 54.60449455160241 51.23559600915376 53.069575110732856 46.72793152975166 57.25842834725228 47.89864997072851 53.13846098798019 52.75591555721035 48.60034864875924 52.493129955043635 45.21584249648176 
S: 884549 48.65879434632372 52.85786855397112 49.69408623937444 49.777263945368496 45.319818558413196 56.75560252644413 49.053260578030205 53.64734858528978 51.066904376273456 52.138660565695446 47.829021539566504 53.901469519596496 47.780381731247815 56.25608528788785 47.10773484658482 53.94387733317834 49.158709972478725 47.072881734683016 49.78876317002097 43.037249185773476 
H: 884549 62.26956760735404 59.48259137472744 55.289298266581675 65.19724283067976 53.64837317340582 71.37015163367187 55.60884586755448 62.38126063092171 52.61256705536091 58.130280740000075 53.93745879049087 64.33642202174947 57.930787339947564 55.70842779288454 61.528340840591056 57.03099730494102 55.98997961727748 62.37791804053798 61.94658413739201 55.10866773407192 
S: 884549 53.726036464515126 56.34587449416817 56.50395622374113 61.889669633022315 51.81895691844878 62.10641560891218 53.35048554237453 61.77503458306061 52.89493316349581 52.62431439159052 53.815208240078405 60.37347870670633 52.758772160564824 62.09077554491166 62.07133520336589 55.68289759058383 51.72007119028881 60.978358588658075 63.03661697287374 51.16034319958171 
H: 900241 54.57579029051127 44.471107105189084 57.506462960204466 55.01940635160415 57.0914446474471 52.82094767575636 42.70833878488922 54.23037127686677 46.975637036059354 51.245095376262704 55.85922563178399 55.16810151071543 58.888657081639515 51.04512432844902 55.7696938178081 57.2983628639588 51.03592889126684 61.405858129701485 47.19358335581534 53.328554721056925 
S: 900241 51.39018595340387 43.61268486614145 54.69857995256583 54.89627552609638 51.74799810275316 49.533029442671584 41.53157102243246 52.030059144259226 43.33023045001301 50.46978481750536 53.4274700895935 53.19688438912464 59.76005169985041 49.964490422459676 54.067807039095236 53.52740504341014 46.96183265257649 56.2455778176669 45.79255539439144 50.622881846503276 
H: 900241 60.570136529110975 51.05000691585016 60.23868904535396 60.92921705307185 65.17241739961736 59.32384190048497 56.87222609726409 58.94030708684102 49.731960115121474 56.85268061239523 59.90152841845623 56.820903902422096 61.02468553717055 55.62237646775514 50.59295557861926 62.6522828021438 64.45564791691397 61.60168423028802 47.71031019083924 57.76773864791517 
S: 900241 55.012661087680144 46.81005372836477 59.80372969809603 57.86343906058286 63.23130106839364 54.64195069792942 61.4996605083474 60.55618622897084 50.377759571948424 57.412417022980776 65.86597328019924 52.363954567006225 56.210831151806154 51.611100502952716 50.03532979968683 61.09690681356104 57.11579330534684 68.22076277336465 51.874689046145534 56.56130032035763 
H: 882801 52.043253106420345 51.24843767933241 51.7477800846387 51.44044810397435 53.99060215263481 51.287715977861986 54.01294115861611 52.36897225263799 51.103318611981386 47.48747948008729 51.1248686301654 50.11217912575628 53.25385282547888 50.05377030471254 59.238014272184635 49.97688719189596 55.09800945037935 59.13901306853895 53.47260646286968 45.214184607690896 
S: 882801 50.523647816316064 47.2715661129949 53.40859487472887 51.3800813944455 51.88964318407017 49.180309014440574 52.39239056259786 50.18382013796602 51.215028488447246 49.41227081465118 50.22683946302762 48.23598591772738 53.20604686923033 49.63307357926191 57.256213406599045 48.0079789680953 52.90813469165801 57.54738694405208 52.24883392248164 46.21261907427486 
H: 882801 53.80514427310836 56.80176865659965 55.842730894434766 61.298583124884544 64.94549583709473 64.75397024592381 59.82773411351342 62.90214349763414 55.714024749565766 59.49984888905993 64.56420236636525 51.42307662912039 55.93836150814734 61.91105564095229 65.32920158681495 60.021922121748084 61.040911454596525 75.2484763492203 65.14240301162205 52.46039307361482 
S: 882801 53.94382620257786 62.89762411631218 57.21282272173469 54.14683544288497 58.57804247695119 62.725650378112036 55.21934464940875 61.74307446536996 55.539488742148514 56.74538038195385 59.833582118617315 51.460239603154186 66.50900103894239 54.17754194366147 66.2507051353968 56.124360103158935 57.72460852579189 64.11013757151166 66.211556842847 53.5490226884519 
H: 959155 58.69755885682458 48.78154074572988 50.785152110725754 55.93341482121417 58.36656522892342 50.9969426496023 53.28520924513261 49.12964714185109 41.049964443017686 51.58389006431903 54.58294688626406 47.97669373470161 50.42028605894887 47.52688380751982 55.534053822023765 55.07468795433373 46.89696391439723 52.97186604157282 51.30039772183665 44.03677811293928 
S: 959155 56.79346516802773 48.47882252392437 49.99054516996342 53.36203803499139 55.25816131974519 49.74933695768063 49.096491141315916 46.71776352437158 39.48653495035609 49.47486824052083 55.610823585788275 48.62216696483355 50.147194017462006 45.84212662974098 51.46166658290512 50.89019470266654 44.488858147067155 51.93884583110888 48.42618267115693 44.0706050613276 
H: 959155 61.09371491939697 60.39863459969832 57.49430286104751 55.45281410072253 63.594585947067564 48.88515080481628 55.97816181440971 54.38796255739126 46.14490997096943 61.35047607321173 60.27796137613308 59.65947824308109 62.32072129066921 54.83170199284991 59.93279697394521 57.4250836451816 45.32490469813955 61.38621552463028 59.08092096443234 49.1633718253951 
S: 959155 61.67165751952548 58.88178149182943 56.66476210130675 54.4884480617748 61.561479464531025 47.047299403418705 54.95688079102883 49.2725887449821 44.747692870332294 59.413035842237434 60.601103308997615 56.94588807370413 57.27021273184832 52.490413560489166 59.2259112534244 60.79726804835368 46.623044566825726 58.849613330383 52.9567426588322 47.71387982168357 
H: 370200 54.29673510741411 57.91103624535682 53.65237736445952 48.96479884164266 53.409701235935 51.06604156550289 52.668044105118184 53.08504387908406 55.826021317473966 59.56235821793297 53.65805391007328 55.9435517596559 54.946885393816466 48.735525705326445 47.46128625591808 52.692297564971625 55.1385382308218 48.461516801860796 52.64554551053805 55.18018966798442 
S: 370200 49.293786273282386 56.68408091553837 51.1058893948766 48.034894178234445 54.91613381832957 51.6056232004636 50.11334887956608 53.75486332008523 48.95286232363008 54.92376559661482 53.308882972300424 53.8641945591736 52.59993808557879 46.84198804661713 47.11095607918834 48.30493023360999 53.61780239882125 45.17940865286597 51.96918045434692 53.9076179083446 
H: 370200 54.46667340515283 76.31396111328911 56.004773687851916 53.27439995335973 57.93071398902106 66.48485482223101 54.792642120830976 61.284526573510426 57.685891830654626 63.964274388750354 62.82768146446586 54.91354867119936 62.77800610239408 56.49206163849355 60.701058985254384 58.998785562689505 70.04074407092702 47.8341944249182 61.39092205928535 64.1345334999404 
S: 370200 50.160824413673126 63.30957362588695 56.48959928704864 61.013428375101654 61.07068896116552 60.78275150004684 57.03199841001752 58.30001532254806 59.10184964700328 62.342452975530165 56.73044684735302 54.965568372483816 57.66184125690612 53.97810753454691 54.360805668914125 58.02032682296588 53.82105833758164 48.75248999849929 61.22247485262619 58.416221748706185 
H: 380253 51.75915422546782 52.07960573753394 54.41135610081857 55.106865306744226 51.3876804851472 47.23624926435284 66.76633630187429 49.541212844734076 43.42210583850649 53.59441434289579 48.36660162338356 53.67776849630471 55.03274352031721 52.529990305498494 53.8011482831523 50.01833155681784 46.20410080960157 56.80873946146281 52.32557902652162 52.37010432107948 
S: 380253 50.945115195342865 51.29716053007673 59.23848016048966 54.28977251095516 49.247212985949275 46.03760591393272 58.68204387233328 47.98277353761236 42.57966833049139 53.02509429823196 47.59479553263617 55.03232661247694 53.24528682127251 49.538458767399725 53.55481188367481 47.47924187404977 46.96560471781084 52.00434645508728 51.105590880053875 50.30707692715256 
H: 380253 53.441074806235605 64.658473473918 58.83450133780086 55.23913954088955 60.975927900765804 53.82714528266075 63.710348341879055 56.29070351678986 52.060318558162706 58.679366803486126 53.01471818911245 64.81044749132307 63.2070609512483 59.1801111204255 63.980834957626456 53.96939742176497 57.682930189471676 67.54377158348021 65.07096675621781 55.60415499131734 
S: 380253 51.55175074875105 61.88349002865504 59.26796209524458 54.245167472166976 62.79199589294377 55.114375273223374 65.66959266705284 54.80771410747457 51.650859782717035 62.05409551502631 52.364694227528155 63.90660574530827 57.65478062715863 58.8019392428221 59.5862356020402 53.626074294457894 57.67240717150936 68.06306190541753 63.16332686507864 55.07763354258661 
H: 782987 53.56186839899082 49.8821737469698 53.060031668469335 56.02733065719726 49.501922545429636 51.186672468263296 55.291050572255884 54.320726456726184 44.81601558416931 53.951415814770264 48.36636134767034 58.15545328050645 55.08609001740437 40.72647162916315 51.018479645823064 52.0357980125023 49.64935398015243 54.74304052386191 59.3024702053379 52.27454760473094 
S: 782987 52.279526720838106 49.36265793736081 52.02943270423605 57.133019054754655 49.840407949771304 48.85140602887023 53.112593084683496 49.89142130815513 42.020960344621166 49.6857576401777 49.7105663341669 59.85659789307602 53.80474857128685 42.35734504787418 53.28124603209799 51.47122952988263 48.997508008277386 51.71546829813737 56.42330489921038 52.62806557403176 
H: 782987 54.636862459396845 67.62203436959358 60.53701930223437 61.58168058925604 55.780486553376775 52.57542615742824 62.83887392686566 56.724018665212974 48.8323012699413 51.343266653570446 50.60494684008372 64.8454419585774 66.31429819012568 49.213983614814865 61.033627429958116 61.72161420385289 55.688486476491214 58.90952525942224 66.37899742012758 55.278327268533594 
S: 782987 53.65832713305015 57.1363412148648 61.00707619814756 65.4267534902247 57.030358557066336 54.47144606968557 65.55874101075517 56.72162629483855 47.878730309744064 49.31113606094176 49.022300667910486 63.50966902790272 63.766939447098544 51.98606868440394 57.53825227269715 54.40441502090748 58.03300338702226 57.17484357177201 59.674232454410976 54.66629197813066 
H: 330000 61.105089290882944 54.18515493604659 58.35657482682272 46.71255019543222 51.99937431433949 42.40346587567863 53.63552091957125 52.61037220468589 54.56735859485285 44.22160033077556 50.50295064605061 44.467698763425446 48.62681615359257 54.25291704232414 50.14050046435189 48.03979196619331 46.155587256165944 58.99249123942098 49.43187718220637 55.779005276061405 
S: 330000 55.280407039917804 51.23540473944578 57.27353786594035 44.00244583946711 48.70169041793448 40.43345408174852 48.53293664758186 51.69739578486869 56.063948608628806 41.4516476671792 50.53632438412107 43.83521261109119 47.20115454848331 51.79799682241846 47.38065833733042 48.61660243221109 45.796514503493725 56.802652722789794 50.00625974619223 54.15946422151109 
H: 330000 64.58674638216864 60.01124669596653 60.66339888197112 46.00850143993471 56.16487726123609 59.77430508690628 58.679116344507925 58.00504910149829 57.659106243920746 51.43259731850466 55.06180134197483 56.00485853403435 56.74215838762473 60.58950198287819 54.772436846448926 56.37463243510485 55.143830717010275 63.43174572603455 56.04696814387996 57.06301437521368 
S: 330000 63.96939477802928 59.53649284638858 63.09058446661755 45.026315932924284 55.221524255821215 53.12429441002372 53.620059324529294 57.05571868737608 57.02906109685847 49.336011807173534 56.30241930779832 50.49166385923319 57.2025158289248 58.663751698905656 54.35470752412579 54.64344994390969 54.92234716514506 60.07112045136506 53.76376580316899 56.48916010369309 
H: 234794 56.11131262215062 48.03789295352834 50.87643167610013 51.96231547486098 58.20329147863617 61.33091329568544 49.53339582710278 49.406318622245465 53.76153187773131 49.18196077724597 59.03648510346844 54.06442878068551 54.831662637008044 51.048424937242764 46.12538511564067 50.76573172957192 55.572348798133056 51.46819615722164 52.377980840511015 50.99950219306637 
S: 234794 52.18714866144095 46.771304835541 46.31729273054166 51.06548283873367 53.282676741468535 61.04070356429302 49.662116183887875 49.91836905383274 49.879565031655815 47.49016274473404 57.43476909781693 53.05089808166172 51.100150705924236 51.100223724954674 45.1797871098563 45.79571897514584 51.821517898161034 48.84863170283658 51.251931900729474 49.13688193949392 
H: 234794 63.95471458563313 76.60054667866169 53.86242065086866 53.9982572628432 59.6840320380166 59.7963752573362 58.97055739055357 58.165060721730256 53.48541028510815 52.492338774001574 59.820525944806974 69.49932878215931 58.385454026228494 64.82052667326458 56.19973781290013 60.79460483783029 59.2904289474922 49.870562023657286 53.67453297672882 58.962013732525456 
S: 234794 56.52666190028138 60.699906794903924 52.24917331428544 52.93420640491229 58.032870711012684 60.343164013339276 55.985979790538536 57.87866549269563 51.55098524213719 48.730166140275756 59.65314214514678 57.11046733290033 57.93505798502669 60.29728148739654 56.21272916049867 57.15194063985709 60.75382227421103 48.29028689623133 55.45683313239474 56.75902213349445 
H: 952701 54.55017006389685 55.630435476516 55.36116199446438 62.93988270922793 53.61284195635894 52.27870325707736 53.92910250724921 57.29979139813911 56.275119782658486 53.56426707444545 46.754398852263435 47.58113577349095 55.053773558126764 51.96648765995244 50.299984218399274 51.470672052970485 48.439553927269834 52.93415818424883 63.35917687374391 50.793843089594006 
S: 952701 51.070765816061524 54.491771599372115 53.05548759759553 63.496615608334466 53.25545661336629 49.92715941078212 52.03860864708741 56.18990863004448 50.0650580664879 51.30603876170179 46.129668152914725 47.162310501156576 57.14611482789256 51.66337607222186 49.566156217645776 48.79917034639526 47.02389439002192 50.59408092439181 57.421039143668665 46.56594255200436 
H: 952701 58.0831838530717 68.18714915053563 60.28733751346113 66.40774043723108 59.58914777475573 59.37464254731039 62.93037724625709 74.87724365093293 59.8304010410996 61.755067956869894 55.05691327586135 55.18470676478146 65.68108436583874 51.07031564578139 72.51113250447142 60.172046473951646 56.10208994068028 65.68830381885678 79.73294280056294 50.4134649267703 
S: 952701 62.228348696331885 64.17854011159447 56.88412089142029 64.310633878156 59.42832790978381 56.54645324395399 65.32243129956471 64.0505041849166 59.27334653687475 62.12028339368999 52.96283974104106 53.21030404985803 60.718014484161145 55.68368744060812 62.535785145746274 54.713765364548195 53.95924273353569 64.6296509789331 59.3768517076863 49.10538009341411 
H: 228384 55.60902541583916 53.15220369488201 45.12396866473047 63.25757914671584 50.73236023096309 48.50215486183387 59.10471254937489 53.156780828554744 48.020112752638596 55.16317195959149 52.687378654543984 40.590488045488044 52.9152556409102 48.69423222842762 59.13793808978363 52.598658038559 52.986380234908594 50.94489916710961 55.55914588316476 46.64477028077262 
S: 228384 54.51048364747296 50.90306023728014 45.64834071888758 61.27041793254828 49.054489136865996 47.754831498107265 54.68838502922988 50.79157863317566 45.41892759929544 54.00687297398988 51.41272956880408 41.8803484574268 53.583189250221444 47.14671391671536 57.91660059918718 48.80977730093529 55.34297284602217 48.859259311936746 53.7680349337992 47.12985093436851 
H: 228384 58.54199628252898 57.49443430210333 52.27759091436213 66.49076222425215 47.45326961318358 56.82880959993407 61.99210247577729 59.62171987907212 55.33594534341125 68.20124019693216 68.11905038937421 51.27295329359875 57.96651117684504 53.55656649767961 59.69850716861557 60.307832989555976 62.403223409033494 60.81358498676378 60.535833537345106 54.92129703047868 
S: 228384 56.85761152882387 55.724343003055935 52.96539681342898 67.65325100286837 47.425386913737974 51.12950404047581 57.97634883945766 57.8884664883717 60.15498273526147 64.57908759833319 56.530258331750716 49.312782131147905 58.349327833799975 59.287219061481714 58.499376332576276 63.3956770305493 63.26360011295261 57.917489729230084 57.91822894648746 55.045525002379165 
H: 957900 55.919308836370774 49.34773625483989 55.788569731725815 50.03237095095152 56.226587990119995 55.97170132068774 51.45006618566526 55.67642281564358 50.02752731053189 52.30846733750161 49.457483199814504 55.00884912163246 55.43595255213534 55.215549184259764 53.438025535348956 56.37237509703838 49.93052006786151 49.31727671648298 54.78283406447779 50.51210147539689 
S: 957900 53.49078354856306 49.79134548917275 51.32492301474667 48.638921269302706 50.14316798641551 53.64017428326916 48.43870188664129 54.600354656607095 49.054832583854584 50.08531505663964 47.41951568379188 52.202517422280415 54.470803079667704 52.20296872477222 50.0471580759034 52.345779896700016 47.555164361206515 49.107355784301234 53.88765965861253 49.00134323863424 
H: 957900 59.846249560536755 62.63124644154743 59.56295736219356 60.04051561274037 66.56461876203653 58.13209369237516 55.240677595311865 65.63474124757627 65.90156853254922 61.818007026694474 56.68543687160353 60.90451785872823 57.675433169492486 55.67166951381947 57.86518362056682 65.64580641630177 58.550419246517855 58.05941567502548 55.77681949384097 63.18675584545816 
S: 957900 57.75015653863667 60.77192168012103 59.67711359952096 62.26119688083222 59.96407832152061 63.26837059027736 54.59994113167172 60.719887888109994 67.35219487285838 58.61948322669314 53.728469782647736 59.52379261092863 62.01086209175058 55.980469015468415 59.998440256682684 64.81167181942989 52.99751186481666 57.17856593893254 51.4630803995062 56.440421801108165 
H: 515914 50.18179720267964 59.9658515678662 49.66221900661383 53.67639806755987 53.15902498345215 59.84137571000329 56.24571056964531 56.72735680380883 55.85759258389615 59.37974874186609 52.34443296797879 57.67307183686496 52.920100662848135 51.02297824270013 58.65700931479337 48.11536036083427 56.682519199635614 45.207931061437655 53.60232467145401 57.66730330640269 
S: 515914 48.471103187404935 57.044416628780475 49.92225732433989 50.70497388460168 51.746225108796125 58.14454327433849 55.496958770405584 54.602781027540786 56.117610852331666 56.61057531282617 50.43021032448374 57.99231244709163 49.87768212300821 47.89023273039426 58.352323339768255 43.18728025259451 56.39904065357839 44.00045867567658 50.899766273390114 54.9355333119793 
H: 515914 65.73991870106883 66.43127631051196 61.057943460608264 60.24121222543645 71.1135029466421 58.259460570528994 55.65647158477995 60.54860671696051 67.90661160162077 57.20935381768747 55.66072886168959 60.491143505008445 58.85802910818317 56.284719571233275 62.34337201487897 52.09820669895064 64.1526330132815 45.30724353771105 61.51929866058665 67.41616406081646 
S: 515914 57.296978099291714 61.47099936506729 60.06128944673624 56.02857526549911 71.20670906941218 57.138537812748815 57.08731384809971 61.16705686006159 62.58792024301597 57.50258822780918 55.44329772154301 62.21769908384925 63.63141208465391 56.82106975720948 60.1137350700725 51.02874897594346 57.49512101100968 45.51842154592784 57.61046551478952 60.20943314796249 
H: 619079 48.0080644492932 51.99744392491025 56.78559856174029 49.10160276387963 56.04241058062976 56.89647313079816 55.26035766808658 51.788984195736894 57.517398869757045 50.61108735352483 46.411867334945626 52.57921330078151 54.079985494417535 54.738605041662495 51.52818432210682 52.50451345103428 42.52129721072893 49.85278335343135 49.01582100065837 54.69461057159489 
S: 619079 49.00218897028821 54.14219808748652 53.89822737068218 51.65245740859026 57.11903592403825 55.580011838067016 53.21182737060561 48.30582675699533 57.38048401889641 50.135706209935236 46.29408452444591 50.95536160814086 53.42839397830446 50.88238603527887 51.56333665395223 51.73028920453957 42.06994419679674 48.21547865767498 47.971482512949436 53.97441560577008 
H: 619079 54.71410040794813 58.32097457713655 62.440188112414674 53.68862932044967 69.47069351135045 60.05172288384983 66.42540330426033 59.32658384756561 69.58399040225139 69.60645647096226 53.313921908338074 62.66263104158799 69.56974542313012 61.06515407748508 56.12892414524044 63.79382902701863 51.1922521355446 59.17167275451503 59.76607782865346 60.01257798957179 
S: 619079 53.73844695490389 62.54498462060306 61.25286883583176 54.05823959667457 67.53826760869094 61.05167280203733 62.37003861924932 54.13149312960769 61.85802293568068 62.93072380344802 53.762189409571214 61.261288377487105 67.67723551847988 58.29111462279281 56.4719934473085 63.14694599894157 49.479806531159326 58.90325506870051 54.35044898698292 57.21228283778922 
H: 881802 50.13123608852958 46.1558686580092 54.73438680466365 48.69650036425132 50.13330269342111 50.22893855876211 52.50796635815561 53.46172370074686 56.02427037478629 55.94181276408398 57.34913617060677 52.37776242578113 53.83936172269489 56.79839619715783 48.43658912750214 54.73760450587406 52.451029580656595 58.723850289301744 57.38893049703674 52.4051016403927 
S: 881802 55.50468447176796 46.27233651327453 54.65924221357069 48.562095650752724 46.39551088918609 49.074776288753284 53.739566463088636 51.74209287876185 54.47434765700287 56.327907225932776 53.621375835689825 49.96887462347048 53.23642766785177 53.77188309307436 46.486817761299406 52.343120512293716 53.93329317788522 56.5774408727143 60.1010297317073 48.75839607667875 
H: 881802 61.426928121116426 54.02407418725132 61.726756840908195 63.173970084191566 56.65431004882912 52.69165783805913 55.33455157531964 58.885132362653884 70.16256424273496 90.64523381697306 59.201255298788865 66.22224845379824 57.740652707648785 59.014107529066905 51.633338877998355 60.18292581771448 60.385914604682895 76.66465236415414 64.89722526027037 55.28952139447064 
S: 881802 60.214695934225105 53.609948982564376 60.22831503465891 61.15428381447727 53.880279442874574 59.68564902629105 54.89616670490953 63.10795540769637 93.6556443233309 65.87612447883376 69.9255142164542 63.31060760799013 54.58670601511639 57.797872772521906 51.015648531576694 54.42599493232552 58.476774050776115 70.04377549133167 59.623924689473796 54.01502979701055 
H: 583754 57.025315113968624 53.602057716176894 46.649926003263495 46.310419630211996 53.33082389098934 47.41626051914521 44.92466203923872 50.81096631338755 54.06084964413943 48.05755407785486 47.325457723696516 50.36160656437858 51.59946721631232 61.023694042433874 59.26970500707011 49.48691691075688 56.5219771194746 47.730036343006645 49.793929845609625 56.7906345796169 
S: 583754 55.78776053630525 52.16826860808165 44.220214045161136 46.16837254045661 50.29689725343218 46.17579356927128 44.805449410734745 48.887789690912655 54.56532133418419 48.337568559690716 46.710469840302565 48.09230700412897 50.14008660353689 55.86287249030082 55.12775354995195 44.86292861272965 53.64026780436484 49.303235056621325 48.00383607396569 55.66710403832445 
H: 583754 67.10632881477366 60.562780550925375 55.21237086160568 50.03782313139405 50.55005486776947 58.041733843321744 55.7810596730492 57.8699673233164 65.05510793170534 53.63549834508982 53.5910857139538 53.310334250781516 55.38380110596199 73.62869147188309 66.75095853189788 54.98190106118684 58.876234447955866 55.850863750879476 52.37397919008588 66.51779386140849 
S: 583754 67.78263016012718 58.17150534168751 57.96586749281459 49.02987694986567 51.5492083525297 56.77337428669409 54.61175778204745 58.78630438756625 64.47520407097093 50.72333448464415 53.28516100190929 53.22856399016974 53.34936211578072 67.02548944976787 65.56250515306026 53.434521565163045 63.87159473818204 53.32765914054238 49.855743590056704 57.016548560372534 
H: 495615 54.31530993244232 52.00054706138339 51.89802166949374 57.53906373015646 52.21073191928478 58.47375985366569 49.74550584373642 47.71816547438116 52.86927342524892 47.929788236973096 52.20228507787236 53.16302409851531 46.32043452123853 53.84864633348599 53.655291543055995 48.38104383487338 57.31589483088235 52.78774802182319 52.85835294623986 52.38643036857329 
S: 495615 47.954560293137895 49.66050484062373 51.642426549747285 56.54024795938143 51.74493255166605 54.33415165862817 47.07583119805514 47.112614113548005 52.411080542427605 48.01481858516559 50.22235719356081 51.55418432803616 46.520036777271855 51.41576876604946 53.14839932764587 45.890360642861076 52.55108393846823 50.664272194437565 51.84841989655187 50.90041691153101 
H: 495615 57.113608568078405 63.09590614323956 56.583823650172725 54.86727064013117 72.67799246762348 52.353127730101 56.12523976041528 58.74487554391715 74.8897165234641 53.857563196378266 62.44697161992479 62.37381530196938 54.51167766701007 59.97430601010306 65.7564192314476 49.90364821159364 60.496528158347736 53.9182898492659 65.20925948144357 61.56397732571945 
S: 495615 57.65013164093979 60.52119727637274 58.98710148704886 53.8336079458457 63.30415995058738 52.8157706582294 56.20205131982681 56.361097492707685 71.52889045089067 54.19811267487048 58.99489939998357 60.47920681601361 52.954051822617735 68.84433638295432 57.84892538856047 52.752883340229864 59.70893006033796 57.042622201855465 52.448785659875846 55.69449414029054 
H: 393956 46.21187085345081 50.647603689721684 50.61699439100818 51.89785490618873 59.19605160588532 53.793983161451855 47.50229098299091 54.2685642656947 46.47656419321238 52.222925602207 47.070369634412 57.808881625378376 58.43938880442951 49.78386936261278 58.07630302541685 56.93367359585221 54.7847621708497 42.10076430810491 47.798150872616844 49.83380436956873 
S: 393956 47.660499190147924 48.72067144876557 47.53831079865762 51.55253228515647 56.59929036966671 53.559438851469906 44.68417371322868 52.49837405082502 45.09014587364294 48.97597955067766 46.995508108798106 53.059497211149115 55.561412348001 47.48024510301321 57.849796761432174 57.393075614736986 52.05037516050194 40.75777186094545 46.79496892968972 47.21058306796965 
H: 393956 58.92483471879673 58.68704745394334 56.587745088815446 55.287901227890615 69.06088273837432 53.28149451999392 54.18487332479771 57.96918920643696 45.611800076993255 57.16079288511313 58.25306536906604 62.45771677069056 63.1973940973411 57.723339961538215 60.69608686027878 62.3199095950456 57.24514984436351 49.55691957904895 55.04833179062073 58.041403119291516 
S: 393956 59.089738328991295 58.606857054474325 56.33051422268404 56.69456532225011 69.7903576884143 52.66341061266398 55.41892800145767 57.14964617351482 46.437780922470985 54.10294175324584 56.304093291600154 61.36805431140875 75.29335086708024 55.60960143294632 58.35170932139614 64.31606972137514 57.091779730804326 45.89162895511968 54.347548511259376 57.614939693343906 
H: 480787 53.945393816887346 49.23815351215975 46.456381322542306 61.717784673791016 51.425274611533254 53.101346873921365 54.49683538910325 58.536480619967854 50.30118596090499 54.6865499919243 46.63533792769928 55.12420563944259 55.14484144032326 41.79095154954885 54.99454873225372 44.51544465785056 57.42303483285269 54.98019916607201 51.09124344125232 63.45192134910713 
S: 480787 50.40877768034064 48.57631314502037 44.74465310270907 57.68722308223305 51.49868227495691 51.40476396539977 53.72561082140592 54.33736813814622 46.3117778869031 49.88669536244396 46.82398330940808 51.79680820273729 53.508264531157245 42.73892726796653 54.6014038349023 42.94857165844502 59.19806475396353 52.8002090601647 51.368384868939906 65.14350434914607 
H: 480787 60.198122406951214 63.155523791644455 55.8324196270099 64.45058096427303 65.97182316525122 54.453901389884265 67.47073144507179 87.82533791948745 61.83235205752797 64.18082907138657 50.78834406997278 54.60026866173107 52.2996671787859 51.839003758612556 73.83448046666287 45.28603693112009 65.05337083496859 62.42891707940999 62.64192718086896 66.64852375133378 
S: 480787 59.39909369658855 59.470997079372495 55.90966773775827 65.93725242109687 68.3788091198321 55.82573789028369 66.15261892785809 62.82141132755662 52.70210750347914 58.56994580742029 48.43841349091554 55.3890865669833 63.03178215316092 56.0994191997 58.76574106552375 45.85193145385753 59.704303608606885 62.70134644711419 59.636139410167274 69.00530986236927 
H: 263895 47.876774762041 53.31215613558405 48.78156021322034 52.77070789190078 47.997903190958276 52.57697638775294 57.757518136500885 56.13780997180712 53.112315983615325 52.36590159991254 56.66744860602642 56.29948551937909 51.47329043384031 43.93207180584026 54.35098416366407 54.14408704591411 50.9576670260332 58.48815063072579 55.65755716973931 51.696392641156926 
S: 263895 47.93285653983641 55.74477416787502 47.300813466175164 48.373942567347335 48.684807863019614 45.384422246057824 52.03434885424003 55.291201527744086 52.2480265056824 48.451175245384846 55.05021516462881 51.59130268245726 50.268830995162105 42.30172772652278 49.68930211175914 53.17935744201868 50.34288913485366 56.27832633256712 51.29710711687383 52.003620284933284 
H: 263895 47.89316723568085 53.336138391019205 58.9735486167386 61.5178224963337 55.870522232060786 55.99786955209489 63.84477598644615 59.66662592053589 55.26815752890401 64.63385737116339 61.65056311049444 63.54670713424357 66.17213265474726 45.807663718810275 59.0317782790075 64.57396725836603 93.97109202365392 65.26840284488517 50.79327717931041 57.09858278815515 
S: 263895 46.48853184088116 56.029625981824864 70.20733283681132 56.19337069557866 51.28383186912645 61.07096117665928 64.92102546667617 60.72144033337827 52.94456523749683 60.58290339329577 58.815463378089966 62.5217044095965 68.59803927399811 46.1134412851514 52.82770623749137 57.14296152869836 70.67963743867163 63.79632058103588 51.473440591229235 53.582965049876634 
H: 34139 56.39018207563015 56.58776741637247 59.77554174615887 54.7462055159814 53.21388638596977 52.04219027769554 49.754360777353284 55.1905020768169 58.82802176210169 48.6671483258185 45.65259305200896 52.75801773897609 51.65994411297003 54.38091907342208 47.27378021319007 45.390814182131244 48.17194333781867 57.926762056787304 49.480275382608596 48.281697689926006 
S: 34139 54.743152324579896 52.301610060324 57.65161613093889 53.82725469861886 51.22911787144359 49.97972628045288 47.29946541071615 55.3833543094291 58.37695832861647 46.940248808186595 43.512981819186855 52.173959085397094 51.64722585363187 55.575313564809164 44.24470712878325 45.05941990408372 47.28689830831078 60.81250560615247 47.68453880092191 46.912616985531706 
H: 34139 56.87702156811683 50.28699637666827 66.07943981001853 54.64100464480604 56.010355470206136 63.336096095630694 55.840299892955166 72.06086750108807 62.12843731198316 60.36323341395197 57.83694996672826 63.91517795890288 54.372688112340434 61.12502551835332 50.86001278482666 51.68318243398285 56.97258577712723 60.89268638348604 68.80724758013758 54.084991945307245 
S: 34139 55.76950988447141 50.981042380529274 63.90951291689653 54.35609268137714 54.667887439544906 62.52983457695168 57.10258903800059 62.217234694801306 59.53323370330488 59.031254158316955 65.77293075250873 58.49028465191003 52.90563041468583 58.62085605529741 49.3370421663647 52.25340130760015 53.27486424696796 62.43636852254322 61.82250422284229 53.2147885115976 
H: 780246 56.118259272693216 46.99860239443245 55.61901134570785 61.88294217983567 44.91786790405474 47.44511147299719 55.28365298281525 46.87660828361105 56.603777488964326 54.363374038617124 47.26698201955418 44.17683510433985 57.322861164067774 52.86058682211996 52.09214886639234 46.47697415076419 60.42185608194171 50.264500059141575 49.82351353049666 54.10037032560534 
S: 780246 55.10244173016624 47.79365396879436 55.283787705923714 60.857106741525655 47.25835581133604 50.45444132947786 53.944803884013965 44.50730376789642 55.44798195287698 54.342363149259164 43.43757601460633 44.423329300674254 53.44660743622874 51.46226690101339 50.866887658707924 44.98946682355477 57.748726181666356 52.52172211449966 50.396608589543135 53.37648514557265 
H: 780246 63.227767064622924 57.79456943733832 60.31155578437722 78.47501306922187 57.95787723863114 54.42891671394706 62.445154603880404 54.982353234968144 56.01783344032907 57.99106256142762 51.78988369253236 60.06161868070226 61.90303858374328 55.828376936921266 58.76908292337783 60.94357716083442 63.206282154137355 73.43854763897855 55.79541369076423 59.38750928993873 
S: 780246 64.38716298487017 54.33781458598985 58.70975831270907 72.1569620576069 52.64624391575776 52.67659482009329 56.50371451727265 59.6431363331555 57.561770776841065 57.729240665725634 48.98202566932175 53.00368380801562 61.744857239512775 55.451133010958884 58.60919793950834 59.04649435778452 65.13207349535234 63.85305109447679 55.972756036198 57.550089436651206 
H: 2569 58.48153726284008 50.6906770175163 55.64763883047921 50.326554006211204 61.157734481059 50.28324287680357 51.71247103432014 51.809429282647585 52.04082230144265 50.623390641828415 44.72585348721431 50.685878977729075 49.42988635072416 48.51813850456984 52.94680622008444 50.24792387401369 56.38200410224949 53.37850450552314 46.947140516608414 48.60406971236932 
S: 2569 56.828847731379724 48.84689852974034 54.20174594478675 48.4348730907082 59.65778474179909 50.18271150103295 50.32302399429065 49.31011789462895 50.03522698850932 50.27322513532296 47.59744895322131 51.035887969960314 47.14335368921136 47.554890749052795 52.46258392049469 51.075598902922266 56.51002818563651 55.10185600728733 46.169651983393166 47.147177093548024 
H: 2569 61.81225395136293 54.992525902307584 63.675595118627065 54.731659991295 70.77960090616092 59.78489944477264 61.686865325440664 55.18345632106015 57.963659837283224 65.37424240695654 54.3310817975657 56.04326937111083 52.88748817553845 50.06866598787223 62.84789878526908 59.58915643525272 68.96542749811032 60.731425966398724 60.52464456895242 49.4328995087134 
S: 2569 58.278398133623035 54.89220875139678 61.18582941352166 54.08006670029758 67.61405932899422 67.52715228718945 59.62743007150507 61.57192253369834 61.69108630448066 53.270904492070045 49.50208756414447 54.53189016444021 54.446790818205166 49.506467347473595 62.0406178655649 59.88370026154147 60.30892579218454 50.20811064142733 49.39976046621041 50.83500885222266 
H: 896282 45.44613919261394 45.708265307260056 46.79729333263241 53.57979404089182 48.81954413408642 48.91056195739533 58.24472438595142 50.98164881129914 56.804863307218305 52.74978261805571 48.71943310942264 53.69645991934316 49.44759938485997 50.563272369109406 52.82706800248958 49.608570236524635 58.182248264635255 49.59323505888052 55.71801818481806 63.032949765122964 
S: 896282 43.25824747373447 44.535855391755014 44.993944935562354 53.395449256130455 48.601727005617136 47.50206241642587 58.330083576287215 48.989896717099256 58.919214050151155 50.13867170490097 44.96182723091503 54.21952661362806 44.35856111514862 46.71315482016994 51.91033683793498 49.20620046817907 56.83540361856856 50.68216183803994 55.10744290742719 55.675863678069845 
H: 896282 53.32380953231408 46.24010292109738 55.13543544652248 61.5046854240815 48.36635144518768 54.98397829990971 67.5125779336282 51.07633014281929 66.00550649040882 64.0704200987716 50.892102182537805 50.26649385292592 61.90472591979233 59.426915527948886 61.91942396159134 55.53004247511379 62.44132401755698 52.83075344272587 69.74393361202141 64.5678113700468 
S: 896282 49.57240045908942 43.54880891882618 54.79226688114094 57.95562380607042 46.87771695066602 54.00352950731518 64.36115130978698 51.40577307007447 68.72806910413301 68.8090859886702 50.058679507540774 54.6109484256908 57.67890641642541 57.573012873023224 64.45469212663318 52.40760409386102 64.94855238873556 52.2715902427219 68.98035879481516 59.89973109621978 
H: 339162 52.23562076548598 58.997404151557156 50.12854111233322 55.6819341889959 54.5202716119661 44.41306410034512 57.02062240544223 52.793404038027305 58.67307487842051 48.72532995451751 58.14160274530495 44.763513717544136 57.61402986294961 42.26939573993126 58.441976105370266 62.20143278915637 46.8336618612335 46.55036886812085 52.20603445566645 56.996690486047996 
S: 339162 50.10056305702772 55.55744265124011 50.20805641670332 54.5850138299486 51.319902893864786 42.4493785844671 52.30083724003538 46.15374201089501 51.34517058357749 47.16962806303378 54.82080376022523 42.822383141243556 56.26469074913158 42.168914187026445 57.638998070079076 56.97058437801375 46.66544650773009 44.63281412081879 51.261776003507066 50.64146069204116 
H: 339162 60.253174331931504 69.76706390952091 59.45433699540189 61.34700666063635 65.98872994682459 54.19795442901923 58.8960592306178 56.61523157462097 60.975391018575316 56.101291899150525 56.91192378589339 49.92040521892333 68.90604314973346 46.0283628584544 61.58695830946689 67.65779409643373 52.304442033218685 60.89030903039955 64.35616630794136 58.92793698770748 
S: 339162 56.51789155603763 65.19274224609659 57.319256320259804 58.87609875458236 68.18757233866847 52.67975123621673 57.50641636638806 56.334112247541505 58.73360677731201 53.32672211816522 53.422292473053936 48.2862713034648 70.12486908363395 49.00437655399968 61.027813467891356 66.57664783809246 49.662539537860866 53.46069747664308 60.39899114127124 57.48168794137409 
H: 229523 43.973581457914904 52.485569962519776 46.61186982950302 53.74413055500498 51.68605255407371 51.29637620434053 54.45427016579027 52.55098177546823 56.60831702801691 57.91704196947528 54.16030151368819 48.66997018290113 53.57275566226109 52.587418903651646 50.364144479612584 47.649819004609604 52.663693204588114 55.19009038261739 62.17125744355582 53.487037781054894 
S: 229523 40.21528586844447 49.07409539400514 47.72009893723754 52.88404405493989 47.37596418882578 48.02378763349491 50.57476988943532 48.65972925330623 56.01627825557858 51.17203934877678 49.73392632174001 44.68459773094169 51.693988014953824 51.92354793431005 48.703742009143426 44.78044818668541 50.90879108737402 50.28015542004522 58.32407320430008 49.41190355284108 
H: 229523 50.02149152621066 56.14156941197065 59.6464913006222 53.84310995043719 53.52444003593994 64.4392617336767 68.19969780576989 61.880646775492565 60.91807947689544 74.63910574821094 55.65603010793662 50.62074392376624 62.432273748346994 56.97885515260234 56.87966087607911 53.31876190642121 66.6291209972608 58.11379600365788 79.60467229423251 60.95423518430269 
S: 229523 44.32923302501464 57.40466193092816 57.21455413419856 54.64023661638296 56.84981725098781 59.20271149755985 63.20898794526696 59.76108067460209 64.16623218911919 53.2924275788825 53.579730414132136 50.306107396331065 60.703268384420994 55.89418161451604 52.11069687479961 52.79547046413438 52.41430224228572 55.92717767106804 67.916307554662 57.13631727344937 
H: 438271 49.65552532909561 46.97527891023389 56.19721530259985 51.583866977277225 48.70418622984126 44.46570004705567 50.69834799980731 55.721879106176154 57.60459596835999 49.333039272320576 49.38041924465623 51.1793187080204 51.23882953203383 42.16893635685049 54.4071908541875 54.07787007661623 47.69250315032171 53.49194006721993 47.541625476114696 52.82300139420747 
S: 438271 49.649776642037715 44.86171752112073 55.06651964142008 51.4305043298638 48.662789887717295 42.58111544623863 49.309039537937096 55.10521761377491 55.09593551207506 51.097425695299265 48.19891847450552 50.998999773035536 48.507091812800134 38.2259818148261 51.68475422380576 56.31885681301985 44.91488599323364 51.91702598247096 45.91691428777914 49.27810316617052 
H: 438271 55.48198295416995 51.43103560698262 63.045299950884626 56.22825892466679 55.85472032176075 49.40797169009112 60.69100237040509 63.464165492621945 78.21278309094646 59.73744157017514 56.76611182583039 55.09408422017254 49.916238116100104 39.76039620771881 58.17120038844036 70.41152713917107 58.44939214660647 60.466367615148705 51.75294760852742 51.4096001483241 
S: 438271 55.89022527006605 48.365279107655866 63.16540456404824 54.64003278769501 51.40864019651421 48.44311650158543 58.22803828442613 64.83344795612794 62.36053815109668 54.574134771180724 57.21083411689771 59.59618304527478 49.68135298533076 39.82703637048821 58.11748207215278 64.59797464223323 52.76372277805387 58.69745404374205 50.18235694121537 55.66510378305221 
H: 542581 43.43326999522922 54.79559243765289 51.91611356833654 49.43491171456565 45.04483655523759 62.02625389402163 50.92026174051122 68.32585701012103 45.43200598310579 54.03258281996623 55.59163245981812 53.63839802706823 51.680047534541096 47.45506742798081 57.112934253615165 51.764255828947654 51.722125302901155 56.130807398598336 53.16857781272464 53.34380870015902 
S: 542581 44.504562951047596 55.26970281216 50.07942408726492 47.70139425761063 43.59804365317385 59.937309531029484 49.044761524480705 62.265276785295946 47.744550886136786 54.182032405857726 54.623744689893336 51.672976593117404 50.976446557043076 45.500984083926106 54.033330964063616 50.016926401012284 49.25473514420511 54.82503117821212 50.397490305800886 52.84188489803738 
H: 542581 54.533912626571116 63.1142245785934 61.46063649836418 61.38967616950895 51.815598015277565 55.08275017863614 57.61577834391918 74.37263848723983 61.724850517220524 58.53606662533832 62.80094871312613 69.79276569087901 58.40551400240167 50.86740504385988 73.45955364518603 56.125582076750625 63.567454340548565 64.67327170399521 63.020216200912735 66.36140823554801 
S: 542581 49.890712728452606 58.74511468909058 56.75785334978072 66.30510363038712 50.03984479039064 58.36419536428175 59.89334372723737 70.53393759277088 52.96508557695357 57.53596699901262 58.53324896230091 67.00072928889576 53.70048457264317 50.78239000728267 64.6534178165159 52.994426579569335 60.64544600498291 61.063917529030704 57.71468758037068 62.54681498961352 
H: 886042 53.94841129942978 57.015502715762835 59.93153920694427 49.21471891823999 48.15084683251319 61.00224971616606 49.574687007260245 52.54284217064053 49.595991491362064 46.58116424179389 52.814966725313646 45.1827726462264 45.773120128916 53.290164788158734 58.59162256666559 60.092181057091125 54.025257306220844 49.50697395207412 39.52162172887218 55.18055203429027 
S: 886042 49.75716837839208 52.91300754205257 57.66381750392178 50.94294663108275 48.37375217296549 54.86884280758507 49.21814181571699 49.76413263816306 47.530480998216696 44.81137628245687 52.088815935411894 42.467238739741106 44.62771844706136 51.40024700470342 59.70007856814271 59.19099491827283 50.96161442844033 48.230706134823805 41.08944232966259 54.979583364670184 
H: 886042 55.67958736340028 61.61898509779743 69.55107857626703 61.49066319159308 64.41106368754429 75.8444661840802 60.225418550311396 63.06136379804848 54.09439669780271 62.15180964957391 60.29541507299648 58.76057359738166 58.23616981644127 57.56205778751831 73.88741657251994 68.33999076062716 53.415751355537665 53.740110807681 59.48066939984944 58.5745174715061 
S: 886042 57.19603418151285 59.34145879306773 58.3066596590731 61.59846492737487 52.421446350536606 71.39120843853388 59.48853482353783 61.06140366887991 53.426621785484144 56.45542025271281 59.97748881962358 54.651483596375826 55.34934648264552 58.09987748905505 66.32278122444635 64.20079477317596 52.30066450636541 53.135006084515965 51.55894043669481 60.947895939518126 
H: 32572 47.27388674369245 53.28445935289542 56.26898081561243 55.00891580644126 48.64858649842035 56.515251522745146 49.911641261548525 55.99460338995761 48.993668940335276 54.469356231691876 55.1577934833874 48.46461436125984 47.858901674375744 47.72080230543453 50.71260598099953 51.495585798938514 51.070587080588226 52.85451057396424 62.286659667607296 49.2547454259013 
S: 32572 46.13734747249978 53.66430968811127 48.752067180628586 53.05282898429051 45.894607371097294 50.32187660291638 47.88081172021585 56.93377873188028 46.36133756553957 50.90242245263786 55.10995942970499 46.38788480543043 47.49565037712305 46.900889612238565 48.96548376057173 51.04525495623939 50.046507827854114 49.70416881930888 60.38156382549288 48.33361198044954 
H: 32572 50.388185755373506 55.709281018189635 50.967049516915566 66.49881007523587 58.62219120980063 62.460732495289335 64.15171556898201 71.51003671805603 54.56803045325262 60.91267248549419 55.88960980373687 57.67617485702911 56.97068997721252 62.028117898721604 59.47439750994206 56.75953914391458 48.34708729418091 56.06403599545432 70.30780792274167 53.00747069614225 
S: 32572 53.475379865847295 57.745690501299144 50.803638183350586 64.26390593644028 51.31694351875876 61.934322916925886 57.75450131186168 66.7356769287019 49.34191581084173 56.29325315870141 56.47969850537369 56.21784002681172 56.273167275939315 58.55034150892061 55.363168009048756 60.58701917377726 45.3605535795426 55.51160828388856 73.05036944280002 49.670557380696515 
H: 972978 46.431659343370384 51.40192491836407 43.34643468635372 55.464346313211394 44.90265390480459 43.68178285317853 50.771388289373455 53.22634835220198 54.76916269595181 48.075290148765156 51.707662573921326 53.698823226518634 56.18896065058566 52.343706009893076 51.54533417908365 48.76238400587321 49.10260277126452 49.390378384164116 49.9206908287909 53.65127592613437 
S: 972978 46.80768026463423 51.56758817316735 41.019086326984834 52.56932960446753 43.49593540510021 44.29237804559649 47.10063558783128 52.116906179771554 49.182350294447176 47.84152421795414 51.03565866943781 51.396430161779776 56.277694292553726 51.20895747566494 49.354093261076954 48.694488193221744 49.30527239399568 44.45844728865767 50.051573764491486 51.06851868323148 
H: 972978 57.44774178138824 67.83093073695937 50.56514725094486 65.09250545300863 54.64839774237654 57.1729243074297 59.122052980135436 55.39591791152827 52.469508193695106 54.751191274549576 53.064700826078145 65.67009812481412 59.95554487749255 60.76312373215276 56.266239073145336 54.58536436890949 64.01881653188904 47.572004795320886 59.68214939334712 63.06821507632783 
S: 972978 61.2752238003448 63.61187964350722 48.573840369597164 62.61832431803929 52.28836421080702 57.80243675279961 52.1889860571201 61.441112160353605 52.4131936891884 52.53105734583447 51.567846602560174 63.42187186920042 59.43651446584392 62.5580072472569 55.49581249311562 50.85059643574183 62.356481793108046 46.14153402047099 56.709876655301656 61.23317270761523 
H: 640709 57.94782120296477 53.11363435900245 39.91404096590165 52.61988077004763 54.66105135110056 55.07570788749923 54.71926138845934 44.53654798540053 52.14677140431531 54.79796909668843 56.70599085559201 52.20288943501664 59.02652537842244 47.280672587729015 49.9874643933812 47.64548917832816 55.91680851841329 51.64005381877009 52.383406533853446 45.369259946926874 
S: 640709 58.28498718889594 52.53268069928094 41.10821765728844 46.248736335220904 58.40703396679084 52.276710877045566 53.08102333662457 42.63924211495814 48.778614389641426 51.44455278863565 59.120603334697016 49.14427731212208 56.56018348202662 45.945671258468614 49.296810271878634 47.90702229682623 52.95277125119661 46.6652178345634 51.31276419926373 44.46916374171549 
H: 640709 57.06438393629677 52.360112363160994 48.335212305774306 52.80613595276529 66.80749940555717 54.80188771285683 59.56196571931593 49.98193192451821 59.580488475875825 86.70357545497338 64.76559209585436 54.55859736880201 62.52874142537976 53.80829453517565 54.51804205251699 58.72994343519024 62.452430572791044 61.626066248058805 64.31174838142275 48.47445102080818 
S: 640709 54.19437787730271 51.02990770419721 47.64826240297484 52.7705159970002 62.830810036057514 54.76641892912548 60.68469125291981 51.192595563058404 59.29251914926897 62.4668815540333 64.16738138878746 58.013032458413456 56.3497056867333 55.418818537009095 50.77628600411746 59.17546365010236 60.305227174967676 62.04356319464409 72.99447474718383 50.90784455769137 
H: 63958 44.897592063970336 53.48762173195713 48.26819955879593 54.578420693174735 56.37918532655443 48.28175363982725 45.5343653991343 47.86710491491495 57.18283002017361 51.37950225468361 49.533551977685725 57.256436409857265 57.509516100343085 48.22508472322943 65.57675548204406 45.69618419366236 53.651696434694934 53.390589761686854 56.277991561401286 51.255690848598924 
S: 63958 45.92266545912986 56.053992392218404 46.24256872501852 54.4383002808974 55.00529716097018 48.55717018137558 43.13202836125875 47.74294459426839 53.29568733480552 50.755338158721656 47.5266260547301 51.041007472323315 58.93046471783336 45.75653693549803 60.82939522591372 41.85807889590194 51.11884615166076 50.971898327994595 54.25129383707497 52.003077780965 
H: 63958 56.18687644742392 61.25419793200671 58.20361257193799 62.8947484903401 62.2315436778819 57.86537387422818 53.19994057225087 60.00501582813975 68.13688345285296 60.41844578631202 61.25576107618887 59.26013005400627 67.25080268462511 51.064390054573856 70.73051840935722 47.88774931243288 56.906264775211376 64.84066964237802 62.02557501954015 57.40550399031252 
S: 63958 54.43755472992926 59.10321730699382 56.97426108327315 61.37237498124075 62.81558333104077 58.339066179172235 51.68294729766845 56.039363690932035 61.80282815445097 59.40906864897577 56.78117360309655 59.050719450318425 66.48727046702425 48.85959012658906 69.70000982973954 48.55873111943454 55.7293389119682 63.8319121344848 64.73974901480635 55.7895120964329 
H: 994171 48.34971482014616 58.970676789448035 50.32428223670009 54.729095623273 46.21918671768089 45.20274521992981 46.586892441554106 55.974896454856626 54.944727659515905 63.8504596180956 56.41218759240483 49.554535676791396 44.29377418468455 46.75479793029359 51.48653336790779 50.18504168452222 52.70866377730689 50.927368958261745 53.4032376097852 53.34596005131731 
S: 994171 44.69436301628847 58.937153669116846 47.42101820267866 52.40171329303231 44.41788773503947 45.21382238065744 44.52339359448847 51.91946226729816 53.549529498596904 57.24381832303106 56.610589123784116 48.13902983766853 43.81505129080219 44.12483224582743 46.40895041171962 49.46003797954539 49.495093194390655 48.45431238525169 53.051850926675876 52.275490523657474 
H: 994171 61.109102861780954 58.70556225402473 57.087407868483744 55.34353834667035 52.256585001558996 50.85150951424964 58.29052507693244 56.428248756508815 66.12264712670202 61.15809954712608 62.78719575474813 51.732211375225056 52.17782996901206 54.78750846496491 54.57492941422683 52.30808745977194 52.85208625769452 57.55062842214062 86.21331189744086 61.25740224070251 
S: 994171 54.6244839127613 58.74533821013769 56.7359102437855 54.623727057431815 52.133310742480205 50.00071947407281 54.57282086129367 52.791409873520486 57.80672241725486 60.278516874335075 62.15072151861458 54.12537775723916 48.98169802673023 49.645236104679604 49.897900406633426 54.69788033693368 50.622119010964326 54.752383746551374 69.04686313096988 61.3771496397297 
H: 382386 42.48595291241958 45.15904009704934 50.949824294281655 58.82639558697333 54.905430257223706 51.95134112421203 44.985219657313706 52.45435387790099 49.046074603012414 52.73461672254676 50.102096972705986 52.939977629435106 52.476007006983 55.23495505431318 51.47765811011559 52.24702506319899 49.47976162400585 48.21074573729171 51.96757010788826 50.86358416437983 
S: 382386 43.06931908900996 45.69352520275689 50.300804294458665 54.941703689069094 49.85863736537767 50.55421388018374 43.9782346741062 54.14479087802115 46.30781799080664 53.65824803551135 48.19869726804394 51.024313527475464 53.03581458401242 49.6533486153514 49.99325661256853 51.37716602102051 48.719278650451635 45.283260208150836 47.267762135640105 45.51370632861267 
H: 382386 52.89752665446601 51.15662699337323 57.99782174113986 64.40615671894126 67.27932685629943 58.22071134965603 47.95860923417451 53.67700096612227 60.375195268962514 61.107056472704876 53.35391723086131 58.21386272477902 64.41201961041438 57.63069496003951 62.02241837474245 74.90912878382214 58.68413122649813 52.98880010938061 59.785703681497864 57.644625039136294 
S: 382386 49.79611645306212 51.310442964564174 58.1550528103369 66.70261069544733 59.78329294815701 57.93220941074931 46.14086253362287 53.05886541897962 58.534774918440164 62.61936922646257 55.20980976719575 66.59317128663518 57.55029694361767 59.71834779297586 63.23861868657637 58.06057492917384 57.39547893279085 49.55955300496879 57.740791299167476 56.49224068034864 
H: 366332 53.29977390721191 54.84354058309259 48.58621955159122 47.005226834288436 52.57127023456022 43.55141255840532 56.38673060081128 54.41366082440157 47.364124308898106 55.65512265316142 49.94420916391179 55.36022536706609 56.73098427082828 58.16259736665709 49.39953599023179 50.3956363208772 45.29419251129176 47.31449255306196 46.979571320049054 52.77301062669831 
S: 366332 50.11285402273965 52.571672809730806 48.114843168176144 45.06261041225951 54.043543279607555 42.69734947590978 52.98547449584287 53.213886339708566 48.73798748738999 53.62288430943067 49.101862516794185 54.79984025888824 55.77693912146213 56.65274831434845 46.59703751825595 49.460690834530446 44.686428810928966 46.6911303356389 48.78813333896475 53.460100646106156 
H: 366332 56.200333666968916 63.761965924431486 55.95620470309044 62.210350843707914 59.45018652537683 54.214822423929846 69.18533435468768 61.308384680027274 62.35252717214021 67.79495013736869 53.34533066040833 57.531492829544874 63.03756224501637 59.42265585506203 61.792746089147556 60.858988334073175 50.7286439728323 61.270942693453165 61.17451288661396 56.5249808975295 
S: 366332 55.47228339489233 61.4575255375472 52.95403588107592 49.52869708422616 53.371330140240694 52.177183365187574 70.56336299772242 61.2105955499768 54.405267639133065 66.47718260399566 57.47123308999811 52.26089333705173 57.8890902949373 60.36379417017679 56.28765828685034 62.399649412874 51.00414209417729 53.49040926548653 52.29831603025437 52.42819240783726 
H: 342846 53.79346679073815 48.16268822681826 61.949452324248995 39.64368669124405 46.30640235148484 50.5741260180519 48.693027381148255 54.699898620194375 41.93683667938523 53.419987252760684 44.62884724466773 57.08478971142541 49.50321759382781 47.12286787983246 52.98293677171248 46.435143144849356 50.62559858509192 52.08386438312417 62.411595878441176 48.80603602242338 
S: 342846 55.09896289794611 47.96184264429661 60.42409371613069 39.31013193952517 44.03687043846511 50.136766818392644 45.27994571908029 54.52455616920395 42.99362217342801 52.74404769991453 45.21256422570635 53.71818569946573 48.885140608493714 45.67673507166524 49.35884814900261 43.81178727264465 49.28429394815773 46.38630972771663 59.21375027615171 45.19763074093429 
H: 342846 63.036096044684854 71.50888451840032 88.94858127708414 52.050662381025035 55.20961433705258 57.35004383505784 56.188551552956326 56.91841913139117 54.38318758270125 55.06662881714219 49.483851496500236 64.12491741729887 54.91102292361416 58.00560014440507 60.867913098418015 54.720858010666916 62.5132375628287 58.609812078779115 69.81488985894936 64.3741678279019 
S: 342846 63.194504777834766 61.60494404041584 67.56751927083238 51.03996894982364 55.23393492865328 55.49472204762257 56.921801868442905 57.10053639756359 54.24890833768749 54.11821466402489 48.19379964331601 61.584995849928795 55.503068447132236 49.89081243315315 55.62867011456807 52.21563154688441 59.697807483970934 55.03919846704075 67.51344886309573 62.77072829553972 
H: 119251 52.72464466955136 58.603399897863305 55.40049529370304 50.20662649314158 43.17333708583594 52.078088817937825 46.97333237976095 53.16237605015806 51.82589553538523 54.30606437234383 55.67867165542012 55.528336018915105 56.197142636037526 50.88724038038216 48.58035627145166 47.74054800430676 49.923767933765625 53.36529496126997 47.295491334538134 51.757822671133944 
S: 119251 50.80903833657541 55.69764405321752 53.78978920156593 48.96818024390806 45.4938751593691 51.72275104111067 46.088030107749226 47.03213208937985 51.08519817095324 50.57749764903086 49.37249712912142 54.01896666648304 50.782628723276744 48.30932858978846 49.57987816397423 48.56918068836251 50.1953816533087 51.51219791854951 47.01802910331575 49.68460595529167 
H: 119251 67.76496395880345 69.25043964164077 54.38638923374667 57.12064633652046 55.527591466401475 56.358900805062966 55.38378797238132 51.671191570059946 54.99083355389919 56.24191652507442 56.733307537808905 55.712131718598464 59.22045622282776 64.31346389706395 57.25145784726336 55.71557167964128 58.704113421182235 54.76541065505525 55.14109283760459 63.98154443153805 
S: 119251 63.51012055026889 65.59395674306913 56.32071701510261 53.95552096038554 54.23616364976765 60.62908435654192 56.283239910755356 58.868453047343735 54.51483359219592 55.635551348320966 53.02390726469321 83.11279813701792 58.221064592117266 61.775030982362395 56.837341717993375 53.834868045190525 55.33361227428858 60.40187458581876 54.051068642238924 63.852958771722996 
H: 619275 53.178012320974254 47.77274029779866 49.182595897107916 52.292103443711106 50.44773241035745 46.958133227806435 60.71878160591217 51.045521670564405 50.42508432376372 52.371864160826384 51.833815416364224 49.1462603400042 59.00594687821744 46.28430346104724 50.37893134199691 52.83525381374626 53.50981249308379 58.17309850714023 57.81833273757988 53.98237715752378 
S: 619275 53.52582592844751 46.49668580361613 48.305883234976555 51.02920615258033 52.19895467251944 44.493169835279446 61.10992870278292 52.371912466447526 52.91348446831067 50.22726351519666 51.70626877084155 47.84758525197299 58.806687147097236 45.880714089164904 49.121695698104226 50.50109239198328 55.724769565817525 53.39590551105444 59.33705795944602 48.730642025185155 
H: 619275 64.00376638051112 57.138269275086465 56.82055049507607 54.69545061131022 58.22016498622881 47.854789520246825 62.16635011281229 62.91523199438944 59.305911528911835 58.748625773290996 57.57313994270818 56.25042340307518 73.61765969171996 55.92024049651996 54.26640689007551 56.33748326560086 60.828651074834006 60.923710151010305 63.073769085952726 56.7030515046361 
S: 619275 57.008482692084144 62.15881442416532 58.09452556524316 59.01418573765838 50.82984910912505 47.88095453297386 64.36913143680945 55.89437019168339 60.15431311236405 57.42423971121784 55.551094854626655 61.369445441222666 69.6006480974415 58.15776725421296 55.4242096857222 52.7262763498599 57.84896731297231 57.66438246511845 64.28745905606954 54.296269137746634 
H: 183565 46.193790440527465 49.85634499277409 52.00111285505291 50.71231738404619 56.121612522688444 49.84167946149316 48.093132931716006 50.281853519381315 57.385718184761785 59.484758449707996 55.22960661418841 48.23488968389838 52.23737906097684 46.2480780832572 56.165576765940166 49.52490324993615 53.435957969441006 61.90785650546897 45.636702816806924 46.534012503228844 
S: 183565 43.51019125498725 48.16454188981643 51.938241756753044 51.489230810927154 53.544023270539384 49.30409800316791 47.31319201982049 52.34015427511171 53.182885671393066 62.493107269482 54.00249847810317 48.729396646356776 51.66341588594891 44.078964437352184 53.224479339562016 49.57312975247644 55.0893332753181 55.68916089130515 44.56186862996473 43.97492723916209 
H: 183565 50.81559414938442 56.24520123375026 65.19575640616104 53.12973785275299 72.08047586026086 54.008867815223404 54.48289297832023 61.98419930048463 71.41901736950105 61.04161143884646 65.02855455133141 64.77676546277252 54.11469785705053 51.547438090783324 54.617554998441264 66.88321674804068 55.70092018681992 65.77627565680875 51.27189843791594 48.192640311933886 
S: 183565 48.17987768128419 50.0392747491532 55.850851239234586 59.84083239634697 63.003028597581626 53.4024747277242 50.12649102192302 57.99292589519346 58.298465772220545 58.94489033415489 64.57744126387274 57.21516985019845 52.23250617241632 49.50517944949001 53.773231824985764 58.453637433643266 56.97468708343792 62.26200051070921 57.895714262610724 51.87886753600648 
H: 952435 45.841183648045174 41.65745539457692 53.694090583579055 51.610084478512235 50.75294849916499 50.99045470965068 47.79687170398281 46.85987173949997 54.88971763601205 59.05546353982842 49.75301363972701 47.90810953752934 60.69467535532599 52.12145821860505 53.497959300291456 52.64962585141595 54.08732008158877 58.23131126287907 45.29229285763763 50.803774427601326 
S: 952435 47.21748289706109 45.96158446438331 51.39197122166304 53.92498553145321 49.44856640334228 53.33816554012183 46.8960578717695 46.45766129947417 52.652436079619356 58.843112211151954 49.439266583512655 47.59810409082096 55.746319156709895 51.534401815791576 50.81215614144173 53.37400958363657 50.03587238550279 56.0165828491025 43.20556504029357 49.03530962874949 
H: 952435 60.76526621879838 47.758699065062615 64.06630934453783 53.53093510270674 69.73320254973954 52.77070844796558 55.32487111055394 54.21547692394463 59.104352707046964 61.51957232194983 63.378325182330805 49.93813769696182 59.998253588358686 60.653846519929246 58.0817284383547 56.18874254141531 53.67901514410599 60.489037700710604 51.04746666216658 61.4659056080836 
S: 952435 58.26973955478121 43.653219609368456 65.29795247826944 53.56127756638813 59.97361667617624 49.00226186173941 53.222711340817085 52.339587694874474 53.923395491913695 58.2034189758699 60.038016462682606 47.708697717160796 55.52548754920136 58.309196817476916 62.68651270820098 58.50441763889621 54.57597926510035 57.182381391369546 44.55374910581411 55.97445948887957 
H: 435741 52.21303836431383 50.81767259526537 41.4702912012512 49.97088756097705 42.57894969356917 59.793270005188575 48.873211969004956 55.639400027223964 57.58214922118399 49.820566913902816 49.64706230063124 42.78466332700408 47.32281199103828 52.658982819212405 57.309329284175995 44.16598638825599 55.56245972303472 56.880511067817146 52.0995331862154 51.82429086307998 
S: 435741 51.886274933423316 49.62455410362991 43.67518504644609 45.515704051053866 40.79909953742491 59.17168113027819 49.81173087781149 55.4972715525169 58.377075950016554 48.54191761867008 46.97385662175353 42.86058667837549 47.45872034846802 50.49119040600633 52.80859107880732 41.87889045257099 56.44347431281892 56.08777985445914 51.523529383201684 50.090087064153394 
H: 435741 57.589943662187096 58.705100045219275 54.08786937085643 57.3872553955436 47.56765130576154 62.60084309647587 49.03392261790482 56.9037420881909 60.42486150061619 59.40631073812248 59.69382947629902 47.910072023008766 57.369654097855914 59.75229853563896 59.316107084316286 54.90878951569591 60.79019567278461 62.82824411861062 52.33138196210064 61.011454798061294 
S: 435741 58.5221270734697 60.61727020598356 56.78818724002334 55.6521958646733 46.001624262580876 64.16061349030088 50.2277362177143 61.41695947330412 60.22467282140579 54.13122855040284 59.826562386500925 46.96145639107484 57.803678441042116 57.58011043641705 57.37110393809503 53.13214266092511 60.28012385022344 54.971411529334056 51.82780645303882 58.88643154414402 
H: 589493 48.45689134629316 51.384733601836956 45.381436669745156 47.48483502293094 60.86298097870369 56.74518138503836 54.86869697536075 49.71369314774597 55.091316026080996 50.597480748183926 53.241121588401576 50.9614907006134 53.6878153829804 52.29001744944871 66.90722187411866 58.567106638123995 43.39448552741292 51.65961327638053 47.623939608702685 48.698344150940756 
S: 589493 47.63899653788974 51.805043896327476 44.169824488981305 44.05529468077755 59.26164618566746 56.44827714539677 48.841546397829525 49.47950701311141 56.29894774994694 51.31386943946986 49.82759878929579 50.76186963205332 52.485213572293645 51.83682371679878 59.16326471312435 56.42001374863749 43.26311580140463 49.21448951944567 44.44753299444402 47.345515861531545 
H: 589493 55.61870085707003 49.273581653929796 51.67869392181275 53.97242026571038 67.04599504922905 55.16220886801021 61.08029905701951 57.73842445631632 55.603791667310624 57.99601853796289 61.59995383938417 63.20890901814353 60.332961731851285 57.52465992680303 64.93146439873037 72.79617222444328 47.892621320116156 55.805678818755794 52.499867963554756 57.435752788014334 
S: 589493 51.47834512219414 49.717546120216426 50.67344187966004 53.80719980214713 62.20503935726734 57.04885163019724 58.84438158286473 55.714324243059586 54.33117685497217 57.995538982153334 56.48321447301496 56.39182370840639 60.405879159131544 49.45163639309735 64.37587803848129 61.251397655242556 44.89928437420919 55.42193057691727 52.32102968623475 64.5882803461913 
H: 854186 47.07751763838214 50.608397771203876 51.51164290597705 64.9075204865855 49.45108072874611 55.51166830829565 59.564269473058076 59.347459777087586 53.61462408153794 42.39947704379258 48.68465492203332 54.901091679658904 56.69584892288147 48.34039467307341 51.43468067646301 63.83340870337336 59.16644744937962 48.36226331512845 52.14355252018384 49.05866770206905 
S: 854186 45.928215323557694 50.36707276398415 52.06241876695995 60.84130945174922 48.78058264380985 54.10470935659215 55.76817033277389 57.83224350266957 52.21670357017327 41.82434055360605 46.70163954859992 56.70055476049234 54.20544413411971 46.582317271328854 46.372087433319635 58.452147690675396 55.68776413873726 47.9906586197964 51.65789142327191 47.890587954951286 
H: 854186 48.98565314372986 51.72746359874181 63.587742486101945 65.68458134208791 65.09794016904739 60.536175203950556 55.37624303954008 62.8833791449135 55.067636106224654 45.99262652904969 55.16828299747041 64.53382676281497 68.33472476073364 51.2232136783483 61.60805653415087 67.53276805830974 67.3429609580419 53.085239180962425 56.66762379404193 53.08152495912962 
S: 854186 45.85639358124677 53.34081837831272 59.592393516387624 71.49093099389823 62.610678242935705 63.40973806886126 58.32845640470546 57.53869582980326 55.689611984098164 47.47268234527211 60.384458636884496 61.56649585881351 62.098530716539024 50.80314653609403 54.94870823450448 71.86875373051399 62.4177850425425 53.19373228957112 58.80910123586352 55.69485591510255 
H: 474563 46.303707315827474 52.42485872525742 50.11132960390179 57.42618486177687 50.44410357238625 44.20104700091622 50.16664910564516 61.27933371918343 56.9817412375347 41.54205081217064 50.54485117066044 51.92648973204016 47.30600050837174 55.837609541683605 55.26747590627047 49.956188019437214 53.00654073634721 53.21557744436257 50.481569745711695 50.893816689241184 
S: 474563 45.44731791975189 50.577813054061366 47.64693804532675 60.73413835673097 49.76161625433856 43.09830888230308 46.988018221902244 57.831920582692646 57.54068422186492 41.502095686986785 48.170182521410595 50.40036115724004 46.96796299628717 52.09324355350102 51.60102907434048 47.35902724899045 49.58087261976152 50.71393736735666 48.14320379219541 50.365813079750325 
H: 474563 66.30388385060334 50.87843318173171 53.285465437628844 62.78543693274179 55.02100651346988 42.96605809182575 59.88873282118931 63.72688918642083 61.84861186333497 49.176042144536865 62.08868576769299 62.076559772921236 54.7952770652373 62.63271982710659 62.53410364008393 64.3242169521401 65.84237162600016 66.54611116412008 49.38082028597914 54.721063118566285 
S: 474563 56.517640796861784 48.400923555239245 52.06685617661693 63.243777205586646 52.757243680484436 44.16853308705841 57.07853787543529 70.80224242898505 59.85217704023185 48.60992120471032 59.19635829529915 58.04588053469932 55.20266704674742 60.614935185002665 58.6116524988693 55.22294835515635 56.01311010425917 62.519717810423124 49.76093008775679 57.25028240598272 
H: 711144 47.15094124532637 54.10941438094292 51.96269660395499 53.979100970797646 55.90374094911215 52.807120644431876 45.95541248918922 46.50614098194163 58.36986785284344 51.41788775237603 57.450692103945315 43.82370078336214 55.27159242387656 53.01942432802691 64.16207568656539 56.77383152156848 58.68511498066483 46.61365787210173 43.44986192677074 51.651767704590014 
S: 711144 43.690212162460234 53.30609371736294 48.75642160580817 53.31326562459985 56.63150395689663 48.28569596126327 47.934350619870244 46.85555636911989 58.46603101309848 50.13810801166224 56.06629854591349 41.31202182660289 55.46684367659981 53.18626889800798 64.13705753254388 53.60374440419985 57.37948174563335 45.038843972788754 42.712695190690056 50.589906298677306 
H: 711144 50.67291943010315 72.46719037940547 54.22836304760909 63.51334641775972 60.35969308162241 55.2905068382489 50.493451645227715 58.70477338171622 58.8214810290712 60.90356745495232 70.1597418088962 52.67746556664771 60.79418273024898 55.49606101293596 69.02940333990662 55.20415924758017 69.1601661240601 46.27606504304667 54.082537917892964 65.94045659882453 
S: 711144 51.05048939741833 68.7034594557188 53.123726411810026 60.63485128830059 60.91984171067748 58.203038771701316 49.51372152568491 56.72797002424405 58.66024549851459 58.92090340382431 63.20970483897254 49.46122179066902 59.209113451143075 56.458247857164416 76.82062954621097 54.3965892436628 72.36927083225675 47.40449370973287 51.62023771717094 64.37364508970334 
H: 61065 64.70169187165884 46.9322444958071 54.4070363691104 55.29241292314052 52.57262823281383 49.019346025623214 56.666742499316726 45.0800074538347 45.843259186200285 51.05225307030599 52.18133793157563 55.78456693735725 58.89685332218322 50.31502716097566 46.92280602988931 50.810394710071 53.67235997358025 52.533240634410916 46.814390432569425 49.24452540320058 
S: 61065 62.36496741671522 43.68509286888447 51.42245430296162 51.90694053801872 51.536754837662485 47.64261870827469 55.213262499298914 42.805098908983254 47.972920912352976 52.07455485916102 48.22688879555398 53.10606073028973 57.01092901225273 50.04503560052315 46.725550122826256 48.43126019966506 50.523079303403904 49.478085053686875 47.97139439997883 42.78679395444756 
H: 61065 75.24714550593846 54.26989143575821 64.50826543148582 57.01834062298143 66.94050737109262 58.05164383773994 61.94781854198419 52.552092333380976 59.153236291992336 54.69290010041761 51.010956572237546 71.48590823060032 69.74772864191553 56.17412829816805 54.86603911968501 52.08449190317136 59.726310027768946 60.166317448661005 59.43283823915398 51.160263753459034 
S: 61065 73.3118397704541 49.202812432405345 56.14068887801983 60.54306873604997 63.20554172611085 54.42817582190396 62.710606275514266 52.51945990302715 55.14525672105454 55.63101816408401 51.94208167938091 67.3545925233825 62.28410139625302 52.59360986169197 57.387907618274376 54.19186338156599 54.283303086228614 58.99846215381126 55.10509023763661 52.724512308201874 
H: 974733 114.9660627995028 110.56877837848317 117.34705819466078 123.12710968167707 113.52217250141153 116.6499339191216 115.87031584068319 108.59069404381478 131.2420587167953 114.67749024847602 109.2562736445687 107.50932207602796 100.74080219597168 99.45153288758117 93.26531562107657 112.13718605748036 118.89781335088212 104.91451894181937 109.63912345516755 108.07243796346793 
S: 974733 111.5677802750185 106.85328874593611 111.74609260285234 123.6211580716226 105.19154649651493 112.74261331068365 109.97224233706743 98.51364776632103 128.75867777336705 112.59367389002672 108.10015227988816 105.08601792144893 101.74644539186929 100.69984514214056 95.93382217739142 111.89183891833457 119.84084620409747 102.8930080530387 110.22082782291369 107.22839294755128 
H: 974733 130.20794650869638 119.71450505180614 135.0632348022869 139.19111946488746 124.3538545477495 106.99738992551983 114.26124489978886 118.58981472752134 133.7872437650069 123.70069275389196 123.19520694689784 125.33870205146646 114.77367576092625 111.61609969190616 98.1105125598977 127.18915247404462 123.30654642798261 123.50159536994681 126.8328284793165 119.90887169942727 
S: 974733 123.69991832340884 118.91498700364058 120.32880307092637 128.25436550466756 127.54661601012634 111.27405484083042 115.94800718354601 118.15951873777313 138.2018746805837 123.66547856848192 121.35315710215009 119.21189412863352 117.12552387635209 109.56503313966884 96.2364806450579 124.49021789912052 113.15431898268486 122.80368820546538 122.37371097064114 123.24615260330609 
H: 720086 106.68601169263025 105.84282991125447 131.97116482547034 114.71628462238954 114.71890973343127 121.88333832312624 116.50924221682055 116.7550776403243 101.34087636391509 93.97816030333092 116.89096688079213 119.88747757885157 107.2659796760388 123.10643229062853 104.1403715544627 110.37119353044255 119.80362161460504 106.55898863170344 98.86207314431438 101.15009721903395 
S: 720086 102.75796640392674 103.64347314968813 130.11720270898462 113.02639574126003 111.06091937317068 118.69677170068975 114.21271944882778 115.61796945522983 100.32246799329837 93.88275443544032 112.21338797183098 114.20686149980814 108.84935514171377 123.59237580215402 103.49685397127652 108.25742970734595 115.9699854354621 101.53934130420866 96.54945005342202 97.2301650427312 
H: 720086 135.07222828692312 112.0188347873007 143.18824898269884 134.02623972436052 116.97342433343361 140.02399663689914 139.99494620851007 114.65852067120655 124.6360234707494 125.216720992189 117.01797245819046 122.18433572503106 130.3874664930188 165.1398165584941 118.69258489089859 120.82776344888036 129.37449550793244 115.76588854041898 103.2021657046848 112.98630364729023 
S: 720086 130.19142215268434 113.5603319917289 142.2244030298374 130.9123463537308 111.38782019300514 127.51400063107855 129.45129693430667 111.32401896987379 116.77684339125516 120.84028388906545 114.79108771947823 119.60190061056771 133.61941726414494 133.00720793778441 111.5721845243026 118.36298738646677 123.60127475938314 117.7978418559514 100.50307833301787 103.38882292456016 
H: 857485 115.34601137567168 115.18313145884201 102.6691034611792 124.18967520543275 110.44427811366937 96.67245191973575 119.67735227707553 106.2019450660124 107.63019191375602 95.45754913704317 111.57983950583045 120.74787673522899 104.38467406704906 126.72961833789749 117.27592747882453 127.60232980381463 110.03561115635011 115.20832526326716 121.68342859577855 103.87422483885686 
S: 857485 107.06883541504503 110.63302680694692 104.47676923079774 118.00529279149258 108.35908616057282 97.73927709400682 119.52172522167672 100.74142152504334 107.52753204435439 92.81910261147355 115.52533583691289 117.121515714058 103.90114312086203 128.16850516925138 112.6543714164794 127.05626821759552 105.83811699540057 110.70668396647459 119.66930285317626 104.24541227113292 
H: 857485 119.48941039927509 124.85211125548858 125.23915389934052 144.23045132157407 114.48280931388706 114.02185520180483 126.73006062951576 117.70062063901733 124.50191842037417 119.02407439403578 120.00173626548347 138.51465531208652 118.90875710441273 129.90122424620074 141.8368790898546 130.8582401495955 132.8773160341825 120.14396653506175 132.4088465558003 120.00442542748381 
S: 857485 119.45180597908214 123.22737472688375 117.81460106494589 135.47048262941078 111.7908464838455 116.08344447058587 117.71957889063772 111.64166142757037 123.69499622870377 110.15356303862985 117.88959459563664 132.74884741455438 112.42127649857647 134.51688132645498 134.3780325428651 130.32857533234372 126.59978955239063 121.03089608721845 132.87505138559231 117.6509347072521 
H: 182184 129.64935531271522 127.00737198397714 105.05028553927059 110.6231220814066 107.55274774826141 106.67721349700973 112.88653066057586 115.51144472739205 110.1375907286403 118.74886010944807 118.04575656361757 126.9935123185289 106.22113463363326 109.0569141066557 105.69471594038323 123.26473691166015 111.46854550197868 108.71691830949904 134.1391525832885 100.68574709732941 
S: 182184 128.15851075852132 126.0511734302202 102.64813898662338 107.75904824323116 103.96635782323716 108.27217366108323 109.85271377906345 111.3814897297627 110.22781233162391 116.01105682186511 116.67299167868173 121.1310212324572 105.87722906700046 108.22020957616816 104.40165448794893 120.24842489591022 108.77391425478964 107.77001280433997 127.62410441449222 97.220648360512 
H: 182184 138.98733987133608 139.81175031503724 110.14102090407577 116.95910913472123 124.29213503657105 113.93213657230834 113.26741339063997 119.66177520759834 118.69951497151942 123.8615689100376 137.49659876394156 141.55245019532165 117.3133092902157 125.72966235644688 123.33302621817785 117.4179933194619 135.50725492949144 121.97798054304539 128.22036578536404 97.87455656757466 
S: 182184 144.18344820935414 146.17866815628275 104.85997511774133 117.16683289565316 126.08952153617358 113.07895702139936 108.70335653532013 115.85793228508737 119.5820916474198 119.85180369346877 128.59002347318744 130.27999496921407 114.15965125645513 123.11571507999905 117.47045827942625 108.84115653692785 131.24844778710738 121.80106191076679 124.36889678357959 95.94678309128945 
H: 43360 119.77900477884667 111.84974797423355 107.50763500693054 114.93288907634243 111.28862006538307 111.49954863037655 108.22338014365143 106.83512107251356 110.04535604542382 114.14144061107048 113.25114871716403 107.45389554205487 104.49750057399079 113.12358092225134 114.0163123545684 109.09565823075899 100.3378201404347 118.6940156218127 114.00069834902004 115.54531816246359 
S: 43360 109.9174159659718 111.30459938440218 106.8330564086578 114.4440295429657 108.52657795346934 110.26162250474722 98.52616891194492 108.94502415178636 110.47485301199451 116.81425416480384 113.92892051118365 108.82319694086858 101.95452282207863 110.34730540389882 110.50207198158068 109.65120931854244 97.27080549379698 116.51336474821683 110.7233612723227 110.18911786590546 
H: 43360 145.72881864227412 131.51789832403776 128.9131952220006 118.07035464409819 117.3327362429173 119.41755137315673 110.93014624668585 131.91811264488024 110.40597705401578 127.1265988582466 130.3096985024363 131.90746633879456 114.30327427725278 123.96619247455985 123.25497784957506 116.15324184605335 106.01796527060014 125.93580078805002 125.94444379194472 125.5028118687486 
S: 43360 140.14835899409692 124.6596838481943 131.09781952658147 118.39300486051845 125.67190807388147 115.50105184292313 107.34051365875072 123.66802553202443 111.19495875841076 127.81689195212358 145.23563757977257 123.66098313775464 115.24151102335462 122.34605213551093 121.83895843631404 109.25755587571642 103.85554382565115 124.6440251563542 126.63865107651525 123.49733485920618 
H: 329746 117.89845219985305 122.03128845229185 113.29886895518322 105.05533694036507 110.12580656226154 119.654771088817 105.70807923405768 107.78050205443638 119.8512889393838 122.21230063227728 106.86028991868999 107.22183893591541 119.33588658066456 96.82081699107749 108.79535277858592 120.91014998087986 114.66766311692845 94.67939287470686 114.16247570566487 103.59895497791821 
S: 329746 112.20935200675947 119.76192907261479 109.95275751091773 103.61975374837719 107.17097175787896 124.30979088591829 104.8911564385841 105.90786118707119 115.92765955369885 122.50845279655972 104.43746724994608 103.61038621351383 122.32585005819287 94.25163781774728 107.5100859328109 117.28242558767256 112.43691945715939 93.20205856721768 114.17050132790189 100.32122199563086 
H: 329746 142.94927612675576 136.1437905234405 134.78211836155828 131.50029531099497 120.92975973017616 124.3251156099757 120.55625519002041 111.08776774372517 122.32475901528971 128.25775501698573 109.39816512048107 113.76605004980291 131.9547243351582 107.92175103460197 109.29723959370668 123.43535227136977 136.89935682790482 107.11435337173144 111.22924125397515 117.34029755674844 
S: 329746 134.95457038393485 131.51833762851558 124.58478820469675 127.34243937712884 119.83483601918273 120.09015775737149 116.24441206207126 113.66299726438989 132.30387147164376 130.15846823260387 106.19749095828723 110.17264392519779 142.16992984275035 107.08013895137613 109.59219171978638 129.61557816061924 136.85097421468816 106.12372281498857 110.44267284793682 114.14020879180684 
H: 591381 105.70732312793682 105.43027163688566 120.22711114331476 98.47841132576751 104.48385044344447 113.16900796968844 115.46740295942672 119.34518687457924 125.59463947755995 130.39851193835176 105.18176432682299 101.8133635787733 107.0403283246024 120.35430697030411 110.5370742101319 108.85972378950645 108.66211258051328 110.83048928746844 103.99548473940956 126.76479270252688 
S: 591381 106.56419867227257 106.33318511910632 119.25956655561721 98.83477004277334 108.9023586212457 110.00603059602184 108.13259231643853 114.56493662974653 119.66462495591169 125.82395890514985 104.90670338808637 102.15787041738223 108.48037461837153 117.74641228885939 108.94309771136072 105.43759743363587 104.63565359470819 109.77799477120729 102.4654354680578 124.90843101344858 
H: 591381 117.81431467566756 102.72079997825777 149.70111141091775 122.26949499698215 128.7108778965526 124.59577029164913 126.85533176941709 117.6230588325915 131.90622468848468 123.88198123976984 128.10513291731598 109.8131124516075 119.73992781886345 138.80885151952782 123.46948484344522 120.54625356291639 110.21670333021157 112.38142328595018 116.91159643693173 128.7789979344312 
S: 591381 129.50754771095356 115.3683742613765 134.44005403774315 110.52245683566872 114.66568786800094 126.27410945911073 125.62113128349534 128.3472444456907 130.45197475389898 124.82112999224026 109.7383276862442 109.10485237600167 118.89901075554685 131.89845791471436 132.08867475974975 122.83787220431824 109.68493075305395 110.48682847745336 108.83724582420388 131.30315089961562 
H: 947567 109.05748518844163 116.29046398479335 106.21735182405199 114.7141391671959 115.93362176261506 113.63224105084323 118.90597442613544 101.12232566167259 115.47581061327536 123.69342443446858 116.73495281541793 108.11163246025143 118.90568564483401 110.48305415509101 106.59153603223503 105.44180306953169 111.97419792715606 108.1494820563461 108.87338864953216 114.40204952710228 
S: 947567 105.89629685391508 112.99545759635669 105.4456854652645 111.75902491013657 113.30317113264974 113.1726708183863 113.7577323175723 100.95886005294012 115.02895343025848 115.68901219086938 109.65458714148605 107.14439449030989 111.43388169871403 107.34835989127289 103.85793869400878 97.90508614988352 115.40598653085561 104.64171842615694 109.35074291553663 107.86019548969506 
H: 947567 133.33265478691374 128.722603421278 109.13910858037208 128.19653301557867 126.18270487203088 133.0747095581908 136.61024375211542 115.84570377138763 114.69683163836993 121.76807585174596 103.64553904693219 116.78812178894036 130.73119121702396 131.45018149819188 121.73590503037855 122.08983584635342 133.5253803214127 114.33555430506031 103.13675147016279 110.5320688120966 
S: 947567 121.99602792849628 132.30532081054852 109.51749542550814 112.40000457767066 125.20229297620888 121.7587772524852 123.71770255280148 107.16571170164984 111.27179536555148 121.21166717956481 102.22578556248956 109.69917833681963 123.96437770234873 120.94186885457535 119.02931180694391 117.08721776161825 131.1800162927727 105.85725894713751 103.46270451283696 108.87030633800545 
H: 742492 115.16372768202162 120.0428631603848 122.98397338101083 93.97528252588864 112.58295007329015 103.85869358657233 110.10739104567581 109.34991280949595 117.47575662876929 122.07922486677195 93.5010647205119 117.55585907091451 107.08927461884942 120.54511148936112 114.08750719228128 98.25082788001704 104.33714724292112 114.23634140868904 110.34649903710873 123.62135281933435 
S: 742492 105.34583861772262 117.86040633652789 121.98511430547099 89.73665090970407 108.1126548279519 105.56566623401051 103.03806112140582 105.02631225556087 115.74018280997397 119.40352165487518 89.32852823442916 111.81439223715384 100.74669941656353 117.22608679905899 112.19887668438061 98.44693968959885 104.71211266455863 113.4368218643252 106.92786195114324 117.46449785607767 
H: 742492 113.70467508632439 150.63222812066306 136.18148749690346 101.32118091321644 121.76474042784874 127.8492497812985 132.35322482372567 116.42779485316734 142.61823543074044 145.526326002722 113.76089917827927 123.41003428243208 113.30031137546966 119.61908781673073 125.20157095987791 116.80642794869351 117.40517984194003 121.65021180253083 125.88600744535992 121.96592266488744 
S: 742492 116.04052147160152 154.28923237155882 134.52629011273956 101.70140002482292 118.37766702915471 125.77552638534073 117.78175731691711 107.23015139721927 145.29485368829515 144.08769607226986 106.89448368455508 110.8703094851839 107.77895487589309 111.29371527754658 125.31429656966068 111.94259496607512 113.79462245679402 118.00193594289422 121.33520792253518 124.62740370587134 
H: 633308 105.56958141417799 121.47553925417071 108.76555655431811 123.66956031067758 102.93267672913615 98.95789797351165 123.48038081300729 94.22606347152971 106.29695342873494 108.20834233459918 105.2391786966535 111.62470518924455 119.14957305877854 101.70938982530998 123.06360316182044 120.06345230867784 118.03830627183527 99.72565049537526 110.58033392137209 113.66298859684622 
S: 633308 104.5280309769249 120.02384520183726 101.30896203171504 114.46288071003137 100.48886168521399 99.17243745606785 123.14207620857503 98.68206018568932 106.25019331507565 105.23101189577454 106.284717162267 112.7710387253141 116.65172433651712 100.04705367307302 123.07137581430258 120.4437464503786 116.50467430658048 98.6632087832133 112.7199121055 113.60641060646348 
H: 633308 121.80968708850995 135.2036671404593 116.46227995003764 132.53982473802245 119.29160658330272 119.84830836329962 129.97458206909192 111.78725243977291 121.72193631428058 115.47912714818351 126.8893561034955 111.08618581667427 143.46993351173774 127.48793434780247 132.19368160289298 127.60576338246587 123.96035172896455 101.77691879596388 122.92433551809651 117.29254454767795 
S: 633308 119.20803275467229 133.9605594631951 137.8931994582626 130.68909016373237 116.52331467099056 118.89276941714287 138.20744494696132 116.3879974838867 118.85968122836552 118.60806237374219 123.13913824489381 114.88077055826633 130.2593982428345 116.58310769916952 128.0881699250302 128.93171863493916 128.5135160986458 102.27860419910111 129.50209955575858 119.16615224550931 
H: 336617 109.0743332909985 112.44917946794743 114.44897074899811 107.03079764492556 122.81706719360584 116.26607049962642 115.67702434940243 103.00114345378697 112.19845768983734 103.35003303755416 108.56601689374143 95.33891534115327 119.46306712276477 113.2445579539764 110.35156187701114 115.75396309925428 120.45462242744728 114.06351204653596 108.38769507381086 106.70567840968333 
S: 336617 105.7433710500055 108.67360274031637 105.58281455303457 99.022870564859 125.52240086648554 114.02212635554064 111.8309419091077 103.42423423835045 111.24234964186148 104.0485737288887 110.2828605864726 92.32496718670298 116.46596620793453 108.752607027468 108.58401412722561 112.8645843306308 121.02172115147907 111.93221422180358 104.07834247249326 109.50253778894209 
H: 336617 125.38744617670491 129.6079010485371 127.24832038956467 113.34415306851946 154.69695320091918 127.09043962000521 114.43161713318966 104.19133609761325 126.38463653407032 108.96639697127748 140.4843828222162 103.24591480915171 143.64814385417324 112.90104456660333 122.15684679084642 132.0654760155202 131.95406462969225 112.99984153311195 126.12137744134272 112.97709209183816 
S: 336617 124.03014002093619 123.91879881274885 119.70490363134091 114.55997830560285 141.2139726061795 121.11783102673543 114.88955535990065 108.31535890076623 137.2940892017294 111.9800376695581 104.40604210411936 101.81285864296113 130.42730422139698 121.94388131634669 124.31797399502136 126.69531810165019 129.65933338520082 112.76771121728606 125.21733581467485 114.07519092001692 
H: 230094 111.53414256164467 109.10454231023408 117.7296473021836 105.34146909738058 101.29711359193445 127.92030366951342 113.70930312073484 108.23051113091482 111.79054066368388 106.82276934954967 118.22921312045132 117.73764564181872 107.00140241593243 102.92162504833946 103.84829336510123 103.86207706010485 112.50064620994381 112.54049003454297 104.07749528679797 105.08632906466549 
S: 230094 108.59295849175945 104.35301903580996 118.81247904576317 103.51309878747142 97.93182109407559 122.52303929825815 113.28574958697517 104.88630886493189 112.05471286622958 106.85867836276132 114.91754166777754 116.40539618260331 103.78391057292383 104.47451045112263 102.35769410367955 99.23208408413174 106.00754509089268 107.34786502345429 97.72190197929083 103.61212589350122 
H: 230094 117.94329534434986 129.7889564483525 119.75717022833325 109.39597412752263 113.70305806641498 134.23881646086974 132.18521379572843 112.84669024313311 139.50972137532045 122.4140731923632 149.01213048875306 130.3741855181871 124.01113263233201 131.57575569524016 119.51324369362688 103.61787481382369 118.03065823410326 114.3222030632501 108.84625475938361 110.66854099045997 
S: 230094 113.83207171614166 132.13344153034623 126.32272050457762 107.66391272027285 104.02925343578721 148.60231709239514 126.71931083652467 117.10865251729109 126.92787621672831 119.06245407555697 139.8638452079736 130.6199320697038 116.77077477210773 124.68534065410333 110.7972662742574 116.9142095956014 113.27653266328241 114.24154852873951 110.9035865137323 111.56353209642135 
H: 143290 100.07751246781947 123.71239992440016 109.90204266037807 102.45241819352643 110.72635320420983 123.15591468776378 117.69389992444721 115.82213793825163 122.12515913894606 124.3738011461786 110.35617689252882 125.28508795120774 125.55676901688739 128.64423656613346 119.98400938670373 117.41655139026223 103.2050471314174 113.3872646738829 104.02078023305599 123.12582771098299 
S: 143290 100.01727225906437 120.11420128737164 107.53651651464529 100.1467911076976 106.6113894737069 120.96998301953819 109.46159823275683 108.71359089573622 119.16862036235892 122.54034899021185 106.58976099378961 121.3532998838704 116.27188269376896 127.5038149720434 118.54009772809297 120.59897264181345 105.78829917252668 115.59103217137361 99.48019584834063 118.63228689437919 
H: 143290 107.64378400969575 144.08453961231666 127.49671317382845 117.01891833264453 124.59065601711184 134.4956164547796 130.53352013236227 121.53227124793663 137.02361662247466 125.70511172440526 117.3680669856374 135.2520873804601 142.6275945989664 129.8023303458762 114.9972928187219 128.10283315902237 119.23683021744003 113.77245042690969 111.5979786982706 127.54075315947503 
S: 143290 110.65763000247794 143.68346592274068 130.21620735814003 114.81864327169306 119.83190120683783 127.1548048610039 126.54322976143781 121.40459841163126 123.20597560785777 126.45131866829529 119.03643532402386 125.4282274625888 138.50230599716775 127.31069071201443 110.34296780878604 122.84309039537149 113.93987658613071 111.83603193798615 109.22431132899544 129.97470893116093 
H: 412584 111.71761473141942 122.30439810377516 121.49378471799388 112.1899131040129 107.45116527967046 103.58584445789805 108.28709357544058 126.24186029079132 127.59525291957618 107.49661908495827 127.49667278409048 125.01041422276096 115.68993703228601 114.92100530753073 125.4702260779393 121.70774018776804 97.79071784538172 112.47457021296987 117.63764709463605 108.90852875844573 
S: 412584 111.79345270816073 122.5765253286586 120.8953803422792 105.61577871843515 108.40194801431478 100.72430453546556 107.64914517261664 122.29137433965566 122.65208234677293 103.6916762644536 118.48497021393652 121.27351746508074 113.22866076018467 108.65292257022806 123.50044080003909 111.53464843180896 99.48858377283123 111.20508441394524 112.76859629650608 104.57597297414128 
H: 412584 125.99029939500039 154.92501646098202 133.97189733384917 126.85447791676584 123.11569893895998 104.57737839623742 129.0997296152727 139.93813197636695 152.71687493212326 123.35435722304143 136.32112836957475 140.81226960160546 151.2998549576784 128.3779561228171 134.93846611970238 138.85157039983147 107.30610790479702 129.08606448107898 125.53418788485386 124.20603530248906 
S: 412584 127.54532452637821 143.71657013813234 127.5678805836062 120.39476139790645 120.47847113310166 109.15984677473078 125.32096843174746 134.86279902841645 141.6271558565818 120.9779328751786 134.77364330823661 128.5645163957408 149.99698891392512 123.09449994898335 134.1459873553412 127.5108439773258 127.62826240247465 125.34724334506429 121.87195922676706 123.78581450803323 
H: 815886 131.16150389812313 110.69296309013619 103.0474014458072 110.15894828101587 112.39641670400741 110.15527580040673 101.22902379484147 91.48094611914891 115.37464735738217 114.97316091565145 101.44802865258109 101.0718176439088 125.05594851850144 111.32665000886222 107.72008579071459 110.52732186650155 111.06147831645802 105.66184016332457 104.78562238209476 116.98997205081545 
S: 815886 122.68115039498802 108.6097865711013 101.89506647595087 108.08780902838556 107.13610879045105 103.61249765117383 96.9050054568598 91.07105367124555 110.84058559783833 114.21414623464872 101.0430218042323 97.67566720868263 119.0576033760682 110.37243294701976 106.21587171137773 109.67860340612339 104.90760777900951 100.59936073599474 103.77279204244797 116.34775248415058 
H: 815886 141.70725860893867 121.52348620351172 127.47349207402164 123.55323278213507 108.28525279450325 130.95821490049923 115.68508419962316 109.2033194246165 125.47841820660001 128.3416154414855 128.68797756029613 104.63792701558899 136.5216013759469 117.10635740043938 126.1290537736682 126.89414647520636 123.69441208585268 122.24025357698362 118.3534163952126 108.52596312425702 
S: 815886 147.42687258651262 120.99381580756142 121.13031614225144 140.49342528747295 107.4973709246208 129.89600989535853 107.20506909605946 109.61722096945316 115.54460119431263 119.4969062852011 136.18865415356692 99.97415805821106 127.50210423917397 117.45478487072626 122.0609901044793 123.0690432365607 123.47356967872494 118.08398342136246 116.48016951366601 107.51635562016976 
H: 981480 124.28267559103061 117.62424242018565 116.94026071245469 109.85892832220654 113.80901308792055 116.41528738269858 116.48110127192572 118.48081142174601 102.77248061544567 115.10000802865872 127.25095554809529 116.05615383585186 101.71805676897976 123.3743543940742 121.17790712275686 127.82993198899693 128.24247172629867 111.008928670293 110.52253844353602 108.26732808679368 
S: 981480 122.9018732094655 116.74360592369075 117.00693042589326 106.95508975830018 109.31323363607301 118.31182398634925 113.77705706714396 115.60588732566993 98.55965300294233 114.60354524028047 122.43427622770272 105.2027121286078 98.19467248903389 119.26000216157584 120.25441293716615 121.14517358526652 122.07042404942636 111.35102482679561 106.29359695268398 104.51337101255268 
H: 981480 158.58905032829037 132.5626871430769 129.7548577272935 117.44256130592781 129.57548478337137 123.95680811845847 120.93268267930414 125.11603706971644 122.51499987972524 124.0620838359105 127.87926642173855 120.42440390755714 119.73101564818168 130.5322535687866 145.46927148956905 132.96199342637826 137.9250797531246 124.5247819110811 121.01274544018236 117.39190131202413 
S: 981480 146.16838425536864 130.7104840508228 124.95187590086279 109.80442549696703 122.99669264197075 120.25463609301012 124.14721766100469 133.01776780121466 129.11575051147682 117.76193650495065 132.24973217074123 124.31922747975437 116.27046766449676 125.26265065287335 140.40721359935588 136.59172263244622 145.5587333843022 123.8865192930301 114.91555702706728 111.34493095198302 
H: 818644 127.21027501495013 121.81072621581283 114.5441468200429 109.42897397568083 105.42687499484873 120.12503627213395 105.44005955377209 116.59061743350368 129.28433984988584 123.55599173557022 115.28098642506716 113.64388176581205 114.39507450192082 118.52319504774454 113.26209749210909 125.51273005156587 108.13094288276167 112.93136196831227 93.76064547667845 116.10979789180261 
S: 818644 124.47823538635166 124.05684260869317 109.19849651748954 105.54486163174155 99.96449242813995 122.14712439521972 104.59185798833573 115.35176586811566 117.57443308338655 119.11344548984431 114.939404974106 109.25170617372981 114.3042330807749 118.82619132572584 113.38764631014078 118.23236417694062 107.69220339304601 111.71584746061797 95.50274242875989 114.32203331132385 
H: 818644 137.53279216747987 134.90981732908313 159.14555861612249 126.41194317876892 120.39170741194182 113.46865923450447 111.89483668076663 125.19128691603053 139.49698977066888 138.72834062915896 137.30463235939328 127.37170478238124 138.8942468412818 127.86815095198361 123.02822306598289 135.98631146683738 128.60794317206546 135.1682230416995 115.29705807098624 147.48664484342302 
S: 818644 138.7725266809519 134.84474876525286 123.45414038150189 121.59985541562612 115.24423595918586 110.39739854835642 113.05165714402241 124.01583250277737 135.00686844249347 139.1171071858573 128.73913519669924 126.79253163232373 114.44707101592549 126.82228318090174 117.5490217636367 131.7505067105298 127.06317164099238 120.654184180935 106.82874742952595 136.8627286567536 
H: 536891 111.49190468984841 113.65727561104384 121.3932279965686 111.08368381592965 95.51653682751369 114.36385828231377 113.12710114290023 109.83695124977214 105.336854490537 117.41480157754914 122.21189013765549 111.7353478757376 131.0275458715944 102.14829221670865 115.02150793096628 113.15937121142201 112.47659805365691 118.23289650119295 99.69818634318742 117.02329024697909 
S: 536891 112.1169512904332 109.7478498202625 122.5004388169148 109.37179359606284 91.22017390759429 114.85535921494949 113.80526412796549 107.40373792226515 101.13685667033347 116.07822595104939 117.8804154462515 108.45626263575119 125.9425169397095 97.2800000318848 111.19108196318587 112.58865963188043 109.91697478590254 110.77544059807376 93.78125388185487 114.01540641740634 
H: 536891 133.80426209760643 124.22011802419344 138.01000934946688 130.92932596351423 108.82490888847519 114.7261836701336 119.44595437102468 126.310817359602 110.40259582808663 131.01944578308752 131.99722945886722 131.05647839305269 137.22868037019063 106.68531943487011 113.94362390207729 133.31233128401016 126.36267759511308 122.95998181730765 96.25059018516083 129.07666980613718 
S: 536891 127.83917884074812 123.90929214769703 135.3771487173781 111.14605703047083 105.77140260333731 124.89011701832328 120.1115712873108 123.67662785944317 106.64254817040478 140.6892307930313 131.49310736204757 134.47608316009857 127.24903507278114 105.31899222971442 117.16253432865916 133.53172532236874 118.85615866607162 137.83610103609988 95.80109891665373 128.00574063180827 
H: 515005 115.79872474918123 134.4019769343105 106.03972727283546 109.54953493274218 108.84556821357083 109.75205242504728 110.35745032002369 113.11156506781423 107.12883875996832 128.9291214579307 106.45740555008663 119.34248695221777 95.42843797076812 123.53584221768439 102.75880823597915 130.21416024948678 121.48677536507205 110.63258681293783 113.71784739706912 101.64632860746325 
S: 515005 107.97303537531918 132.68036506794058 103.37633868419185 106.85531432310428 106.41326557869118 105.54530268647775 117.8636264415366 112.18298761040495 106.38323279675318 127.88711650313493 101.1351515290874 116.70293147685184 90.7762113652652 115.18907884848093 101.96905981015126 126.39330648068116 121.82937803052883 107.66265415644064 116.33460748820369 101.39487611730561 
H: 515005 122.5085840563496 137.3033050213706 125.96691074849554 126.36792862803131 136.1356797778537 124.8857956187836 110.36790505453831 118.81945832165383 130.5651973355985 128.91145003622256 116.84474913743009 133.95495510537486 113.55604239365972 139.73791254650735 118.96041059175032 149.82221151596286 141.20610341668151 129.19121883035479 118.14333876395673 111.67998151919512 
S: 515005 122.04007212584847 133.89848860018319 124.30019377974772 117.82714850131171 126.14012383220908 127.02632548325143 105.7371199533866 116.85910954063603 130.12863211276627 125.07969244813593 120.27535832135366 134.44431654033772 111.66479915836112 145.91359196653048 119.19952834653017 128.7094990762673 126.7329818934323 126.59508472375629 116.40014947088473 109.7646321303802 
H: 473470 118.12245981855065 117.37384102190943 106.77975684185415 118.15322217953079 115.49901080073226 105.01177659890186 101.53977921144967 133.13549586990055 100.91863976547519 103.18865238081816 115.63549650988767 98.54069251257731 120.6092671607077 118.68275826665806 123.80040341225543 110.62287580012126 110.51820138472056 116.88956266742187 112.46831472216358 111.52044571545383 
S: 473470 120.41915613148521 118.18324740645104 103.46476502235222 119.73489215238797 112.89221969425407 106.39869823637383 100.92967691423762 129.3271822165159 100.24321741781064 101.88587579445706 113.07564194698368 98.79070064419808 114.71261286251324 113.85102851336366 116.3906365438574 109.2295647753186 108.56300056778412 121.52491866006316 107.75599997308365 112.49339663214295 
H: 473470 127.95258005445434 122.43466149897128 128.24363181028195 144.2010037768283 120.90773961242576 130.1912555546015 119.01514184020611 127.39846203057212 118.40021834431197 117.2971548363424 128.6206107445468 109.18385917946955 130.5132216236218 136.5039778507382 143.8899245825317 115.06683963240225 118.92290132553177 135.49484105816617 110.23765498753362 120.95346847153652 
S: 473470 126.46979211674851 123.56067918973774 126.63817536981888 142.32774459718485 123.64939731743145 112.37216944721197 111.74335137428514 137.5445097676531 111.48459114274472 112.34449618877679 126.03957717257936 105.60913398739153 120.40724180124525 129.5414721075706 133.7178550794619 114.59361042586703 107.11820411423994 138.50405405569163 108.39075553894017 117.07009142345268 
H: 579748 113.38548999493109 107.52640681100856 117.91055402031567 104.76731342394687 104.4496626759608 118.13815820369524 122.4222077460475 107.91732234073197 120.40219357011368 111.64380948716283 121.80592828480414 112.75520510386681 97.0123722777104 126.15122740364187 113.92100527417936 96.24693975676885 109.12061072256972 107.18439205473699 113.45709846868377 136.10203177196797 
S: 579748 108.45353889890201 111.88816563309044 112.7244840419054 104.621364189612 103.33925182703564 116.25210961644714 121.36582203708602 104.44648637653907 115.00841393853109 109.03479621169758 121.89176838317303 111.14979006668797 92.69717596206004 124.37375861908487 110.86178039120402 95.60576841866366 108.17813274561539 109.285564129575 110.3262256805442 130.80269697363795 
H: 579748 131.49838020059423 134.16538566111464 126.13517520850213 138.90222186730756 113.23899737927111 130.3650067081167 132.8819045431523 115.81453573013292 158.59587066625204 131.17344810012014 124.65164283656176 115.78315085128392 113.01418657557626 129.58889602494065 123.83028264429603 108.48998371479885 118.03739129666916 122.56674628352098 132.39840656182096 139.31510951443434 
S: 579748 129.14523286053335 135.3362136140019 120.26741604918429 135.15585839333286 113.03486052815275 124.76807050728402 124.71752226675534 110.71950496098283 153.41107320432448 125.24404583407421 135.4938097357581 112.49156903785217 110.63781001426766 130.00997009606516 121.32914304197301 106.50935856443557 114.12731619907579 110.3854048661035 120.8160692448207 139.14396974176478 
H: 885057 127.17581076161979 99.12324890628383 118.58578751559304 115.31660080030743 109.38083063604847 100.19898247256218 104.93130235318826 128.18976530384558 109.69870362136517 92.40878187103466 109.37957136660602 112.73032853195065 113.71018919756403 109.49658613886909 106.01135498040888 103.87889016544804 133.3653931793648 119.4125403045193 118.27599480484295 113.73415867019808 
S: 885057 126.81288851478791 100.25186040108416 117.14378156128791 113.75532951962781 109.11419942245875 98.35304438944249 102.85853966526778 127.24615254516989 107.27472121957325 94.06452065648418 111.1950625155894 108.5231491684383 115.38024091770504 107.55381061765897 102.12771804979292 108.00011267134776 131.96547547502846 117.64759985434807 118.56396471701756 109.7854928082998 
H: 885057 139.0139625480453 117.41095708312508 129.86960845948047 124.97476604817133 128.5456147187701 113.88044636066172 119.39439551669271 139.44343218184463 115.0380204451298 108.70760799214132 126.50312004745129 112.29650546487203 128.9799306427269 130.65557159141724 127.35782702806193 122.7483511088878 130.95379201606437 122.92010862152027 127.3512069789673 118.53633281425891 
S: 885057 142.26729713412274 116.31456865108929 127.06537440848899 133.98654112844505 130.73108632747574 113.2863142599785 117.39848083474023 127.20085030581198 115.22976489186613 106.9086206247541 119.84738326565609 115.06828699276979 124.38561315082801 126.52180969609833 138.72889770139403 117.61111931477772 127.4462436694638 118.38433249079175 122.13029067437448 113.29697171861109 
H: 525447 121.70400208580233 115.64582416436068 98.40078846311204 106.32646841144715 121.74828318031912 124.14554144040139 122.03484005516076 108.92118884088447 107.83013311673571 113.95435610358028 119.86848637334268 97.81864700082873 119.62776318552494 107.4302796947583 121.23643363371993 107.40586898223037 127.22272294214737 125.5468230170713 119.8196603832276 118.72113479205977 
S: 525447 119.09000971787832 114.45805318194651 97.88865636403123 108.98868093777078 120.75485051112368 121.44810002680835 118.1508435074974 105.50099294184564 103.1164343984515 113.79481414237031 118.90594931890773 96.10745073225965 118.49332983034377 107.17342478642796 113.8021963769797 105.86964115440578 125.02513808362511 118.07922031269844 116.3538027426574 118.70875979789922 
H: 525447 141.93303709277558 120.59706835877437 108.05758734427204 149.3278670616165 129.96012558553969 146.44561410434125 127.30998603801284 115.31441242795196 123.60788827922265 129.91207873783 133.66939055549477 110.58418455507599 130.64951004478698 119.19936771964048 124.92016797407088 118.35490486042671 143.98771732762614 129.8267284870534 135.3857520892481 143.07826059088947 
S: 525447 132.08564680391734 117.30377766654875 109.95979266338429 129.7271189856702 129.95072246013862 142.9351518097039 131.2861459637915 115.66445401426992 123.26394413422443 122.83995393087885 134.265127361108 105.96070647651818 124.54087482999485 113.86225284980382 119.67083157799439 116.84741757842639 135.1122477578523 129.00498410944368 139.55051166013055 129.46188070749997 
H: 350697 101.60137393927627 103.91405815662596 126.80862752797246 98.59194897235194 119.61214608401363 110.74379670635481 108.50653273304188 103.18993042515766 100.48132231525489 94.86459279466538 115.92985012587076 110.25543348984009 117.22150515163155 120.27303241641437 103.15410285821875 99.78280436059713 112.90179878384286 105.13570898191503 114.68913256846115 115.63490196662607 
S: 350697 101.59862665459177 97.87039112643481 120.07653114879913 96.853982655462 124.34376521506664 104.26629690790925 103.3576809444856 104.92349670378073 99.0820445433187 93.94068434395486 114.76491591158761 107.37753855616992 112.75095553603371 114.07707762086486 98.58829307649222 100.02498118090419 114.74246387760452 107.27176719229826 108.74956741176364 112.47287842158192 
H: 350697 116.77471645258348 113.27976367037019 142.75045844359923 114.81278224135787 123.27833539103085 121.51761331795082 102.05907428504402 118.38772843244502 116.8242218598719 103.24971260237966 123.03103325567953 116.51300705319406 147.82411018950538 128.92060669657175 109.39855296485108 108.14751598128095 127.26647238061125 114.72827211933148 120.70822063866557 116.47490195943566 
S: 350697 112.15075168430022 105.45816543119047 127.10740898226264 115.91958183416341 135.42439399394942 115.10491173261543 102.02617403413952 118.79263469947459 113.21303844460562 98.9913935212218 109.70855623390132 109.89587223012633 140.7565450808435 127.39654264130739 107.67541060003984 104.8244833259879 125.15533538988015 107.09581452010302 118.81894512688126 139.1786515643578 
H: 461425 115.64632109020937 114.09191433188481 107.39075229942752 106.54003202059263 118.81152709913825 123.49616112820965 116.83502303702481 110.53141564738833 98.27596534675914 112.98568857675588 114.09715661054766 111.6738115378586 104.5616058726919 116.1072713236349 117.62566189816282 102.89054051412103 106.60460818259016 123.90606397066311 105.06874708942013 109.63166877527084 
S: 461425 112.02604118456105 106.73057509837783 104.94261283762002 101.81190078447227 114.95109044478706 119.25786403212635 110.53145731959889 111.20708879381644 98.61140972733821 104.7607787816652 111.58718152440625 106.9067348326336 101.78410021902084 111.62148972543753 116.26236369643681 99.98991437937065 105.27599331941325 126.56675601812105 102.094540924999 106.06860559143931 
H: 461425 135.73196766875515 121.37033095050457 129.8317935748612 115.96142094889727 146.29908075163792 118.07031983068414 124.92792227139721 119.08137143383964 124.84404437336043 112.1273263610251 117.65948693584582 128.25780500356421 129.13503106954988 124.94613440995305 126.16790483397888 114.23567491269115 129.7490966257667 121.46128013156877 108.46339793870031 117.08222407583577 
S: 461425 113.73130595688211 131.66523574785631 122.81523581485702 111.02997705323372 128.30184944157068 111.7525047807751 126.74503625681841 119.51079300270081 121.1883923121395 111.74118880737686 122.27537028118236 121.61425057467963 124.21984869174234 122.93497713251831 125.59905883834274 114.02423705872357 125.92610643183247 120.93732430027934 110.69318203835346 120.72400420534322 
H: 201809 115.95134804301689 109.67550654676123 120.17008631080174 124.2869385583879 117.74290395000735 121.9937140775704 103.10309416292772 106.05887404421074 110.6982761407596 115.76284551000279 126.78787734972838 124.48667994755391 103.23642461908402 103.94816060141937 110.62894534629916 117.88242052197012 124.54652517340394 105.51138144384079 113.9500782719129 103.23308645941162 
S: 201809 112.59128260435546 109.50501459176023 114.79120123436384 123.9653076378097 116.8799193140558 117.72650694313363 103.57486902497041 105.49097763907282 110.68188248288737 107.46531014438656 123.2005954475454 118.90690583635983 101.41295813236819 103.04651904330234 107.81714761106969 118.83949600870682 122.26829126331532 102.0175510578817 112.55592222260528 97.47810414324763 
H: 201809 130.96077964314063 127.03153294397725 194.17350919440247 160.16032575851347 108.52717449017614 127.15403630591265 101.63940083844852 118.7035447203478 119.94080612421621 139.85846420496486 122.13874189332302 136.3123158585545 112.94086641147112 115.53209305605574 129.8871425650625 126.31242113239215 141.9455012407194 117.12676938592597 109.3569612701811 114.64734293348225 
S: 201809 127.01188745035876 130.89324120444266 130.95046063743231 153.87681347708252 113.50214544401506 144.45726476777062 105.16361798941016 126.29309840901819 118.90595706341597 138.09822719345124 120.5808620780082 133.47346062203104 115.57134777706605 117.2763489959951 117.17455750977639 137.79303520024652 137.92569163984928 114.8446386673274 109.18413809936276 107.38781931645966 
H: 181987 99.57792295408238 115.37497608228277 103.42305245330706 114.68768242472336 108.54447104167303 118.24418585647824 121.42924771701418 108.98226873797863 111.78478402486463 112.69277477258939 105.745482336415 114.01559695576776 122.23384704394574 112.62931592312455 110.90700328832048 99.2278753922234 116.99123633910527 108.13643249870277 94.56212135180921 103.58433865678616 
S: 181987 96.67751986308194 115.67482026373251 106.30714818308165 109.80999883444576 106.23306493416258 117.80027720403976 121.15347433043992 108.54498838283284 115.23918988540188 119.43334873210543 104.35455971196751 110.21078209618787 119.29308663335728 109.3204536741234 105.62193495400035 95.30790442628964 115.89473850374145 103.37476215960955 91.9772538362528 100.83329847404347 
H: 181987 108.48765364371911 115.40646947976174 114.59893720581793 131.003261257502 119.11339489221841 114.01000291600685 130.1903925316985 121.1110493566724 145.70247142090992 135.23623174284003 117.14931520942302 125.42642440777078 128.49754507938113 114.19926858922338 115.09104301716474 119.21636749445095 130.45132275220024 140.53150931033477 94.49056016276431 113.39116223536874 
S: 181987 105.79673946972183 116.0940101991307 110.1664506262117 127.4936961270164 116.02067562693857 112.01347439323992 141.21238685988737 115.20925014761802 129.9885193608163 136.35491350170898 115.3425208592303 120.49854888023022 122.51798342290269 113.88277019566893 113.40676780565326 112.7542530857217 135.047902304927 127.92425963719255 97.0741998121319 119.84680575777415 
H: 726509 119.16768496320267 104.20062324774985 104.33173734246715 89.74422529779942 118.040314837344 120.76863555753661 107.55055146852399 111.03702530031671 129.54681835335967 108.72827055596758 119.57149898829921 131.38557347666537 126.10294580093695 107.91335315046776 105.63408333324439 112.69651409717885 112.39687579976335 111.763825713503 99.52624019849922 102.76337543998626 
S: 726509 113.26877613961396 101.62323650289211 107.40158896108036 88.3623197686346 111.49611982211253 115.54552556531223 110.65711620328332 107.86644633593647 131.21842298558371 108.55670266301762 117.73895720655591 129.84233443187824 117.27401362270075 106.2581967945644 104.06941014298319 110.97956151365459 110.71503049589654 105.7035171037948 101.65356847879197 101.15733692986323 
H: 726509 128.8769299144057 118.21910306998626 129.8894299277233 104.43756790856071 117.37892360940764 119.6733926964975 111.59216157437123 107.92309422303222 137.21377558903552 119.7330112205949 143.9320847480188 147.60621010374416 121.58125379371548 127.04180550582457 127.33305827304913 156.34481142088012 125.30334206211255 144.05484364324144 118.09249864799004 119.4632288994167 
S: 726509 131.2882004809074 115.43451889968479 129.93692167395628 105.11287650697146 118.92500114914449 122.4794542344472 109.205664523296 100.47414313083125 135.96108597650897 119.62862108178842 140.6129408627756 141.4027304743928 120.87332378573836 124.28081200944133 117.67798667654486 148.52144535491314 124.26404610917048 122.57434912701028 115.94137132502196 110.54029861006707 
H: 3861 120.31626157655025 113.87031735062672 118.24742247311207 116.81426597747804 105.77698517853096 119.00181868208911 102.94363207784006 115.64341994070877 110.19508699984023 107.46504957289048 109.39840624110637 119.0758114052063 115.43848657904225 104.99016397961361 115.0074606953386 128.76747904652782 122.46308361605719 103.21049058931786 108.27495008294788 107.35850269865468 
S: 3861 116.61145648971281 112.43468129196312 115.88934297315103 117.38766591151303 105.78376008751025 106.79675067760063 104.63964002724242 114.4752133189606 102.64331784036627 101.51240687021863 111.16884183863525 110.55904681789704 110.46342041255882 101.44372033131845 113.80084993516238 124.65585075748481 117.8047469434504 101.55789289711149 108.86153915617277 104.92095012438986 
H: 3861 115.90897677206037 132.67571702333566 116.08643433122066 139.1739665749324 124.4055170890767 134.5127236468301 123.07550594352557 149.4121240619768 125.05461611208996 114.45119038728971 125.90401696082574 124.20936082315265 122.82419905901828 114.20828665764418 124.27220333003395 140.1880848842487 133.09878439664882 119.6313778069599 122.84654338372047 109.03613643173345 
S: 3861 130.79299971292718 122.45099742490271 122.94003256809586 130.8745468130836 129.4562179240265 130.74689668887396 128.51284884373212 126.4486654244738 121.34613894948487 113.40729329463825 117.27619308597515 113.74427912733643 129.97615961232572 110.42158352925073 121.3331833314103 125.31721028070059 142.5181305468076 118.5003767733146 121.31451940097979 105.56652624054497 
H: 241223 121.06735321468626 113.15371370232863 123.49610478681093 111.46408131897336 119.35607309590083 94.4760024540741 106.18531462565868 110.90891840474251 117.72183815620245 126.47222079282982 117.88122923782736 115.04192949599461 116.00789968524833 113.78513728580644 114.705038687052 109.41164815496843 109.93571209925435 107.26800736457366 130.43092180117634 123.69793382992857 
S: 241223 115.86126831226612 114.51264503059336 119.83533401768405 106.74038165282298 114.89455282444177 94.68126873069258 104.60915354125211 105.04702758146522 108.51936702625787 112.69187826508002 116.75632765257782 110.06598985250965 119.1412544163165 112.71886291237999 112.40299622463044 105.3233325436699 106.2324435400583 102.9801631427503 124.07492350873791 122.77164219678222 
H: 241223 119.37976545112534 129.34954480208037 125.86962908777832 122.68821795592693 131.12914485340954 102.62053538636972 114.47346117700714 142.67699270238813 137.65614094632355 141.4898435212849 145.1408281575077 119.45315718823655 119.85289162426302 119.42635271529201 119.88403753119128 122.5124069147047 127.97690394138768 123.02078011662516 134.51957305262113 129.33032455849707 
S: 241223 118.10259334686134 128.15536654984805 131.63136717551322 120.13771168576653 131.1635293699921 99.47211738075067 119.50664070973295 120.62721074040074 123.73669688160135 143.47623614898936 144.62454402945048 112.55405313915168 122.60861194455015 126.0016317412176 122.98402487492292 124.17497017333629 121.63556858247422 112.94412226220486 128.70943388813902 130.82778093809634 
H: 891400 107.86085330120872 121.96501636972991 110.39171134653616 120.32208566858111 99.72622999460906 119.81311997135177 105.70807042423237 110.52245013606274 101.40668251738674 97.40349336252294 112.94252388530907 120.09211056447833 106.01689980549828 122.40200857675079 93.07595623232164 105.0158202227742 117.7759915438046 118.23453683193344 115.17976231492015 106.12332886623962 
S: 891400 104.6402889502456 115.26246634642565 108.05765240026733 120.31338867674599 99.68984001174502 113.54998398955287 102.04800769140053 107.76919290843145 98.74579626291738 92.77439734102288 106.49087857022995 117.38203230401436 101.56267937324137 120.47825276713628 91.29500094240397 106.52092702078308 116.14649037809521 118.24968194689043 111.9525136781171 102.4394038480463 
H: 891400 123.01468209392857 130.41125830636693 115.29834268709861 144.96253891866104 118.43090225729672 118.64410757039944 137.05659929910527 127.17786340822992 107.92188747738662 110.71107976815463 120.93203269306355 131.2482539768326 108.62951042435098 126.62114973884549 107.85611521048806 123.23987127810135 130.1847029894267 131.04892011590547 126.73464281750225 114.66146235381582 
S: 891400 123.57717899026765 123.78822356009908 113.70441152936876 135.90411219778258 112.56031737387269 119.31800142516431 143.53538608087771 124.8871750062525 102.17018404025136 101.68100817000484 114.78976683554671 136.15580537936708 105.4525456364696 114.50620439413126 104.41758229622624 115.91467447202359 127.73453039039485 131.65575607969765 126.27456485879642 109.95187880678411 
H: 425602 111.91951320803805 104.94530238417259 102.80609347392634 123.05437328123121 108.95924651005541 114.46418809960646 122.61480118046978 113.29891465067563 92.67413959451792 129.6592111764759 117.35858664785997 120.23631698382229 111.86858630869413 120.19435843296807 97.5215620302669 104.34309394826421 112.65173211962254 109.5473386822785 108.719858380378 116.12719822856293 
S: 425602 109.26437143257031 104.22453563128691 101.56206508648815 125.5032161833778 105.50242901985025 112.36733585647809 121.18056254812016 111.05604348260124 94.19478457191258 128.65828200394785 116.08328428187538 113.11280761737873 106.51773312392126 114.48129051996317 93.32766829526786 102.33036998651848 110.24543381594827 108.5814644967096 108.65486987113988 117.35367061288895 
H: 425602 138.44779233402468 122.18811594632164 115.6609162637431 131.05322470874177 115.43457890041313 129.67246798433558 125.99534835367525 134.5305305086771 106.11528794544519 135.33035547989303 127.75959687221476 134.6569776567591 111.11643143019121 130.82932133912706 106.60804475894567 110.02563801958229 125.49376339559277 151.09800330498987 119.90230612341716 116.84705881755909 
S: 425602 132.3674355586253 121.27751525825136 112.26422495715651 135.48408694404833 104.4395134565584 115.01833262736749 127.086160065317 138.38669785953812 105.90208351902326 131.14822337214974 122.5079390593796 130.67624317883866 107.0402461250195 123.14159937045132 107.83123296226897 117.7878658156723 117.83876735799969 149.24389433459072 124.72397156159411 115.48775646615138 
H: 841396 115.53660788807693 107.81666239982424 116.02823014830382 101.52711753304 105.36554689935976 109.77898797054134 115.2036234175195 96.45245877739146 115.51891823459631 119.8536897354985 112.53623018656045 109.36879723432016 109.91074605791609 89.95703159419462 106.18235162786766 118.37388989404886 107.77598965169544 97.15462562479289 109.49830552352729 114.83077869970664 
S: 841396 114.70794157436082 108.90555166753254 116.57070599805726 100.78803153182523 106.99117287195762 104.65454693244472 107.45016535208465 93.64668004176859 115.33970134557765 115.34085565060138 113.24535430415312 109.77305172192663 106.65144344276185 89.76845625031001 101.82908797011649 113.87305946999237 109.52982713964157 92.64748229320185 106.7871726452782 115.28937212085205 
H: 841396 128.4125484773311 111.55980211715944 137.46553410012345 105.92994072011538 124.16212712211644 122.92432644979326 131.95465610259612 95.50720200398136 115.0406972501091 148.5191245238958 129.4006218396759 113.44292334061934 111.01359789661527 103.78491680869034 107.37360289060655 123.15459840823512 127.6516693599864 107.87366665500815 119.00722679843582 141.46481822084667 
S: 841396 127.189799894307 108.97007444158943 133.3276371127546 105.84140680345322 123.43196437616979 121.12186294143885 122.39310581929632 103.60326761980761 123.42083973203074 128.94577402420416 121.6693897846846 118.44015689159069 109.70772785234102 97.67744296635645 103.25401786115563 119.56429469586651 117.89378009328203 107.31869714075503 124.51202518695246 125.7851101361178 
H: 547075 123.9706776967513 114.99728078170725 99.19544333657811 115.93382037279349 124.88353604521487 119.4937703451525 109.03581560313934 118.67936454533113 101.77679201027678 101.0612240608 108.58083674579714 106.84007736467852 113.5753926028518 128.36226148932448 111.69757359144887 106.48492043699895 104.04722374745174 127.6741278393866 112.56979643747276 118.1967932119388 
S: 547075 121.28657303494538 122.0825702440078 99.02765563963892 117.33726407126458 118.33013424265775 114.67536020932445 108.79214397881418 115.27491452865804 95.96436733013508 101.80381250951021 105.62543098404673 105.83209791579881 109.66794683952442 131.50733308516484 115.11052084867109 106.30037003317675 102.12020824658933 116.689685548247 109.14759825358932 113.8138534762977 
H: 547075 118.70150373615955 139.50525927668232 112.15158954661368 120.12526537080541 134.08165172690445 144.61145845664802 113.15409806619044 120.95524101183935 110.85984153101973 107.12057396819128 120.4323817934647 108.19579954690109 103.92749041159753 129.0969905869738 132.6682781384952 142.38333069418735 116.54699459208499 137.9376812255158 118.12463886515049 123.0567149459977 
S: 547075 125.54358697115917 126.16716455077272 107.94648807386905 123.16125635374077 138.42153237920874 126.12128435636131 110.26519350487791 116.23174768659742 108.39032533368245 106.99674484374952 123.70887437325226 105.5411962783816 104.49033560685578 125.30337371409875 140.9849851632072 131.98523030804003 117.01867608112887 124.9977975101586 130.41282776975444 119.99023342541531 
H: 702252 102.06932629273246 113.86331602160742 124.29531379051303 121.73827892762762 102.12354633131832 105.94873896511882 122.39408029051731 118.77661324196417 105.5679571887987 109.62616709449111 117.886806705775 102.91138910835868 104.89547905273953 111.50805943301897 109.26873040878586 111.79735619443767 114.72313232631636 98.7322278709758 116.99263367127463 118.54912779334107 
S: 702252 92.11699636105712 113.42118939269231 117.29847922097497 123.71428532112634 100.19195606442194 104.79631195970697 117.34949653581279 114.91233671909704 101.71564502543649 109.30225043774236 115.5337554430347 99.08759013837314 100.24895715918534 112.38418965877709 111.14733468506508 111.3936502141338 116.26059704959674 96.6042773543427 112.1166265671442 116.03840194402956 
H: 702252 120.7288323606214 114.37631834562984 129.23154452901647 126.81610545497583 112.30370055053832 113.23003137127301 127.37213822695075 120.82387458664515 118.79673501401922 117.85479607109727 137.52215031995013 110.31635428641879 118.04635723628576 149.9947080601327 140.75623292573985 156.36877876040916 131.38759843526663 102.59289580886892 131.62144546236982 145.35788983638716 
S: 702252 111.48611575166726 113.25259325358199 141.12646635511462 113.7502457085945 121.30955470761258 117.17889317171665 145.83192904836142 116.8699044682042 117.1779302922612 118.27016475743447 126.29104111999179 111.08457472711605 115.17255492033871 149.1003772150264 148.5110821533033 139.93702103771187 128.73394462522606 104.13401224045654 116.34222638304804 131.9696760018123 
H: 202998 113.90109117607719 119.03201064086785 124.7568584722272 112.10903619012764 117.74460094043648 96.53922264473024 111.8828622693163 96.07888137691282 109.46295264169117 107.74117284478343 106.26422193273892 117.08116593202729 120.15558172746825 112.89749423978692 92.28828371741007 119.81264136925859 113.32118103728487 121.23289819800131 101.65124637957261 119.05603196166406 
S: 202998 117.4345282083208 115.3535611484629 126.23005666859167 109.37989557735007 117.78338253877163 95.23781820987462 110.12436390434124 96.48399332813227 108.16589712852729 106.68603594608577 110.32733518981932 116.68952122542278 115.98648688916688 110.94503598494653 91.99359355080283 115.35021691828199 110.21545235239567 119.4309757006463 99.82763279892313 116.83612890444657 
H: 202998 127.86507999316373 138.89913824916158 130.75237426173462 123.64313756288537 132.59119980607386 113.08349315459031 119.8441470181464 111.31600437060506 117.7939772185083 125.96568106174226 140.21974396175565 130.01182526010223 128.36621786092988 137.71999774850198 110.65262389796334 118.86912861639482 122.30706506282107 127.36342152828844 116.24896419713995 127.2605010860494 
S: 202998 124.76099953065545 124.44267315902734 128.92313122375904 116.14272373287665 122.03780931043363 119.20187598431923 113.42585601758658 106.96890622769838 110.89694406057998 123.68498889901177 141.0608002882031 126.77629725014982 128.8875844522103 119.0260626320314 107.23043059790895 115.7222143567297 123.28424826904133 127.55290308866878 116.2978631824966 126.41633166529334 
H: 928059 108.64798360251956 113.69195768070585 110.9758581508523 124.984852481787 114.76944804414931 117.40014510760238 101.03184677397844 103.50716797234793 116.52912005136179 120.58015264603598 116.97422839093615 104.35336793262866 102.28185470393358 95.48628265782345 90.41251578980422 108.62789838867991 120.44953500152617 105.73452530449595 117.02689448467312 116.06080954319876 
S: 928059 110.76267249338471 112.0836339236461 110.5053995626533 126.05343702450419 104.83420296618178 112.05715941517143 100.86017151381503 101.47110267618135 114.32134276289435 119.0577480667822 113.90224868050954 111.16881553643968 97.67506140351395 93.2107757626276 94.53316583351811 109.65759895651055 117.52195130655943 105.36557712062371 118.42351720199147 114.14727206157639 
H: 928059 125.33418527044272 123.38598598638168 113.68705358739888 126.49047507575506 117.88652556864905 138.01968699006395 116.80666742475971 120.20881054457097 124.28169850357034 150.32912115489663 133.9629314300759 120.6782661635575 108.50314529056112 112.51115729973017 101.4510523721028 114.50251735179049 129.34768317572494 131.7877100802507 134.3315969415853 137.20329544028175 
S: 928059 124.54005243789625 126.2841170630198 130.04953331405673 126.55914461782885 121.84510064069205 129.79662999066323 112.80136784499025 107.63757658067071 123.21151135171955 147.82484050521933 133.8758228326703 118.86431168439692 103.81335303548717 112.09430758584911 105.11860126007622 111.62020791317795 127.07080499674632 128.00506406514617 134.00859544436037 129.31248721952687 
H: 325035 100.2028779735789 97.344853391651 119.82229733521659 120.8277979857853 106.71789809578117 110.05834495757297 106.55889684007838 101.51771635015044 115.01060759930539 118.6814514941916 98.36290446859326 105.05713362225995 120.08644485878578 107.06944470797697 101.08840725327221 103.19681610229752 110.716584814602 126.07973414227588 114.72388961348624 112.21304261577396 
S: 325035 96.23750768654592 95.04830922622192 117.16678013262411 115.95872349065694 104.51537982298593 106.9636177372096 107.780033207545 101.42905910311771 112.86056792711493 115.88142756445869 96.34941578143147 103.33759435626608 120.18258638958716 104.34107721454937 97.3766283918192 100.3091126518839 103.12863937252169 122.18805457820586 112.51707617784814 116.87221536103169 
H: 325035 113.8559865474588 110.95950020973936 137.19639162719298 113.52332804707592 105.20848127326643 122.55374137773525 119.94962506283728 115.7647777368638 122.60480994472941 151.60999947701347 103.60935302407003 117.17540486113712 130.85739432630035 115.67272149405674 120.59049312537861 114.69927915044049 110.64981512575072 143.83183943023067 127.25276023102934 131.41230397861162 
S: 325035 123.83302101216398 111.2682703337733 135.5379478663779 114.23670258048931 109.98154435251523 108.64557332381494 123.39727023976269 111.75395189843086 123.43323820179307 121.9371682962442 102.89770323114101 119.6657775632616 134.98085581939765 112.64707473175473 117.96535541503496 111.57110135801568 106.13059443994155 135.48511917630907 125.15548200055277 145.19352970150132 
H: 13080 102.28101504217014 102.49358849778321 104.39141964673225 131.32661024074125 106.7187819547385 107.92294774580805 119.84161624148167 110.40711629353532 106.91518611829922 109.9430004110099 113.17032973447103 103.16433816316767 114.0894458131543 105.51083616229128 115.53358609657367 105.20209954930365 116.53026460447339 117.09069341576188 111.57630303158255 109.68734201458727 
S: 13080 97.71186431399606 100.16097162026993 103.22682194409326 132.14454157381522 101.96101887798473 103.38510792542091 116.06334699622944 104.648132307429 101.40076753427311 111.68010825526733 105.82205580747231 101.74555690074264 109.68469556329316 103.76893146444597 112.64273466788941 103.8935055025423 112.96290411892413 114.15861463268357 112.54912361788946 108.07307142365653 
H: 13080 122.03300026334563 110.89954547520578 107.88052498793806 130.7278138030029 118.680543789573 124.78208802361436 131.15207400472005 128.94948756963765 111.54283702451255 121.5629901860622 120.3493943838561 114.9943601509284 116.76493603733692 111.54426932403283 121.7451662243296 113.45128678117953 135.44542910625393 111.20903214615916 131.35069210361286 125.2414840513205 
S: 13080 114.24636423841946 113.04301480117545 120.97439522373305 130.8121221427365 122.77585049299343 116.75953519180591 129.2621582099647 118.27476183756468 104.74015578980416 122.75786502402643 116.0811033963863 112.11734888128355 115.28409367432437 109.74995506984521 124.20955589620966 116.7365925816382 131.21897528853586 114.5609808856988 124.01608116863102 120.52673840678068 
H: 442460 112.19405026769135 108.12130187971098 108.8395194940476 122.07502979518013 104.61025774838443 112.10454627662547 110.42370790254587 115.49570787993795 105.61626783863056 106.55943200200795 115.5483899624028 129.3364178180689 95.72849679650251 120.39329883403894 114.71655504987348 111.14349832921046 117.17693265261693 107.36820785522171 117.87431194790418 102.03340247918133 
S: 442460 109.05000853092042 101.84202472650124 105.24494219706429 124.61101601778269 101.00789226606119 112.24515161514456 110.39544178230658 113.68734392890441 104.50150366848993 104.87303357244147 113.81232375115536 130.1274527935901 97.38424698389932 119.24704790902365 110.53621748401376 107.42440787975792 111.62552457693423 105.52963402598962 114.45326842086058 95.94985382501258 
H: 442460 110.71424811760637 109.17168453428235 122.65513172849315 126.79335622064696 108.89798578910225 128.99813049651752 131.4334034727249 111.78175159945108 119.37752875286664 120.36373387601854 139.00148763221438 132.88353398552997 116.92452645908413 130.66354412185538 120.9076536999216 118.28625994452267 124.87496982412678 126.05936247334775 126.07456550252819 112.62123658592682 
S: 442460 104.56620241871131 105.00530223694014 126.07921021037285 137.00086415617832 106.68641973845031 122.39886917216423 127.866133510965 117.2922055705946 118.68355887307212 118.80418957740073 129.0555585481801 128.45701189406216 118.4482152794331 122.86193119679282 119.4798226966784 115.97265763679219 127.14572945069061 108.9049296955422 136.25726532906694 126.18234630112097 
H: 926031 103.64690508906808 125.41500592780518 102.75756167005905 118.64561327430515 118.87911447000477 116.25762393098373 113.00985989696089 97.2516181662251 95.94888329921092 113.05226841407075 94.47679767274958 106.44446273424262 105.55175773818264 111.43816850423615 114.97823110426572 115.85235951403514 127.21568449613821 100.69793410238185 114.24264966521673 116.1315803844577 
S: 926031 104.0363085358428 108.11066120395272 101.27959706223379 116.6552823465036 116.67771720911338 118.2226128649369 108.99170040508754 97.18969052842714 95.80848153959678 109.91648711737083 93.75501483145378 104.9969111238624 98.10647519430904 109.22805995193232 113.648124945263 111.15752240997787 116.21566435087928 105.65857919795029 106.8483145150203 113.43367471301165 
H: 926031 110.84817269761247 106.52810378477446 107.08039327749351 120.92663687703126 118.56135258056727 121.48457720318093 118.21511338486289 98.47196757180333 100.57378513923875 118.77782558420137 104.43278196032468 129.22594382760053 111.36334563632509 127.25779134162967 114.9026967534042 129.41546500754956 137.09945970587322 121.3706684205703 120.34799646656569 120.64709876526489 
S: 926031 107.34703335031882 118.1474037326738 107.45486675679139 110.75840172228276 116.17010597591961 131.41382488433817 122.96304478665454 97.27397181998789 101.01697311092556 114.35069970670517 99.47199992596218 135.38238168376864 109.28486662266413 123.95827621285858 119.20679901255681 133.6556596899108 137.31636929319973 121.25300720218512 121.92099437369484 121.06321491855113 
H: 400120 129.75029062474306 111.5972664832514 104.2651382412681 106.50643399864136 102.22191159986444 115.05383392837308 124.08157018421365 104.97635661776171 106.64436136973362 122.99016817877833 99.3027074537381 127.43869990769333 116.31520993851706 112.64663281396925 94.75374637312245 105.33005055590847 111.9469125670127 105.08715390025122 109.32262581589798 115.33144968906238 
S: 400120 126.35430487182968 111.7896271391831 103.49520583981706 110.86941930969067 100.84081118456506 107.38790089851787 122.72093080487043 102.85405368011139 103.8739224893058 118.6534118407044 97.04768396618762 125.88179350349226 112.43153198858597 107.41129079702038 94.62825681995541 98.75141184322884 110.515505312596 105.58994302095104 100.32201682405804 117.90975303089093 
H: 400120 146.47754360108485 128.31902927443224 120.61864437386915 116.61319470852646 99.88714671614174 126.66043867096494 141.4138577638151 112.17179281603906 129.28076923864802 123.1111984868511 113.98803773731238 135.17430450937653 130.3948889490494 129.63494469039208 120.66066461376359 121.40620959651137 132.19124209651724 122.91527702604381 122.83623355022975 127.1056377602862 
S: 400120 154.21515799211056 123.20219490606132 120.87403642696208 121.02980343294813 94.06016916887806 119.93606281724807 140.0179347510189 110.63647921569392 134.0193467680214 123.90693531391166 115.883362439906 133.69704901315149 121.34682509829385 121.50399014792833 112.2669036936394 109.4911951943233 120.74585945657839 121.11809163859319 127.64117697728717 132.38885620446868 
H: 461019 108.98412714119628 118.04114738883767 124.66089344972906 101.1963547524651 126.71119594662106 111.90460778005148 114.5408112396495 107.96955477353615 123.84558629068042 112.8830620052864 106.65078449195016 128.36693020195534 113.76347299585153 117.74146651602834 96.99483489314915 109.20364577328705 103.57160041234951 101.09128148291563 113.9459796704118 107.44644584441595 
S: 461019 110.45423385628057 111.5778097066179 115.97401766661785 99.43361232126466 118.24197015799062 108.70303684511147 112.51362395324544 106.76990425320997 117.90535569982804 111.71805778588072 100.97634157511855 121.9153593218005 113.28318879156257 119.74093341052036 90.29926945633768 100.46864922074411 102.53271524381351 103.59453420105767 109.16414757445797 106.81301490833098 
H: 461019 125.76409354454847 132.2691101486947 145.40197541397225 108.42772970653627 134.98991001542836 135.7610455271659 131.54672541504482 156.94302364210955 131.79312717020844 129.53308726916 119.05291578606315 140.20265609719283 136.1142988204299 121.79691583125224 96.12217577967064 121.3850422186851 111.73762673795652 122.30873119630543 118.73591484800251 129.737050668147 
S: 461019 121.07406089882176 128.7211083551171 138.87766594269704 110.38926233617913 132.69618703717842 125.64751913534722 126.58851035152907 125.92785537485582 125.34768822338805 114.90553387192227 118.09448355403457 146.96270400708528 117.27350143495495 126.11551203305325 98.0604628610468 117.8500600233324 108.870972283513 117.34312338821094 115.56826072959062 137.44713006215736 
H: 877523 105.54063323058197 111.06377509058761 100.35756295420099 111.42284192297167 109.5164270504592 109.46685901803227 117.70174304206334 103.33769768318867 117.33341429625047 122.0582717057657 121.93152898255202 118.51782135704465 103.01199224732888 114.24246344154372 103.59505966078005 120.43132476374434 107.0520305405809 107.90930624413272 107.83884652705873 114.44524637926098 
S: 877523 100.96153766195265 110.9745107116932 98.1053201790973 110.39137241124116 106.30385115321519 107.07933688107028 113.51029881135732 102.79142633345832 113.69656155712096 117.36327297586557 116.10434304211866 116.51209029493945 100.20574444317033 110.52911192988779 98.13179865920799 120.86851484722624 106.8072882881152 103.72260612808752 105.20788908957977 112.5680808961323 
H: 877523 126.9535319603149 132.0437982911173 105.0175555415561 120.27437908183198 140.89366902766508 111.87238595851179 110.51123998908103 102.77181580156336 128.14506816689877 116.11037295329935 131.80321000306176 122.36697002370857 114.31191461977176 125.76736307687665 118.34714180722274 130.85564276665755 116.13529007996536 128.63805419360804 116.08342446522383 142.6610749115314 
S: 877523 126.79723821017711 129.868088604445 99.56652844945474 120.27698861221334 124.74951479769388 107.41115236325324 108.56218810839998 104.51803205626862 128.54866428069386 119.98043831792329 130.82129677776507 119.51759169525188 112.46705091361495 123.56873765523201 114.01125424516799 121.47464309926083 113.9764626035275 115.75195695533321 115.99000601018935 123.93131157077065 
H: 644100 103.97037979943991 130.80705773106905 117.95082307542917 121.92974906745702 119.45061942579464 123.00499001374202 113.98724273091794 101.160572558296 123.60379656608275 110.47397870517077 103.48785898914062 109.7735024745005 98.80476107082846 110.13042980266668 108.23836722637405 107.83349948081447 97.52008751366394 111.40930472205729 92.97916338695482 106.61727627452467 
S: 644100 100.96806091942646 130.86967675177564 116.84350723476518 121.37750581919484 114.11339711744242 116.96482002203923 108.11340279969801 99.69278316752897 115.50467887905566 116.96828972424505 98.73436033576785 110.84891196011522 90.70835027702117 107.9910524579927 108.21426073480842 102.52580276976919 96.87195997906011 116.57474178698723 94.37556581007617 106.61232737678739 
H: 644100 97.76007607672882 165.9572081294802 137.91381470202145 144.85393761961222 129.74662632683476 119.17711119612 109.12070391625144 109.35589416118452 131.7496101254456 116.93948542791956 121.6107793049947 128.43414747246152 106.07052676299638 109.74601454914824 119.60418685724217 140.19686511699607 115.22509697978218 131.33439665395187 111.64914869534917 113.48096484672554 
S: 644100 97.27109336839963 164.4527812029831 132.70557809979277 145.42206841379715 139.77597676796157 131.53774110342798 107.108163384221 103.45942143520791 137.29212611464095 109.762047999153 119.31907267979923 127.9462445876851 105.11412410875754 121.2191897329287 117.3732393067967 118.51454932785104 109.7168159851359 126.05898885841907 110.4285965373394 103.2648499329144 
H: 579210 111.95727907504049 113.56608403706271 111.12639711240386 110.93825915729938 112.79149544146803 119.93023854668287 106.74473913929977 108.1429389398032 121.64268695757143 113.1375995222668 114.29670935970296 99.41571009504314 104.09891814896883 108.89181407433003 123.19949009679601 114.20336174368126 92.10600860306793 111.96955248341693 130.74146344938453 109.38808989685177 
S: 579210 107.99994066522619 112.94849677404028 108.66352033848517 108.87596368579523 108.44559424025964 115.68956198221798 100.0258795144859 104.97475462789426 124.389343888093 107.97739559665901 113.70671795587441 101.4337395334743 101.69611408968379 107.1750985511168 120.1960192737244 111.54730425404888 95.01184868235308 108.7287148254919 121.72294968628934 108.10294114257677 
H: 579210 118.30503076104392 133.02010451098917 133.93094533831615 119.73963630289326 123.03154766722456 119.64627568378886 118.48823874880159 124.23331345950477 122.82137604263463 115.61947423036844 141.92082277926923 106.06975411022658 122.25028648234179 129.94683063531812 162.74965208908526 150.767774678214 100.13871425703626 114.82030704274493 121.98099312300953 118.7817948423369 
S: 579210 119.54985004105761 131.1194025771791 133.09731294492448 119.55918742054119 119.70381361755526 121.95477617298317 121.03483914651522 120.64618101293523 127.26938950759913 117.75340390923817 140.6913022666448 103.74861865152688 119.66279413845072 127.23609368186628 159.81365689723458 156.24675083851014 99.82890261203168 114.59197545658846 126.72025485240566 120.52094302288259 
H: 492714 115.10037313407852 120.66253684019405 99.21354814462687 120.28292168029247 97.76285851135405 115.35821078784562 106.10773578143433 118.9229858087568 117.07531574654031 112.43729199658425 108.2601657698094 121.5433070776885 103.90046565905419 118.38906848191523 115.59528580052958 96.37450552566393 108.0955278010037 91.10791620643818 118.00080523040431 113.68398233758627 
S: 492714 111.20166823036038 126.46299680616976 100.84415512268647 118.17570761946968 97.19588805441427 114.12001119413159 103.37102004628768 116.36310315363608 115.05001827353206 109.06054236839344 106.09586454463842 121.46379653110358 103.56608202384542 114.29581294763838 110.53936043854868 95.5716400467578 103.06757279379265 90.17356903824242 111.41079144412127 108.75520530558678 
H: 492714 126.54870092086499 136.2571913239184 129.59219251053926 115.13630116311285 104.98506307246745 123.46898226213062 114.72779136281211 117.75916320579643 136.35956319709973 131.52474329168385 111.40793104321016 129.82359107618612 120.19987967765539 146.3983113811283 117.49303006519966 115.1059005020077 109.49566663162983 109.68071828805395 129.58144163979884 116.82940872637651 
S: 492714 122.22104305409 136.76162527910972 115.96190401278709 115.88887106703856 105.45678784099492 116.89921565861512 117.74857955878838 115.98180667897857 136.34052264828958 124.22037913358892 109.0852844315705 124.16246733997603 115.9430232953312 130.17372443335063 116.92663601564458 110.74994827732311 116.87761992546197 101.43994156181402 130.33559382387074 116.57952587664948 
H: 364586 101.98985308761782 121.4134772899945 103.92125022409455 104.59664961953517 118.63553261564682 120.79273747274749 110.77393026173004 128.1786858492891 110.17616347494138 110.25292188180991 108.36972583712506 105.33774276877303 101.81399306818489 114.93351691637918 108.84792497628773 102.37729853675431 118.16443373000703 110.5977536082484 98.77239045659098 122.19136691559144 
S: 364586 102.45577642205518 122.37806041667841 101.83671843380033 100.98666903724579 117.81816337212507 120.20223448909309 109.11856786660857 123.12761121762327 106.54522403031598 108.92619492992829 98.72233593872444 103.47027871574782 103.59298495202114 115.51544440089287 108.80041219883661 99.29424544822777 115.42832568583829 107.25073414639576 96.24147832747956 117.9844499494552 
H: 364586 113.5914419158244 127.71951529274241 128.24447169026493 115.38727540388203 134.87057103841707 148.1240604827345 126.97532904256953 126.78367687727408 125.70090391106962 119.3474403779115 109.99226457338172 111.41671990978904 124.75605369402298 133.55376528809154 122.9701664891714 115.15402649764313 130.65111956107643 116.09500557376047 106.95347064329854 132.60324346397653 
S: 364586 106.50822347331149 131.43133339351994 121.51070555415262 112.9197718677652 127.12050075763167 147.7737944461599 125.89250725957946 127.62996369314526 111.74979798427978 124.15604932885893 110.14293800242548 108.34572740331814 120.39825286976878 142.05072327763122 120.44976346499861 116.72503019672936 126.38507190985241 120.26368331958254 105.44840070621504 124.03072355994905 
H: 390281 111.59426554638874 113.35788154313313 111.64308181130909 105.02071099544175 109.12809708800572 122.43306227343687 110.68098051192288 107.3530500098265 107.35675382528017 103.56437806127894 110.41176346314707 107.96700161085097 105.22847234282777 120.00981522468096 103.82487630268153 108.46173201251334 106.35901652486689 105.5684430007657 113.6625461779175 101.80978187258151 
S: 390281 109.83049486955349 108.26286003471036 108.88739049533766 101.15679312981516 106.01121698280802 122.44582835395622 105.7312909673853 106.6287388843486 107.47741722703539 100.66170968245679 107.09369888863343 106.61371032299233 102.98862665867495 121.96444390954426 103.29314221120174 107.49259125081804 104.96095296090574 103.26676251501429 112.2459333777917 99.95921907659579 
H: 390281 125.58241151657461 130.3439275673822 123.37734149102586 103.71937855656826 111.05155382322175 133.64558481354555 125.08323960891838 137.15612654041635 116.7320642780008 134.695901915943 110.53384715857507 101.95920786629071 114.61924752136517 128.0198508752272 111.72554951179511 133.23857294215773 118.57867335799273 120.93341394246046 125.72537549998194 120.10322936673668 
S: 390281 122.71391903640792 132.85745583875726 121.50148088101461 103.14250604273289 108.29818445173575 132.6609322642683 122.74311267474329 143.29675557032397 114.9304187538064 127.11663679479608 112.53112094632097 157.73207809176046 113.37926310552724 125.78661726650355 104.10591780323955 134.01669268171406 114.47295543656854 120.4074896507178 124.95618837474957 116.44144953944462 
H: 112823 100.97752208508679 120.7580191992824 116.21608744151862 130.21878073752487 113.72309433391626 112.18765041052298 110.40464630837438 110.37400863094709 103.20729818291353 106.51943289741051 97.59790923948613 107.23423174087935 122.99207128382079 103.6672759861696 117.7911292885585 119.52091838292472 110.85138530076274 104.1291605801286 112.36552363251006 106.46047637657031 
S: 112823 98.78998354346542 118.03753390463066 109.93518085309654 126.11039300406063 107.48994163214817 110.23908007575922 105.93403984040454 110.84557837555671 101.85091181653765 103.78765044249576 94.81794577457632 104.96349160048258 117.58168356281865 103.02775382744859 118.9168033365055 122.36701096982247 107.0307441638721 105.35668401260419 109.6637124982999 104.55423327811555 
H: 112823 104.81954085620573 126.3215349259302 130.9300572442744 131.46033009076763 118.14963821024 105.42653403684251 130.05142992384808 118.74525082020213 115.6987061227785 115.78474183550294 108.22014721108802 113.07519207831369 131.18512849328417 124.65823329945715 141.73620578068943 130.17814917154016 115.52419501159784 118.08839966162571 127.65553701799594 116.00787652297889 
S: 112823 109.04507810060726 127.55073772583809 116.68867688256334 134.91210508814885 112.74517622453699 105.17076554889837 127.22028460657742 116.97304144439393 124.15695957711432 108.45930767429775 109.793950418447 114.52771666351165 135.5096741423812 120.04552121623783 130.1709090444894 134.87038553306394 109.61554511368539 120.9819973349076 115.66019759568846 121.29875579786356 
